{
  "dataset_revision": "3c976110fc13596004dc36279fc4c453ff2c18aa",
  "evaluation_time": 3.887941360473633,
  "kg_co2_emissions": 0.00012334985395395822,
  "mteb_version": "1.18.0",
  "scores": {
    "test_expert": [
      {
        "cosine_accuracy": 0.5107843137254902,
        "cosine_accuracy_threshold": 0.8133190870285034,
        "cosine_ap": 0.4752308847554474,
        "cosine_f1": 0.675974025974026,
        "cosine_f1_threshold": 0.8022324442863464,
        "cosine_precision": 0.510544384502207,
        "cosine_recall": 1.0,
        "dot_accuracy": 0.5107843137254902,
        "dot_accuracy_threshold": 0.8133189678192139,
        "dot_ap": 0.4752257807388392,
        "dot_f1": 0.675974025974026,
        "dot_f1_threshold": 0.8022324442863464,
        "dot_precision": 0.510544384502207,
        "dot_recall": 1.0,
        "euclidean_accuracy": 0.5107843137254902,
        "euclidean_accuracy_threshold": 0.6110228896141052,
        "euclidean_ap": 0.4752308847554474,
        "euclidean_f1": 0.675974025974026,
        "euclidean_f1_threshold": 0.6288919448852539,
        "euclidean_precision": 0.510544384502207,
        "euclidean_recall": 1.0,
        "hf_subset": "default",
        "languages": [
          "ind-Latn"
        ],
        "main_score": 0.47557514537623957,
        "manhattan_accuracy": 0.5117647058823529,
        "manhattan_accuracy_threshold": 9.601173400878906,
        "manhattan_ap": 0.47557514537623957,
        "manhattan_f1": 0.6764132553606238,
        "manhattan_f1_threshold": 9.601173400878906,
        "manhattan_precision": 0.5110456553755522,
        "manhattan_recall": 1.0,
        "max_accuracy": 0.5117647058823529,
        "max_ap": 0.47557514537623957,
        "max_f1": 0.6764132553606238,
        "max_precision": 0.5110456553755522,
        "max_recall": 1.0,
        "similarity_accuracy": 0.5107843137254902,
        "similarity_accuracy_threshold": 0.8133190870285034,
        "similarity_ap": 0.4752308847554474,
        "similarity_f1": 0.675974025974026,
        "similarity_f1_threshold": 0.8022324442863464,
        "similarity_precision": 0.510544384502207,
        "similarity_recall": 1.0
      }
    ]
  },
  "task_name": "indonli"
}