{
    "dataset_revision": "None",
    "task_name": "CQADupstackAndroidRetrieval",
    "evaluation_time": -1,
    "mteb_version": "0.0.0",
    "scores": {
        "test": [
            {
                "hf_subset": "default",
                "languages": [
                    "eng-Latn"
                ],
                "map_at_1": 29.725,
                "map_at_10": 39.654,
                "map_at_100": 41.022,
                "map_at_1000": 41.144999999999996,
                "map_at_3": 36.819,
                "map_at_5": 38.376,
                "mrr_at_1": 36.195,
                "mrr_at_10": 45.171,
                "mrr_at_100": 45.987,
                "mrr_at_1000": 46.033,
                "mrr_at_3": 43.038,
                "mrr_at_5": 44.196000000000005,
                "ndcg_at_1": 36.195,
                "ndcg_at_10": 45.194,
                "ndcg_at_100": 50.516000000000005,
                "ndcg_at_1000": 52.739000000000004,
                "ndcg_at_3": 41.142,
                "ndcg_at_5": 42.973,
                "precision_at_1": 36.195,
                "precision_at_10": 8.312,
                "precision_at_100": 1.346,
                "precision_at_1000": 0.182,
                "precision_at_3": 19.599,
                "precision_at_5": 13.847999999999999,
                "recall_at_1": 29.725,
                "recall_at_10": 55.51199999999999,
                "recall_at_100": 78.182,
                "recall_at_1000": 92.727,
                "recall_at_3": 43.287,
                "recall_at_5": 48.732,
                "main_score": 45.194
            },
            {
                "hf_subset": "default",
                "languages": [
                    "eng-Latn"
                ],
                "map_at_1": 30.23,
                "map_at_10": 40.091,
                "map_at_100": 41.251,
                "map_at_1000": 41.384,
                "map_at_3": 37.247,
                "map_at_5": 38.865,
                "mrr_at_1": 38.279999999999994,
                "mrr_at_10": 46.288000000000004,
                "mrr_at_100": 47.022999999999996,
                "mrr_at_1000": 47.068,
                "mrr_at_3": 44.395,
                "mrr_at_5": 45.446,
                "ndcg_at_1": 38.279999999999994,
                "ndcg_at_10": 45.647,
                "ndcg_at_100": 49.851,
                "ndcg_at_1000": 51.991,
                "ndcg_at_3": 41.795,
                "ndcg_at_5": 43.578,
                "precision_at_1": 38.279999999999994,
                "precision_at_10": 8.522,
                "precision_at_100": 1.361,
                "precision_at_1000": 0.185,
                "precision_at_3": 20.297,
                "precision_at_5": 14.255,
                "recall_at_1": 30.23,
                "recall_at_10": 55.094,
                "recall_at_100": 72.887,
                "recall_at_1000": 86.295,
                "recall_at_3": 43.244,
                "recall_at_5": 48.507,
                "main_score": 45.647
            },
            {
                "hf_subset": "default",
                "languages": [
                    "eng-Latn"
                ],
                "map_at_1": 40.854,
                "map_at_10": 52.232,
                "map_at_100": 53.129000000000005,
                "map_at_1000": 53.185,
                "map_at_3": 49.094,
                "map_at_5": 50.834999999999994,
                "mrr_at_1": 46.708,
                "mrr_at_10": 56.021,
                "mrr_at_100": 56.584,
                "mrr_at_1000": 56.611999999999995,
                "mrr_at_3": 53.657,
                "mrr_at_5": 55.027,
                "ndcg_at_1": 46.708,
                "ndcg_at_10": 57.89,
                "ndcg_at_100": 61.541999999999994,
                "ndcg_at_1000": 62.754,
                "ndcg_at_3": 52.632,
                "ndcg_at_5": 55.104,
                "precision_at_1": 46.708,
                "precision_at_10": 9.122,
                "precision_at_100": 1.187,
                "precision_at_1000": 0.134,
                "precision_at_3": 23.072,
                "precision_at_5": 15.661,
                "recall_at_1": 40.854,
                "recall_at_10": 70.98,
                "recall_at_100": 86.947,
                "recall_at_1000": 95.62,
                "recall_at_3": 56.782999999999994,
                "recall_at_5": 62.980000000000004,
                "main_score": 57.89
            },
            {
                "hf_subset": "default",
                "languages": [
                    "eng-Latn"
                ],
                "map_at_1": 26.366,
                "map_at_10": 33.674,
                "map_at_100": 34.58,
                "map_at_1000": 34.662,
                "map_at_3": 31.596999999999998,
                "map_at_5": 32.596000000000004,
                "mrr_at_1": 28.588,
                "mrr_at_10": 35.912,
                "mrr_at_100": 36.696,
                "mrr_at_1000": 36.760999999999996,
                "mrr_at_3": 33.823,
                "mrr_at_5": 34.829,
                "ndcg_at_1": 28.588,
                "ndcg_at_10": 38.031,
                "ndcg_at_100": 42.678,
                "ndcg_at_1000": 44.871,
                "ndcg_at_3": 33.815,
                "ndcg_at_5": 35.531,
                "precision_at_1": 28.588,
                "precision_at_10": 5.638,
                "precision_at_100": 0.8380000000000001,
                "precision_at_1000": 0.106,
                "precision_at_3": 13.974,
                "precision_at_5": 9.401,
                "recall_at_1": 26.366,
                "recall_at_10": 49.353,
                "recall_at_100": 71.194,
                "recall_at_1000": 87.842,
                "recall_at_3": 37.829,
                "recall_at_5": 41.976,
                "main_score": 38.031
            },
            {
                "hf_subset": "default",
                "languages": [
                    "eng-Latn"
                ],
                "map_at_1": 16.634,
                "map_at_10": 23.271,
                "map_at_100": 24.366,
                "map_at_1000": 24.484,
                "map_at_3": 21.075,
                "map_at_5": 22.364,
                "mrr_at_1": 20.522000000000002,
                "mrr_at_10": 27.735,
                "mrr_at_100": 28.691,
                "mrr_at_1000": 28.762999999999998,
                "mrr_at_3": 25.518,
                "mrr_at_5": 26.762000000000004,
                "ndcg_at_1": 20.522000000000002,
                "ndcg_at_10": 27.791,
                "ndcg_at_100": 33.101,
                "ndcg_at_1000": 36.075,
                "ndcg_at_3": 23.74,
                "ndcg_at_5": 25.691000000000003,
                "precision_at_1": 20.522000000000002,
                "precision_at_10": 4.963,
                "precision_at_100": 0.873,
                "precision_at_1000": 0.128,
                "precision_at_3": 11.111,
                "precision_at_5": 8.01,
                "recall_at_1": 16.634,
                "recall_at_10": 37.498,
                "recall_at_100": 60.598,
                "recall_at_1000": 81.828,
                "recall_at_3": 26.136,
                "recall_at_5": 31.211,
                "main_score": 27.791
            },
            {
                "hf_subset": "default",
                "languages": [
                    "eng-Latn"
                ],
                "map_at_1": 28.200999999999997,
                "map_at_10": 37.619,
                "map_at_100": 38.834999999999994,
                "map_at_1000": 38.951,
                "map_at_3": 35.119,
                "map_at_5": 36.559999999999995,
                "mrr_at_1": 33.782000000000004,
                "mrr_at_10": 43.033,
                "mrr_at_100": 43.761,
                "mrr_at_1000": 43.818,
                "mrr_at_3": 40.727999999999994,
                "mrr_at_5": 42.129,
                "ndcg_at_1": 33.782000000000004,
                "ndcg_at_10": 43.178,