{
    "dataset_revision": "cda12ad7615edc362dbf25a00fdd61d3b1eaf93c",
    "task_name": "SummEval",
    "evaluation_time": null,
    "mteb_version": null,
    "scores": {
        "test": [
            {
                "hf_subset": "default",
                "languages": [
                    "eng-Latn"
                ],
                "cos_sim_pearson": 0.30628145384101524,
                "cos_sim_spearman": 0.31275306930726676,
                "dot_pearson": 0.3062814883550051,
                "dot_spearman": 0.31275306930726676,
                "cosine_pearson": 0.30628145384101524,
                "cosine_spearman": 0.31275306930726676,
                "main_score": 0.31275306930726676
            }
        ]
    }
}