{
    "dataset_revision": "6d1962c527217f8927fca80f890f14f36b2802af",
    "task_name": "MIRACLReranking",
    "evaluation_time": null,
    "mteb_version": null,
    "scores": {
        "dev": [
            {
                "hf_subset": "ru",
                "languages": [
                    "rus-Cyrl"
                ],
                "MAP@1(MIRACL)": 29.732999999999997,
                "MAP@10(MIRACL)": 48.333,
                "MAP@100(MIRACL)": 50.517,
                "MAP@1000(MIRACL)": 50.517,
                "MAP@20(MIRACL)": 49.85,
                "MAP@3(MIRACL)": 41.843,
                "MAP@5(MIRACL)": 45.323,
                "NDCG@1(MIRACL)": 48.436,
                "NDCG@10(MIRACL)": 56.111999999999995,
                "NDCG@100(MIRACL)": 60.617,
                "NDCG@1000(MIRACL)": 60.617,
                "NDCG@20(MIRACL)": 58.826,
                "NDCG@3(MIRACL)": 50.483999999999995,
                "NDCG@5(MIRACL)": 52.61,
                "P@1(MIRACL)": 48.436,
                "P@10(MIRACL)": 14.667,
                "P@100(MIRACL)": 1.9529999999999998,
                "P@1000(MIRACL)": 0.19499999999999998,
                "P@20(MIRACL)": 8.665000000000001,
                "P@3(MIRACL)": 31.302000000000003,
                "P@5(MIRACL)": 23.384,
                "Recall@1(MIRACL)": 29.732999999999997,
                "Recall@10(MIRACL)": 66.532,
                "Recall@100(MIRACL)": 79.952,
                "Recall@1000(MIRACL)": 79.952,
                "Recall@20(MIRACL)": 73.75,
                "Recall@3(MIRACL)": 49.541000000000004,
                "Recall@5(MIRACL)": 57.389,
                "main_score": 56.111999999999995,
                "nAUC_MAP@1000_diff1(MIRACL)": 15.8510181843185,
                "nAUC_MAP@1000_max(MIRACL)": 27.452155305037095,
                "nAUC_MAP@1000_std(MIRACL)": 15.147015882448075,
                "nAUC_MAP@100_diff1(MIRACL)": 15.8510181843185,
                "nAUC_MAP@100_max(MIRACL)": 27.452155305037095,
                "nAUC_MAP@100_std(MIRACL)": 15.147015882448075,
                "nAUC_MAP@10_diff1(MIRACL)": 17.808742699385363,
                "nAUC_MAP@10_max(MIRACL)": 25.21217663908093,
                "nAUC_MAP@10_std(MIRACL)": 13.970995033749716,
                "nAUC_MAP@1_diff1(MIRACL)": 34.30066727981356,
                "nAUC_MAP@1_max(MIRACL)": 11.096793012814972,
                "nAUC_MAP@1_std(MIRACL)": 4.298644702770651,
                "nAUC_MAP@20_diff1(MIRACL)": 16.499957004860978,
                "nAUC_MAP@20_max(MIRACL)": 26.676987318433714,
                "nAUC_MAP@20_std(MIRACL)": 15.166175199040485,
                "nAUC_MAP@3_diff1(MIRACL)": 23.797870452650084,
                "nAUC_MAP@3_max(MIRACL)": 18.20460307122738,
                "nAUC_MAP@3_std(MIRACL)": 8.985118628338126,
                "nAUC_MAP@5_diff1(MIRACL)": 20.549029352694866,
                "nAUC_MAP@5_max(MIRACL)": 21.528805328834324,
                "nAUC_MAP@5_std(MIRACL)": 11.131951589460492,
                "nAUC_NDCG@1000_diff1(MIRACL)": 5.973372149854828,
                "nAUC_NDCG@1000_max(MIRACL)": 36.70565868748619,
                "nAUC_NDCG@1000_std(MIRACL)": 19.551007976769245,
                "nAUC_NDCG@100_diff1(MIRACL)": 5.973372149854828,
                "nAUC_NDCG@100_max(MIRACL)": 36.70565868748619,
                "nAUC_NDCG@100_std(MIRACL)": 19.551007976769245,
                "nAUC_NDCG@10_diff1(MIRACL)": 10.894100451667919,
                "nAUC_NDCG@10_max(MIRACL)": 31.735109695399416,
                "nAUC_NDCG@10_std(MIRACL)": 17.674556265190706,
                "nAUC_NDCG@1_diff1(MIRACL)": 22.04892839322977,
                "nAUC_NDCG@1_max(MIRACL)": 32.51034181981298,
                "nAUC_NDCG@1_std(MIRACL)": 14.343760356007765,
                "nAUC_NDCG@20_diff1(MIRACL)": 8.074119776676103,
                "nAUC_NDCG@20_max(MIRACL)": 34.52221220694718,
                "nAUC_NDCG@20_std(MIRACL)": 19.94006423667,
                "nAUC_NDCG@3_diff1(MIRACL)": 16.284195830367825,
                "nAUC_NDCG@3_max(MIRACL)": 26.521965826220352,
                "nAUC_NDCG@3_std(MIRACL)": 13.850033289666094,
                "nAUC_NDCG@5_diff1(MIRACL)": 14.362693198633952,
                "nAUC_NDCG@5_max(MIRACL)": 27.781809390068872,
                "nAUC_NDCG@5_std(MIRACL)": 14.879808284537981,
                "nAUC_P@1000_diff1(MIRACL)": -27.606682296231373,
                "nAUC_P@1000_max(MIRACL)": 33.03084251491326,
                "nAUC_P@1000_std(MIRACL)": 15.674013757663898,
                "nAUC_P@100_diff1(MIRACL)": -27.606682296231327,
                "nAUC_P@100_max(MIRACL)": 33.03084251491332,
                "nAUC_P@100_std(MIRACL)": 15.674013757663937,
                "nAUC_P@10_diff1(MIRACL)": -23.575685602922174,
                "nAUC_P@10_max(MIRACL)": 36.72548498655645,
                "nAUC_P@10_std(MIRACL)": 21.317694028285104,
                "nAUC_P@1_diff1(MIRACL)": 22.04892839322977,
                "nAUC_P@1_max(MIRACL)": 32.51034181981298,
                "nAUC_P@1_std(MIRACL)": 14.343760356007765,
                "nAUC_P@20_diff1(MIRACL)": -26.064734965649322,
                "nAUC_P@20_max(MIRACL)": 34.10936682680113,
                "nAUC_P@20_std(MIRACL)": 20.31615496254574,
                "nAUC_P@3_diff1(MIRACL)": -10.903444655544746,
                "nAUC_P@3_max(MIRACL)": 34.33585029049373,
                "nAUC_P@3_std(MIRACL)": 18.620142249622834,
                "nAUC_P@5_diff1(MIRACL)": -18.454884144221385,
                "nAUC_P@5_max(MIRACL)": 35.620428961110036,
                "nAUC_P@5_std(MIRACL)": 20.265460635926893,
                "nAUC_Recall@1000_diff1(MIRACL)": -28.25716669219796,
                "nAUC_Recall@1000_max(MIRACL)": 59.88673755432144,
                "nAUC_Recall@1000_std(MIRACL)": 29.916576785101622,
                "nAUC_Recall@100_diff1(MIRACL)": -28.25716669219796,
                "nAUC_Recall@100_max(MIRACL)": 59.88673755432144,
                "nAUC_Recall@100_std(MIRACL)": 29.916576785101622,
                "nAUC_Recall@10_diff1(MIRACL)": -2.5731369116803466,
                "nAUC_Recall@10_max(MIRACL)": 34.37108435281944,
                "nAUC_Recall@10_std(MIRACL)": 20.744457001608925,
                "nAUC_Recall@1_diff1(MIRACL)": 34.30066727981356,
                "nAUC_Recall@1_max(MIRACL)": 11.096793012814972,
                "nAUC_Recall@1_std(MIRACL)": 4.298644702770651,
                "nAUC_Recall@20_diff1(MIRACL)": -13.667980220614172,
                "nAUC_Recall@20_max(MIRACL)": 44.947659106700044,
                "nAUC_Recall@20_std(MIRACL)": 29.413435369376923,
                "nAUC_Recall@3_diff1(MIRACL)": 15.838199908854786,
                "nAUC_Recall@3_max(MIRACL)": 17.368565662731196,
                "nAUC_Recall@3_std(MIRACL)": 10.538072940876807,
                "nAUC_Recall@5_diff1(MIRACL)": 8.199967584892176,
                "nAUC_Recall@5_max(MIRACL)": 23.500985460573578,
                "nAUC_Recall@5_std(MIRACL)": 13.477424183539433
            }
        ]
    }
}