{
  "dataset_revision": "fc4cb6390055e65490dfc42526e1d6a379e8cd86",
  "task_name": "JapaneseCode1Retrieval",
  "mteb_version": "2.3.4",
  "scores": {
    "test": [
      {
        "ndcg_at_1": 0.25676,
        "ndcg_at_3": 0.30958,
        "ndcg_at_5": 0.32749,
        "ndcg_at_10": 0.34768,
        "ndcg_at_20": 0.36219,
        "ndcg_at_100": 0.388,
        "ndcg_at_1000": 0.41931,
        "map_at_1": 0.25199,
        "map_at_3": 0.29568,
        "map_at_5": 0.30591,
        "map_at_10": 0.31434,
        "map_at_20": 0.31835,
        "map_at_100": 0.32181,
        "map_at_1000": 0.32274,
        "recall_at_1": 0.25199,
        "recall_at_3": 0.34673,
        "recall_at_5": 0.38968,
        "recall_at_10": 0.45161,
        "recall_at_20": 0.50875,
        "recall_at_100": 0.64887,
        "recall_at_1000": 0.908,
        "accuracy": 0.25199,
        "precision_at_1": 0.25676,
        "precision_at_3": 0.11907,
        "precision_at_5": 0.08045,
        "precision_at_10": 0.04662,
        "precision_at_20": 0.02624,
        "precision_at_100": 0.0067,
        "precision_at_1000": 0.00094,
        "mrr_at_1": 0.256757,
        "mrr_at_3": 0.298649,
        "mrr_at_5": 0.308288,
        "mrr_at_10": 0.31655,
        "mrr_at_20": 0.320498,
        "mrr_at_100": 0.323891,
        "mrr_at_1000": 0.324798,
        "nauc_ndcg_at_1_max": 0.517726,
        "nauc_ndcg_at_1_std": 0.160143,
        "nauc_ndcg_at_1_diff1": 0.592624,
        "nauc_ndcg_at_3_max": 0.526832,
        "nauc_ndcg_at_3_std": 0.182929,
        "nauc_ndcg_at_3_diff1": 0.522397,
        "nauc_ndcg_at_5_max": 0.535298,
        "nauc_ndcg_at_5_std": 0.199807,
        "nauc_ndcg_at_5_diff1": 0.509972,
        "nauc_ndcg_at_10_max": 0.541391,
        "nauc_ndcg_at_10_std": 0.216173,
        "nauc_ndcg_at_10_diff1": 0.49972,
        "nauc_ndcg_at_20_max": 0.54221,
        "nauc_ndcg_at_20_std": 0.23028,
        "nauc_ndcg_at_20_diff1": 0.490444,
        "nauc_ndcg_at_100_max": 0.54812,
        "nauc_ndcg_at_100_std": 0.256966,
        "nauc_ndcg_at_100_diff1": 0.486376,
        "nauc_ndcg_at_1000_max": 0.545992,
        "nauc_ndcg_at_1000_std": 0.243243,
        "nauc_ndcg_at_1000_diff1": 0.498823,
        "nauc_map_at_1_max": 0.511446,
        "nauc_map_at_1_std": 0.159782,
        "nauc_map_at_1_diff1": 0.594541,
        "nauc_map_at_3_max": 0.523846,
        "nauc_map_at_3_std": 0.176859,
        "nauc_map_at_3_diff1": 0.537177,
        "nauc_map_at_5_max": 0.529481,
        "nauc_map_at_5_std": 0.186967,
        "nauc_map_at_5_diff1": 0.529919,
        "nauc_map_at_10_max": 0.532118,
        "nauc_map_at_10_std": 0.193676,
        "nauc_map_at_10_diff1": 0.525737,
        "nauc_map_at_20_max": 0.532423,
        "nauc_map_at_20_std": 0.197948,
        "nauc_map_at_20_diff1": 0.523251,
        "nauc_map_at_100_max": 0.53314,
        "nauc_map_at_100_std": 0.201594,
        "nauc_map_at_100_diff1": 0.522647,
        "nauc_map_at_1000_max": 0.533074,
        "nauc_map_at_1000_std": 0.201263,
        "nauc_map_at_1000_diff1": 0.522993,
        "nauc_recall_at_1_max": 0.511446,
        "nauc_recall_at_1_std": 0.159782,
        "nauc_recall_at_1_diff1": 0.594541,
        "nauc_recall_at_3_max": 0.531957,
        "nauc_recall_at_3_std": 0.199403,
        "nauc_recall_at_3_diff1": 0.478802,
        "nauc_recall_at_5_max": 0.550526,
        "nauc_recall_at_5_std": 0.237268,
        "nauc_recall_at_5_diff1": 0.452295,
        "nauc_recall_at_10_max": 0.567594,
        "nauc_recall_at_10_std": 0.287088,
        "nauc_recall_at_10_diff1": 0.420138,
        "nauc_recall_at_20_max": 0.569631,
        "nauc_recall_at_20_std": 0.34043,
        "nauc_recall_at_20_diff1": 0.38106,
        "nauc_recall_at_100_max": 0.613143,
        "nauc_recall_at_100_std": 0.52487,
        "nauc_recall_at_100_diff1": 0.336334,
        "nauc_recall_at_1000_max": 0.690626,
        "nauc_recall_at_1000_std": 0.687157,
        "nauc_recall_at_1000_diff1": 0.371993,
        "nauc_precision_at_1_max": 0.517726,
        "nauc_precision_at_1_std": 0.160143,
        "nauc_precision_at_1_diff1": 0.592624,
        "nauc_precision_at_3_max": 0.533735,
        "nauc_precision_at_3_std": 0.200534,
        "nauc_precision_at_3_diff1": 0.465345,
        "nauc_precision_at_5_max": 0.547528,
        "nauc_precision_at_5_std": 0.235192,
        "nauc_precision_at_5_diff1": 0.433945,
        "nauc_precision_at_10_max": 0.559404,
        "nauc_precision_at_10_std": 0.281635,
        "nauc_precision_at_10_diff1": 0.402185,
        "nauc_precision_at_20_max": 0.560347,
        "nauc_precision_at_20_std": 0.331136,
        "nauc_precision_at_20_diff1": 0.364461,
        "nauc_precision_at_100_max": 0.580807,
        "nauc_precision_at_100_std": 0.493594,
        "nauc_precision_at_100_diff1": 0.310777,
        "nauc_precision_at_1000_max": 0.457834,
        "nauc_precision_at_1000_std": 0.429441,
        "nauc_precision_at_1000_diff1": 0.241519,
        "nauc_mrr_at_1_max": 0.517726,
        "nauc_mrr_at_1_std": 0.160143,
        "nauc_mrr_at_1_diff1": 0.592624,
        "nauc_mrr_at_3_max": 0.525521,
        "nauc_mrr_at_3_std": 0.177241,
        "nauc_mrr_at_3_diff1": 0.539356,
        "nauc_mrr_at_5_max": 0.530145,
        "nauc_mrr_at_5_std": 0.185724,
        "nauc_mrr_at_5_diff1": 0.532682,
        "nauc_mrr_at_10_max": 0.5329,
        "nauc_mrr_at_10_std": 0.192184,
        "nauc_mrr_at_10_diff1": 0.528308,
        "nauc_mrr_at_20_max": 0.53328,
        "nauc_mrr_at_20_std": 0.196378,
        "nauc_mrr_at_20_diff1": 0.525859,
        "nauc_mrr_at_100_max": 0.534046,
        "nauc_mrr_at_100_std": 0.199979,
        "nauc_mrr_at_100_diff1": 0.525269,
        "nauc_mrr_at_1000_max": 0.534004,
        "nauc_mrr_at_1000_std": 0.19967,
        "nauc_mrr_at_1000_diff1": 0.52562,
        "cv_recall_at_1": 0.25676,
        "cv_recall_at_3": 0.3509,
        "cv_recall_at_5": 0.39279,
        "cv_recall_at_10": 0.4545,
        "cv_recall_at_20": 0.51171,
        "cv_recall_at_100": 0.6527,
        "cv_recall_at_1000": 0.90901,
        "main_score": 0.34768,
        "hf_subset": "default",
        "languages": [
          "jpn-Jpan"
        ]
      }
    ]
  },
  "evaluation_time": 9.171290159225464,
  "kg_co2_emissions": null
}