{
    "dataset_revision": "4ed8415e9dc24060deefc84be59e2db0aacbadcc",
    "evaluation_time": 0.0,
    "kg_co2_emissions": null,
    "mteb_version": "1.12.27",
    "scores": {
        "test": [
            {
                "hf_subset": "default",
                "languages": [
                    "eng-Latn"
                ],
                "main_score": 0.02977,
                "ndcg_at_1": 0.01535,
                "ndcg_at_3": 0.02308,
                "ndcg_at_5": 0.02557,
                "ndcg_at_10": 0.02977,
                "ndcg_at_100": 0.04556,
                "ndcg_at_1000": 0.07767,
                "map_at_1": 0.01535,
                "map_at_3": 0.02115,
                "map_at_5": 0.02251,
                "map_at_10": 0.02419,
                "map_at_100": 0.02688,
                "map_at_1000": 0.02771,
                "recall_at_1": 0.01535,
                "recall_at_3": 0.02866,
                "recall_at_5": 0.0348,
                "recall_at_10": 0.04811,
                "recall_at_100": 0.12845,
                "recall_at_1000": 0.40379,
                "precision_at_1": 0.01535,
                "precision_at_3": 0.00955,
                "precision_at_5": 0.00696,
                "precision_at_10": 0.00481,
                "precision_at_100": 0.00128,
                "precision_at_1000": 0.0004
            }
        ]
    },
    "task_name": "SIQA"
}