{
  "dataset_revision": "f22508f96b7a36c2415181ed8bb76f76e04ae2d5",
  "task_name": "AppsRetrieval",
  "mteb_version": "1.18.0",
  "scores": {
    "test": [
      {
        "ndcg_at_1": 0.03904,
        "ndcg_at_3": 0.04979,
        "ndcg_at_5": 0.05526,
        "ndcg_at_10": 0.06102,
        "ndcg_at_20": 0.06631,
        "ndcg_at_100": 0.08231,
        "ndcg_at_1000": 0.1169,
        "map_at_1": 0.03904,
        "map_at_3": 0.04701,
        "map_at_5": 0.05004,
        "map_at_10": 0.05237,
        "map_at_20": 0.05381,
        "map_at_100": 0.05583,
        "map_at_1000": 0.05675,
        "recall_at_1": 0.03904,
        "recall_at_3": 0.0579,
        "recall_at_5": 0.07118,
        "recall_at_10": 0.08924,
        "recall_at_20": 0.11023,
        "recall_at_100": 0.19947,
        "recall_at_1000": 0.49482,
        "precision_at_1": 0.03904,
        "precision_at_3": 0.0193,
        "precision_at_5": 0.01424,
        "precision_at_10": 0.00892,
        "precision_at_20": 0.00551,
        "precision_at_100": 0.00199,
        "precision_at_1000": 0.00049,
        "mrr_at_1": 0.039044,
        "mrr_at_3": 0.047012,
        "mrr_at_5": 0.05004,
        "mrr_at_10": 0.052369,
        "mrr_at_20": 0.053815,
        "mrr_at_100": 0.055831,
        "mrr_at_1000": 0.056755,
        "nauc_ndcg_at_1_max": 0.120028,
        "nauc_ndcg_at_1_std": 0.148785,
        "nauc_ndcg_at_1_diff1": 0.375457,
        "nauc_ndcg_at_3_max": 0.068357,
        "nauc_ndcg_at_3_std": 0.154485,
        "nauc_ndcg_at_3_diff1": 0.316618,
        "nauc_ndcg_at_5_max": 0.064949,
        "nauc_ndcg_at_5_std": 0.15678,
        "nauc_ndcg_at_5_diff1": 0.280523,
        "nauc_ndcg_at_10_max": 0.075818,
        "nauc_ndcg_at_10_std": 0.155408,
        "nauc_ndcg_at_10_diff1": 0.254901,
        "nauc_ndcg_at_20_max": 0.0826,
        "nauc_ndcg_at_20_std": 0.149296,
        "nauc_ndcg_at_20_diff1": 0.240826,
        "nauc_ndcg_at_100_max": 0.089677,
        "nauc_ndcg_at_100_std": 0.136668,
        "nauc_ndcg_at_100_diff1": 0.204297,
        "nauc_ndcg_at_1000_max": 0.099314,
        "nauc_ndcg_at_1000_std": 0.130316,
        "nauc_ndcg_at_1000_diff1": 0.178418,
        "nauc_map_at_1_max": 0.120028,
        "nauc_map_at_1_std": 0.148785,
        "nauc_map_at_1_diff1": 0.375457,
        "nauc_map_at_3_max": 0.080293,
        "nauc_map_at_3_std": 0.15197,
        "nauc_map_at_3_diff1": 0.330213,
        "nauc_map_at_5_max": 0.077518,
        "nauc_map_at_5_std": 0.153919,
        "nauc_map_at_5_diff1": 0.307491,
        "nauc_map_at_10_max": 0.082613,
        "nauc_map_at_10_std": 0.153031,
        "nauc_map_at_10_diff1": 0.294861,
        "nauc_map_at_20_max": 0.084326,
        "nauc_map_at_20_std": 0.150686,
        "nauc_map_at_20_diff1": 0.289152,
        "nauc_map_at_100_max": 0.08578,
        "nauc_map_at_100_std": 0.148622,
        "nauc_map_at_100_diff1": 0.281413,
        "nauc_map_at_1000_max": 0.086328,
        "nauc_map_at_1000_std": 0.14813,
        "nauc_map_at_1000_diff1": 0.2798,
        "nauc_recall_at_1_max": 0.120028,
        "nauc_recall_at_1_std": 0.148785,
        "nauc_recall_at_1_diff1": 0.375457,
        "nauc_recall_at_3_max": 0.039856,
        "nauc_recall_at_3_std": 0.160838,
        "nauc_recall_at_3_diff1": 0.284157,
        "nauc_recall_at_5_max": 0.03865,
        "nauc_recall_at_5_std": 0.162843,
        "nauc_recall_at_5_diff1": 0.221547,
        "nauc_recall_at_10_max": 0.065628,
        "nauc_recall_at_10_std": 0.159796,
        "nauc_recall_at_10_diff1": 0.176456,
        "nauc_recall_at_20_max": 0.085238,
        "nauc_recall_at_20_std": 0.145563,
        "nauc_recall_at_20_diff1": 0.155416,
        "nauc_recall_at_100_max": 0.101135,
        "nauc_recall_at_100_std": 0.11334,
        "nauc_recall_at_100_diff1": 0.092991,
        "nauc_recall_at_1000_max": 0.129636,
        "nauc_recall_at_1000_std": 0.098543,
        "nauc_recall_at_1000_diff1": 0.029855,
        "nauc_precision_at_1_max": 0.120028,
        "nauc_precision_at_1_std": 0.148785,
        "nauc_precision_at_1_diff1": 0.375457,
        "nauc_precision_at_3_max": 0.039856,
        "nauc_precision_at_3_std": 0.160838,
        "nauc_precision_at_3_diff1": 0.284157,
        "nauc_precision_at_5_max": 0.03865,
        "nauc_precision_at_5_std": 0.162843,
        "nauc_precision_at_5_diff1": 0.221547,
        "nauc_precision_at_10_max": 0.065628,
        "nauc_precision_at_10_std": 0.159796,
        "nauc_precision_at_10_diff1": 0.176456,
        "nauc_precision_at_20_max": 0.085238,
        "nauc_precision_at_20_std": 0.145563,
        "nauc_precision_at_20_diff1": 0.155416,
        "nauc_precision_at_100_max": 0.101135,
        "nauc_precision_at_100_std": 0.11334,
        "nauc_precision_at_100_diff1": 0.092991,
        "nauc_precision_at_1000_max": 0.129636,
        "nauc_precision_at_1000_std": 0.098543,
        "nauc_precision_at_1000_diff1": 0.029855,
        "nauc_mrr_at_1_max": 0.120028,
        "nauc_mrr_at_1_std": 0.148785,
        "nauc_mrr_at_1_diff1": 0.375457,
        "nauc_mrr_at_3_max": 0.080293,
        "nauc_mrr_at_3_std": 0.15197,
        "nauc_mrr_at_3_diff1": 0.330213,
        "nauc_mrr_at_5_max": 0.077518,
        "nauc_mrr_at_5_std": 0.153919,
        "nauc_mrr_at_5_diff1": 0.307491,
        "nauc_mrr_at_10_max": 0.082613,
        "nauc_mrr_at_10_std": 0.153031,
        "nauc_mrr_at_10_diff1": 0.294861,
        "nauc_mrr_at_20_max": 0.084326,
        "nauc_mrr_at_20_std": 0.150686,
        "nauc_mrr_at_20_diff1": 0.289152,
        "nauc_mrr_at_100_max": 0.08578,
        "nauc_mrr_at_100_std": 0.148622,
        "nauc_mrr_at_100_diff1": 0.281414,
        "nauc_mrr_at_1000_max": 0.086328,
        "nauc_mrr_at_1000_std": 0.14813,
        "nauc_mrr_at_1000_diff1": 0.2798,
        "main_score": 0.06102,
        "hf_subset": "default",
        "languages": [
          "eng-Latn",
          "python-Code"
        ]
      }
    ]
  },
  "evaluation_time": 62.34565544128418,
  "kg_co2_emissions": 0.005638507404199583
}