{
  "dataset_revision": "d213819e87aab9010628da8b73ab4eb337c89340",
  "task_name": "CodeFeedbackST",
  "mteb_version": "1.18.0",
  "scores": {
    "test": [
      {
        "ndcg_at_1": 0.54664,
        "ndcg_at_3": 0.6611,
        "ndcg_at_5": 0.68669,
        "ndcg_at_10": 0.70496,
        "ndcg_at_20": 0.7152,
        "ndcg_at_100": 0.72657,
        "ndcg_at_1000": 0.73063,
        "map_at_1": 0.54664,
        "map_at_3": 0.63337,
        "map_at_5": 0.64762,
        "map_at_10": 0.65526,
        "map_at_20": 0.65809,
        "map_at_100": 0.6597,
        "map_at_1000": 0.65985,
        "recall_at_1": 0.54664,
        "recall_at_3": 0.74117,
        "recall_at_5": 0.8031,
        "recall_at_10": 0.85907,
        "recall_at_20": 0.89938,
        "recall_at_100": 0.96023,
        "recall_at_1000": 0.99208,
        "precision_at_1": 0.54664,
        "precision_at_3": 0.24706,
        "precision_at_5": 0.16062,
        "precision_at_10": 0.08591,
        "precision_at_20": 0.04497,
        "precision_at_100": 0.0096,
        "precision_at_1000": 0.00099,
        "mrr_at_1": 0.54603,
        "mrr_at_3": 0.633153,
        "mrr_at_5": 0.6474,
        "mrr_at_10": 0.655062,
        "mrr_at_20": 0.657902,
        "mrr_at_100": 0.659501,
        "mrr_at_1000": 0.659656,
        "nauc_ndcg_at_1_max": 0.183678,
        "nauc_ndcg_at_1_std": -0.192622,
        "nauc_ndcg_at_1_diff1": 0.713489,
        "nauc_ndcg_at_3_max": 0.208495,
        "nauc_ndcg_at_3_std": -0.209368,
        "nauc_ndcg_at_3_diff1": 0.658118,
        "nauc_ndcg_at_5_max": 0.210936,
        "nauc_ndcg_at_5_std": -0.208063,
        "nauc_ndcg_at_5_diff1": 0.651697,
        "nauc_ndcg_at_10_max": 0.208834,
        "nauc_ndcg_at_10_std": -0.205533,
        "nauc_ndcg_at_10_diff1": 0.654927,
        "nauc_ndcg_at_20_max": 0.206555,
        "nauc_ndcg_at_20_std": -0.200817,
        "nauc_ndcg_at_20_diff1": 0.656713,
        "nauc_ndcg_at_100_max": 0.204936,
        "nauc_ndcg_at_100_std": -0.196826,
        "nauc_ndcg_at_100_diff1": 0.662193,
        "nauc_ndcg_at_1000_max": 0.204452,
        "nauc_ndcg_at_1000_std": -0.198152,
        "nauc_ndcg_at_1000_diff1": 0.664212,
        "nauc_map_at_1_max": 0.183678,
        "nauc_map_at_1_std": -0.192622,
        "nauc_map_at_1_diff1": 0.713489,
        "nauc_map_at_3_max": 0.200972,
        "nauc_map_at_3_std": -0.204839,
        "nauc_map_at_3_diff1": 0.672243,
        "nauc_map_at_5_max": 0.201984,
        "nauc_map_at_5_std": -0.204008,
        "nauc_map_at_5_diff1": 0.669471,
        "nauc_map_at_10_max": 0.200996,
        "nauc_map_at_10_std": -0.203116,
        "nauc_map_at_10_diff1": 0.671065,
        "nauc_map_at_20_max": 0.200381,
        "nauc_map_at_20_std": -0.201942,
        "nauc_map_at_20_diff1": 0.671658,
        "nauc_map_at_100_max": 0.200121,
        "nauc_map_at_100_std": -0.201558,
        "nauc_map_at_100_diff1": 0.672374,
        "nauc_map_at_1000_max": 0.200114,
        "nauc_map_at_1000_std": -0.201564,
        "nauc_map_at_1000_diff1": 0.672443,
        "nauc_recall_at_1_max": 0.183678,
        "nauc_recall_at_1_std": -0.192622,
        "nauc_recall_at_1_diff1": 0.713489,
        "nauc_recall_at_3_max": 0.236111,
        "nauc_recall_at_3_std": -0.225728,
        "nauc_recall_at_3_diff1": 0.607538,
        "nauc_recall_at_5_max": 0.250749,
        "nauc_recall_at_5_std": -0.225356,
        "nauc_recall_at_5_diff1": 0.573801,
        "nauc_recall_at_10_max": 0.253672,
        "nauc_recall_at_10_std": -0.216466,
        "nauc_recall_at_10_diff1": 0.563569,
        "nauc_recall_at_20_max": 0.24887,
        "nauc_recall_at_20_std": -0.178567,
        "nauc_recall_at_20_diff1": 0.547345,
        "nauc_recall_at_100_max": 0.269328,
        "nauc_recall_at_100_std": -0.020194,
        "nauc_recall_at_100_diff1": 0.541648,
        "nauc_recall_at_1000_max": 0.401493,
        "nauc_recall_at_1000_std": 0.335989,
        "nauc_recall_at_1000_diff1": 0.483757,
        "nauc_precision_at_1_max": 0.183678,
        "nauc_precision_at_1_std": -0.192622,
        "nauc_precision_at_1_diff1": 0.713489,
        "nauc_precision_at_3_max": 0.236111,
        "nauc_precision_at_3_std": -0.225728,
        "nauc_precision_at_3_diff1": 0.607538,
        "nauc_precision_at_5_max": 0.250749,
        "nauc_precision_at_5_std": -0.225356,
        "nauc_precision_at_5_diff1": 0.573801,
        "nauc_precision_at_10_max": 0.253672,
        "nauc_precision_at_10_std": -0.216466,
        "nauc_precision_at_10_diff1": 0.563569,
        "nauc_precision_at_20_max": 0.24887,
        "nauc_precision_at_20_std": -0.178567,
        "nauc_precision_at_20_diff1": 0.547345,
        "nauc_precision_at_100_max": 0.269328,
        "nauc_precision_at_100_std": -0.020194,
        "nauc_precision_at_100_diff1": 0.541648,
        "nauc_precision_at_1000_max": 0.401493,
        "nauc_precision_at_1000_std": 0.335989,
        "nauc_precision_at_1000_diff1": 0.483757,
        "nauc_mrr_at_1_max": 0.17993,
        "nauc_mrr_at_1_std": -0.194095,
        "nauc_mrr_at_1_diff1": 0.714742,
        "nauc_mrr_at_3_max": 0.198877,
        "nauc_mrr_at_3_std": -0.205718,
        "nauc_mrr_at_3_diff1": 0.673151,
        "nauc_mrr_at_5_max": 0.199955,
        "nauc_mrr_at_5_std": -0.204714,
        "nauc_mrr_at_5_diff1": 0.670243,
        "nauc_mrr_at_10_max": 0.199044,
        "nauc_mrr_at_10_std": -0.203995,
        "nauc_mrr_at_10_diff1": 0.671831,
        "nauc_mrr_at_20_max": 0.198399,
        "nauc_mrr_at_20_std": -0.202819,
        "nauc_mrr_at_20_diff1": 0.672447,
        "nauc_mrr_at_100_max": 0.198099,
        "nauc_mrr_at_100_std": -0.202472,
        "nauc_mrr_at_100_diff1": 0.673165,
        "nauc_mrr_at_1000_max": 0.198091,
        "nauc_mrr_at_1000_std": -0.20248,
        "nauc_mrr_at_1000_diff1": 0.673235,
        "main_score": 0.70496,
        "hf_subset": "default",
        "languages": [
          "eng-Latn"
        ]
      }
    ]
  },
  "evaluation_time": 1248.3367137908936,
  "kg_co2_emissions": 0.111906881833227
}