{
  "dataset_revision": "fcf295ea64c750f41fadbaa37b9b861558e1bfbd",
  "task_name": "AlloprofRetrieval",
  "mteb_version": "1.18.0",
  "scores": {
    "test": [
      {
        "ndcg_at_1": 0.40674,
        "ndcg_at_3": 0.53149,
        "ndcg_at_5": 0.56267,
        "ndcg_at_10": 0.59149,
        "ndcg_at_20": 0.60883,
        "ndcg_at_100": 0.62442,
        "ndcg_at_1000": 0.63144,
        "map_at_1": 0.40674,
        "map_at_3": 0.50101,
        "map_at_5": 0.51845,
        "map_at_10": 0.53038,
        "map_at_20": 0.53519,
        "map_at_100": 0.53734,
        "map_at_1000": 0.53757,
        "recall_at_1": 0.40674,
        "recall_at_3": 0.6196,
        "recall_at_5": 0.69473,
        "recall_at_10": 0.78368,
        "recall_at_20": 0.8519,
        "recall_at_100": 0.9361,
        "recall_at_1000": 0.99266,
        "precision_at_1": 0.40674,
        "precision_at_3": 0.20653,
        "precision_at_5": 0.13895,
        "precision_at_10": 0.07837,
        "precision_at_20": 0.04259,
        "precision_at_100": 0.00936,
        "precision_at_1000": 0.00099,
        "mrr_at_1": 0.406736,
        "mrr_at_3": 0.501007,
        "mrr_at_5": 0.518451,
        "mrr_at_10": 0.53038,
        "mrr_at_20": 0.535186,
        "mrr_at_100": 0.537336,
        "mrr_at_1000": 0.537574,
        "nauc_ndcg_at_1_max": 0.339444,
        "nauc_ndcg_at_1_std": -0.061467,
        "nauc_ndcg_at_1_diff1": 0.49374,
        "nauc_ndcg_at_3_max": 0.370352,
        "nauc_ndcg_at_3_std": -0.065581,
        "nauc_ndcg_at_3_diff1": 0.433237,
        "nauc_ndcg_at_5_max": 0.377293,
        "nauc_ndcg_at_5_std": -0.058857,
        "nauc_ndcg_at_5_diff1": 0.42346,
        "nauc_ndcg_at_10_max": 0.387326,
        "nauc_ndcg_at_10_std": -0.047816,
        "nauc_ndcg_at_10_diff1": 0.430423,
        "nauc_ndcg_at_20_max": 0.388832,
        "nauc_ndcg_at_20_std": -0.041581,
        "nauc_ndcg_at_20_diff1": 0.436222,
        "nauc_ndcg_at_100_max": 0.387694,
        "nauc_ndcg_at_100_std": -0.041833,
        "nauc_ndcg_at_100_diff1": 0.44152,
        "nauc_ndcg_at_1000_max": 0.380897,
        "nauc_ndcg_at_1000_std": -0.045825,
        "nauc_ndcg_at_1000_diff1": 0.441195,
        "nauc_map_at_1_max": 0.339444,
        "nauc_map_at_1_std": -0.061467,
        "nauc_map_at_1_diff1": 0.49374,
        "nauc_map_at_3_max": 0.363009,
        "nauc_map_at_3_std": -0.063526,
        "nauc_map_at_3_diff1": 0.447468,
        "nauc_map_at_5_max": 0.366512,
        "nauc_map_at_5_std": -0.060191,
        "nauc_map_at_5_diff1": 0.442707,
        "nauc_map_at_10_max": 0.36995,
        "nauc_map_at_10_std": -0.055812,
        "nauc_map_at_10_diff1": 0.44589,
        "nauc_map_at_20_max": 0.369997,
        "nauc_map_at_20_std": -0.054533,
        "nauc_map_at_20_diff1": 0.447455,
        "nauc_map_at_100_max": 0.369791,
        "nauc_map_at_100_std": -0.054697,
        "nauc_map_at_100_diff1": 0.44814,
        "nauc_map_at_1000_max": 0.369623,
        "nauc_map_at_1000_std": -0.054745,
        "nauc_map_at_1000_diff1": 0.448117,
        "nauc_recall_at_1_max": 0.339444,
        "nauc_recall_at_1_std": -0.061467,
        "nauc_recall_at_1_diff1": 0.49374,
        "nauc_recall_at_3_max": 0.393624,
        "nauc_recall_at_3_std": -0.072631,
        "nauc_recall_at_3_diff1": 0.388211,
        "nauc_recall_at_5_max": 0.417062,
        "nauc_recall_at_5_std": -0.052923,
        "nauc_recall_at_5_diff1": 0.352943,
        "nauc_recall_at_10_max": 0.475732,
        "nauc_recall_at_10_std": -0.003195,
        "nauc_recall_at_10_diff1": 0.361648,
        "nauc_recall_at_20_max": 0.524301,
        "nauc_recall_at_20_std": 0.064722,
        "nauc_recall_at_20_diff1": 0.379232,
        "nauc_recall_at_100_max": 0.660746,
        "nauc_recall_at_100_std": 0.191096,
        "nauc_recall_at_100_diff1": 0.427082,
        "nauc_recall_at_1000_max": 0.775678,
        "nauc_recall_at_1000_std": 0.682164,
        "nauc_recall_at_1000_diff1": 0.257916,
        "nauc_precision_at_1_max": 0.339444,
        "nauc_precision_at_1_std": -0.061467,
        "nauc_precision_at_1_diff1": 0.49374,
        "nauc_precision_at_3_max": 0.393624,
        "nauc_precision_at_3_std": -0.072631,
        "nauc_precision_at_3_diff1": 0.388211,
        "nauc_precision_at_5_max": 0.417062,
        "nauc_precision_at_5_std": -0.052923,
        "nauc_precision_at_5_diff1": 0.352943,
        "nauc_precision_at_10_max": 0.475732,
        "nauc_precision_at_10_std": -0.003195,
        "nauc_precision_at_10_diff1": 0.361648,
        "nauc_precision_at_20_max": 0.524301,
        "nauc_precision_at_20_std": 0.064722,
        "nauc_precision_at_20_diff1": 0.379232,
        "nauc_precision_at_100_max": 0.660746,
        "nauc_precision_at_100_std": 0.191096,
        "nauc_precision_at_100_diff1": 0.427082,
        "nauc_precision_at_1000_max": 0.775678,
        "nauc_precision_at_1000_std": 0.682164,
        "nauc_precision_at_1000_diff1": 0.257916,
        "nauc_mrr_at_1_max": 0.339444,
        "nauc_mrr_at_1_std": -0.061467,
        "nauc_mrr_at_1_diff1": 0.49374,
        "nauc_mrr_at_3_max": 0.363009,
        "nauc_mrr_at_3_std": -0.063526,
        "nauc_mrr_at_3_diff1": 0.447468,
        "nauc_mrr_at_5_max": 0.366512,
        "nauc_mrr_at_5_std": -0.060191,
        "nauc_mrr_at_5_diff1": 0.442707,
        "nauc_mrr_at_10_max": 0.36995,
        "nauc_mrr_at_10_std": -0.055812,
        "nauc_mrr_at_10_diff1": 0.44589,
        "nauc_mrr_at_20_max": 0.369997,
        "nauc_mrr_at_20_std": -0.054533,
        "nauc_mrr_at_20_diff1": 0.447455,
        "nauc_mrr_at_100_max": 0.369791,
        "nauc_mrr_at_100_std": -0.054697,
        "nauc_mrr_at_100_diff1": 0.44814,
        "nauc_mrr_at_1000_max": 0.369623,
        "nauc_mrr_at_1000_std": -0.054745,
        "nauc_mrr_at_1000_diff1": 0.448117,
        "main_score": 0.59149,
        "hf_subset": "default",
        "languages": [
          "fra-Latn"
        ]
      }
    ]
  },
  "evaluation_time": 62.60465931892395,
  "kg_co2_emissions": 0.005806231423552689
}