{
  "dataset_revision": "5effa1b9b5fa3b0f9e12523e6e43e5f86a6e6d59",
  "task_name": "BSARDRetrieval",
  "mteb_version": "1.18.0",
  "scores": {
    "test": [
      {
        "ndcg_at_1": 0.03604,
        "ndcg_at_3": 0.05582,
        "ndcg_at_5": 0.0719,
        "ndcg_at_10": 0.08635,
        "ndcg_at_20": 0.09883,
        "ndcg_at_100": 0.13746,
        "ndcg_at_1000": 0.1773,
        "map_at_1": 0.03604,
        "map_at_3": 0.0503,
        "map_at_5": 0.05886,
        "map_at_10": 0.06476,
        "map_at_20": 0.06815,
        "map_at_100": 0.07326,
        "map_at_1000": 0.07449,
        "recall_at_1": 0.03604,
        "recall_at_3": 0.07207,
        "recall_at_5": 0.11261,
        "recall_at_10": 0.15766,
        "recall_at_20": 0.20721,
        "recall_at_100": 0.41892,
        "recall_at_1000": 0.74775,
        "precision_at_1": 0.03604,
        "precision_at_3": 0.02402,
        "precision_at_5": 0.02252,
        "precision_at_10": 0.01577,
        "precision_at_20": 0.01036,
        "precision_at_100": 0.00419,
        "precision_at_1000": 0.00075,
        "mrr_at_1": 0.036036,
        "mrr_at_3": 0.0503,
        "mrr_at_5": 0.059084,
        "mrr_at_10": 0.064981,
        "mrr_at_20": 0.06837,
        "mrr_at_100": 0.073482,
        "mrr_at_1000": 0.074711,
        "nauc_ndcg_at_1_max": -0.087097,
        "nauc_ndcg_at_1_std": 0.045443,
        "nauc_ndcg_at_1_diff1": 0.1918,
        "nauc_ndcg_at_3_max": -0.102824,
        "nauc_ndcg_at_3_std": -0.014131,
        "nauc_ndcg_at_3_diff1": 0.153304,
        "nauc_ndcg_at_5_max": -0.046783,
        "nauc_ndcg_at_5_std": -0.047568,
        "nauc_ndcg_at_5_diff1": 0.109801,
        "nauc_ndcg_at_10_max": -0.068968,
        "nauc_ndcg_at_10_std": 0.023803,
        "nauc_ndcg_at_10_diff1": 0.113649,
        "nauc_ndcg_at_20_max": -0.055403,
        "nauc_ndcg_at_20_std": 0.012328,
        "nauc_ndcg_at_20_diff1": 0.099053,
        "nauc_ndcg_at_100_max": -0.090069,
        "nauc_ndcg_at_100_std": 0.028975,
        "nauc_ndcg_at_100_diff1": 0.085102,
        "nauc_ndcg_at_1000_max": -0.12049,
        "nauc_ndcg_at_1000_std": 0.045853,
        "nauc_ndcg_at_1000_diff1": 0.091655,
        "nauc_map_at_1_max": -0.087097,
        "nauc_map_at_1_std": 0.045443,
        "nauc_map_at_1_diff1": 0.1918,
        "nauc_map_at_3_max": -0.097505,
        "nauc_map_at_3_std": -9.7e-05,
        "nauc_map_at_3_diff1": 0.165678,
        "nauc_map_at_5_max": -0.063731,
        "nauc_map_at_5_std": -0.022802,
        "nauc_map_at_5_diff1": 0.135146,
        "nauc_map_at_10_max": -0.074979,
        "nauc_map_at_10_std": 0.012764,
        "nauc_map_at_10_diff1": 0.13585,
        "nauc_map_at_20_max": -0.069864,
        "nauc_map_at_20_std": 0.00827,
        "nauc_map_at_20_diff1": 0.129423,
        "nauc_map_at_100_max": -0.076582,
        "nauc_map_at_100_std": 0.008098,
        "nauc_map_at_100_diff1": 0.12463,
        "nauc_map_at_1000_max": -0.078332,
        "nauc_map_at_1000_std": 0.009273,
        "nauc_map_at_1000_diff1": 0.125526,
        "nauc_recall_at_1_max": -0.087097,
        "nauc_recall_at_1_std": 0.045443,
        "nauc_recall_at_1_diff1": 0.1918,
        "nauc_recall_at_3_max": -0.114286,
        "nauc_recall_at_3_std": -0.043475,
        "nauc_recall_at_3_diff1": 0.126733,
        "nauc_recall_at_5_max": -0.015116,
        "nauc_recall_at_5_std": -0.08997,
        "nauc_recall_at_5_diff1": 0.066306,
        "nauc_recall_at_10_max": -0.060226,
        "nauc_recall_at_10_std": 0.049116,
        "nauc_recall_at_10_diff1": 0.082072,
        "nauc_recall_at_20_max": -0.033423,
        "nauc_recall_at_20_std": 0.022661,
        "nauc_recall_at_20_diff1": 0.058445,
        "nauc_recall_at_100_max": -0.124139,
        "nauc_recall_at_100_std": 0.077621,
        "nauc_recall_at_100_diff1": 0.037287,
        "nauc_recall_at_1000_max": -0.300386,
        "nauc_recall_at_1000_std": 0.182554,
        "nauc_recall_at_1000_diff1": 0.029153,
        "nauc_precision_at_1_max": -0.087097,
        "nauc_precision_at_1_std": 0.045443,
        "nauc_precision_at_1_diff1": 0.1918,
        "nauc_precision_at_3_max": -0.114286,
        "nauc_precision_at_3_std": -0.043475,
        "nauc_precision_at_3_diff1": 0.126733,
        "nauc_precision_at_5_max": -0.015116,
        "nauc_precision_at_5_std": -0.08997,
        "nauc_precision_at_5_diff1": 0.066306,
        "nauc_precision_at_10_max": -0.060226,
        "nauc_precision_at_10_std": 0.049116,
        "nauc_precision_at_10_diff1": 0.082072,
        "nauc_precision_at_20_max": -0.033423,
        "nauc_precision_at_20_std": 0.022661,
        "nauc_precision_at_20_diff1": 0.058445,
        "nauc_precision_at_100_max": -0.124139,
        "nauc_precision_at_100_std": 0.077621,
        "nauc_precision_at_100_diff1": 0.037287,
        "nauc_precision_at_1000_max": -0.300386,
        "nauc_precision_at_1000_std": 0.182554,
        "nauc_precision_at_1000_diff1": 0.029153,
        "nauc_mrr_at_1_max": -0.087097,
        "nauc_mrr_at_1_std": 0.045443,
        "nauc_mrr_at_1_diff1": 0.1918,
        "nauc_mrr_at_3_max": -0.097505,
        "nauc_mrr_at_3_std": -9.7e-05,
        "nauc_mrr_at_3_diff1": 0.165678,
        "nauc_mrr_at_5_max": -0.060927,
        "nauc_mrr_at_5_std": -0.022985,
        "nauc_mrr_at_5_diff1": 0.132407,
        "nauc_mrr_at_10_max": -0.07231,
        "nauc_mrr_at_10_std": 0.012463,
        "nauc_mrr_at_10_diff1": 0.133281,
        "nauc_mrr_at_20_max": -0.067299,
        "nauc_mrr_at_20_std": 0.007994,
        "nauc_mrr_at_20_diff1": 0.126959,
        "nauc_mrr_at_100_max": -0.074041,
        "nauc_mrr_at_100_std": 0.007829,
        "nauc_mrr_at_100_diff1": 0.122228,
        "nauc_mrr_at_1000_max": -0.075777,
        "nauc_mrr_at_1000_std": 0.008998,
        "nauc_mrr_at_1000_diff1": 0.123113,
        "main_score": 0.41892,
        "hf_subset": "default",
        "languages": [
          "fra-Latn"
        ]
      }
    ]
  },
  "evaluation_time": 73.02750849723816,
  "kg_co2_emissions": 0.006940685853421502
}