{
  "dataset_revision": "25f7d11a7ac12dcbb8d3836eb2de682b98c825e4",
  "task_name": "RARbCode",
  "mteb_version": "1.18.0",
  "scores": {
    "test": [
      {
        "ndcg_at_1": 0.01752,
        "ndcg_at_3": 0.02684,
        "ndcg_at_5": 0.03163,
        "ndcg_at_10": 0.03548,
        "ndcg_at_20": 0.03905,
        "ndcg_at_100": 0.04732,
        "ndcg_at_1000": 0.06476,
        "map_at_1": 0.01752,
        "map_at_3": 0.02448,
        "map_at_5": 0.02718,
        "map_at_10": 0.02873,
        "map_at_20": 0.0297,
        "map_at_100": 0.03068,
        "map_at_1000": 0.03117,
        "recall_at_1": 0.01752,
        "recall_at_3": 0.03369,
        "recall_at_5": 0.04515,
        "recall_at_10": 0.05728,
        "recall_at_20": 0.07143,
        "recall_at_100": 0.1186,
        "recall_at_1000": 0.26617,
        "precision_at_1": 0.01752,
        "precision_at_3": 0.01123,
        "precision_at_5": 0.00903,
        "precision_at_10": 0.00573,
        "precision_at_20": 0.00357,
        "precision_at_100": 0.00119,
        "precision_at_1000": 0.00027,
        "mrr_at_1": 0.01752,
        "mrr_at_3": 0.024483,
        "mrr_at_5": 0.027179,
        "mrr_at_10": 0.028733,
        "mrr_at_20": 0.029702,
        "mrr_at_100": 0.030681,
        "mrr_at_1000": 0.031168,
        "nauc_ndcg_at_1_max": -0.192575,
        "nauc_ndcg_at_1_std": 0.446525,
        "nauc_ndcg_at_1_diff1": 0.405786,
        "nauc_ndcg_at_3_max": -0.169849,
        "nauc_ndcg_at_3_std": 0.395461,
        "nauc_ndcg_at_3_diff1": 0.307836,
        "nauc_ndcg_at_5_max": -0.174952,
        "nauc_ndcg_at_5_std": 0.401258,
        "nauc_ndcg_at_5_diff1": 0.286413,
        "nauc_ndcg_at_10_max": -0.196356,
        "nauc_ndcg_at_10_std": 0.3998,
        "nauc_ndcg_at_10_diff1": 0.300211,
        "nauc_ndcg_at_20_max": -0.203566,
        "nauc_ndcg_at_20_std": 0.407018,
        "nauc_ndcg_at_20_diff1": 0.289272,
        "nauc_ndcg_at_100_max": -0.212338,
        "nauc_ndcg_at_100_std": 0.383612,
        "nauc_ndcg_at_100_diff1": 0.267622,
        "nauc_ndcg_at_1000_max": -0.211345,
        "nauc_ndcg_at_1000_std": 0.353216,
        "nauc_ndcg_at_1000_diff1": 0.22236,
        "nauc_map_at_1_max": -0.192575,
        "nauc_map_at_1_std": 0.446525,
        "nauc_map_at_1_diff1": 0.405786,
        "nauc_map_at_3_max": -0.171548,
        "nauc_map_at_3_std": 0.402709,
        "nauc_map_at_3_diff1": 0.324189,
        "nauc_map_at_5_max": -0.174201,
        "nauc_map_at_5_std": 0.40583,
        "nauc_map_at_5_diff1": 0.308183,
        "nauc_map_at_10_max": -0.185071,
        "nauc_map_at_10_std": 0.40534,
        "nauc_map_at_10_diff1": 0.313747,
        "nauc_map_at_20_max": -0.188182,
        "nauc_map_at_20_std": 0.408072,
        "nauc_map_at_20_diff1": 0.309069,
        "nauc_map_at_100_max": -0.190625,
        "nauc_map_at_100_std": 0.404355,
        "nauc_map_at_100_diff1": 0.305959,
        "nauc_map_at_1000_max": -0.190569,
        "nauc_map_at_1000_std": 0.40231,
        "nauc_map_at_1000_diff1": 0.303047,
        "nauc_recall_at_1_max": -0.192575,
        "nauc_recall_at_1_std": 0.446525,
        "nauc_recall_at_1_diff1": 0.405786,
        "nauc_recall_at_3_max": -0.166952,
        "nauc_recall_at_3_std": 0.380732,
        "nauc_recall_at_3_diff1": 0.273708,
        "nauc_recall_at_5_max": -0.17755,
        "nauc_recall_at_5_std": 0.394089,
        "nauc_recall_at_5_diff1": 0.247304,
        "nauc_recall_at_10_max": -0.218274,
        "nauc_recall_at_10_std": 0.391513,
        "nauc_recall_at_10_diff1": 0.282762,
        "nauc_recall_at_20_max": -0.229126,
        "nauc_recall_at_20_std": 0.407779,
        "nauc_recall_at_20_diff1": 0.26343,
        "nauc_recall_at_100_max": -0.239286,
        "nauc_recall_at_100_std": 0.350699,
        "nauc_recall_at_100_diff1": 0.217632,
        "nauc_recall_at_1000_max": -0.228252,
        "nauc_recall_at_1000_std": 0.291179,
        "nauc_recall_at_1000_diff1": 0.128181,
        "nauc_precision_at_1_max": -0.192575,
        "nauc_precision_at_1_std": 0.446525,
        "nauc_precision_at_1_diff1": 0.405786,
        "nauc_precision_at_3_max": -0.166952,
        "nauc_precision_at_3_std": 0.380732,
        "nauc_precision_at_3_diff1": 0.273708,
        "nauc_precision_at_5_max": -0.17755,
        "nauc_precision_at_5_std": 0.394089,
        "nauc_precision_at_5_diff1": 0.247304,
        "nauc_precision_at_10_max": -0.218274,
        "nauc_precision_at_10_std": 0.391513,
        "nauc_precision_at_10_diff1": 0.282762,
        "nauc_precision_at_20_max": -0.229126,
        "nauc_precision_at_20_std": 0.407779,
        "nauc_precision_at_20_diff1": 0.26343,
        "nauc_precision_at_100_max": -0.239286,
        "nauc_precision_at_100_std": 0.350699,
        "nauc_precision_at_100_diff1": 0.217632,
        "nauc_precision_at_1000_max": -0.228252,
        "nauc_precision_at_1000_std": 0.291179,
        "nauc_precision_at_1000_diff1": 0.128181,
        "nauc_mrr_at_1_max": -0.192575,
        "nauc_mrr_at_1_std": 0.446525,
        "nauc_mrr_at_1_diff1": 0.405786,
        "nauc_mrr_at_3_max": -0.171548,
        "nauc_mrr_at_3_std": 0.402709,
        "nauc_mrr_at_3_diff1": 0.324189,
        "nauc_mrr_at_5_max": -0.174201,
        "nauc_mrr_at_5_std": 0.40583,
        "nauc_mrr_at_5_diff1": 0.308183,
        "nauc_mrr_at_10_max": -0.185071,
        "nauc_mrr_at_10_std": 0.40534,
        "nauc_mrr_at_10_diff1": 0.313747,
        "nauc_mrr_at_20_max": -0.188182,
        "nauc_mrr_at_20_std": 0.408072,
        "nauc_mrr_at_20_diff1": 0.309069,
        "nauc_mrr_at_100_max": -0.190625,
        "nauc_mrr_at_100_std": 0.404355,
        "nauc_mrr_at_100_diff1": 0.305959,
        "nauc_mrr_at_1000_max": -0.190569,
        "nauc_mrr_at_1000_std": 0.40231,
        "nauc_mrr_at_1000_diff1": 0.303047,
        "main_score": 0.03548,
        "hf_subset": "default",
        "languages": [
          "eng-Latn"
        ]
      }
    ]
  },
  "evaluation_time": 1401.126785993576,
  "kg_co2_emissions": 0.11079876615130795
}