{
  "dataset_revision": "686b87296c3a0191b5d9415a00526c62db9fce09",
  "task_name": "SyntheticText2SQL",
  "mteb_version": "1.18.0",
  "scores": {
    "test": [
      {
        "ndcg_at_1": 0.02769,
        "ndcg_at_3": 0.32283,
        "ndcg_at_5": 0.35779,
        "ndcg_at_10": 0.38836,
        "ndcg_at_20": 0.40674,
        "ndcg_at_100": 0.43035,
        "ndcg_at_1000": 0.44118,
        "map_at_1": 0.02769,
        "map_at_3": 0.25625,
        "map_at_5": 0.2758,
        "map_at_10": 0.28851,
        "map_at_20": 0.29362,
        "map_at_100": 0.29697,
        "map_at_1000": 0.29737,
        "recall_at_1": 0.02769,
        "recall_at_3": 0.51307,
        "recall_at_5": 0.59733,
        "recall_at_10": 0.69133,
        "recall_at_20": 0.76363,
        "recall_at_100": 0.88959,
        "recall_at_1000": 0.97539,
        "precision_at_1": 0.02769,
        "precision_at_3": 0.17102,
        "precision_at_5": 0.11947,
        "precision_at_10": 0.06913,
        "precision_at_20": 0.03818,
        "precision_at_100": 0.0089,
        "precision_at_1000": 0.00098,
        "mrr_at_1": 0.230388,
        "mrr_at_3": 0.373982,
        "mrr_at_5": 0.390047,
        "mrr_at_10": 0.40166,
        "mrr_at_20": 0.406566,
        "mrr_at_100": 0.409791,
        "mrr_at_1000": 0.410189,
        "nauc_ndcg_at_1_max": 0.097151,
        "nauc_ndcg_at_1_std": -0.065096,
        "nauc_ndcg_at_1_diff1": 0.583114,
        "nauc_ndcg_at_3_max": 0.327004,
        "nauc_ndcg_at_3_std": 0.049817,
        "nauc_ndcg_at_3_diff1": -0.555721,
        "nauc_ndcg_at_5_max": 0.320337,
        "nauc_ndcg_at_5_std": 0.057236,
        "nauc_ndcg_at_5_diff1": -0.517753,
        "nauc_ndcg_at_10_max": 0.312848,
        "nauc_ndcg_at_10_std": 0.066475,
        "nauc_ndcg_at_10_diff1": -0.500061,
        "nauc_ndcg_at_20_max": 0.318003,
        "nauc_ndcg_at_20_std": 0.074876,
        "nauc_ndcg_at_20_diff1": -0.49029,
        "nauc_ndcg_at_100_max": 0.320529,
        "nauc_ndcg_at_100_std": 0.076571,
        "nauc_ndcg_at_100_diff1": -0.482059,
        "nauc_ndcg_at_1000_max": 0.317049,
        "nauc_ndcg_at_1000_std": 0.071569,
        "nauc_ndcg_at_1000_diff1": -0.484994,
        "nauc_map_at_1_max": 0.097151,
        "nauc_map_at_1_std": -0.065096,
        "nauc_map_at_1_diff1": 0.583114,
        "nauc_map_at_3_max": 0.313401,
        "nauc_map_at_3_std": 0.041543,
        "nauc_map_at_3_diff1": -0.51107,
        "nauc_map_at_5_max": 0.308786,
        "nauc_map_at_5_std": 0.046052,
        "nauc_map_at_5_diff1": -0.484336,
        "nauc_map_at_10_max": 0.304644,
        "nauc_map_at_10_std": 0.049808,
        "nauc_map_at_10_diff1": -0.474862,
        "nauc_map_at_20_max": 0.305938,
        "nauc_map_at_20_std": 0.051712,
        "nauc_map_at_20_diff1": -0.471178,
        "nauc_map_at_100_max": 0.306344,
        "nauc_map_at_100_std": 0.051974,
        "nauc_map_at_100_diff1": -0.469816,
        "nauc_map_at_1000_max": 0.306189,
        "nauc_map_at_1000_std": 0.051872,
        "nauc_map_at_1000_diff1": -0.469907,
        "nauc_recall_at_1_max": 0.097151,
        "nauc_recall_at_1_std": -0.065096,
        "nauc_recall_at_1_diff1": 0.583114,
        "nauc_recall_at_3_max": 0.349671,
        "nauc_recall_at_3_std": 0.063949,
        "nauc_recall_at_3_diff1": -0.624784,
        "nauc_recall_at_5_max": 0.339747,
        "nauc_recall_at_5_std": 0.078184,
        "nauc_recall_at_5_diff1": -0.566688,
        "nauc_recall_at_10_max": 0.326087,
        "nauc_recall_at_10_std": 0.105235,
        "nauc_recall_at_10_diff1": -0.533062,
        "nauc_recall_at_20_max": 0.348387,
        "nauc_recall_at_20_std": 0.146442,
        "nauc_recall_at_20_diff1": -0.507434,
        "nauc_recall_at_100_max": 0.393869,
        "nauc_recall_at_100_std": 0.220264,
        "nauc_recall_at_100_diff1": -0.451365,
        "nauc_recall_at_1000_max": 0.460618,
        "nauc_recall_at_1000_std": 0.400149,
        "nauc_recall_at_1000_diff1": -0.489085,
        "nauc_precision_at_1_max": 0.097151,
        "nauc_precision_at_1_std": -0.065096,
        "nauc_precision_at_1_diff1": 0.583114,
        "nauc_precision_at_3_max": 0.349671,
        "nauc_precision_at_3_std": 0.063949,
        "nauc_precision_at_3_diff1": -0.624784,
        "nauc_precision_at_5_max": 0.339747,
        "nauc_precision_at_5_std": 0.078184,
        "nauc_precision_at_5_diff1": -0.566688,
        "nauc_precision_at_10_max": 0.326087,
        "nauc_precision_at_10_std": 0.105235,
        "nauc_precision_at_10_diff1": -0.533062,
        "nauc_precision_at_20_max": 0.348387,
        "nauc_precision_at_20_std": 0.146442,
        "nauc_precision_at_20_diff1": -0.507434,
        "nauc_precision_at_100_max": 0.393869,
        "nauc_precision_at_100_std": 0.220264,
        "nauc_precision_at_100_diff1": -0.451365,
        "nauc_precision_at_1000_max": 0.460618,
        "nauc_precision_at_1000_std": 0.400149,
        "nauc_precision_at_1000_diff1": -0.489085,
        "nauc_mrr_at_1_max": 0.246809,
        "nauc_mrr_at_1_std": 0.035655,
        "nauc_mrr_at_1_diff1": -0.408116,
        "nauc_mrr_at_3_max": 0.301579,
        "nauc_mrr_at_3_std": 0.048378,
        "nauc_mrr_at_3_diff1": -0.525808,
        "nauc_mrr_at_5_max": 0.296672,
        "nauc_mrr_at_5_std": 0.051479,
        "nauc_mrr_at_5_diff1": -0.514627,
        "nauc_mrr_at_10_max": 0.294958,
        "nauc_mrr_at_10_std": 0.05434,
        "nauc_mrr_at_10_diff1": -0.510181,
        "nauc_mrr_at_20_max": 0.295983,
        "nauc_mrr_at_20_std": 0.05586,
        "nauc_mrr_at_20_diff1": -0.508491,
        "nauc_mrr_at_100_max": 0.295862,
        "nauc_mrr_at_100_std": 0.055915,
        "nauc_mrr_at_100_diff1": -0.507991,
        "nauc_mrr_at_1000_max": 0.295758,
        "nauc_mrr_at_1000_std": 0.055857,
        "nauc_mrr_at_1000_diff1": -0.50809,
        "main_score": 0.38836,
        "hf_subset": "default",
        "languages": [
          "eng-Latn",
          "sql-Code"
        ]
      }
    ]
  },
  "evaluation_time": 124.66592836380005,
  "kg_co2_emissions": 0.01027938419270561
}