{
  "dataset_revision": null,
  "mteb_dataset_name": "SCIDOCS",
  "mteb_version": "1.0.1.dev0",
  "test": {
    "evaluation_time": 189.87,
    "map_at_1": 0.03383,
    "map_at_10": 0.08839,
    "map_at_100": 0.10876,
    "map_at_1000": 0.11201,
    "map_at_3": 0.06361,
    "map_at_5": 0.07536,
    "mrr_at_1": 0.166,
    "mrr_at_10": 0.26004,
    "mrr_at_100": 0.27271,
    "mrr_at_1000": 0.27354,
    "mrr_at_3": 0.229,
    "mrr_at_5": 0.2458,
    "ndcg_at_1": 0.166,
    "ndcg_at_10": 0.15345,
    "ndcg_at_100": 0.23659,
    "ndcg_at_1000": 0.29537,
    "ndcg_at_3": 0.14284,
    "ndcg_at_5": 0.1251,
    "precision_at_1": 0.166,
    "precision_at_10": 0.0817,
    "precision_at_100": 0.02028,
    "precision_at_1000": 0.00343,
    "precision_at_3": 0.13633,
    "precision_at_5": 0.1116,
    "recall_at_1": 0.03383,
    "recall_at_10": 0.16557,
    "recall_at_100": 0.41123,
    "recall_at_1000": 0.6968,
    "recall_at_3": 0.08298,
    "recall_at_5": 0.11322
  }
}