{
  "dataset_revision": "d604517c81ca91fe16a244d1248fc021f9ecee7a",
  "mteb_dataset_name": "TweetSentimentExtractionClassification",
  "mteb_version": "1.0.1.dev0",
  "test": {
    "accuracy": 0.6089983022071308,
    "accuracy_stderr": 0.020841247897312308,
    "evaluation_time": 535.36,
    "f1": 0.6113086468149106,
    "f1_stderr": 0.021934543593902626,
    "main_score": 0.6089983022071308
  }
}