{
    "dataset_revision": "989310c1",
    "task_name": "AILACasedocs",
    "evaluation_time": 0,
    "kg_co2_emissions": 0,
    "mteb_version": "1.0.0",
    "scores": {
        "test": [
            {
                "hf_subset": "test",
                "languages": [
                    "en"
                ],
                "main_score": 0.4019,
                "ndcg_at_1": 0.36,
                "map_at_1": 0.13404,
                "recall_at_1": 0.13404,
                "precision_at_1": 0.36,
                "ndcg_at_3": 0.33873,
                "map_at_3": 0.22335,
                "recall_at_3": 0.25682,
                "precision_at_3": 0.26,
                "ndcg_at_5": 0.35459,
                "map_at_5": 0.25562,
                "recall_at_5": 0.35258,
                "precision_at_5": 0.216,
                "ndcg_at_10": 0.4019,
                "map_at_10": 0.29729,
                "recall_at_10": 0.50123,
                "precision_at_10": 0.16,
                "ndcg_at_20": 0.43846,
                "map_at_20": 0.31636,
                "recall_at_20": 0.60148,
                "precision_at_20": 0.103,
                "ndcg_at_50": 0.48124,
                "map_at_50": 0.33034,
                "recall_at_50": 0.73836,
                "precision_at_50": 0.0544,
                "ndcg_at_100": 0.52126,
                "map_at_100": 0.33891,
                "recall_at_100": 0.89367,
                "precision_at_100": 0.0348
            }
        ]
    }
}