{
  "dataset_revision": "6c6430d3a6d36f8d2a829195bc5dc94d7e063e53",
  "task_name": "CQADupstackUnixRetrieval",
  "mteb_version": "2.10.8",
  "scores": {
    "test": [
      {
        "ndcg_at_1": 0.38619,
        "ndcg_at_3": 0.44233,
        "ndcg_at_5": 0.46756,
        "ndcg_at_10": 0.49009,
        "ndcg_at_20": 0.51337,
        "ndcg_at_100": 0.54301,
        "ndcg_at_1000": 0.56117,
        "map_at_1": 0.33097,
        "map_at_3": 0.40873,
        "map_at_5": 0.42562,
        "map_at_10": 0.43668,
        "map_at_20": 0.44432,
        "map_at_100": 0.44928,
        "map_at_1000": 0.45018,
        "recall_at_1": 0.33097,
        "recall_at_3": 0.47902,
        "recall_at_5": 0.54402,
        "recall_at_10": 0.60848,
        "recall_at_20": 0.69172,
        "recall_at_100": 0.8336,
        "recall_at_1000": 0.95492,
        "accuracy": 0.33097,
        "precision_at_1": 0.38619,
        "precision_at_3": 0.20056,
        "precision_at_5": 0.13881,
        "precision_at_10": 0.08022,
        "precision_at_20": 0.04674,
        "precision_at_100": 0.01188,
        "precision_at_1000": 0.00145,
        "mrr_at_1": 0.386194,
        "mrr_at_3": 0.453047,
        "mrr_at_5": 0.468999,
        "mrr_at_10": 0.477746,
        "mrr_at_20": 0.483317,
        "mrr_at_100": 0.486417,
        "mrr_at_1000": 0.486859,
        "nauc_ndcg_at_1_max": 0.142742,
        "nauc_ndcg_at_1_std": 0.064458,
        "nauc_ndcg_at_1_diff1": 0.597095,
        "nauc_ndcg_at_3_max": 0.128427,
        "nauc_ndcg_at_3_std": 0.074838,
        "nauc_ndcg_at_3_diff1": 0.536131,
        "nauc_ndcg_at_5_max": 0.125718,
        "nauc_ndcg_at_5_std": 0.082049,
        "nauc_ndcg_at_5_diff1": 0.527208,
        "nauc_ndcg_at_10_max": 0.136384,
        "nauc_ndcg_at_10_std": 0.088615,
        "nauc_ndcg_at_10_diff1": 0.532592,
        "nauc_ndcg_at_20_max": 0.13286,
        "nauc_ndcg_at_20_std": 0.096669,
        "nauc_ndcg_at_20_diff1": 0.528118,
        "nauc_ndcg_at_100_max": 0.143665,
        "nauc_ndcg_at_100_std": 0.102108,
        "nauc_ndcg_at_100_diff1": 0.522175,
        "nauc_ndcg_at_1000_max": 0.140182,
        "nauc_ndcg_at_1000_std": 0.095104,
        "nauc_ndcg_at_1000_diff1": 0.527843,
        "nauc_map_at_1_max": 0.12938,
        "nauc_map_at_1_std": 0.045094,
        "nauc_map_at_1_diff1": 0.605132,
        "nauc_map_at_3_max": 0.128331,
        "nauc_map_at_3_std": 0.065151,
        "nauc_map_at_3_diff1": 0.554631,
        "nauc_map_at_5_max": 0.127313,
        "nauc_map_at_5_std": 0.071542,
        "nauc_map_at_5_diff1": 0.546901,
        "nauc_map_at_10_max": 0.132363,
        "nauc_map_at_10_std": 0.076726,
        "nauc_map_at_10_diff1": 0.547475,
        "nauc_map_at_20_max": 0.130946,
        "nauc_map_at_20_std": 0.07927,
        "nauc_map_at_20_diff1": 0.545614,
        "nauc_map_at_100_max": 0.132355,
        "nauc_map_at_100_std": 0.080422,
        "nauc_map_at_100_diff1": 0.544207,
        "nauc_map_at_1000_max": 0.132306,
        "nauc_map_at_1000_std": 0.080143,
        "nauc_map_at_1000_diff1": 0.544524,
        "nauc_recall_at_1_max": 0.12938,
        "nauc_recall_at_1_std": 0.045094,
        "nauc_recall_at_1_diff1": 0.605132,
        "nauc_recall_at_3_max": 0.117427,
        "nauc_recall_at_3_std": 0.07479,
        "nauc_recall_at_3_diff1": 0.496678,
        "nauc_recall_at_5_max": 0.104855,
        "nauc_recall_at_5_std": 0.100662,
        "nauc_recall_at_5_diff1": 0.458144,
        "nauc_recall_at_10_max": 0.133045,
        "nauc_recall_at_10_std": 0.113386,
        "nauc_recall_at_10_diff1": 0.466851,
        "nauc_recall_at_20_max": 0.120023,
        "nauc_recall_at_20_std": 0.153207,
        "nauc_recall_at_20_diff1": 0.440615,
        "nauc_recall_at_100_max": 0.218041,
        "nauc_recall_at_100_std": 0.222611,
        "nauc_recall_at_100_diff1": 0.354231,
        "nauc_recall_at_1000_max": 0.220556,
        "nauc_recall_at_1000_std": 0.29374,
        "nauc_recall_at_1000_diff1": 0.288647,
        "nauc_precision_at_1_max": 0.142742,
        "nauc_precision_at_1_std": 0.064458,
        "nauc_precision_at_1_diff1": 0.597095,
        "nauc_precision_at_3_max": 0.104139,
        "nauc_precision_at_3_std": 0.106328,
        "nauc_precision_at_3_diff1": 0.354799,
        "nauc_precision_at_5_max": 0.093409,
        "nauc_precision_at_5_std": 0.117578,
        "nauc_precision_at_5_diff1": 0.274368,
        "nauc_precision_at_10_max": 0.118695,
        "nauc_precision_at_10_std": 0.134281,
        "nauc_precision_at_10_diff1": 0.201638,
        "nauc_precision_at_20_max": 0.086268,
        "nauc_precision_at_20_std": 0.132963,
        "nauc_precision_at_20_diff1": 0.100434,
        "nauc_precision_at_100_max": 0.082257,
        "nauc_precision_at_100_std": 0.125215,
        "nauc_precision_at_100_diff1": -0.084297,
        "nauc_precision_at_1000_max": 0.031872,
        "nauc_precision_at_1000_std": 0.007459,
        "nauc_precision_at_1000_diff1": -0.189185,
        "nauc_mrr_at_1_max": 0.142742,
        "nauc_mrr_at_1_std": 0.064458,
        "nauc_mrr_at_1_diff1": 0.597095,
        "nauc_mrr_at_3_max": 0.138677,
        "nauc_mrr_at_3_std": 0.075818,
        "nauc_mrr_at_3_diff1": 0.549637,
        "nauc_mrr_at_5_max": 0.135138,
        "nauc_mrr_at_5_std": 0.080599,
        "nauc_mrr_at_5_diff1": 0.54428,
        "nauc_mrr_at_10_max": 0.139232,
        "nauc_mrr_at_10_std": 0.080911,
        "nauc_mrr_at_10_diff1": 0.547345,
        "nauc_mrr_at_20_max": 0.13867,
        "nauc_mrr_at_20_std": 0.082763,
        "nauc_mrr_at_20_diff1": 0.546603,
        "nauc_mrr_at_100_max": 0.139639,
        "nauc_mrr_at_100_std": 0.082909,
        "nauc_mrr_at_100_diff1": 0.546492,
        "nauc_mrr_at_1000_max": 0.139498,
        "nauc_mrr_at_1000_std": 0.082827,
        "nauc_mrr_at_1000_diff1": 0.546678,
        "hit_rate_at_1": 0.38619,
        "hit_rate_at_3": 0.53638,
        "hit_rate_at_5": 0.60448,
        "hit_rate_at_10": 0.66978,
        "hit_rate_at_20": 0.74907,
        "hit_rate_at_100": 0.87687,
        "hit_rate_at_1000": 0.97015,
        "main_score": 0.49009,
        "hf_subset": "default",
        "languages": [
          "eng-Latn"
        ]
      }
    ]
  },
  "evaluation_time": 42.48219442367554,
  "kg_co2_emissions": null,
  "date": 1773421945.318256
}