{
    "dataset_revision": "1cd6abbb00df7d14be3dbd76a7dcc64b3a79a7cd",
    "task_name": "CDSC-R",
    "evaluation_time": null,
    "mteb_version": null,
    "scores": {
        "test": [
            {
                "hf_subset": "default",
                "languages": [
                    "pol-Latn"
                ],
                "cosine_pearson": 0.9297492495289739,
                "cosine_spearman": 0.9263248098608472,
                "euclidean_pearson": 0.9204712487782031,
                "euclidean_spearman": 0.9219679486755008,
                "main_score": 0.9263248098608472,
                "manhattan_pearson": 0.920101187740438,
                "manhattan_spearman": 0.9220926859332753,
                "pearson": 0.9297492495289739,
                "spearman": 0.9263248098608472
            }
        ]
    }
}