{
  "dataset_revision": "15d6c030d3336cbb09de97b2cefc46db93262d40",
  "task_name": "FalseFriendsGermanEnglish",
  "mteb_version": "1.18.0",
  "scores": {
    "test": [
      {
        "similarity_accuracy": 0.540026,
        "similarity_accuracy_threshold": 0.85093,
        "similarity_f1": 0.666083,
        "similarity_f1_threshold": 0.22878,
        "similarity_precision": 0.499672,
        "similarity_recall": 0.998688,
        "similarity_ap": 0.526141,
        "cosine_accuracy": 0.540026,
        "cosine_accuracy_threshold": 0.85093,
        "cosine_f1": 0.666083,
        "cosine_f1_threshold": 0.22878,
        "cosine_precision": 0.499672,
        "cosine_recall": 0.998688,
        "cosine_ap": 0.526141,
        "manhattan_accuracy": 0.537402,
        "manhattan_accuracy_threshold": 27.326813,
        "manhattan_f1": 0.666375,
        "manhattan_f1_threshold": 61.519012,
        "manhattan_precision": 0.5,
        "manhattan_recall": 0.998688,
        "manhattan_ap": 0.524329,
        "euclidean_accuracy": 0.540026,
        "euclidean_accuracy_threshold": 0.546022,
        "euclidean_f1": 0.666083,
        "euclidean_f1_threshold": 1.241949,
        "euclidean_precision": 0.499672,
        "euclidean_recall": 0.998688,
        "euclidean_ap": 0.526141,
        "dot_accuracy": 0.540026,
        "dot_accuracy_threshold": 0.850931,
        "dot_f1": 0.666083,
        "dot_f1_threshold": 0.228781,
        "dot_precision": 0.499672,
        "dot_recall": 0.998688,
        "dot_ap": 0.526142,
        "max_accuracy": 0.540026,
        "max_f1": 0.666375,
        "max_precision": 0.5,
        "max_recall": 0.998688,
        "max_ap": 0.526142,
        "main_score": 0.526142,
        "hf_subset": "default",
        "languages": [
          "deu-Latn"
        ]
      }
    ]
  },
  "evaluation_time": 2.854459524154663,
  "kg_co2_emissions": 0.0007705781013314162
}