{
  "dataset_revision": "0bb47f1d73827e96964edb84dfe552f62f4fd5eb",
  "task_name": "GerDaLIR",
  "mteb_version": "1.18.0",
  "scores": {
    "test": [
      {
        "ndcg_at_1": 0.03952,
        "ndcg_at_3": 0.05066,
        "ndcg_at_5": 0.05738,
        "ndcg_at_10": 0.0651,
        "ndcg_at_20": 0.07184,
        "ndcg_at_100": 0.08914,
        "ndcg_at_1000": 0.11195,
        "map_at_1": 0.03483,
        "map_at_3": 0.04568,
        "map_at_5": 0.04941,
        "map_at_10": 0.05256,
        "map_at_20": 0.05441,
        "map_at_100": 0.05666,
        "map_at_1000": 0.05739,
        "recall_at_1": 0.03483,
        "recall_at_3": 0.05971,
        "recall_at_5": 0.07566,
        "recall_at_10": 0.09887,
        "recall_at_20": 0.12445,
        "recall_at_100": 0.21678,
        "recall_at_1000": 0.39866,
        "precision_at_1": 0.03952,
        "precision_at_3": 0.0228,
        "precision_at_5": 0.01732,
        "precision_at_10": 0.01138,
        "precision_at_20": 0.00723,
        "precision_at_100": 0.00252,
        "precision_at_1000": 0.00046,
        "mrr_at_1": 0.039844,
        "mrr_at_3": 0.051445,
        "mrr_at_5": 0.055413,
        "mrr_at_10": 0.058743,
        "mrr_at_20": 0.060675,
        "mrr_at_100": 0.06298,
        "mrr_at_1000": 0.063682,
        "nauc_ndcg_at_1_max": 0.183418,
        "nauc_ndcg_at_1_std": 0.035984,
        "nauc_ndcg_at_1_diff1": 0.393924,
        "nauc_ndcg_at_3_max": 0.164529,
        "nauc_ndcg_at_3_std": 0.04684,
        "nauc_ndcg_at_3_diff1": 0.29508,
        "nauc_ndcg_at_5_max": 0.153077,
        "nauc_ndcg_at_5_std": 0.052928,
        "nauc_ndcg_at_5_diff1": 0.263773,
        "nauc_ndcg_at_10_max": 0.150618,
        "nauc_ndcg_at_10_std": 0.069643,
        "nauc_ndcg_at_10_diff1": 0.236172,
        "nauc_ndcg_at_20_max": 0.14945,
        "nauc_ndcg_at_20_std": 0.078041,
        "nauc_ndcg_at_20_diff1": 0.225462,
        "nauc_ndcg_at_100_max": 0.14319,
        "nauc_ndcg_at_100_std": 0.11163,
        "nauc_ndcg_at_100_diff1": 0.19888,
        "nauc_ndcg_at_1000_max": 0.139957,
        "nauc_ndcg_at_1000_std": 0.133578,
        "nauc_ndcg_at_1000_diff1": 0.189568,
        "nauc_map_at_1_max": 0.170823,
        "nauc_map_at_1_std": 0.030888,
        "nauc_map_at_1_diff1": 0.392279,
        "nauc_map_at_3_max": 0.165157,
        "nauc_map_at_3_std": 0.043452,
        "nauc_map_at_3_diff1": 0.315461,
        "nauc_map_at_5_max": 0.157527,
        "nauc_map_at_5_std": 0.047731,
        "nauc_map_at_5_diff1": 0.294249,
        "nauc_map_at_10_max": 0.155731,
        "nauc_map_at_10_std": 0.055961,
        "nauc_map_at_10_diff1": 0.278776,
        "nauc_map_at_20_max": 0.155331,
        "nauc_map_at_20_std": 0.059084,
        "nauc_map_at_20_diff1": 0.274064,
        "nauc_map_at_100_max": 0.154352,
        "nauc_map_at_100_std": 0.065976,
        "nauc_map_at_100_diff1": 0.268058,
        "nauc_map_at_1000_max": 0.154028,
        "nauc_map_at_1000_std": 0.067511,
        "nauc_map_at_1000_diff1": 0.267193,
        "nauc_recall_at_1_max": 0.170823,
        "nauc_recall_at_1_std": 0.030888,
        "nauc_recall_at_1_diff1": 0.392279,
        "nauc_recall_at_3_max": 0.157482,
        "nauc_recall_at_3_std": 0.0521,
        "nauc_recall_at_3_diff1": 0.251417,
        "nauc_recall_at_5_max": 0.137718,
        "nauc_recall_at_5_std": 0.060234,
        "nauc_recall_at_5_diff1": 0.203975,
        "nauc_recall_at_10_max": 0.134479,
        "nauc_recall_at_10_std": 0.091473,
        "nauc_recall_at_10_diff1": 0.160015,
        "nauc_recall_at_20_max": 0.131435,
        "nauc_recall_at_20_std": 0.10635,
        "nauc_recall_at_20_diff1": 0.144345,
        "nauc_recall_at_100_max": 0.115862,
        "nauc_recall_at_100_std": 0.175523,
        "nauc_recall_at_100_diff1": 0.099663,
        "nauc_recall_at_1000_max": 0.109128,
        "nauc_recall_at_1000_std": 0.228241,
        "nauc_recall_at_1000_diff1": 0.088586,
        "nauc_precision_at_1_max": 0.183418,
        "nauc_precision_at_1_std": 0.035984,
        "nauc_precision_at_1_diff1": 0.393924,
        "nauc_precision_at_3_max": 0.163514,
        "nauc_precision_at_3_std": 0.058994,
        "nauc_precision_at_3_diff1": 0.251603,
        "nauc_precision_at_5_max": 0.143462,
        "nauc_precision_at_5_std": 0.067766,
        "nauc_precision_at_5_diff1": 0.205451,
        "nauc_precision_at_10_max": 0.145606,
        "nauc_precision_at_10_std": 0.099081,
        "nauc_precision_at_10_diff1": 0.163995,
        "nauc_precision_at_20_max": 0.14688,
        "nauc_precision_at_20_std": 0.115122,
        "nauc_precision_at_20_diff1": 0.151525,
        "nauc_precision_at_100_max": 0.135522,
        "nauc_precision_at_100_std": 0.193855,
        "nauc_precision_at_100_diff1": 0.11111,
        "nauc_precision_at_1000_max": 0.129074,
        "nauc_precision_at_1000_std": 0.243244,
        "nauc_precision_at_1000_diff1": 0.089489,
        "nauc_mrr_at_1_max": 0.182493,
        "nauc_mrr_at_1_std": 0.037023,
        "nauc_mrr_at_1_diff1": 0.386017,
        "nauc_mrr_at_3_max": 0.172755,
        "nauc_mrr_at_3_std": 0.047044,
        "nauc_mrr_at_3_diff1": 0.310417,
        "nauc_mrr_at_5_max": 0.166114,
        "nauc_mrr_at_5_std": 0.051319,
        "nauc_mrr_at_5_diff1": 0.290214,
        "nauc_mrr_at_10_max": 0.164926,
        "nauc_mrr_at_10_std": 0.060184,
        "nauc_mrr_at_10_diff1": 0.276144,
        "nauc_mrr_at_20_max": 0.164201,
        "nauc_mrr_at_20_std": 0.063142,
        "nauc_mrr_at_20_diff1": 0.271834,
        "nauc_mrr_at_100_max": 0.16307,
        "nauc_mrr_at_100_std": 0.069382,
        "nauc_mrr_at_100_diff1": 0.266063,
        "nauc_mrr_at_1000_max": 0.162749,
        "nauc_mrr_at_1000_std": 0.070567,
        "nauc_mrr_at_1000_diff1": 0.26545,
        "main_score": 0.0651,
        "hf_subset": "default",
        "languages": [
          "deu-Latn"
        ]
      }
    ]
  },
  "evaluation_time": 2440.6518700122833,
  "kg_co2_emissions": 0.6856694051273777
}