{
  "dataset_revision": "7cf24f325c6da6195df55bef3d86b5e0616f3018",
  "evaluation_time": 35.05771613121033,
  "kg_co2_emissions": null,
  "mteb_version": "1.19.2",
  "scores": {
    "test": [
      {
        "cosine_pearson": 0.8035423362397724,
        "cosine_spearman": 0.8002815903929272,
        "euclidean_pearson": 0.7871602467695,
        "euclidean_spearman": 0.8002815903929272,
        "hf_subset": "default",
        "languages": [
          "rus-Cyrl"
        ],
        "main_score": 0.8002815903929272,
        "manhattan_pearson": 0.7872361804712056,
        "manhattan_spearman": 0.8006245387025261,
        "pearson": 0.8035423362397724,
        "spearman": 0.8002815903929272
      }
    ]
  },
  "task_name": "RuSTSBenchmarkSTS"
}