{
  "dataset_revision": "372c79fc823e1cebc1d55f8e0039aa239285e177",
  "evaluation_time": 27.349105834960938,
  "kg_co2_emissions": null,
  "mteb_version": "1.14.15",
  "scores": {
    "test": [
      {
        "accuracy": 0.00548,
        "cv_recall_at_1": 0.98571,
        "cv_recall_at_10": 1.0,
        "cv_recall_at_100": 1.0,
        "cv_recall_at_1000": 1.0,
        "cv_recall_at_20": 1.0,
        "cv_recall_at_3": 1.0,
        "cv_recall_at_5": 1.0,
        "hf_subset": "default",
        "languages": [
          "eng-Latn"
        ],
        "main_score": 0.02718,
        "map_at_1": 0.00548,
        "map_at_10": 0.05353,
        "map_at_100": 0.41619,
        "map_at_1000": 0.71296,
        "map_at_20": 0.10481,
        "map_at_3": 0.01627,
        "map_at_5": 0.02718,
        "mrr_at_1": 0.9857142857142858,
        "mrr_at_10": 0.9904761904761906,
        "mrr_at_100": 0.9904761904761906,
        "mrr_at_1000": 0.9904761904761906,
        "mrr_at_20": 0.9904761904761906,
        "mrr_at_3": 0.9904761904761906,
        "mrr_at_5": 0.9904761904761906,
        "nauc_cv_recall_at_1000_diff1": NaN,
        "nauc_cv_recall_at_1000_max": NaN,
        "nauc_cv_recall_at_1000_std": NaN,
        "nauc_cv_recall_at_100_diff1": NaN,
        "nauc_cv_recall_at_100_max": NaN,
        "nauc_cv_recall_at_100_std": NaN,
        "nauc_cv_recall_at_10_diff1": NaN,
        "nauc_cv_recall_at_10_max": NaN,
        "nauc_cv_recall_at_10_std": NaN,
        "nauc_cv_recall_at_1_diff1": -0.5634920634920669,
        "nauc_cv_recall_at_1_max": 1.0,
        "nauc_cv_recall_at_1_std": 0.5541549953314642,
        "nauc_cv_recall_at_20_diff1": NaN,
        "nauc_cv_recall_at_20_max": NaN,
        "nauc_cv_recall_at_20_std": NaN,
        "nauc_cv_recall_at_3_diff1": NaN,
        "nauc_cv_recall_at_3_max": NaN,
        "nauc_cv_recall_at_3_std": NaN,
        "nauc_cv_recall_at_5_diff1": NaN,
        "nauc_cv_recall_at_5_max": NaN,
        "nauc_cv_recall_at_5_std": NaN,
        "nauc_map_at_1000_diff1": -0.2239238935821857,
        "nauc_map_at_1000_max": 0.06795672590376832,
        "nauc_map_at_1000_std": 0.49292218258753834,
        "nauc_map_at_100_diff1": -0.023252634277763366,
        "nauc_map_at_100_max": 0.21777662025492892,
        "nauc_map_at_100_std": 0.059868858094532205,
        "nauc_map_at_10_diff1": 0.008943745630846293,
        "nauc_map_at_10_max": 0.3326028694441457,
        "nauc_map_at_10_std": 0.036515750107154216,
        "nauc_map_at_1_diff1": 0.00418492390112622,
        "nauc_map_at_1_max": 0.3232237296621726,
        "nauc_map_at_1_std": 0.01636408101487923,
        "nauc_map_at_20_diff1": 0.0150356420981071,
        "nauc_map_at_20_max": 0.3478677131695787,
        "nauc_map_at_20_std": 0.03330089346509343,
        "nauc_map_at_3_diff1": -0.00875773899125861,
        "nauc_map_at_3_max": 0.3125574974054257,
        "nauc_map_at_3_std": 0.02132680697101544,
        "nauc_map_at_5_diff1": -0.0022847403713151565,
        "nauc_map_at_5_max": 0.3129230382672535,
        "nauc_map_at_5_std": 0.01433859317876035,
        "nauc_mrr_at_1000_diff1": -0.5634920634920572,
        "nauc_mrr_at_1000_max": 1.0,
        "nauc_mrr_at_1000_std": 0.5541549953314682,
        "nauc_mrr_at_100_diff1": -0.5634920634920572,
        "nauc_mrr_at_100_max": 1.0,
        "nauc_mrr_at_100_std": 0.5541549953314682,
        "nauc_mrr_at_10_diff1": -0.5634920634920572,
        "nauc_mrr_at_10_max": 1.0,
        "nauc_mrr_at_10_std": 0.5541549953314682,
        "nauc_mrr_at_1_diff1": -0.5634920634920669,
        "nauc_mrr_at_1_max": 1.0,
        "nauc_mrr_at_1_std": 0.5541549953314642,
        "nauc_mrr_at_20_diff1": -0.5634920634920572,
        "nauc_mrr_at_20_max": 1.0,
        "nauc_mrr_at_20_std": 0.5541549953314682,
        "nauc_mrr_at_3_diff1": -0.5634920634920572,
        "nauc_mrr_at_3_max": 1.0,
        "nauc_mrr_at_3_std": 0.5541549953314682,
        "nauc_mrr_at_5_diff1": -0.5634920634920572,
        "nauc_mrr_at_5_max": 1.0,
        "nauc_mrr_at_5_std": 0.5541549953314682,
        "nauc_ndcg_at_1000_diff1": -0.17230513197142763,
        "nauc_ndcg_at_1000_max": 0.13294317519547594,
        "nauc_ndcg_at_1000_std": 0.5508751459754736,
        "nauc_ndcg_at_100_diff1": -0.2610893069070717,
        "nauc_ndcg_at_100_max": -0.08129516951820698,
        "nauc_ndcg_at_100_std": 0.19443700745048767,
        "nauc_ndcg_at_10_diff1": -0.24534561897615878,
        "nauc_ndcg_at_10_max": 0.4390767280464254,
        "nauc_ndcg_at_10_std": 0.4123642896117688,
        "nauc_ndcg_at_1_diff1": -0.5634920634920669,
        "nauc_ndcg_at_1_max": 1.0,
        "nauc_ndcg_at_1_std": 0.5541549953314642,
        "nauc_ndcg_at_20_diff1": -0.24898385649594693,
        "nauc_ndcg_at_20_max": 0.3306751628000245,
        "nauc_ndcg_at_20_std": 0.2593536137620768,
        "nauc_ndcg_at_3_diff1": -0.6190872751746478,
        "nauc_ndcg_at_3_max": 0.489053530726708,
        "nauc_ndcg_at_3_std": 0.4325786533003165,
        "nauc_ndcg_at_5_diff1": -0.5315794379127519,
        "nauc_ndcg_at_5_max": 0.4967326261327377,
        "nauc_ndcg_at_5_std": 0.3150863340130871,
        "nauc_precision_at_1000_diff1": -0.061828244516613506,
        "nauc_precision_at_1000_max": -0.18970504834516302,
        "nauc_precision_at_1000_std": 0.01370866623704686,
        "nauc_precision_at_100_diff1": -0.2010601868774994,
        "nauc_precision_at_100_max": -0.22067523341349315,
        "nauc_precision_at_100_std": 0.1537851678975593,
        "nauc_precision_at_10_diff1": -0.1334477223667439,
        "nauc_precision_at_10_max": 0.38883046438257957,
        "nauc_precision_at_10_std": 0.405684396966845,
        "nauc_precision_at_1_diff1": -0.5634920634920669,
        "nauc_precision_at_1_max": 1.0,
        "nauc_precision_at_1_std": 0.5541549953314642,
        "nauc_precision_at_20_diff1": -0.20997720896023558,
        "nauc_precision_at_20_max": 0.284833516448596,
        "nauc_precision_at_20_std": 0.22727479093079941,
        "nauc_precision_at_3_diff1": -0.6272175536881294,
        "nauc_precision_at_3_max": 0.4143323996265183,
        "nauc_precision_at_3_std": 0.4147992530345484,
        "nauc_precision_at_5_diff1": -0.47721755368814295,
        "nauc_precision_at_5_max": 0.4422969187675068,
        "nauc_precision_at_5_std": 0.21914098972921925,
        "nauc_recall_at_1000_diff1": -0.09644055820948484,
        "nauc_recall_at_1000_max": 0.15803839724183233,
        "nauc_recall_at_1000_std": 0.5532997489309621,
        "nauc_recall_at_100_diff1": -0.020035862608885444,
        "nauc_recall_at_100_max": 0.24159640179866496,
        "nauc_recall_at_100_std": 0.04115295261320946,
        "nauc_recall_at_10_diff1": 0.018986324784367844,
        "nauc_recall_at_10_max": 0.32600056373007813,
        "nauc_recall_at_10_std": 0.027209056932296895,
        "nauc_recall_at_1_diff1": 0.00418492390112622,
        "nauc_recall_at_1_max": 0.3232237296621726,
        "nauc_recall_at_1_std": 0.01636408101487923,
        "nauc_recall_at_20_diff1": 0.01908873744625083,
        "nauc_recall_at_20_max": 0.3363065164807394,
        "nauc_recall_at_20_std": 0.022811136637036118,
        "nauc_recall_at_3_diff1": -0.0013301516717174953,
        "nauc_recall_at_3_max": 0.31037421116339076,
        "nauc_recall_at_3_std": 0.016075823871918655,
        "nauc_recall_at_5_diff1": 0.008394856305990891,
        "nauc_recall_at_5_max": 0.3091402760643343,
        "nauc_recall_at_5_std": 0.006722029793816057,
        "ndcg_at_1": 0.98571,
        "ndcg_at_10": 0.97776,
        "ndcg_at_100": 0.90678,
        "ndcg_at_1000": 0.86514,
        "ndcg_at_20": 0.96734,
        "ndcg_at_3": 0.98061,
        "ndcg_at_5": 0.98411,
        "precision_at_1": 0.98571,
        "precision_at_10": 0.97571,
        "precision_at_100": 0.86629,
        "precision_at_1000": 0.20617,
        "precision_at_20": 0.96214,
        "precision_at_3": 0.98095,
        "precision_at_5": 0.98571,
        "recall_at_1": 0.00548,
        "recall_at_10": 0.0541,