{
  "dataset_revision": "bb30be7e9184e6b6b1d99bbfe1bb90a3a81842e6",
  "task_name": "PIQA",
  "mteb_version": "1.18.0",
  "scores": {
    "test": [
      {
        "ndcg_at_1": 0.13547,
        "ndcg_at_3": 0.212,
        "ndcg_at_5": 0.2289,
        "ndcg_at_10": 0.24655,
        "ndcg_at_20": 0.2624,
        "ndcg_at_100": 0.28664,
        "ndcg_at_1000": 0.3078,
        "map_at_1": 0.13547,
        "map_at_3": 0.19396,
        "map_at_5": 0.2034,
        "map_at_10": 0.2106,
        "map_at_20": 0.21497,
        "map_at_100": 0.21818,
        "map_at_1000": 0.21885,
        "recall_at_1": 0.13547,
        "recall_at_3": 0.26387,
        "recall_at_5": 0.30468,
        "recall_at_10": 0.35963,
        "recall_at_20": 0.4222,
        "recall_at_100": 0.55495,
        "recall_at_1000": 0.72851,
        "precision_at_1": 0.13547,
        "precision_at_3": 0.08796,
        "precision_at_5": 0.06094,
        "precision_at_10": 0.03596,
        "precision_at_20": 0.02111,
        "precision_at_100": 0.00555,
        "precision_at_1000": 0.00073,
        "mrr_at_1": 0.135473,
        "mrr_at_3": 0.193961,
        "mrr_at_5": 0.2034,
        "mrr_at_10": 0.210594,
        "mrr_at_20": 0.21496,
        "mrr_at_100": 0.218168,
        "mrr_at_1000": 0.218842,
        "nauc_ndcg_at_1_max": 0.376395,
        "nauc_ndcg_at_1_std": 0.037148,
        "nauc_ndcg_at_1_diff1": 0.127411,
        "nauc_ndcg_at_3_max": 0.398295,
        "nauc_ndcg_at_3_std": 0.050067,
        "nauc_ndcg_at_3_diff1": 0.08501,
        "nauc_ndcg_at_5_max": 0.393071,
        "nauc_ndcg_at_5_std": 0.052239,
        "nauc_ndcg_at_5_diff1": 0.077089,
        "nauc_ndcg_at_10_max": 0.396535,
        "nauc_ndcg_at_10_std": 0.058528,
        "nauc_ndcg_at_10_diff1": 0.073255,
        "nauc_ndcg_at_20_max": 0.390914,
        "nauc_ndcg_at_20_std": 0.064421,
        "nauc_ndcg_at_20_diff1": 0.069873,
        "nauc_ndcg_at_100_max": 0.39141,
        "nauc_ndcg_at_100_std": 0.071727,
        "nauc_ndcg_at_100_diff1": 0.062273,
        "nauc_ndcg_at_1000_max": 0.389809,
        "nauc_ndcg_at_1000_std": 0.065364,
        "nauc_ndcg_at_1000_diff1": 0.063438,
        "nauc_map_at_1_max": 0.376395,
        "nauc_map_at_1_std": 0.037148,
        "nauc_map_at_1_diff1": 0.127411,
        "nauc_map_at_3_max": 0.394553,
        "nauc_map_at_3_std": 0.047338,
        "nauc_map_at_3_diff1": 0.09212,
        "nauc_map_at_5_max": 0.39154,
        "nauc_map_at_5_std": 0.048778,
        "nauc_map_at_5_diff1": 0.086838,
        "nauc_map_at_10_max": 0.393227,
        "nauc_map_at_10_std": 0.051525,
        "nauc_map_at_10_diff1": 0.084943,
        "nauc_map_at_20_max": 0.391396,
        "nauc_map_at_20_std": 0.052973,
        "nauc_map_at_20_diff1": 0.083756,
        "nauc_map_at_100_max": 0.391586,
        "nauc_map_at_100_std": 0.054064,
        "nauc_map_at_100_diff1": 0.082818,
        "nauc_map_at_1000_max": 0.391571,
        "nauc_map_at_1000_std": 0.053893,
        "nauc_map_at_1000_diff1": 0.082819,
        "nauc_recall_at_1_max": 0.376395,
        "nauc_recall_at_1_std": 0.037148,
        "nauc_recall_at_1_diff1": 0.127411,
        "nauc_recall_at_3_max": 0.40698,
        "nauc_recall_at_3_std": 0.056603,
        "nauc_recall_at_3_diff1": 0.068559,
        "nauc_recall_at_5_max": 0.395739,
        "nauc_recall_at_5_std": 0.060305,
        "nauc_recall_at_5_diff1": 0.054878,
        "nauc_recall_at_10_max": 0.403896,
        "nauc_recall_at_10_std": 0.07639,
        "nauc_recall_at_10_diff1": 0.04627,
        "nauc_recall_at_20_max": 0.386532,
        "nauc_recall_at_20_std": 0.097006,
        "nauc_recall_at_20_diff1": 0.036654,
        "nauc_recall_at_100_max": 0.387181,
        "nauc_recall_at_100_std": 0.134568,
        "nauc_recall_at_100_diff1": -0.004025,
        "nauc_recall_at_1000_max": 0.367591,
        "nauc_recall_at_1000_std": 0.093588,
        "nauc_recall_at_1000_diff1": -0.014173,
        "nauc_precision_at_1_max": 0.376395,
        "nauc_precision_at_1_std": 0.037148,
        "nauc_precision_at_1_diff1": 0.127411,
        "nauc_precision_at_3_max": 0.40698,
        "nauc_precision_at_3_std": 0.056603,
        "nauc_precision_at_3_diff1": 0.068559,
        "nauc_precision_at_5_max": 0.395739,
        "nauc_precision_at_5_std": 0.060305,
        "nauc_precision_at_5_diff1": 0.054878,
        "nauc_precision_at_10_max": 0.403896,
        "nauc_precision_at_10_std": 0.07639,
        "nauc_precision_at_10_diff1": 0.04627,
        "nauc_precision_at_20_max": 0.386532,
        "nauc_precision_at_20_std": 0.097006,
        "nauc_precision_at_20_diff1": 0.036654,
        "nauc_precision_at_100_max": 0.387181,
        "nauc_precision_at_100_std": 0.134568,
        "nauc_precision_at_100_diff1": -0.004025,
        "nauc_precision_at_1000_max": 0.367591,
        "nauc_precision_at_1000_std": 0.093588,
        "nauc_precision_at_1000_diff1": -0.014173,
        "nauc_mrr_at_1_max": 0.376395,
        "nauc_mrr_at_1_std": 0.037148,
        "nauc_mrr_at_1_diff1": 0.127411,
        "nauc_mrr_at_3_max": 0.394553,
        "nauc_mrr_at_3_std": 0.047338,
        "nauc_mrr_at_3_diff1": 0.09212,
        "nauc_mrr_at_5_max": 0.39154,
        "nauc_mrr_at_5_std": 0.048778,
        "nauc_mrr_at_5_diff1": 0.086838,
        "nauc_mrr_at_10_max": 0.393223,
        "nauc_mrr_at_10_std": 0.051519,
        "nauc_mrr_at_10_diff1": 0.084902,
        "nauc_mrr_at_20_max": 0.391393,
        "nauc_mrr_at_20_std": 0.052967,
        "nauc_mrr_at_20_diff1": 0.083716,
        "nauc_mrr_at_100_max": 0.391582,
        "nauc_mrr_at_100_std": 0.054058,
        "nauc_mrr_at_100_diff1": 0.082778,
        "nauc_mrr_at_1000_max": 0.391568,
        "nauc_mrr_at_1000_std": 0.053888,
        "nauc_mrr_at_1000_diff1": 0.082778,
        "main_score": 0.24655,
        "hf_subset": "default",
        "languages": [
          "eng-Latn"
        ]
      }
    ]
  },
  "evaluation_time": 34.004791021347046,
  "kg_co2_emissions": 0.001043508992871555
}