{
  "dataset_revision": "e4af6c73182bebb41d94cb336846e5a452454ea7",
  "task_name": "NLPJournalTitleAbsRetrieval",
  "mteb_version": "1.18.0",
  "scores": {
    "test": [
      {
        "ndcg_at_1": 0.25714,
        "ndcg_at_3": 0.30204,
        "ndcg_at_5": 0.34109,
        "ndcg_at_10": 0.36109,
        "ndcg_at_20": 0.38124,
        "ndcg_at_100": 0.42717,
        "ndcg_at_1000": 0.45207,
        "map_at_1": 0.25714,
        "map_at_3": 0.29048,
        "map_at_5": 0.31262,
        "map_at_10": 0.3204,
        "map_at_20": 0.32608,
        "map_at_100": 0.33273,
        "map_at_1000": 0.33386,
        "recall_at_1": 0.25714,
        "recall_at_3": 0.33571,
        "recall_at_5": 0.42857,
        "recall_at_10": 0.49286,
        "recall_at_20": 0.57143,
        "recall_at_100": 0.81429,
        "recall_at_1000": 1.0,
        "precision_at_1": 0.25714,
        "precision_at_3": 0.1119,
        "precision_at_5": 0.08571,
        "precision_at_10": 0.04929,
        "precision_at_20": 0.02857,
        "precision_at_100": 0.00814,
        "precision_at_1000": 0.001,
        "mrr_at_1": 0.257143,
        "mrr_at_3": 0.290476,
        "mrr_at_5": 0.312619,
        "mrr_at_10": 0.320402,
        "mrr_at_20": 0.326084,
        "mrr_at_100": 0.332731,
        "mrr_at_1000": 0.333865,
        "nauc_ndcg_at_1_max": -0.002345,
        "nauc_ndcg_at_1_std": -0.043052,
        "nauc_ndcg_at_1_diff1": 0.520639,
        "nauc_ndcg_at_3_max": -0.044258,
        "nauc_ndcg_at_3_std": -0.022549,
        "nauc_ndcg_at_3_diff1": 0.465288,
        "nauc_ndcg_at_5_max": -0.04508,
        "nauc_ndcg_at_5_std": -0.052172,
        "nauc_ndcg_at_5_diff1": 0.459706,
        "nauc_ndcg_at_10_max": -0.053394,
        "nauc_ndcg_at_10_std": -0.041458,
        "nauc_ndcg_at_10_diff1": 0.441451,
        "nauc_ndcg_at_20_max": -0.063026,
        "nauc_ndcg_at_20_std": -0.041106,
        "nauc_ndcg_at_20_diff1": 0.414963,
        "nauc_ndcg_at_100_max": -0.06267,
        "nauc_ndcg_at_100_std": -0.022432,
        "nauc_ndcg_at_100_diff1": 0.413075,
        "nauc_ndcg_at_1000_max": -0.051566,
        "nauc_ndcg_at_1000_std": -0.036425,
        "nauc_ndcg_at_1000_diff1": 0.43797,
        "nauc_map_at_1_max": -0.002345,
        "nauc_map_at_1_std": -0.043052,
        "nauc_map_at_1_diff1": 0.520639,
        "nauc_map_at_3_max": -0.033943,
        "nauc_map_at_3_std": -0.027547,
        "nauc_map_at_3_diff1": 0.47492,
        "nauc_map_at_5_max": -0.034649,
        "nauc_map_at_5_std": -0.04435,
        "nauc_map_at_5_diff1": 0.471384,
        "nauc_map_at_10_max": -0.038523,
        "nauc_map_at_10_std": -0.040497,
        "nauc_map_at_10_diff1": 0.464288,
        "nauc_map_at_20_max": -0.041267,
        "nauc_map_at_20_std": -0.040057,
        "nauc_map_at_20_diff1": 0.457173,
        "nauc_map_at_100_max": -0.040599,
        "nauc_map_at_100_std": -0.036994,
        "nauc_map_at_100_diff1": 0.457558,
        "nauc_map_at_1000_max": -0.04028,
        "nauc_map_at_1000_std": -0.037961,
        "nauc_map_at_1000_diff1": 0.458511,
        "nauc_recall_at_1_max": -0.002345,
        "nauc_recall_at_1_std": -0.043052,
        "nauc_recall_at_1_diff1": 0.520639,
        "nauc_recall_at_3_max": -0.072907,
        "nauc_recall_at_3_std": -0.008687,
        "nauc_recall_at_3_diff1": 0.440014,
        "nauc_recall_at_5_max": -0.07351,
        "nauc_recall_at_5_std": -0.077177,
        "nauc_recall_at_5_diff1": 0.428886,
        "nauc_recall_at_10_max": -0.096722,
        "nauc_recall_at_10_std": -0.042399,
        "nauc_recall_at_10_diff1": 0.370919,
        "nauc_recall_at_20_max": -0.137731,
        "nauc_recall_at_20_std": -0.043624,
        "nauc_recall_at_20_diff1": 0.257444,
        "nauc_recall_at_100_max": -0.210024,
        "nauc_recall_at_100_std": 0.113602,
        "nauc_recall_at_100_diff1": 0.099576,
        "nauc_recall_at_1000_max": NaN,
        "nauc_recall_at_1000_std": NaN,
        "nauc_recall_at_1000_diff1": NaN,
        "nauc_precision_at_1_max": -0.002345,
        "nauc_precision_at_1_std": -0.043052,
        "nauc_precision_at_1_diff1": 0.520639,
        "nauc_precision_at_3_max": -0.072907,
        "nauc_precision_at_3_std": -0.008687,
        "nauc_precision_at_3_diff1": 0.440014,
        "nauc_precision_at_5_max": -0.07351,
        "nauc_precision_at_5_std": -0.077177,
        "nauc_precision_at_5_diff1": 0.428886,
        "nauc_precision_at_10_max": -0.096722,
        "nauc_precision_at_10_std": -0.042399,
        "nauc_precision_at_10_diff1": 0.370919,
        "nauc_precision_at_20_max": -0.137731,
        "nauc_precision_at_20_std": -0.043624,
        "nauc_precision_at_20_diff1": 0.257444,
        "nauc_precision_at_100_max": -0.210024,
        "nauc_precision_at_100_std": 0.113602,
        "nauc_precision_at_100_diff1": 0.099576,
        "nauc_precision_at_1000_max": 1.0,
        "nauc_precision_at_1000_std": 1.0,
        "nauc_precision_at_1000_diff1": 1.0,
        "nauc_mrr_at_1_max": -0.002345,
        "nauc_mrr_at_1_std": -0.043052,
        "nauc_mrr_at_1_diff1": 0.520639,
        "nauc_mrr_at_3_max": -0.033943,
        "nauc_mrr_at_3_std": -0.027547,
        "nauc_mrr_at_3_diff1": 0.47492,
        "nauc_mrr_at_5_max": -0.034649,
        "nauc_mrr_at_5_std": -0.04435,
        "nauc_mrr_at_5_diff1": 0.471384,
        "nauc_mrr_at_10_max": -0.038523,
        "nauc_mrr_at_10_std": -0.040497,
        "nauc_mrr_at_10_diff1": 0.464288,
        "nauc_mrr_at_20_max": -0.041267,
        "nauc_mrr_at_20_std": -0.040057,
        "nauc_mrr_at_20_diff1": 0.457173,
        "nauc_mrr_at_100_max": -0.040599,
        "nauc_mrr_at_100_std": -0.036994,
        "nauc_mrr_at_100_diff1": 0.457558,
        "nauc_mrr_at_1000_max": -0.04028,
        "nauc_mrr_at_1000_std": -0.037961,
        "nauc_mrr_at_1000_diff1": 0.458511,
        "main_score": 0.36109,
        "hf_subset": "default",
        "languages": [
          "jpn-Jpan"
        ]
      }
    ]
  },
  "evaluation_time": 0.5541362762451172,
  "kg_co2_emissions": 1.799415407751569e-05
}