{
    "dataset_revision": "d3fb88f8f02e40887cd149695127462bbcf29b4a",
    "task_name": "BIOSSES",
    "evaluation_time": null,
    "mteb_version": null,
    "scores": {
        "test": [
            {
                "hf_subset": "default",
                "languages": [
                    "eng-Latn"
                ],
                "cos_sim_pearson": 0.8783226966923481,
                "cos_sim_spearman": 0.8653751398463592,
                "euclidean_pearson": 0.8614355440543361,
                "euclidean_spearman": 0.8670799979698164,
                "manhattan_pearson": 0.861206703865016,
                "manhattan_spearman": 0.8647004256773585,
                "cosine_pearson": 0.8783226966923481,
                "cosine_spearman": 0.8653751398463592,
                "main_score": 0.8653751398463592
            }
        ]
    }
}