{
  "dataset_revision": "65393d0d7a08a10b4e348135e824f385d420b0fd",
  "task_name": "AlloprofReranking",
  "mteb_version": "1.18.0",
  "scores": {
    "test": [
      {
        "map": 0.278148,
        "mrr": 0.279559,
        "nAUC_map_max": -0.049684,
        "nAUC_map_std": 0.019557,
        "nAUC_map_diff1": 0.098875,
        "nAUC_mrr_max": -0.042862,
        "nAUC_mrr_std": 0.014502,
        "nAUC_mrr_diff1": 0.088687,
        "main_score": 0.278148,
        "hf_subset": "default",
        "languages": [
          "fra-Latn"
        ]
      }
    ]
  },
  "evaluation_time": 11.01852822303772,
  "kg_co2_emissions": 0.0008282996345327358
}