{
    "dataset_revision": "None",
    "task_name": "CQADupstackMathematicaRetrieval",
    "evaluation_time": null,
    "mteb_version": null,
    "scores": {
        "test": [
            {
                "hf_subset": "default",
                "languages": [
                    "eng-Latn"
                ],
                "map_at_1": 0.16407,
                "map_at_10": 0.25186,
                "map_at_100": 0.26533,
                "map_at_1000": 0.26658,
                "map_at_3": 0.22202,
                "map_at_5": 0.23922999999999997,
                "mrr_at_1": 0.20522,
                "mrr_at_10": 0.29522,
                "mrr_at_100": 0.30644,
                "mrr_at_1000": 0.30713,
                "mrr_at_3": 0.26679,
                "mrr_at_5": 0.28483,
                "ndcg_at_1": 0.20522,
                "ndcg_at_10": 0.30656,
                "ndcg_at_100": 0.3686499999999999,
                "ndcg_at_1000": 0.39675,
                "ndcg_at_3": 0.25319,
                "ndcg_at_5": 0.27992,
                "precision_at_1": 0.20522,
                "precision_at_10": 0.05795999999999999,
                "precision_at_100": 0.01027,
                "precision_at_1000": 0.0013999999999999998,
                "precision_at_3": 0.12396000000000001,
                "precision_at_5": 0.09327999999999999,
                "recall_at_1": 0.16407,
                "recall_at_10": 0.43164,
                "recall_at_100": 0.69695,
                "recall_at_1000": 0.8941900000000002,
                "recall_at_3": 0.28635,
                "recall_at_5": 0.35308,
                "main_score": 0.30656
            }
        ]
    }
}