{
  "dataset_revision": "c22ab2a51041ffd869aaddef7af8d8215647e41a",
  "mteb_dataset_name": "ArguAna",
  "mteb_version": "1.2.0",
  "test": {
    "evaluation_time": 30.56,
    "map_at_1": 0.36273,
    "map_at_10": 0.52782,
    "map_at_100": 0.5334,
    "map_at_1000": 0.53343,
    "map_at_3": 0.484,
    "map_at_5": 0.50882,
    "mrr_at_1": 0.36984,
    "mrr_at_10": 0.53052,
    "mrr_at_100": 0.53604,
    "mrr_at_1000": 0.53607,
    "mrr_at_3": 0.48613,
    "mrr_at_5": 0.51159,
    "ndcg_at_1": 0.36273,
    "ndcg_at_10": 0.61524,
    "ndcg_at_100": 0.63796,
    "ndcg_at_1000": 0.63869,
    "ndcg_at_3": 0.52456,
    "ndcg_at_5": 0.56964,
    "precision_at_1": 0.36273,
    "precision_at_10": 0.08926,
    "precision_at_100": 0.00989,
    "precision_at_1000": 0.001,
    "precision_at_3": 0.21408,
    "precision_at_5": 0.1505,
    "recall_at_1": 0.36273,
    "recall_at_10": 0.8926,
    "recall_at_100": 0.98933,
    "recall_at_1000": 0.99502,
    "recall_at_3": 0.64225,
    "recall_at_5": 0.75249
  }
}