{
    "dataset_revision": "None",
    "task_name": "QuoraRetrieval",
    "evaluation_time": null,
    "mteb_version": null,
    "scores": {
        "test": [
            {
                "hf_subset": "default",
                "languages": [
                    "eng-Latn"
                ],
                "map_at_1": 0.68908,
                "map_at_10": 0.8319,
                "map_at_100": 0.8384199999999999,
                "map_at_1000": 0.83858,
                "map_at_3": 0.80167,
                "map_at_5": 0.82053,
                "mrr_at_1": 0.7946,
                "mrr_at_10": 0.86256,
                "mrr_at_100": 0.8637,
                "mrr_at_1000": 0.86371,
                "mrr_at_3": 0.85177,
                "mrr_at_5": 0.8590800000000001,
                "ndcg_at_1": 0.795,
                "ndcg_at_10": 0.87244,
                "ndcg_at_100": 0.88532,
                "ndcg_at_1000": 0.88626,
                "ndcg_at_3": 0.84161,
                "ndcg_at_5": 0.85835,
                "precision_at_1": 0.795,
                "precision_at_10": 0.13339,
                "precision_at_100": 0.015300000000000001,
                "precision_at_1000": 0.00157,
                "precision_at_3": 0.3697,
                "precision_at_5": 0.24384,
                "recall_at_1": 0.68908,
                "recall_at_10": 0.95179,
                "recall_at_100": 0.99579,
                "recall_at_1000": 0.99964,
                "recall_at_3": 0.8642400000000001,
                "recall_at_5": 0.91065,
                "main_score": 0.87244
            }
        ]
    }
}