{
    "dataset_revision": "None",
    "task_name": "ATEC",
    "evaluation_time": null,
    "mteb_version": null,
    "scores": {
        "test": [
            {
                "hf_subset": "default",
                "languages": [
                    "cmn-Hans"
                ],
                "cos_sim_pearson": 0.558612958476143,
                "cos_sim_spearman": 0.5901977664864512,
                "euclidean_pearson": 0.6202809489724366,
                "euclidean_spearman": 0.586046814257705,
                "manhattan_pearson": 0.6202580042431887,
                "manhattan_spearman": 0.5860626890004892,
                "cosine_pearson": 0.558612958476143,
                "cosine_spearman": 0.5901977664864512,
                "main_score": 0.5901977664864512
            }
        ]
    }
}