{
  "dataset_revision": "23d186750531a14a0357ca22cd92d712fd512ea0",
  "task_name": "CMedQAv2-reranking",
  "mteb_version": "1.18.0",
  "scores": {
    "test": [
      {
        "map": 0.764762,
        "mrr": 0.8037,
        "nAUC_map_max": 0.438953,
        "nAUC_map_std": 0.120244,
        "nAUC_map_diff1": 0.515184,
        "nAUC_mrr_max": 0.52263,
        "nAUC_mrr_std": 0.186761,
        "nAUC_mrr_diff1": 0.589072,
        "main_score": 0.764762,
        "hf_subset": "default",
        "languages": [
          "cmn-Hans"
        ]
      }
    ]
  },
  "evaluation_time": 523.0486176013947,
  "kg_co2_emissions": 0.050154952394093975
}