{
  "dataset_revision": "7cf24f325c6da6195df55bef3d86b5e0616f3018",
  "evaluation_time": 76.91748118400574,
  "kg_co2_emissions": null,
  "mteb_version": "1.19.2",
  "scores": {
    "test": [
      {
        "cosine_pearson": 0.7178385239398417,
        "cosine_spearman": 0.7196854086154546,
        "euclidean_pearson": 0.7279545912073366,
        "euclidean_spearman": 0.7196863475546109,
        "hf_subset": "default",
        "languages": [
          "rus-Cyrl"
        ],
        "main_score": 0.7196854086154546,
        "manhattan_pearson": 0.7224009622538086,
        "manhattan_spearman": 0.713117811786393,
        "pearson": 0.7178385239398417,
        "spearman": 0.7196854086154546
      }
    ]
  },
  "task_name": "RuSTSBenchmarkSTS"
}