{
  "dataset_revision": "c26703e6600d97c579ee2985f16cf307db13ed85",
  "task_name": "BrightSustainableLivingLongRetrieval",
  "mteb_version": "2.10.12",
  "scores": {
    "long": [
      {
        "ndcg_at_1": 0.27778,
        "ndcg_at_3": 0.39573,
        "ndcg_at_5": 0.44952,
        "ndcg_at_10": 0.48573,
        "ndcg_at_20": 0.50836,
        "ndcg_at_100": 0.54465,
        "ndcg_at_1000": 0.54594,
        "map_at_1": 0.24568,
        "map_at_3": 0.34745,
        "map_at_5": 0.38136,
        "map_at_10": 0.39753,
        "map_at_20": 0.40474,
        "map_at_100": 0.41103,
        "map_at_1000": 0.4111,
        "recall_at_1": 0.24568,
        "recall_at_3": 0.48827,
        "recall_at_5": 0.62052,
        "recall_at_10": 0.72932,
        "recall_at_20": 0.81173,
        "recall_at_100": 0.99074,
        "recall_at_1000": 1.0,
        "accuracy": 0.24568,
        "precision_at_1": 0.27778,
        "precision_at_3": 0.18519,
        "precision_at_5": 0.14444,
        "precision_at_10": 0.08519,
        "precision_at_20": 0.04815,
        "precision_at_100": 0.01185,
        "precision_at_1000": 0.00119,
        "mrr_at_1": 0.277778,
        "mrr_at_3": 0.385802,
        "mrr_at_5": 0.412654,
        "mrr_at_10": 0.426014,
        "mrr_at_20": 0.43208,
        "mrr_at_100": 0.436231,
        "mrr_at_1000": 0.436296,
        "nauc_ndcg_at_1_max": 0.218786,
        "nauc_ndcg_at_1_std": 0.138306,
        "nauc_ndcg_at_1_diff1": 0.289318,
        "nauc_ndcg_at_3_max": 0.281034,
        "nauc_ndcg_at_3_std": 0.007328,
        "nauc_ndcg_at_3_diff1": 0.274155,
        "nauc_ndcg_at_5_max": 0.300314,
        "nauc_ndcg_at_5_std": 0.04408,
        "nauc_ndcg_at_5_diff1": 0.247526,
        "nauc_ndcg_at_10_max": 0.271689,
        "nauc_ndcg_at_10_std": 0.018792,
        "nauc_ndcg_at_10_diff1": 0.259866,
        "nauc_ndcg_at_20_max": 0.273912,
        "nauc_ndcg_at_20_std": 0.007232,
        "nauc_ndcg_at_20_diff1": 0.263838,
        "nauc_ndcg_at_100_max": 0.273938,
        "nauc_ndcg_at_100_std": 0.039561,
        "nauc_ndcg_at_100_diff1": 0.267922,
        "nauc_ndcg_at_1000_max": 0.273492,
        "nauc_ndcg_at_1000_std": 0.035967,
        "nauc_ndcg_at_1000_diff1": 0.268684,
        "nauc_map_at_1_max": 0.276691,
        "nauc_map_at_1_std": 0.095461,
        "nauc_map_at_1_diff1": 0.321324,
        "nauc_map_at_3_max": 0.298628,
        "nauc_map_at_3_std": 0.022871,
        "nauc_map_at_3_diff1": 0.303491,
        "nauc_map_at_5_max": 0.30616,
        "nauc_map_at_5_std": 0.041993,
        "nauc_map_at_5_diff1": 0.280985,
        "nauc_map_at_10_max": 0.290912,
        "nauc_map_at_10_std": 0.029186,
        "nauc_map_at_10_diff1": 0.282172,
        "nauc_map_at_20_max": 0.28696,
        "nauc_map_at_20_std": 0.025143,
        "nauc_map_at_20_diff1": 0.281566,
        "nauc_map_at_100_max": 0.287393,
        "nauc_map_at_100_std": 0.031635,
        "nauc_map_at_100_diff1": 0.281979,
        "nauc_map_at_1000_max": 0.287377,
        "nauc_map_at_1000_std": 0.031486,
        "nauc_map_at_1000_diff1": 0.282014,
        "nauc_recall_at_1_max": 0.276691,
        "nauc_recall_at_1_std": 0.095461,
        "nauc_recall_at_1_diff1": 0.321324,
        "nauc_recall_at_3_max": 0.288353,
        "nauc_recall_at_3_std": -0.060893,
        "nauc_recall_at_3_diff1": 0.233453,
        "nauc_recall_at_5_max": 0.316693,
        "nauc_recall_at_5_std": 0.011315,
        "nauc_recall_at_5_diff1": 0.158356,
        "nauc_recall_at_10_max": 0.232627,
        "nauc_recall_at_10_std": -0.078339,
        "nauc_recall_at_10_diff1": 0.206499,
        "nauc_recall_at_20_max": 0.267891,
        "nauc_recall_at_20_std": -0.165568,
        "nauc_recall_at_20_diff1": 0.218516,
        "nauc_recall_at_100_max": 0.358611,
        "nauc_recall_at_100_std": 0.721269,
        "nauc_recall_at_100_diff1": 0.123317,
        "nauc_recall_at_1000_max": NaN,
        "nauc_recall_at_1000_std": NaN,
        "nauc_recall_at_1000_diff1": NaN,
        "nauc_precision_at_1_max": 0.218786,
        "nauc_precision_at_1_std": 0.138306,
        "nauc_precision_at_1_diff1": 0.289318,
        "nauc_precision_at_3_max": 0.196531,
        "nauc_precision_at_3_std": -0.041476,
        "nauc_precision_at_3_diff1": 0.15154,
        "nauc_precision_at_5_max": 0.153513,
        "nauc_precision_at_5_std": 0.020071,
        "nauc_precision_at_5_diff1": 0.010235,
        "nauc_precision_at_10_max": 0.019399,
        "nauc_precision_at_10_std": -0.046406,
        "nauc_precision_at_10_diff1": -0.014548,
        "nauc_precision_at_20_max": -0.023179,
        "nauc_precision_at_20_std": -0.103473,
        "nauc_precision_at_20_diff1": -0.028966,
        "nauc_precision_at_100_max": -0.152291,
        "nauc_precision_at_100_std": -0.002852,
        "nauc_precision_at_100_diff1": -0.101985,
        "nauc_precision_at_1000_max": -0.167362,
        "nauc_precision_at_1000_std": -0.024212,
        "nauc_precision_at_1000_diff1": -0.108631,
        "nauc_mrr_at_1_max": 0.218786,
        "nauc_mrr_at_1_std": 0.138306,
        "nauc_mrr_at_1_diff1": 0.289318,
        "nauc_mrr_at_3_max": 0.24518,
        "nauc_mrr_at_3_std": 0.072566,
        "nauc_mrr_at_3_diff1": 0.261766,
        "nauc_mrr_at_5_max": 0.250887,
        "nauc_mrr_at_5_std": 0.088723,
        "nauc_mrr_at_5_diff1": 0.25399,
        "nauc_mrr_at_10_max": 0.241593,
        "nauc_mrr_at_10_std": 0.07794,
        "nauc_mrr_at_10_diff1": 0.259995,
        "nauc_mrr_at_20_max": 0.244543,
        "nauc_mrr_at_20_std": 0.075839,
        "nauc_mrr_at_20_diff1": 0.262717,
        "nauc_mrr_at_100_max": 0.243589,
        "nauc_mrr_at_100_std": 0.080448,
        "nauc_mrr_at_100_diff1": 0.262212,
        "nauc_mrr_at_1000_max": 0.243565,
        "nauc_mrr_at_1000_std": 0.080314,
        "nauc_mrr_at_1000_diff1": 0.262241,
        "hit_rate_at_1": 0.27778,
        "hit_rate_at_3": 0.53704,
        "hit_rate_at_5": 0.65741,
        "hit_rate_at_10": 0.75926,
        "hit_rate_at_20": 0.84259,
        "hit_rate_at_100": 0.99074,
        "hit_rate_at_1000": 1.0,
        "main_score": 0.24568,
        "hf_subset": "default",
        "languages": [
          "eng-Latn"
        ]
      }
    ]
  },
  "evaluation_time": 160.20610737800598,
  "kg_co2_emissions": null,
  "date": 1774976525.872316
}