{
  "dataset_revision": "48327de6ee192e9610f3069789719788957c7abd",
  "task_name": "GerDaLIRSmall",
  "mteb_version": "1.18.0",
  "scores": {
    "test": [
      {
        "ndcg_at_1": 0.01479,
        "ndcg_at_3": 0.019,
        "ndcg_at_5": 0.02167,
        "ndcg_at_10": 0.02443,
        "ndcg_at_20": 0.02756,
        "ndcg_at_100": 0.03553,
        "ndcg_at_1000": 0.05616,
        "map_at_1": 0.01298,
        "map_at_3": 0.01716,
        "map_at_5": 0.01861,
        "map_at_10": 0.01973,
        "map_at_20": 0.02054,
        "map_at_100": 0.02154,
        "map_at_1000": 0.02208,
        "recall_at_1": 0.01298,
        "recall_at_3": 0.02237,
        "recall_at_5": 0.02867,
        "recall_at_10": 0.03706,
        "recall_at_20": 0.04925,
        "recall_at_100": 0.09203,
        "recall_at_1000": 0.26273,
        "precision_at_1": 0.01479,
        "precision_at_3": 0.00839,
        "precision_at_5": 0.00649,
        "precision_at_10": 0.00419,
        "precision_at_20": 0.0028,
        "precision_at_100": 0.00106,
        "precision_at_1000": 0.0003,
        "mrr_at_1": 0.014795,
        "mrr_at_3": 0.019263,
        "mrr_at_5": 0.02089,
        "mrr_at_10": 0.022072,
        "mrr_at_20": 0.022973,
        "mrr_at_100": 0.024048,
        "mrr_at_1000": 0.024607,
        "nauc_ndcg_at_1_max": 0.096995,
        "nauc_ndcg_at_1_std": 0.118091,
        "nauc_ndcg_at_1_diff1": 0.442508,
        "nauc_ndcg_at_3_max": 0.061677,
        "nauc_ndcg_at_3_std": 0.141299,
        "nauc_ndcg_at_3_diff1": 0.335855,
        "nauc_ndcg_at_5_max": 0.04033,
        "nauc_ndcg_at_5_std": 0.150344,
        "nauc_ndcg_at_5_diff1": 0.305115,
        "nauc_ndcg_at_10_max": 0.02145,
        "nauc_ndcg_at_10_std": 0.165684,
        "nauc_ndcg_at_10_diff1": 0.286681,
        "nauc_ndcg_at_20_max": 0.013249,
        "nauc_ndcg_at_20_std": 0.177519,
        "nauc_ndcg_at_20_diff1": 0.264346,
        "nauc_ndcg_at_100_max": 0.005465,
        "nauc_ndcg_at_100_std": 0.174744,
        "nauc_ndcg_at_100_diff1": 0.217128,
        "nauc_ndcg_at_1000_max": -0.001052,
        "nauc_ndcg_at_1000_std": 0.150159,
        "nauc_ndcg_at_1000_diff1": 0.169561,
        "nauc_map_at_1_max": 0.084537,
        "nauc_map_at_1_std": 0.116391,
        "nauc_map_at_1_diff1": 0.437907,
        "nauc_map_at_3_max": 0.063526,
        "nauc_map_at_3_std": 0.137125,
        "nauc_map_at_3_diff1": 0.352875,
        "nauc_map_at_5_max": 0.049285,
        "nauc_map_at_5_std": 0.14288,
        "nauc_map_at_5_diff1": 0.332403,
        "nauc_map_at_10_max": 0.038908,
        "nauc_map_at_10_std": 0.15179,
        "nauc_map_at_10_diff1": 0.321745,
        "nauc_map_at_20_max": 0.034977,
        "nauc_map_at_20_std": 0.156969,
        "nauc_map_at_20_diff1": 0.312682,
        "nauc_map_at_100_max": 0.032347,
        "nauc_map_at_100_std": 0.15755,
        "nauc_map_at_100_diff1": 0.30122,
        "nauc_map_at_1000_max": 0.031549,
        "nauc_map_at_1000_std": 0.156991,
        "nauc_map_at_1000_diff1": 0.297278,
        "nauc_recall_at_1_max": 0.084537,
        "nauc_recall_at_1_std": 0.116391,
        "nauc_recall_at_1_diff1": 0.437907,
        "nauc_recall_at_3_max": 0.05212,
        "nauc_recall_at_3_std": 0.152569,
        "nauc_recall_at_3_diff1": 0.292898,
        "nauc_recall_at_5_max": 0.015424,
        "nauc_recall_at_5_std": 0.164634,
        "nauc_recall_at_5_diff1": 0.248475,
        "nauc_recall_at_10_max": -0.017103,
        "nauc_recall_at_10_std": 0.191351,
        "nauc_recall_at_10_diff1": 0.224056,
        "nauc_recall_at_20_max": -0.023722,
        "nauc_recall_at_20_std": 0.211971,
        "nauc_recall_at_20_diff1": 0.189574,
        "nauc_recall_at_100_max": -0.025328,
        "nauc_recall_at_100_std": 0.19041,
        "nauc_recall_at_100_diff1": 0.123211,
        "nauc_recall_at_1000_max": -0.02518,
        "nauc_recall_at_1000_std": 0.125192,
        "nauc_recall_at_1000_diff1": 0.068734,
        "nauc_precision_at_1_max": 0.096995,
        "nauc_precision_at_1_std": 0.118091,
        "nauc_precision_at_1_diff1": 0.442508,
        "nauc_precision_at_3_max": 0.054647,
        "nauc_precision_at_3_std": 0.153749,
        "nauc_precision_at_3_diff1": 0.298547,
        "nauc_precision_at_5_max": 0.022155,
        "nauc_precision_at_5_std": 0.169657,
        "nauc_precision_at_5_diff1": 0.249853,
        "nauc_precision_at_10_max": -0.00913,
        "nauc_precision_at_10_std": 0.191183,
        "nauc_precision_at_10_diff1": 0.223851,
        "nauc_precision_at_20_max": -0.019909,
        "nauc_precision_at_20_std": 0.203929,
        "nauc_precision_at_20_diff1": 0.191581,
        "nauc_precision_at_100_max": -0.012495,
        "nauc_precision_at_100_std": 0.184889,
        "nauc_precision_at_100_diff1": 0.125279,
        "nauc_precision_at_1000_max": -0.00889,
        "nauc_precision_at_1000_std": 0.121153,
        "nauc_precision_at_1000_diff1": 0.07074,
        "nauc_mrr_at_1_max": 0.096995,
        "nauc_mrr_at_1_std": 0.118091,
        "nauc_mrr_at_1_diff1": 0.442508,
        "nauc_mrr_at_3_max": 0.073676,
        "nauc_mrr_at_3_std": 0.134841,
        "nauc_mrr_at_3_diff1": 0.359926,
        "nauc_mrr_at_5_max": 0.059843,
        "nauc_mrr_at_5_std": 0.142013,
        "nauc_mrr_at_5_diff1": 0.338414,
        "nauc_mrr_at_10_max": 0.050577,
        "nauc_mrr_at_10_std": 0.149756,
        "nauc_mrr_at_10_diff1": 0.328152,
        "nauc_mrr_at_20_max": 0.046068,
        "nauc_mrr_at_20_std": 0.153723,
        "nauc_mrr_at_20_diff1": 0.319338,
        "nauc_mrr_at_100_max": 0.043554,
        "nauc_mrr_at_100_std": 0.153974,
        "nauc_mrr_at_100_diff1": 0.307963,
        "nauc_mrr_at_1000_max": 0.042722,
        "nauc_mrr_at_1000_std": 0.153304,
        "nauc_mrr_at_1000_diff1": 0.304139,
        "main_score": 0.02443,
        "hf_subset": "default",
        "languages": [
          "deu-Latn"
        ]
      }
    ]
  },
  "evaluation_time": 75.21151924133301,
  "kg_co2_emissions": 0.005245757813202023
}