{
  "dataset_revision": "faeb762787bd10488a50c8b5be4a3b82e411949c",
  "evaluation_time": 2.6946897506713867,
  "kg_co2_emissions": 0.0001043326822355962,
  "mteb_version": "1.12.41",
  "scores": {
    "test": [
      {
        "cosine_pearson": 0.31682627945097475,
        "cosine_spearman": 0.24508086225784984,
        "euclidean_pearson": 0.32077755489032744,
        "euclidean_spearman": 0.24508086225784984,
        "hf_subset": "nl-en",
        "languages": [
          "nld-Latn",
          "eng-Latn"
        ],
        "main_score": 0.24508086225784984,
        "manhattan_pearson": 0.33201975742887524,
        "manhattan_spearman": 0.2738364150540363,
        "pearson": [
          0.3168262675653203,
          3.107918065941573e-07
        ],
        "spearman": [
          0.24508086225784984,
          9.020603334252748e-05
        ]
      },
      {
        "cosine_pearson": 0.020009155083385376,
        "cosine_spearman": 0.0054423198763815656,
        "euclidean_pearson": 0.02006194533774379,
        "euclidean_spearman": 0.0054423198763815656,
        "hf_subset": "en-ar",
        "languages": [
          "eng-Latn",
          "ara-Arab"
        ],
        "main_score": 0.0054423198763815656,
        "manhattan_pearson": 0.016005488177829014,
        "manhattan_spearman": 0.008261501538578374,
        "pearson": [
          0.02000908979183414,
          0.7529002221934262
        ],
        "spearman": [
          0.0054423198763815656,
          0.9317684830970447
        ]
      },
      {
        "cosine_pearson": 0.5425767224395837,
        "cosine_spearman": 0.5870907752953121,
        "euclidean_pearson": 0.5774925850728878,
        "euclidean_spearman": 0.5870907752953121,
        "hf_subset": "ar-ar",
        "languages": [
          "ara-Arab"
        ],
        "main_score": 0.5870907752953121,
        "manhattan_pearson": 0.5753107737943272,
        "manhattan_spearman": 0.5818399071690873,
        "pearson": [
          0.5425767323807832,
          1.5410244766691895e-20
        ],
        "spearman": [
          0.5871793372216638,
          1.45984021918657e-24
        ]
      },
      {
        "cosine_pearson": 0.3697351059378994,
        "cosine_spearman": 0.4337308680022029,
        "euclidean_pearson": 0.423432505043832,
        "euclidean_spearman": 0.4337309782040895,
        "hf_subset": "ko-ko",
        "languages": [
          "kor-Hang"
        ],
        "main_score": 0.4337308680022029,
        "manhattan_pearson": 0.42214198726272506,
        "manhattan_spearman": 0.4327036617012338,
        "pearson": [
          0.36973511702785083,
          6.686233543314147e-93
        ],
        "spearman": [
          0.43372801897155755,
          6.83075254162909e-131
        ]
      },
      {
        "cosine_pearson": 0.06699415226813939,
        "cosine_spearman": 0.0042741621491041056,
        "euclidean_pearson": 0.07093958659872406,
        "euclidean_spearman": 0.0042741621491041056,
        "hf_subset": "en-tr",
        "languages": [
          "eng-Latn",
          "tur-Latn"
        ],
        "main_score": 0.0042741621491041056,
        "manhattan_pearson": 0.03760389999611966,
        "manhattan_spearman": -0.017995925853478083,
        "pearson": [
          0.0669941679333412,
          0.2913575947844332
        ],
        "spearman": [
          0.0042741621491041056,
          0.9463890002281586
        ]
      },
      {
        "cosine_pearson": 0.25841869538415424,
        "cosine_spearman": 0.24284521191680392,
        "euclidean_pearson": 0.2586655142036393,
        "euclidean_spearman": 0.24284521191680392,
        "hf_subset": "it-en",
        "languages": [
          "ita-Latn",
          "eng-Latn"
        ],
        "main_score": 0.24284521191680392,
        "manhattan_pearson": 0.24273864410452528,
        "manhattan_spearman": 0.2366844883927423,
        "pearson": [
          0.25841874861362596,
          3.5348751849988213e-05
        ],
        "spearman": [
          0.24284521191680392,
          0.0001050170764395875
        ]
      },
      {
        "cosine_pearson": 0.3110306867781341,
        "cosine_spearman": 0.27538399556865983,
        "euclidean_pearson": 0.3129995716884803,
        "euclidean_spearman": 0.27538399556865983,
        "hf_subset": "en-de",
        "languages": [
          "eng-Latn",
          "deu-Latn"
        ],
        "main_score": 0.27538399556865983,
        "manhattan_pearson": 0.2925298126300662,
        "manhattan_spearman": 0.24545142053308508,
        "pearson": [
          0.3110307852931934,
          5.21567879353729e-07
        ],
        "spearman": [
          0.27538399556865983,
          9.95695945889196e-06
        ]
      },
      {
        "cosine_pearson": 0.341949799653396,
        "cosine_spearman": 0.30702559767030924,
        "euclidean_pearson": 0.3428061349701063,
        "euclidean_spearman": 0.30702559767030924,
        "hf_subset": "fr-en",
        "languages": [
          "fra-Latn",
          "eng-Latn"
        ],
        "main_score": 0.30702559767030924,
        "manhattan_pearson": 0.34812217437662873,
        "manhattan_spearman": 0.3140796587790667,
        "pearson": [
          0.34194979437664824,
          2.8938314165432183e-08
        ],
        "spearman": [
          0.30702559767030924,
          7.41177314993834e-07
        ]
      },
      {
        "cosine_pearson": 0.7859529054973867,
        "cosine_spearman": 0.7836515013988296,
        "euclidean_pearson": 0.7965789242938853,
        "euclidean_spearman": 0.7836515013988296,
        "hf_subset": "es-es",
        "languages": [
          "spa-Latn"
        ],
        "main_score": 0.7836515013988296,
        "manhattan_pearson": 0.7954080303347589,
        "manhattan_spearman": 0.7803492204232516,
        "pearson": [
          0.7859528990129748,
          1.054025013594041e-53
        ],
        "spearman": [
          0.7836451902320882,
          3.4038834815456954e-53
        ]
      },
      {
        "cosine_pearson": 0.8892662883945335,
        "cosine_spearman": 0.886282754793921,
        "euclidean_pearson": 0.8896634219895301,
        "euclidean_spearman": 0.886282754793921,
        "hf_subset": "en-en",
        "languages": [
          "eng-Latn"
        ],
        "main_score": 0.886282754793921,
        "manhattan_pearson": 0.8904213739132179,
        "manhattan_spearman": 0.8880294527220011,
        "pearson": [
          0.8892662771827105,
          3.2051425495574914e-86
        ],
        "spearman": [
          0.886282754793921,
          7.143951072007504e-85
        ]
      },
      {
        "cosine_pearson": 0.22332764646298325,
        "cosine_spearman": 0.22011862055263384,
        "euclidean_pearson": 0.22275746945660885,
        "euclidean_spearman": 0.22011862055263384,
        "hf_subset": "es-en",
        "languages": [
          "spa-Latn",
          "eng-Latn"
        ],
        "main_score": 0.22011862055263384,
        "manhattan_pearson": 0.21382472738606362,
        "manhattan_spearman": 0.20522074234082102,
        "pearson": [
          0.2233277364860078,
          0.0003730163474518728
        ],
        "spearman": [
          0.22011862055263384,
          0.0004548295203615134
        ]
      }
    ]
  },
  "task_name": "STS17"
}