{
  "dataset_revision": "1851bc536f8bdab29e03e29191c4586b1d8d7c5a",
  "task_name": "Quail",
  "mteb_version": "1.18.0",
  "scores": {
    "test": [
      {
        "ndcg_at_1": 0.02647,
        "ndcg_at_3": 0.04479,
        "ndcg_at_5": 0.0536,
        "ndcg_at_10": 0.06707,
        "ndcg_at_20": 0.07847,
        "ndcg_at_100": 0.10643,
        "ndcg_at_1000": 0.14166,
        "map_at_1": 0.02647,
        "map_at_3": 0.04032,
        "map_at_5": 0.04513,
        "map_at_10": 0.05058,
        "map_at_20": 0.05374,
        "map_at_100": 0.05736,
        "map_at_1000": 0.05846,
        "recall_at_1": 0.02647,
        "recall_at_3": 0.05772,
        "recall_at_5": 0.07941,
        "recall_at_10": 0.12169,
        "recall_at_20": 0.16654,
        "recall_at_100": 0.32096,
        "recall_at_1000": 0.61213,
        "precision_at_1": 0.02647,
        "precision_at_3": 0.01924,
        "precision_at_5": 0.01588,
        "precision_at_10": 0.01217,
        "precision_at_20": 0.00833,
        "precision_at_100": 0.00321,
        "precision_at_1000": 0.00061,
        "mrr_at_1": 0.026471,
        "mrr_at_3": 0.040319,
        "mrr_at_5": 0.045135,
        "mrr_at_10": 0.05058,
        "mrr_at_20": 0.053739,
        "mrr_at_100": 0.057363,
        "mrr_at_1000": 0.058459,
        "nauc_ndcg_at_1_max": 0.172361,
        "nauc_ndcg_at_1_std": 0.012149,
        "nauc_ndcg_at_1_diff1": 0.198901,
        "nauc_ndcg_at_3_max": 0.153689,
        "nauc_ndcg_at_3_std": 0.01374,
        "nauc_ndcg_at_3_diff1": 0.119942,
        "nauc_ndcg_at_5_max": 0.149328,
        "nauc_ndcg_at_5_std": 0.024077,
        "nauc_ndcg_at_5_diff1": 0.092415,
        "nauc_ndcg_at_10_max": 0.156048,
        "nauc_ndcg_at_10_std": 0.03371,
        "nauc_ndcg_at_10_diff1": 0.104333,
        "nauc_ndcg_at_20_max": 0.153492,
        "nauc_ndcg_at_20_std": 0.041601,
        "nauc_ndcg_at_20_diff1": 0.092606,
        "nauc_ndcg_at_100_max": 0.150495,
        "nauc_ndcg_at_100_std": 0.054438,
        "nauc_ndcg_at_100_diff1": 0.078141,
        "nauc_ndcg_at_1000_max": 0.142543,
        "nauc_ndcg_at_1000_std": 0.045023,
        "nauc_ndcg_at_1000_diff1": 0.082769,
        "nauc_map_at_1_max": 0.172361,
        "nauc_map_at_1_std": 0.012149,
        "nauc_map_at_1_diff1": 0.198901,
        "nauc_map_at_3_max": 0.155436,
        "nauc_map_at_3_std": 0.01382,
        "nauc_map_at_3_diff1": 0.131016,
        "nauc_map_at_5_max": 0.152179,
        "nauc_map_at_5_std": 0.020316,
        "nauc_map_at_5_diff1": 0.11227,
        "nauc_map_at_10_max": 0.15592,
        "nauc_map_at_10_std": 0.025662,
        "nauc_map_at_10_diff1": 0.117236,
        "nauc_map_at_20_max": 0.154908,
        "nauc_map_at_20_std": 0.02916,
        "nauc_map_at_20_diff1": 0.111949,
        "nauc_map_at_100_max": 0.153059,
        "nauc_map_at_100_std": 0.032024,
        "nauc_map_at_100_diff1": 0.107253,
        "nauc_map_at_1000_max": 0.152575,
        "nauc_map_at_1000_std": 0.031648,
        "nauc_map_at_1000_diff1": 0.107542,
        "nauc_recall_at_1_max": 0.172361,
        "nauc_recall_at_1_std": 0.012149,
        "nauc_recall_at_1_diff1": 0.198901,
        "nauc_recall_at_3_max": 0.150518,
        "nauc_recall_at_3_std": 0.013484,
        "nauc_recall_at_3_diff1": 0.098033,
        "nauc_recall_at_5_max": 0.144699,
        "nauc_recall_at_5_std": 0.031216,
        "nauc_recall_at_5_diff1": 0.057549,
        "nauc_recall_at_10_max": 0.156874,
        "nauc_recall_at_10_std": 0.046306,
        "nauc_recall_at_10_diff1": 0.08811,
        "nauc_recall_at_20_max": 0.151777,
        "nauc_recall_at_20_std": 0.059002,
        "nauc_recall_at_20_diff1": 0.068949,
        "nauc_recall_at_100_max": 0.150424,
        "nauc_recall_at_100_std": 0.084107,
        "nauc_recall_at_100_diff1": 0.047215,
        "nauc_recall_at_1000_max": 0.122773,
        "nauc_recall_at_1000_std": 0.05194,
        "nauc_recall_at_1000_diff1": 0.059798,
        "nauc_precision_at_1_max": 0.172361,
        "nauc_precision_at_1_std": 0.012149,
        "nauc_precision_at_1_diff1": 0.198901,
        "nauc_precision_at_3_max": 0.150518,
        "nauc_precision_at_3_std": 0.013484,
        "nauc_precision_at_3_diff1": 0.098033,
        "nauc_precision_at_5_max": 0.144699,
        "nauc_precision_at_5_std": 0.031216,
        "nauc_precision_at_5_diff1": 0.057549,
        "nauc_precision_at_10_max": 0.156874,
        "nauc_precision_at_10_std": 0.046306,
        "nauc_precision_at_10_diff1": 0.08811,
        "nauc_precision_at_20_max": 0.151777,
        "nauc_precision_at_20_std": 0.059002,
        "nauc_precision_at_20_diff1": 0.068949,
        "nauc_precision_at_100_max": 0.150424,
        "nauc_precision_at_100_std": 0.084107,
        "nauc_precision_at_100_diff1": 0.047215,
        "nauc_precision_at_1000_max": 0.122773,
        "nauc_precision_at_1000_std": 0.05194,
        "nauc_precision_at_1000_diff1": 0.059798,
        "nauc_mrr_at_1_max": 0.172361,
        "nauc_mrr_at_1_std": 0.012149,
        "nauc_mrr_at_1_diff1": 0.198901,
        "nauc_mrr_at_3_max": 0.155436,
        "nauc_mrr_at_3_std": 0.01382,
        "nauc_mrr_at_3_diff1": 0.131016,
        "nauc_mrr_at_5_max": 0.152179,
        "nauc_mrr_at_5_std": 0.020316,
        "nauc_mrr_at_5_diff1": 0.11227,
        "nauc_mrr_at_10_max": 0.15592,
        "nauc_mrr_at_10_std": 0.025662,
        "nauc_mrr_at_10_diff1": 0.117236,
        "nauc_mrr_at_20_max": 0.154908,
        "nauc_mrr_at_20_std": 0.02916,
        "nauc_mrr_at_20_diff1": 0.111949,
        "nauc_mrr_at_100_max": 0.153059,
        "nauc_mrr_at_100_std": 0.032024,
        "nauc_mrr_at_100_diff1": 0.107253,
        "nauc_mrr_at_1000_max": 0.152575,
        "nauc_mrr_at_1000_std": 0.031648,
        "nauc_mrr_at_1000_diff1": 0.107542,
        "main_score": 0.06707,
        "hf_subset": "default",
        "languages": [
          "eng-Latn"
        ]
      }
    ]
  },
  "evaluation_time": 36.881797313690186,
  "kg_co2_emissions": 0.002985013279842929
}