{
  "dataset_revision": "68fba138e7e63daccecfbdad0a9d2714e56e34ff",
  "evaluation_time": 107.60992360115051,
  "kg_co2_emissions": null,
  "mteb_version": "1.12.27",
  "scores": {
    "test": [
      {
        "hf_subset": "default",
        "languages": [
          "eng-Latn"
        ],
        "main_score": 0.14307,
        "map_at_1": 0.02915,
        "map_at_10": 0.09914,
        "map_at_100": 0.1099,
        "map_at_1000": 0.11095,
        "map_at_20": 0.1046,
        "map_at_3": 0.07305,
        "map_at_5": 0.087,
        "mrr_at_1": 0.029145955716222322,
        "mrr_at_10": 0.09914125764780964,
        "mrr_at_100": 0.10990090034301175,
        "mrr_at_1000": 0.11095459398197137,
        "mrr_at_20": 0.10460143308190409,
        "mrr_at_3": 0.07305317065823164,
        "mrr_at_5": 0.08700482000301217,
        "nauc_map_at_1000_diff1": -0.05431856456887418,
        "nauc_map_at_1000_max": 0.17057748839419623,
        "nauc_map_at_1000_std": 0.1906410669814937,
        "nauc_map_at_100_diff1": -0.05437721717518394,
        "nauc_map_at_100_max": 0.17132553444433926,
        "nauc_map_at_100_std": 0.19082109541467848,
        "nauc_map_at_10_diff1": -0.05320929561653756,
        "nauc_map_at_10_max": 0.15905703611222305,
        "nauc_map_at_10_std": 0.17292554976697502,
        "nauc_map_at_1_diff1": -0.11786932589453815,
        "nauc_map_at_1_max": -0.028478638888659452,
        "nauc_map_at_1_std": -0.0007118466864463999,
        "nauc_map_at_20_diff1": -0.05558027259631608,
        "nauc_map_at_20_max": 0.1679677855101044,
        "nauc_map_at_20_std": 0.18509495221559966,
        "nauc_map_at_3_diff1": -0.03434208244815758,
        "nauc_map_at_3_max": 0.10735181721376574,
        "nauc_map_at_3_std": 0.10130799992506055,
        "nauc_map_at_5_diff1": -0.04345038450979126,
        "nauc_map_at_5_max": 0.1378323147025714,
        "nauc_map_at_5_std": 0.13813769360932607,
        "nauc_mrr_at_1000_diff1": -0.05431856456887418,
        "nauc_mrr_at_1000_max": 0.17057748839419623,
        "nauc_mrr_at_1000_std": 0.1906410669814937,
        "nauc_mrr_at_100_diff1": -0.05437721717518394,
        "nauc_mrr_at_100_max": 0.17132553444433926,
        "nauc_mrr_at_100_std": 0.19082109541467848,
        "nauc_mrr_at_10_diff1": -0.05320929561653756,
        "nauc_mrr_at_10_max": 0.15905703611222305,
        "nauc_mrr_at_10_std": 0.17292554976697502,
        "nauc_mrr_at_1_diff1": -0.11786932589453815,
        "nauc_mrr_at_1_max": -0.028478638888659452,
        "nauc_mrr_at_1_std": -0.0007118466864463999,
        "nauc_mrr_at_20_diff1": -0.05558027259631608,
        "nauc_mrr_at_20_max": 0.1679677855101044,
        "nauc_mrr_at_20_std": 0.18509495221559966,
        "nauc_mrr_at_3_diff1": -0.03434208244815758,
        "nauc_mrr_at_3_max": 0.10735181721376574,
        "nauc_mrr_at_3_std": 0.10130799992506055,
        "nauc_mrr_at_5_diff1": -0.04345038450979126,
        "nauc_mrr_at_5_max": 0.1378323147025714,
        "nauc_mrr_at_5_std": 0.13813769360932607,
        "nauc_ndcg_at_1000_diff1": -0.06496181798413737,
        "nauc_ndcg_at_1000_max": 0.22142387963506485,
        "nauc_ndcg_at_1000_std": 0.2835688076784791,
        "nauc_ndcg_at_100_diff1": -0.06061296396187632,
        "nauc_ndcg_at_100_max": 0.2418096576228028,
        "nauc_ndcg_at_100_std": 0.2880508096304826,
        "nauc_ndcg_at_10_diff1": -0.058138117926207655,
        "nauc_ndcg_at_10_max": 0.20192658856562146,
        "nauc_ndcg_at_10_std": 0.22799309261499867,
        "nauc_ndcg_at_1_diff1": -0.11786932589453815,
        "nauc_ndcg_at_1_max": -0.028478638888659452,
        "nauc_ndcg_at_1_std": -0.0007118466864463999,
        "nauc_ndcg_at_20_diff1": -0.06498330727020375,
        "nauc_ndcg_at_20_max": 0.2263543959268336,
        "nauc_ndcg_at_20_std": 0.26080037620932767,
        "nauc_ndcg_at_3_diff1": -0.025756829847810213,
        "nauc_ndcg_at_3_max": 0.12554318324090272,
        "nauc_ndcg_at_3_std": 0.11704963553163023,
        "nauc_ndcg_at_5_diff1": -0.040233997972921105,
        "nauc_ndcg_at_5_max": 0.16591412663515365,
        "nauc_ndcg_at_5_std": 0.1673036247070124,
        "nauc_precision_at_1000_diff1": -0.14154922682229462,
        "nauc_precision_at_1000_max": 0.31124206440438135,
        "nauc_precision_at_1000_std": 0.6211890129557128,
        "nauc_precision_at_100_diff1": -0.07381914776188685,
        "nauc_precision_at_100_max": 0.36944568761696367,
        "nauc_precision_at_100_std": 0.47178884708242025,
        "nauc_precision_at_10_diff1": -0.06852526725664888,
        "nauc_precision_at_10_max": 0.26432399024431963,
        "nauc_precision_at_10_std": 0.3110504042168929,
        "nauc_precision_at_1_diff1": -0.11786932589453815,
        "nauc_precision_at_1_max": -0.028478638888659452,
        "nauc_precision_at_1_std": -0.0007118466864463999,
        "nauc_precision_at_20_diff1": -0.08345935173211756,
        "nauc_precision_at_20_max": 0.3155811755529319,
        "nauc_precision_at_20_std": 0.3792255942939401,
        "nauc_precision_at_3_diff1": -0.011798701151154382,
        "nauc_precision_at_3_max": 0.15610143510355637,
        "nauc_precision_at_3_std": 0.14386316267478047,
        "nauc_precision_at_5_diff1": -0.03694353866313133,
        "nauc_precision_at_5_max": 0.2084441230442611,
        "nauc_precision_at_5_std": 0.21245322374577133,
        "nauc_recall_at_1000_diff1": -0.14154922682229573,
        "nauc_recall_at_1000_max": 0.3112420644043808,
        "nauc_recall_at_1000_std": 0.6211890129557123,
        "nauc_recall_at_100_diff1": -0.073819147761887,
        "nauc_recall_at_100_max": 0.3694456876169637,
        "nauc_recall_at_100_std": 0.4717888470824191,
        "nauc_recall_at_10_diff1": -0.06852526725664908,
        "nauc_recall_at_10_max": 0.2643239902443192,
        "nauc_recall_at_10_std": 0.3110504042168929,
        "nauc_recall_at_1_diff1": -0.11786932589453815,
        "nauc_recall_at_1_max": -0.028478638888659452,
        "nauc_recall_at_1_std": -0.0007118466864463999,
        "nauc_recall_at_20_diff1": -0.0834593517321178,
        "nauc_recall_at_20_max": 0.31558117555293164,
        "nauc_recall_at_20_std": 0.37922559429394026,
        "nauc_recall_at_3_diff1": -0.011798701151154344,
        "nauc_recall_at_3_max": 0.15610143510355648,
        "nauc_recall_at_3_std": 0.14386316267478064,
        "nauc_recall_at_5_diff1": -0.03694353866313169,
        "nauc_recall_at_5_max": 0.20844412304426105,
        "nauc_recall_at_5_std": 0.21245322374577108,
        "ndcg_at_1": 0.02915,
        "ndcg_at_10": 0.14307,
        "ndcg_at_100": 0.20279,
        "ndcg_at_1000": 0.23507,
        "ndcg_at_20": 0.16326,
        "ndcg_at_3": 0.08828,
        "ndcg_at_5": 0.11361,
        "precision_at_1": 0.02915,
        "precision_at_10": 0.02858,
        "precision_at_100": 0.00582,
        "precision_at_1000": 0.00084,
        "precision_at_20": 0.01831,
        "precision_at_3": 0.04421,
        "precision_at_5": 0.03891,
        "recall_at_1": 0.02915,
        "recall_at_10": 0.28581,
        "recall_at_100": 0.58179,
        "recall_at_1000": 0.84478,
        "recall_at_20": 0.36624,
        "recall_at_3": 0.13263,
        "recall_at_5": 0.19453
      }
    ]
  },
  "task_name": "TempReasonL3Pure"
}