{
  "dataset_revision": "51adfef1c1287aab1d2d91b5bead9bcfb9c68583",
  "evaluation_time": 36.889415979385376,
  "kg_co2_emissions": null,
  "mteb_version": "1.12.89",
  "scores": {
    "validation": [
      {
        "hf_subset": "ru",
        "languages": [
          "rus-Cyrl"
        ],
        "main_score": 0.96324,
        "map_at_1": 0.92068,
        "map_at_10": 0.95248,
        "map_at_100": 0.95269,
        "map_at_1000": 0.95269,
        "map_at_20": 0.95263,
        "map_at_3": 0.94993,
        "map_at_5": 0.95217,
        "mrr_at_1": 0.920675105485232,
        "mrr_at_10": 0.9524763914004423,
        "mrr_at_100": 0.9526937626737761,
        "mrr_at_1000": 0.9526937626737761,
        "mrr_at_20": 0.9526279143167887,
        "mrr_at_3": 0.9499296765119555,
        "mrr_at_5": 0.9521659634317864,
        "nauc_map_at_1000_diff1": 0.9105019095857596,
        "nauc_map_at_1000_max": 0.5877393248178155,
        "nauc_map_at_1000_std": 0.05921265991222722,
        "nauc_map_at_100_diff1": 0.9105019095857596,
        "nauc_map_at_100_max": 0.5877393248178155,
        "nauc_map_at_100_std": 0.05921265991222722,
        "nauc_map_at_10_diff1": 0.9108532680542943,
        "nauc_map_at_10_max": 0.5890159418119695,
        "nauc_map_at_10_std": 0.05965273799866495,
        "nauc_map_at_1_diff1": 0.9099050218602769,
        "nauc_map_at_1_max": 0.5479295476605608,
        "nauc_map_at_1_std": 0.0011861678844406235,
        "nauc_map_at_20_diff1": 0.9105681260215476,
        "nauc_map_at_20_max": 0.5883123772329648,
        "nauc_map_at_20_std": 0.0603966969130765,
        "nauc_map_at_3_diff1": 0.9091428468446079,
        "nauc_map_at_3_max": 0.5986711380501197,
        "nauc_map_at_3_std": 0.07416422317470607,
        "nauc_map_at_5_diff1": 0.9111436717546508,
        "nauc_map_at_5_max": 0.5916831000843309,
        "nauc_map_at_5_std": 0.06491236378938503,
        "nauc_mrr_at_1000_diff1": 0.9105019095857596,
        "nauc_mrr_at_1000_max": 0.5877393248178155,
        "nauc_mrr_at_1000_std": 0.05921265991222722,
        "nauc_mrr_at_100_diff1": 0.9105019095857596,
        "nauc_mrr_at_100_max": 0.5877393248178155,
        "nauc_mrr_at_100_std": 0.05921265991222722,
        "nauc_mrr_at_10_diff1": 0.9108532680542943,
        "nauc_mrr_at_10_max": 0.5890159418119695,
        "nauc_mrr_at_10_std": 0.05965273799866495,
        "nauc_mrr_at_1_diff1": 0.9099050218602769,
        "nauc_mrr_at_1_max": 0.5479295476605608,
        "nauc_mrr_at_1_std": 0.0011861678844406235,
        "nauc_mrr_at_20_diff1": 0.9105681260215476,
        "nauc_mrr_at_20_max": 0.5883123772329648,
        "nauc_mrr_at_20_std": 0.0603966969130765,
        "nauc_mrr_at_3_diff1": 0.9091428468446079,
        "nauc_mrr_at_3_max": 0.5986711380501197,
        "nauc_mrr_at_3_std": 0.07416422317470607,
        "nauc_mrr_at_5_diff1": 0.9111436717546508,
        "nauc_mrr_at_5_max": 0.5916831000843309,
        "nauc_mrr_at_5_std": 0.06491236378938503,
        "nauc_ndcg_at_1000_diff1": 0.9110053290717108,
        "nauc_ndcg_at_1000_max": 0.5936346362553561,
        "nauc_ndcg_at_1000_std": 0.06862222134622024,
        "nauc_ndcg_at_100_diff1": 0.9110053290717108,
        "nauc_ndcg_at_100_max": 0.5936346362553561,
        "nauc_ndcg_at_100_std": 0.06862222134622024,
        "nauc_ndcg_at_10_diff1": 0.9130750188647875,
        "nauc_ndcg_at_10_max": 0.6029531110709453,
        "nauc_ndcg_at_10_std": 0.07844261258240275,
        "nauc_ndcg_at_1_diff1": 0.9099050218602769,
        "nauc_ndcg_at_1_max": 0.5479295476605608,
        "nauc_ndcg_at_1_std": 0.0011861678844406235,
        "nauc_ndcg_at_20_diff1": 0.911610473724189,
        "nauc_ndcg_at_20_max": 0.5989975377524152,
        "nauc_ndcg_at_20_std": 0.07970369144027155,
        "nauc_ndcg_at_3_diff1": 0.909080976131699,
        "nauc_ndcg_at_3_max": 0.6241486388727875,
        "nauc_ndcg_at_3_std": 0.11170454617950062,
        "nauc_ndcg_at_5_diff1": 0.9139808810321418,
        "nauc_ndcg_at_5_max": 0.6113221514947849,
        "nauc_ndcg_at_5_std": 0.09504955461219367,
        "nauc_precision_at_1000_diff1": 1.0,
        "nauc_precision_at_1000_max": 1.0,
        "nauc_precision_at_1000_std": 1.0,
        "nauc_precision_at_100_diff1": 1.0,
        "nauc_precision_at_100_max": 1.0,
        "nauc_precision_at_100_std": 1.0,
        "nauc_precision_at_10_diff1": 0.9782237168531938,
        "nauc_precision_at_10_max": 0.9256858138753236,
        "nauc_precision_at_10_std": 0.49739972500935103,
        "nauc_precision_at_1_diff1": 0.9099050218602769,
        "nauc_precision_at_1_max": 0.5479295476605608,
        "nauc_precision_at_1_std": 0.0011861678844406235,
        "nauc_precision_at_20_diff1": 0.956447433706389,
        "nauc_precision_at_20_max": 1.0,
        "nauc_precision_at_20_std": 0.9074278258632364,
        "nauc_precision_at_3_diff1": 0.9088612374844874,
        "nauc_precision_at_3_max": 0.8378028689201052,
        "nauc_precision_at_3_std": 0.4273546294573649,
        "nauc_precision_at_5_diff1": 0.9709649558042575,
        "nauc_precision_at_5_max": 0.9504572092502356,
        "nauc_precision_at_5_std": 0.6195582365294503,
        "nauc_recall_at_1000_diff1": NaN,
        "nauc_recall_at_1000_max": NaN,
        "nauc_recall_at_1000_std": NaN,
        "nauc_recall_at_100_diff1": NaN,
        "nauc_recall_at_100_max": NaN,
        "nauc_recall_at_100_std": NaN,
        "nauc_recall_at_10_diff1": 0.9782237168531874,
        "nauc_recall_at_10_max": 0.9256858138753304,
        "nauc_recall_at_10_std": 0.4973997250093543,
        "nauc_recall_at_1_diff1": 0.9099050218602769,
        "nauc_recall_at_1_max": 0.5479295476605608,
        "nauc_recall_at_1_std": 0.0011861678844406235,
        "nauc_recall_at_20_diff1": 0.9564474337064254,
        "nauc_recall_at_20_max": 1.0,
        "nauc_recall_at_20_std": 0.9074278258632704,
        "nauc_recall_at_3_diff1": 0.9088612374844762,
        "nauc_recall_at_3_max": 0.8378028689200943,
        "nauc_recall_at_3_std": 0.42735462945736713,
        "nauc_recall_at_5_diff1": 0.9709649558042663,
        "nauc_recall_at_5_max": 0.9504572092502362,
        "nauc_recall_at_5_std": 0.6195582365294423,
        "ndcg_at_1": 0.92068,
        "ndcg_at_10": 0.96324,
        "ndcg_at_100": 0.96433,
        "ndcg_at_1000": 0.96433,
        "ndcg_at_20": 0.96385,
        "ndcg_at_3": 0.95853,
        "ndcg_at_5": 0.96245,
        "precision_at_1": 0.92068,
        "precision_at_10": 0.09949,
        "precision_at_100": 0.01,
        "precision_at_1000": 0.001,
        "precision_at_20": 0.04987,
        "precision_at_3": 0.32771,
        "precision_at_5": 0.19848,
        "recall_at_1": 0.92068,
        "recall_at_10": 0.99494,
        "recall_at_100": 1.0,
        "recall_at_1000": 1.0,
        "recall_at_20": 0.99747,
        "recall_at_3": 0.98312,
        "recall_at_5": 0.99241
      }
    ]
  },
  "task_name": "XQuADRetrieval"
}