{
  "dataset_revision": "942953e674fd0f619ff89897abb806dc3df5dd39",
  "task_name": "NFCorpus-NL.v2",
  "mteb_version": "2.1.17",
  "scores": {
    "test": [
      {
        "ndcg_at_1": 0.02632,
        "ndcg_at_3": 0.02897,
        "ndcg_at_5": 0.02797,
        "ndcg_at_10": 0.02589,
        "ndcg_at_20": 0.02504,
        "ndcg_at_100": 0.03781,
        "ndcg_at_1000": 0.12286,
        "map_at_1": 0.00071,
        "map_at_3": 0.00194,
        "map_at_5": 0.00279,
        "map_at_10": 0.0038,
        "map_at_20": 0.00484,
        "map_at_100": 0.00672,
        "map_at_1000": 0.01129,
        "recall_at_1": 0.00071,
        "recall_at_3": 0.00266,
        "recall_at_5": 0.00409,
        "recall_at_10": 0.00724,
        "recall_at_20": 0.0158,
        "recall_at_100": 0.06301,
        "recall_at_1000": 0.36074,
        "accuracy": 0.00071,
        "precision_at_1": 0.02786,
        "precision_at_3": 0.03096,
        "precision_at_5": 0.02848,
        "precision_at_10": 0.02508,
        "precision_at_20": 0.02074,
        "precision_at_100": 0.01644,
        "precision_at_1000": 0.01209,
        "mrr_at_1": 0.027864,
        "mrr_at_3": 0.044376,
        "mrr_at_5": 0.049174,
        "mrr_at_10": 0.055137,
        "mrr_at_20": 0.059779,
        "mrr_at_100": 0.06715,
        "mrr_at_1000": 0.068897,
        "nauc_ndcg_at_1_max": -0.24221,
        "nauc_ndcg_at_1_std": 0.190787,
        "nauc_ndcg_at_1_diff1": -0.124989,
        "nauc_ndcg_at_3_max": -0.211064,
        "nauc_ndcg_at_3_std": 0.093826,
        "nauc_ndcg_at_3_diff1": -0.114845,
        "nauc_ndcg_at_5_max": -0.197182,
        "nauc_ndcg_at_5_std": 0.046788,
        "nauc_ndcg_at_5_diff1": -0.104437,
        "nauc_ndcg_at_10_max": -0.192046,
        "nauc_ndcg_at_10_std": 0.075171,
        "nauc_ndcg_at_10_diff1": -0.11703,
        "nauc_ndcg_at_20_max": -0.171854,
        "nauc_ndcg_at_20_std": 0.075898,
        "nauc_ndcg_at_20_diff1": -0.124888,
        "nauc_ndcg_at_100_max": -0.134315,
        "nauc_ndcg_at_100_std": 0.046129,
        "nauc_ndcg_at_100_diff1": -0.072759,
        "nauc_ndcg_at_1000_max": -0.088279,
        "nauc_ndcg_at_1000_std": 0.069058,
        "nauc_ndcg_at_1000_diff1": -0.020878,
        "nauc_map_at_1_max": -0.352009,
        "nauc_map_at_1_std": 0.203009,
        "nauc_map_at_1_diff1": -0.16992,
        "nauc_map_at_3_max": -0.300465,
        "nauc_map_at_3_std": 0.144063,
        "nauc_map_at_3_diff1": -0.21729,
        "nauc_map_at_5_max": -0.319878,
        "nauc_map_at_5_std": 0.066331,
        "nauc_map_at_5_diff1": -0.25522,
        "nauc_map_at_10_max": -0.308488,
        "nauc_map_at_10_std": 0.10469,
        "nauc_map_at_10_diff1": -0.28404,
        "nauc_map_at_20_max": -0.302835,
        "nauc_map_at_20_std": 0.122731,
        "nauc_map_at_20_diff1": -0.291325,
        "nauc_map_at_100_max": -0.289251,
        "nauc_map_at_100_std": 0.137216,
        "nauc_map_at_100_diff1": -0.239919,
        "nauc_map_at_1000_max": -0.239805,
        "nauc_map_at_1000_std": 0.10941,
        "nauc_map_at_1000_diff1": -0.172696,
        "nauc_recall_at_1_max": -0.352009,
        "nauc_recall_at_1_std": 0.203009,
        "nauc_recall_at_1_diff1": -0.16992,
        "nauc_recall_at_3_max": -0.207502,
        "nauc_recall_at_3_std": 0.139123,
        "nauc_recall_at_3_diff1": -0.11187,
        "nauc_recall_at_5_max": -0.234928,
        "nauc_recall_at_5_std": 0.026881,
        "nauc_recall_at_5_diff1": -0.113886,
        "nauc_recall_at_10_max": -0.136559,
        "nauc_recall_at_10_std": 0.105469,
        "nauc_recall_at_10_diff1": -0.125111,
        "nauc_recall_at_20_max": -0.180792,
        "nauc_recall_at_20_std": 0.048971,
        "nauc_recall_at_20_diff1": -0.171867,
        "nauc_recall_at_100_max": -0.092718,
        "nauc_recall_at_100_std": -0.019415,
        "nauc_recall_at_100_diff1": -0.003694,
        "nauc_recall_at_1000_max": -0.06288,
        "nauc_recall_at_1000_std": -0.054342,
        "nauc_recall_at_1000_diff1": 0.06637,
        "nauc_precision_at_1_max": -0.223255,
        "nauc_precision_at_1_std": 0.148307,
        "nauc_precision_at_1_diff1": -0.06249,
        "nauc_precision_at_3_max": -0.170894,
        "nauc_precision_at_3_std": 0.053634,
        "nauc_precision_at_3_diff1": -0.087659,
        "nauc_precision_at_5_max": -0.170731,
        "nauc_precision_at_5_std": -0.001915,
        "nauc_precision_at_5_diff1": -0.088885,
        "nauc_precision_at_10_max": -0.191703,
        "nauc_precision_at_10_std": 0.070601,
        "nauc_precision_at_10_diff1": -0.118837,
        "nauc_precision_at_20_max": -0.172692,
        "nauc_precision_at_20_std": 0.117801,
        "nauc_precision_at_20_diff1": -0.132236,
        "nauc_precision_at_100_max": -0.088441,
        "nauc_precision_at_100_std": 0.046671,
        "nauc_precision_at_100_diff1": -0.016156,
        "nauc_precision_at_1000_max": -0.003404,
        "nauc_precision_at_1000_std": -0.00826,
        "nauc_precision_at_1000_diff1": 0.001247,
        "nauc_mrr_at_1_max": -0.223255,
        "nauc_mrr_at_1_std": 0.148307,
        "nauc_mrr_at_1_diff1": -0.06249,
        "nauc_mrr_at_3_max": -0.152915,
        "nauc_mrr_at_3_std": 0.077588,
        "nauc_mrr_at_3_diff1": -0.005165,
        "nauc_mrr_at_5_max": -0.138422,
        "nauc_mrr_at_5_std": 0.059011,
        "nauc_mrr_at_5_diff1": 0.018941,
        "nauc_mrr_at_10_max": -0.113884,
        "nauc_mrr_at_10_std": 0.056142,
        "nauc_mrr_at_10_diff1": 0.009521,
        "nauc_mrr_at_20_max": -0.10425,
        "nauc_mrr_at_20_std": 0.062731,
        "nauc_mrr_at_20_diff1": -0.000933,
        "nauc_mrr_at_100_max": -0.101063,
        "nauc_mrr_at_100_std": 0.060424,
        "nauc_mrr_at_100_diff1": 0.003916,
        "nauc_mrr_at_1000_max": -0.102227,
        "nauc_mrr_at_1000_std": 0.061169,
        "nauc_mrr_at_1000_diff1": 0.002317,
        "cv_recall_at_1": 0.02786,
        "cv_recall_at_3": 0.06502,
        "cv_recall_at_5": 0.08669,
        "cv_recall_at_10": 0.13313,
        "cv_recall_at_20": 0.20124,
        "cv_recall_at_100": 0.51393,
        "cv_recall_at_1000": 0.91022,
        "main_score": 0.02589,
        "hf_subset": "default",
        "languages": [
          "nld-Latn"
        ]
      }
    ]
  },
  "evaluation_time": 69.30694270133972,
  "kg_co2_emissions": null
}