{
  "dataset_revision": "80cdb115ec2ef46d4e926b252f2b59af62d6c070",
  "task_name": "TV2Nordretrieval",
  "mteb_version": "1.18.0",
  "scores": {
    "test": [
      {
        "ndcg_at_1": 0.06055,
        "ndcg_at_3": 0.08032,
        "ndcg_at_5": 0.09083,
        "ndcg_at_10": 0.10239,
        "ndcg_at_20": 0.11362,
        "ndcg_at_100": 0.14627,
        "ndcg_at_1000": 0.20879,
        "map_at_1": 0.06055,
        "map_at_3": 0.07536,
        "map_at_5": 0.0811,
        "map_at_10": 0.08579,
        "map_at_20": 0.08881,
        "map_at_100": 0.09292,
        "map_at_1000": 0.09483,
        "recall_at_1": 0.06055,
        "recall_at_3": 0.09473,
        "recall_at_5": 0.12061,
        "recall_at_10": 0.15674,
        "recall_at_20": 0.20166,
        "recall_at_100": 0.38379,
        "recall_at_1000": 0.8999,
        "precision_at_1": 0.06055,
        "precision_at_3": 0.03158,
        "precision_at_5": 0.02412,
        "precision_at_10": 0.01567,
        "precision_at_20": 0.01008,
        "precision_at_100": 0.00384,
        "precision_at_1000": 0.0009,
        "mrr_at_1": 0.060547,
        "mrr_at_3": 0.075358,
        "mrr_at_5": 0.081095,
        "mrr_at_10": 0.085788,
        "mrr_at_20": 0.088806,
        "mrr_at_100": 0.092919,
        "mrr_at_1000": 0.094834,
        "nauc_ndcg_at_1_max": -0.216757,
        "nauc_ndcg_at_1_std": 0.055192,
        "nauc_ndcg_at_1_diff1": 0.450042,
        "nauc_ndcg_at_3_max": -0.206373,
        "nauc_ndcg_at_3_std": 0.024838,
        "nauc_ndcg_at_3_diff1": 0.321693,
        "nauc_ndcg_at_5_max": -0.225366,
        "nauc_ndcg_at_5_std": 0.040472,
        "nauc_ndcg_at_5_diff1": 0.301761,
        "nauc_ndcg_at_10_max": -0.222275,
        "nauc_ndcg_at_10_std": 0.04165,
        "nauc_ndcg_at_10_diff1": 0.288487,
        "nauc_ndcg_at_20_max": -0.220463,
        "nauc_ndcg_at_20_std": 0.028894,
        "nauc_ndcg_at_20_diff1": 0.278739,
        "nauc_ndcg_at_100_max": -0.230243,
        "nauc_ndcg_at_100_std": 0.022362,
        "nauc_ndcg_at_100_diff1": 0.266307,
        "nauc_ndcg_at_1000_max": -0.230558,
        "nauc_ndcg_at_1000_std": 0.034039,
        "nauc_ndcg_at_1000_diff1": 0.27294,
        "nauc_map_at_1_max": -0.216757,
        "nauc_map_at_1_std": 0.055192,
        "nauc_map_at_1_diff1": 0.450042,
        "nauc_map_at_3_max": -0.208246,
        "nauc_map_at_3_std": 0.02978,
        "nauc_map_at_3_diff1": 0.347418,
        "nauc_map_at_5_max": -0.219555,
        "nauc_map_at_5_std": 0.039326,
        "nauc_map_at_5_diff1": 0.334162,
        "nauc_map_at_10_max": -0.2183,
        "nauc_map_at_10_std": 0.040581,
        "nauc_map_at_10_diff1": 0.3275,
        "nauc_map_at_20_max": -0.217621,
        "nauc_map_at_20_std": 0.036649,
        "nauc_map_at_20_diff1": 0.323215,
        "nauc_map_at_100_max": -0.219862,
        "nauc_map_at_100_std": 0.034683,
        "nauc_map_at_100_diff1": 0.319723,
        "nauc_map_at_1000_max": -0.22012,
        "nauc_map_at_1000_std": 0.035608,
        "nauc_map_at_1000_diff1": 0.31993,
        "nauc_recall_at_1_max": -0.216757,
        "nauc_recall_at_1_std": 0.055192,
        "nauc_recall_at_1_diff1": 0.450042,
        "nauc_recall_at_3_max": -0.202119,
        "nauc_recall_at_3_std": 0.013803,
        "nauc_recall_at_3_diff1": 0.262354,
        "nauc_recall_at_5_max": -0.239268,
        "nauc_recall_at_5_std": 0.044424,
        "nauc_recall_at_5_diff1": 0.233736,
        "nauc_recall_at_10_max": -0.230227,
        "nauc_recall_at_10_std": 0.044195,
        "nauc_recall_at_10_diff1": 0.21422,
        "nauc_recall_at_20_max": -0.22516,
        "nauc_recall_at_20_std": 0.011446,
        "nauc_recall_at_20_diff1": 0.203903,
        "nauc_recall_at_100_max": -0.249874,
        "nauc_recall_at_100_std": -0.00027,
        "nauc_recall_at_100_diff1": 0.18657,
        "nauc_recall_at_1000_max": -0.281743,
        "nauc_recall_at_1000_std": 0.059399,
        "nauc_recall_at_1000_diff1": 0.094405,
        "nauc_precision_at_1_max": -0.216757,
        "nauc_precision_at_1_std": 0.055192,
        "nauc_precision_at_1_diff1": 0.450042,
        "nauc_precision_at_3_max": -0.202119,
        "nauc_precision_at_3_std": 0.013803,
        "nauc_precision_at_3_diff1": 0.262354,
        "nauc_precision_at_5_max": -0.239268,
        "nauc_precision_at_5_std": 0.044424,
        "nauc_precision_at_5_diff1": 0.233736,
        "nauc_precision_at_10_max": -0.230227,
        "nauc_precision_at_10_std": 0.044195,
        "nauc_precision_at_10_diff1": 0.21422,
        "nauc_precision_at_20_max": -0.22516,
        "nauc_precision_at_20_std": 0.011446,
        "nauc_precision_at_20_diff1": 0.203903,
        "nauc_precision_at_100_max": -0.249874,
        "nauc_precision_at_100_std": -0.00027,
        "nauc_precision_at_100_diff1": 0.18657,
        "nauc_precision_at_1000_max": -0.281743,
        "nauc_precision_at_1000_std": 0.059399,
        "nauc_precision_at_1000_diff1": 0.094405,
        "nauc_mrr_at_1_max": -0.216757,
        "nauc_mrr_at_1_std": 0.055192,
        "nauc_mrr_at_1_diff1": 0.450042,
        "nauc_mrr_at_3_max": -0.208246,
        "nauc_mrr_at_3_std": 0.02978,
        "nauc_mrr_at_3_diff1": 0.347418,
        "nauc_mrr_at_5_max": -0.219555,
        "nauc_mrr_at_5_std": 0.039326,
        "nauc_mrr_at_5_diff1": 0.334162,
        "nauc_mrr_at_10_max": -0.2183,
        "nauc_mrr_at_10_std": 0.040581,
        "nauc_mrr_at_10_diff1": 0.3275,
        "nauc_mrr_at_20_max": -0.217621,
        "nauc_mrr_at_20_std": 0.036649,
        "nauc_mrr_at_20_diff1": 0.323215,
        "nauc_mrr_at_100_max": -0.219862,
        "nauc_mrr_at_100_std": 0.034683,
        "nauc_mrr_at_100_diff1": 0.319723,
        "nauc_mrr_at_1000_max": -0.22012,
        "nauc_mrr_at_1000_std": 0.035607,
        "nauc_mrr_at_1000_diff1": 0.31993,
        "main_score": 0.10239,
        "hf_subset": "default",
        "languages": [
          "dan-Latn"
        ]
      }
    ]
  },
  "evaluation_time": 8.02173137664795,
  "kg_co2_emissions": 0.0005486411119869679
}