{
  "dataset_revision": "39b8377811871075eed9de3b8a7e21aaa6acb3d8",
  "task_name": "SciDocsRR",
  "mteb_version": "2.12.30",
  "scores": {
    "test": [
      {
        "ndcg_at_1": 0.92459,
        "ndcg_at_3": 0.87806,
        "ndcg_at_5": 0.80927,
        "ndcg_at_10": 0.88741,
        "ndcg_at_20": 0.91781,
        "ndcg_at_100": 0.92535,
        "ndcg_at_1000": 0.92535,
        "map_at_1": 0.18877,
        "map_at_3": 0.51555,
        "map_at_5": 0.73269,
        "map_at_10": 0.81592,
        "map_at_20": 0.8384,
        "map_at_100": 0.84249,
        "map_at_1000": 0.84249,
        "recall_at_1": 0.18877,
        "recall_at_3": 0.52735,
        "recall_at_5": 0.76833,
        "recall_at_10": 0.90883,
        "recall_at_20": 0.97916,
        "recall_at_100": 1.0,
        "recall_at_1000": 1.0,
        "accuracy": 0.18877,
        "precision_at_1": 0.92459,
        "precision_at_3": 0.86249,
        "precision_at_5": 0.75606,
        "precision_at_10": 0.44769,
        "precision_at_20": 0.2412,
        "precision_at_100": 0.04927,
        "precision_at_1000": 0.00493,
        "mrr_at_1": 0.924585,
        "mrr_at_3": 0.949975,
        "mrr_at_5": 0.952677,
        "mrr_at_10": 0.953773,
        "mrr_at_20": 0.953892,
        "mrr_at_100": 0.953892,
        "mrr_at_1000": 0.953892,
        "nauc_ndcg_at_1_max": 0.789646,
        "nauc_ndcg_at_1_std": 0.699971,
        "nauc_ndcg_at_1_diff1": 0.345597,
        "nauc_ndcg_at_3_max": 0.597735,
        "nauc_ndcg_at_3_std": 0.626929,
        "nauc_ndcg_at_3_diff1": 0.021564,
        "nauc_ndcg_at_5_max": 0.487141,
        "nauc_ndcg_at_5_std": 0.589604,
        "nauc_ndcg_at_5_diff1": -0.03298,
        "nauc_ndcg_at_10_max": 0.533295,
        "nauc_ndcg_at_10_std": 0.639343,
        "nauc_ndcg_at_10_diff1": -0.0164,
        "nauc_ndcg_at_20_max": 0.551757,
        "nauc_ndcg_at_20_std": 0.64074,
        "nauc_ndcg_at_20_diff1": 0.000672,
        "nauc_ndcg_at_100_max": 0.564973,
        "nauc_ndcg_at_100_std": 0.641529,
        "nauc_ndcg_at_100_diff1": 0.014606,
        "nauc_ndcg_at_1000_max": 0.564973,
        "nauc_ndcg_at_1000_std": 0.641529,
        "nauc_ndcg_at_1000_diff1": 0.014606,
        "nauc_map_at_1_max": 0.546848,
        "nauc_map_at_1_std": 0.433551,
        "nauc_map_at_1_diff1": 0.315743,
        "nauc_map_at_3_max": 0.512599,
        "nauc_map_at_3_std": 0.52257,
        "nauc_map_at_3_diff1": 0.018517,
        "nauc_map_at_5_max": 0.454005,
        "nauc_map_at_5_std": 0.568904,
        "nauc_map_at_5_diff1": -0.056558,
        "nauc_map_at_10_max": 0.494523,
        "nauc_map_at_10_std": 0.615398,
        "nauc_map_at_10_diff1": -0.049924,
        "nauc_map_at_20_max": 0.49864,
        "nauc_map_at_20_std": 0.615024,
        "nauc_map_at_20_diff1": -0.04703,
        "nauc_map_at_100_max": 0.500519,
        "nauc_map_at_100_std": 0.614134,
        "nauc_map_at_100_diff1": -0.044658,
        "nauc_map_at_1000_max": 0.500519,
        "nauc_map_at_1000_std": 0.614134,
        "nauc_map_at_1000_diff1": -0.044658,
        "nauc_recall_at_1_max": 0.546848,
        "nauc_recall_at_1_std": 0.433551,
        "nauc_recall_at_1_diff1": 0.315743,
        "nauc_recall_at_3_max": 0.493202,
        "nauc_recall_at_3_std": 0.508801,
        "nauc_recall_at_3_diff1": 0.002254,
        "nauc_recall_at_5_max": 0.429623,
        "nauc_recall_at_5_std": 0.561323,
        "nauc_recall_at_5_diff1": -0.074174,
        "nauc_recall_at_10_max": 0.448051,
        "nauc_recall_at_10_std": 0.606863,
        "nauc_recall_at_10_diff1": -0.075948,
        "nauc_recall_at_20_max": 0.398212,
        "nauc_recall_at_20_std": 0.579167,
        "nauc_recall_at_20_diff1": -0.11145,
        "nauc_recall_at_100_max": NaN,
        "nauc_recall_at_100_std": NaN,
        "nauc_recall_at_100_diff1": NaN,
        "nauc_recall_at_1000_max": NaN,
        "nauc_recall_at_1000_std": NaN,
        "nauc_recall_at_1000_diff1": NaN,
        "nauc_precision_at_1_max": 0.789646,
        "nauc_precision_at_1_std": 0.699971,
        "nauc_precision_at_1_diff1": 0.345597,
        "nauc_precision_at_3_max": 0.557926,
        "nauc_precision_at_3_std": 0.61082,
        "nauc_precision_at_3_diff1": -0.039533,
        "nauc_precision_at_5_max": 0.421715,
        "nauc_precision_at_5_std": 0.569608,
        "nauc_precision_at_5_diff1": -0.093811,
        "nauc_precision_at_10_max": 0.406034,
        "nauc_precision_at_10_std": 0.581623,
        "nauc_precision_at_10_diff1": -0.106518,
        "nauc_precision_at_20_max": 0.255634,
        "nauc_precision_at_20_std": 0.460501,
        "nauc_precision_at_20_diff1": -0.179283,
        "nauc_precision_at_100_max": 0.046215,
        "nauc_precision_at_100_std": 0.26603,
        "nauc_precision_at_100_diff1": -0.251835,
        "nauc_precision_at_1000_max": 0.046215,
        "nauc_precision_at_1000_std": 0.26603,
        "nauc_precision_at_1000_diff1": -0.251835,
        "nauc_mrr_at_1_max": 0.789646,
        "nauc_mrr_at_1_std": 0.699971,
        "nauc_mrr_at_1_diff1": 0.345597,
        "nauc_mrr_at_3_max": 0.818218,
        "nauc_mrr_at_3_std": 0.728873,
        "nauc_mrr_at_3_diff1": 0.354648,
        "nauc_mrr_at_5_max": 0.813311,
        "nauc_mrr_at_5_std": 0.724405,
        "nauc_mrr_at_5_diff1": 0.354035,
        "nauc_mrr_at_10_max": 0.810892,
        "nauc_mrr_at_10_std": 0.721891,
        "nauc_mrr_at_10_diff1": 0.352562,
        "nauc_mrr_at_20_max": 0.810563,
        "nauc_mrr_at_20_std": 0.721443,
        "nauc_mrr_at_20_diff1": 0.352462,
        "nauc_mrr_at_100_max": 0.810563,
        "nauc_mrr_at_100_std": 0.721443,
        "nauc_mrr_at_100_diff1": 0.352462,
        "nauc_mrr_at_1000_max": 0.810563,
        "nauc_mrr_at_1000_std": 0.721443,
        "nauc_mrr_at_1000_diff1": 0.352462,
        "hit_rate_at_1": 0.92459,
        "hit_rate_at_3": 0.97914,
        "hit_rate_at_5": 0.9907,
        "hit_rate_at_10": 0.99849,
        "hit_rate_at_20": 1.0,
        "hit_rate_at_100": 1.0,
        "hit_rate_at_1000": 1.0,
        "main_score": 0.84249,
        "hf_subset": "default",
        "languages": [
          "eng-Latn"
        ]
      }
    ]
  },
  "evaluation_time": 57.314746618270874,
  "kg_co2_emissions": null,
  "date": null,
  "model_name": "KiteFishAI/Minnow-Em1-0.6B",
  "model_revision": "no_revision_available"
}