{
    "dataset_revision": "None",
    "task_name": "FiQA2018",
    "evaluation_time": NaN,
    "mteb_version": "unknown",
    "scores": {
        "test": [
            {
                "hf_subset": "default",
                "languages": [
                    "eng-Latn"
                ],
                "map_at_1": 20.087,
                "map_at_10": 32.830999999999996,
                "map_at_100": 34.814,
                "map_at_1000": 34.999,
                "map_at_3": 28.198,
                "map_at_5": 30.779,
                "mrr_at_1": 38.889,
                "mrr_at_10": 48.415,
                "mrr_at_100": 49.187,
                "mrr_at_1000": 49.226,
                "mrr_at_3": 45.705,
                "mrr_at_5": 47.225,
                "ndcg_at_1": 38.889,
                "ndcg_at_10": 40.758,
                "ndcg_at_100": 47.671,
                "ndcg_at_1000": 50.744,
                "ndcg_at_3": 36.296,
                "ndcg_at_5": 37.852999999999994,
                "precision_at_1": 38.889,
                "precision_at_10": 11.466,
                "precision_at_100": 1.8499999999999999,
                "precision_at_1000": 0.24,
                "precision_at_3": 24.126,
                "precision_at_5": 18.21,
                "recall_at_1": 20.087,
                "recall_at_10": 48.042,
                "recall_at_100": 73.493,
                "recall_at_1000": 91.851,
                "recall_at_3": 32.694,
                "recall_at_5": 39.099000000000004,
                "main_score": 40.758
            }
        ]
    }
}