{
  "dataset_revision": "ebfcd844eadd3d667efa3c57fc5c8c87f5c2867e",
  "task_name": "AILAStatutes",
  "mteb_version": "2.3.11",
  "scores": {
    "test": [
      {
        "ndcg_at_1": 0.52,
        "ndcg_at_3": 0.46799,
        "ndcg_at_5": 0.4311,
        "ndcg_at_10": 0.51516,
        "ndcg_at_20": 0.5932,
        "ndcg_at_100": 0.6683,
        "ndcg_at_1000": 0.6683,
        "map_at_1": 0.126,
        "map_at_3": 0.24422,
        "map_at_5": 0.29987,
        "map_at_10": 0.35729,
        "map_at_20": 0.4022,
        "map_at_100": 0.43129,
        "map_at_1000": 0.43129,
        "recall_at_1": 0.126,
        "recall_at_3": 0.30667,
        "recall_at_5": 0.40867,
        "recall_at_10": 0.56733,
        "recall_at_20": 0.75467,
        "recall_at_100": 1.0,
        "recall_at_1000": 1.0,
        "accuracy": 0.126,
        "precision_at_1": 0.52,
        "precision_at_3": 0.44667,
        "precision_at_5": 0.356,
        "precision_at_10": 0.25,
        "precision_at_20": 0.167,
        "precision_at_100": 0.0434,
        "precision_at_1000": 0.00434,
        "mrr_at_1": 0.52,
        "mrr_at_3": 0.68,
        "mrr_at_5": 0.693,
        "mrr_at_10": 0.701413,
        "mrr_at_20": 0.701413,
        "mrr_at_100": 0.701413,
        "mrr_at_1000": 0.701413,
        "nauc_ndcg_at_1_max": 0.414196,
        "nauc_ndcg_at_1_std": 0.250258,
        "nauc_ndcg_at_1_diff1": 0.253768,
        "nauc_ndcg_at_3_max": 0.466427,
        "nauc_ndcg_at_3_std": 0.263541,
        "nauc_ndcg_at_3_diff1": 0.330069,
        "nauc_ndcg_at_5_max": 0.484967,
        "nauc_ndcg_at_5_std": 0.315534,
        "nauc_ndcg_at_5_diff1": 0.215084,
        "nauc_ndcg_at_10_max": 0.464461,
        "nauc_ndcg_at_10_std": 0.322064,
        "nauc_ndcg_at_10_diff1": 0.269006,
        "nauc_ndcg_at_20_max": 0.385669,
        "nauc_ndcg_at_20_std": 0.288628,
        "nauc_ndcg_at_20_diff1": 0.264036,
        "nauc_ndcg_at_100_max": 0.435467,
        "nauc_ndcg_at_100_std": 0.321025,
        "nauc_ndcg_at_100_diff1": 0.27875,
        "nauc_ndcg_at_1000_max": 0.435467,
        "nauc_ndcg_at_1000_std": 0.321025,
        "nauc_ndcg_at_1000_diff1": 0.27875,
        "nauc_map_at_1_max": 0.469148,
        "nauc_map_at_1_std": 0.22441,
        "nauc_map_at_1_diff1": 0.141226,
        "nauc_map_at_3_max": 0.533124,
        "nauc_map_at_3_std": 0.238896,
        "nauc_map_at_3_diff1": 0.28526,
        "nauc_map_at_5_max": 0.487763,
        "nauc_map_at_5_std": 0.289165,
        "nauc_map_at_5_diff1": 0.206729,
        "nauc_map_at_10_max": 0.471744,
        "nauc_map_at_10_std": 0.318719,
        "nauc_map_at_10_diff1": 0.256646,
        "nauc_map_at_20_max": 0.427997,
        "nauc_map_at_20_std": 0.303549,
        "nauc_map_at_20_diff1": 0.252671,
        "nauc_map_at_100_max": 0.441208,
        "nauc_map_at_100_std": 0.318261,
        "nauc_map_at_100_diff1": 0.261527,
        "nauc_map_at_1000_max": 0.441208,
        "nauc_map_at_1000_std": 0.318261,
        "nauc_map_at_1000_diff1": 0.261527,
        "nauc_recall_at_1_max": 0.469148,
        "nauc_recall_at_1_std": 0.22441,
        "nauc_recall_at_1_diff1": 0.141226,
        "nauc_recall_at_3_max": 0.584814,
        "nauc_recall_at_3_std": 0.244045,
        "nauc_recall_at_3_diff1": 0.314993,
        "nauc_recall_at_5_max": 0.437748,
        "nauc_recall_at_5_std": 0.287212,
        "nauc_recall_at_5_diff1": 0.130082,
        "nauc_recall_at_10_max": 0.349156,
        "nauc_recall_at_10_std": 0.263408,
        "nauc_recall_at_10_diff1": 0.198412,
        "nauc_recall_at_20_max": 0.066476,
        "nauc_recall_at_20_std": 0.1178,
        "nauc_recall_at_20_diff1": 0.146876,
        "nauc_recall_at_100_max": NaN,
        "nauc_recall_at_100_std": NaN,
        "nauc_recall_at_100_diff1": NaN,
        "nauc_recall_at_1000_max": NaN,
        "nauc_recall_at_1000_std": NaN,
        "nauc_recall_at_1000_diff1": NaN,
        "nauc_precision_at_1_max": 0.414196,
        "nauc_precision_at_1_std": 0.250258,
        "nauc_precision_at_1_diff1": 0.253768,
        "nauc_precision_at_3_max": 0.430304,
        "nauc_precision_at_3_std": 0.214161,
        "nauc_precision_at_3_diff1": 0.352132,
        "nauc_precision_at_5_max": 0.308225,
        "nauc_precision_at_5_std": 0.280674,
        "nauc_precision_at_5_diff1": 0.180907,
        "nauc_precision_at_10_max": 0.183326,
        "nauc_precision_at_10_std": 0.221054,
        "nauc_precision_at_10_diff1": 0.217604,
        "nauc_precision_at_20_max": -0.095871,
        "nauc_precision_at_20_std": 0.075059,
        "nauc_precision_at_20_diff1": 0.1287,
        "nauc_precision_at_100_max": -0.362617,
        "nauc_precision_at_100_std": -0.026582,
        "nauc_precision_at_100_diff1": 0.095406,
        "nauc_precision_at_1000_max": -0.362617,
        "nauc_precision_at_1000_std": -0.026582,
        "nauc_precision_at_1000_diff1": 0.095406,
        "nauc_mrr_at_1_max": 0.414196,
        "nauc_mrr_at_1_std": 0.250258,
        "nauc_mrr_at_1_diff1": 0.253768,
        "nauc_mrr_at_3_max": 0.476156,
        "nauc_mrr_at_3_std": 0.342215,
        "nauc_mrr_at_3_diff1": 0.282814,
        "nauc_mrr_at_5_max": 0.459466,
        "nauc_mrr_at_5_std": 0.318468,
        "nauc_mrr_at_5_diff1": 0.252631,
        "nauc_mrr_at_10_max": 0.448856,
        "nauc_mrr_at_10_std": 0.319424,
        "nauc_mrr_at_10_diff1": 0.250454,
        "nauc_mrr_at_20_max": 0.448856,
        "nauc_mrr_at_20_std": 0.319424,
        "nauc_mrr_at_20_diff1": 0.250454,
        "nauc_mrr_at_100_max": 0.448856,
        "nauc_mrr_at_100_std": 0.319424,
        "nauc_mrr_at_100_diff1": 0.250454,
        "nauc_mrr_at_1000_max": 0.448856,
        "nauc_mrr_at_1000_std": 0.319424,
        "nauc_mrr_at_1000_diff1": 0.250454,
        "cv_recall_at_1": 0.52,
        "cv_recall_at_3": 0.88,
        "cv_recall_at_5": 0.94,
        "cv_recall_at_10": 1.0,
        "cv_recall_at_20": 1.0,
        "cv_recall_at_100": 1.0,
        "cv_recall_at_1000": 1.0,
        "main_score": 0.51516,
        "hf_subset": "default",
        "languages": [
          "eng-Latn"
        ]
      }
    ]
  },
  "evaluation_time": 1.2202534675598145,
  "kg_co2_emissions": null
}