{
  "dataset_revision": "2c7d2df57801a591f6b1e3aaf042e7a04ec7d9f2",
  "task_name": "PpcPC",
  "mteb_version": "1.18.0",
  "scores": {
    "test": [
      {
        "similarity_accuracy": 0.618,
        "similarity_accuracy_threshold": 0.732759,
        "similarity_f1": 0.755639,
        "similarity_f1_threshold": 0.397724,
        "similarity_precision": 0.607863,
        "similarity_recall": 0.998344,
        "similarity_ap": 0.698808,
        "cosine_accuracy": 0.618,
        "cosine_accuracy_threshold": 0.732759,
        "cosine_f1": 0.755639,
        "cosine_f1_threshold": 0.397724,
        "cosine_precision": 0.607863,
        "cosine_recall": 0.998344,
        "cosine_ap": 0.698808,
        "manhattan_accuracy": 0.62,
        "manhattan_accuracy_threshold": 11.395641,
        "manhattan_f1": 0.755166,
        "manhattan_f1_threshold": 17.100327,
        "manhattan_precision": 0.607251,
        "manhattan_recall": 0.998344,
        "manhattan_ap": 0.698605,
        "euclidean_accuracy": 0.618,
        "euclidean_accuracy_threshold": 0.731083,
        "euclidean_f1": 0.755639,
        "euclidean_f1_threshold": 1.09752,
        "euclidean_precision": 0.607863,
        "euclidean_recall": 0.998344,
        "euclidean_ap": 0.698808,
        "dot_accuracy": 0.618,
        "dot_accuracy_threshold": 0.732759,
        "dot_f1": 0.755639,
        "dot_f1_threshold": 0.397724,
        "dot_precision": 0.607863,
        "dot_recall": 0.998344,
        "dot_ap": 0.698808,
        "max_accuracy": 0.62,
        "max_f1": 0.755639,
        "max_precision": 0.607863,
        "max_recall": 0.998344,
        "max_ap": 0.698808,
        "main_score": 0.698808,
        "hf_subset": "default",
        "languages": [
          "pol-Latn"
        ]
      }
    ]
  },
  "evaluation_time": 0.4366583824157715,
  "kg_co2_emissions": 1.4108232631943666e-05
}