{
  "dataset_revision": "f74c094f321077cf909ddfb8bccc1b5912a4ac28",
  "task_name": "WinoGrande",
  "mteb_version": "1.18.0",
  "scores": {
    "test": [
      {
        "ndcg_at_1": 0.21784,
        "ndcg_at_3": 0.3606,
        "ndcg_at_5": 0.42214,
        "ndcg_at_10": 0.47337,
        "ndcg_at_20": 0.50172,
        "ndcg_at_100": 0.52045,
        "ndcg_at_1000": 0.5233,
        "map_at_1": 0.21784,
        "map_at_3": 0.32491,
        "map_at_5": 0.35913,
        "map_at_10": 0.38052,
        "map_at_20": 0.38831,
        "map_at_100": 0.39122,
        "map_at_1000": 0.39135,
        "recall_at_1": 0.21784,
        "recall_at_3": 0.46409,
        "recall_at_5": 0.61326,
        "recall_at_10": 0.77032,
        "recall_at_20": 0.8824,
        "recall_at_100": 0.97869,
        "recall_at_1000": 1.0,
        "precision_at_1": 0.21784,
        "precision_at_3": 0.1547,
        "precision_at_5": 0.12265,
        "precision_at_10": 0.07703,
        "precision_at_20": 0.04412,
        "precision_at_100": 0.00979,
        "precision_at_1000": 0.001,
        "mrr_at_1": 0.217048,
        "mrr_at_3": 0.324914,
        "mrr_at_5": 0.358892,
        "mrr_at_10": 0.380259,
        "mrr_at_20": 0.388047,
        "mrr_at_100": 0.390946,
        "mrr_at_1000": 0.391074,
        "nauc_ndcg_at_1_max": 0.112314,
        "nauc_ndcg_at_1_std": -0.061895,
        "nauc_ndcg_at_1_diff1": 0.175528,
        "nauc_ndcg_at_3_max": 0.104017,
        "nauc_ndcg_at_3_std": -0.102877,
        "nauc_ndcg_at_3_diff1": 0.142212,
        "nauc_ndcg_at_5_max": 0.08193,
        "nauc_ndcg_at_5_std": -0.137609,
        "nauc_ndcg_at_5_diff1": 0.125322,
        "nauc_ndcg_at_10_max": 0.063289,
        "nauc_ndcg_at_10_std": -0.158984,
        "nauc_ndcg_at_10_diff1": 0.122299,
        "nauc_ndcg_at_20_max": 0.076606,
        "nauc_ndcg_at_20_std": -0.138295,
        "nauc_ndcg_at_20_diff1": 0.125629,
        "nauc_ndcg_at_100_max": 0.083753,
        "nauc_ndcg_at_100_std": -0.12571,
        "nauc_ndcg_at_100_diff1": 0.133358,
        "nauc_ndcg_at_1000_max": 0.085852,
        "nauc_ndcg_at_1000_std": -0.123662,
        "nauc_ndcg_at_1000_diff1": 0.136495,
        "nauc_map_at_1_max": 0.112314,
        "nauc_map_at_1_std": -0.061895,
        "nauc_map_at_1_diff1": 0.175528,
        "nauc_map_at_3_max": 0.107623,
        "nauc_map_at_3_std": -0.093346,
        "nauc_map_at_3_diff1": 0.151669,
        "nauc_map_at_5_max": 0.095697,
        "nauc_map_at_5_std": -0.112526,
        "nauc_map_at_5_diff1": 0.143067,
        "nauc_map_at_10_max": 0.088977,
        "nauc_map_at_10_std": -0.119752,
        "nauc_map_at_10_diff1": 0.142584,
        "nauc_map_at_20_max": 0.092495,
        "nauc_map_at_20_std": -0.114104,
        "nauc_map_at_20_diff1": 0.143918,
        "nauc_map_at_100_max": 0.093175,
        "nauc_map_at_100_std": -0.112508,
        "nauc_map_at_100_diff1": 0.144688,
        "nauc_map_at_1000_max": 0.09327,
        "nauc_map_at_1000_std": -0.112412,
        "nauc_map_at_1000_diff1": 0.144801,
        "nauc_recall_at_1_max": 0.112314,
        "nauc_recall_at_1_std": -0.061895,
        "nauc_recall_at_1_diff1": 0.175528,
        "nauc_recall_at_3_max": 0.093737,
        "nauc_recall_at_3_std": -0.128447,
        "nauc_recall_at_3_diff1": 0.116225,
        "nauc_recall_at_5_max": 0.036488,
        "nauc_recall_at_5_std": -0.217553,
        "nauc_recall_at_5_diff1": 0.068385,
        "nauc_recall_at_10_max": -0.062494,
        "nauc_recall_at_10_std": -0.34475,
        "nauc_recall_at_10_diff1": 0.029252,
        "nauc_recall_at_20_max": -0.041233,
        "nauc_recall_at_20_std": -0.307528,
        "nauc_recall_at_20_diff1": -0.018095,
        "nauc_recall_at_100_max": -0.082195,
        "nauc_recall_at_100_std": -0.286735,
        "nauc_recall_at_100_diff1": -0.129847,
        "nauc_recall_at_1000_max": NaN,
        "nauc_recall_at_1000_std": NaN,
        "nauc_recall_at_1000_diff1": NaN,
        "nauc_precision_at_1_max": 0.112314,
        "nauc_precision_at_1_std": -0.061895,
        "nauc_precision_at_1_diff1": 0.175528,
        "nauc_precision_at_3_max": 0.093737,
        "nauc_precision_at_3_std": -0.128447,
        "nauc_precision_at_3_diff1": 0.116225,
        "nauc_precision_at_5_max": 0.036488,
        "nauc_precision_at_5_std": -0.217553,
        "nauc_precision_at_5_diff1": 0.068385,
        "nauc_precision_at_10_max": -0.062494,
        "nauc_precision_at_10_std": -0.34475,
        "nauc_precision_at_10_diff1": 0.029252,
        "nauc_precision_at_20_max": -0.041233,
        "nauc_precision_at_20_std": -0.307528,
        "nauc_precision_at_20_diff1": -0.018095,
        "nauc_precision_at_100_max": -0.082195,
        "nauc_precision_at_100_std": -0.286735,
        "nauc_precision_at_100_diff1": -0.129847,
        "nauc_precision_at_1000_max": 1.0,
        "nauc_precision_at_1000_std": 1.0,
        "nauc_precision_at_1000_diff1": 1.0,
        "nauc_mrr_at_1_max": 0.112651,
        "nauc_mrr_at_1_std": -0.062073,
        "nauc_mrr_at_1_diff1": 0.178431,
        "nauc_mrr_at_3_max": 0.105738,
        "nauc_mrr_at_3_std": -0.093899,
        "nauc_mrr_at_3_diff1": 0.152338,
        "nauc_mrr_at_5_max": 0.09434,
        "nauc_mrr_at_5_std": -0.113043,
        "nauc_mrr_at_5_diff1": 0.143474,
        "nauc_mrr_at_10_max": 0.087661,
        "nauc_mrr_at_10_std": -0.119954,
        "nauc_mrr_at_10_diff1": 0.143427,
        "nauc_mrr_at_20_max": 0.091089,
        "nauc_mrr_at_20_std": -0.114585,
        "nauc_mrr_at_20_diff1": 0.144413,
        "nauc_mrr_at_100_max": 0.091747,
        "nauc_mrr_at_100_std": -0.112994,
        "nauc_mrr_at_100_diff1": 0.145193,
        "nauc_mrr_at_1000_max": 0.091841,
        "nauc_mrr_at_1000_std": -0.112899,
        "nauc_mrr_at_1000_diff1": 0.145306,
        "main_score": 0.47337,
        "hf_subset": "default",
        "languages": [
          "eng-Latn"
        ]
      }
    ]
  },
  "evaluation_time": 2.7140016555786133,
  "kg_co2_emissions": 8.204050658674573e-05
}