{
  "dataset_revision": "7335288588f14e5a687d97fc979194c2abe6f4e7",
  "task_name": "FarsTail",
  "mteb_version": "2.6.7",
  "scores": {
    "test": [
      {
        "similarity_accuracy": 0.691934,
        "similarity_f1": 0.722028,
        "similarity_precision": 0.6608,
        "similarity_recall": 0.795761,
        "similarity_ap": 0.737527,
        "cosine_accuracy": 0.691934,
        "cosine_f1": 0.722028,
        "cosine_precision": 0.6608,
        "cosine_recall": 0.795761,
        "cosine_ap": 0.737527,
        "manhattan_accuracy": 0.695821,
        "manhattan_f1": 0.72095,
        "manhattan_precision": 0.643939,
        "manhattan_recall": 0.818882,
        "manhattan_ap": 0.738452,
        "euclidean_accuracy": 0.692906,
        "euclidean_f1": 0.722513,
        "euclidean_precision": 0.660287,
        "euclidean_recall": 0.797688,
        "euclidean_ap": 0.737589,
        "dot_accuracy": 0.690962,
        "dot_f1": 0.721453,
        "dot_precision": 0.654631,
        "dot_recall": 0.803468,
        "dot_ap": 0.737687,
        "max_accuracy": 0.695821,
        "max_f1": 0.722513,
        "max_precision": 0.6608,
        "max_recall": 0.818882,
        "max_ap": 0.738452,
        "main_score": 0.738452,
        "hf_subset": "default",
        "languages": [
          "fas-Arab"
        ]
      }
    ]
  },
  "evaluation_time": 1.939063310623169,
  "kg_co2_emissions": null
}