{
  "dataset_revision": "fda6fad068f2ed814d99f29dc95dbb28ac586943",
  "task_name": "HC3FinanceRetrieval",
  "mteb_version": "2.6.7",
  "scores": {
    "test": [
      {
        "ndcg_at_1": 0.33494,
        "ndcg_at_3": 0.4623,
        "ndcg_at_5": 0.48563,
        "ndcg_at_10": 0.52191,
        "ndcg_at_20": 0.54338,
        "ndcg_at_100": 0.57341,
        "ndcg_at_1000": 0.57786,
        "map_at_1": 0.33494,
        "map_at_3": 0.43133,
        "map_at_5": 0.44398,
        "map_at_10": 0.45877,
        "map_at_20": 0.46474,
        "map_at_100": 0.46907,
        "map_at_1000": 0.46926,
        "recall_at_1": 0.33494,
        "recall_at_3": 0.55181,
        "recall_at_5": 0.60964,
        "recall_at_10": 0.72289,
        "recall_at_20": 0.80723,
        "recall_at_100": 0.96627,
        "recall_at_1000": 1.0,
        "accuracy": 0.33494,
        "precision_at_1": 0.33494,
        "precision_at_3": 0.18394,
        "precision_at_5": 0.12193,
        "precision_at_10": 0.07229,
        "precision_at_20": 0.04036,
        "precision_at_100": 0.00966,
        "precision_at_1000": 0.001,
        "mrr_at_1": 0.33494,
        "mrr_at_3": 0.431325,
        "mrr_at_5": 0.443976,
        "mrr_at_10": 0.45877,
        "mrr_at_20": 0.464744,
        "mrr_at_100": 0.469073,
        "mrr_at_1000": 0.469257,
        "nauc_ndcg_at_1_max": 0.230303,
        "nauc_ndcg_at_1_std": -0.140773,
        "nauc_ndcg_at_1_diff1": 0.397543,
        "nauc_ndcg_at_3_max": 0.220714,
        "nauc_ndcg_at_3_std": -0.16784,
        "nauc_ndcg_at_3_diff1": 0.319527,
        "nauc_ndcg_at_5_max": 0.225834,
        "nauc_ndcg_at_5_std": -0.163879,
        "nauc_ndcg_at_5_diff1": 0.321348,
        "nauc_ndcg_at_10_max": 0.251021,
        "nauc_ndcg_at_10_std": -0.1426,
        "nauc_ndcg_at_10_diff1": 0.335881,
        "nauc_ndcg_at_20_max": 0.255509,
        "nauc_ndcg_at_20_std": -0.137943,
        "nauc_ndcg_at_20_diff1": 0.332996,
        "nauc_ndcg_at_100_max": 0.242057,
        "nauc_ndcg_at_100_std": -0.145463,
        "nauc_ndcg_at_100_diff1": 0.336529,
        "nauc_ndcg_at_1000_max": 0.242836,
        "nauc_ndcg_at_1000_std": -0.14546,
        "nauc_ndcg_at_1000_diff1": 0.339621,
        "nauc_map_at_1_max": 0.230303,
        "nauc_map_at_1_std": -0.140773,
        "nauc_map_at_1_diff1": 0.397543,
        "nauc_map_at_3_max": 0.224236,
        "nauc_map_at_3_std": -0.158718,
        "nauc_map_at_3_diff1": 0.336623,
        "nauc_map_at_5_max": 0.227257,
        "nauc_map_at_5_std": -0.156604,
        "nauc_map_at_5_diff1": 0.337456,
        "nauc_map_at_10_max": 0.23829,
        "nauc_map_at_10_std": -0.148676,
        "nauc_map_at_10_diff1": 0.344887,
        "nauc_map_at_20_max": 0.238994,
        "nauc_map_at_20_std": -0.148085,
        "nauc_map_at_20_diff1": 0.344485,
        "nauc_map_at_100_max": 0.237749,
        "nauc_map_at_100_std": -0.148179,
        "nauc_map_at_100_diff1": 0.34511,
        "nauc_map_at_1000_max": 0.237775,
        "nauc_map_at_1000_std": -0.148166,
        "nauc_map_at_1000_diff1": 0.34524,
        "nauc_recall_at_1_max": 0.230303,
        "nauc_recall_at_1_std": -0.140773,
        "nauc_recall_at_1_diff1": 0.397543,
        "nauc_recall_at_3_max": 0.209637,
        "nauc_recall_at_3_std": -0.196297,
        "nauc_recall_at_3_diff1": 0.26908,
        "nauc_recall_at_5_max": 0.221336,
        "nauc_recall_at_5_std": -0.187261,
        "nauc_recall_at_5_diff1": 0.271991,
        "nauc_recall_at_10_max": 0.31141,
        "nauc_recall_at_10_std": -0.105265,
        "nauc_recall_at_10_diff1": 0.306377,
        "nauc_recall_at_20_max": 0.364879,
        "nauc_recall_at_20_std": -0.055388,
        "nauc_recall_at_20_diff1": 0.275021,
        "nauc_recall_at_100_max": 0.198,
        "nauc_recall_at_100_std": -0.139436,
        "nauc_recall_at_100_diff1": 0.163755,
        "nauc_recall_at_1000_max": NaN,
        "nauc_recall_at_1000_std": NaN,
        "nauc_recall_at_1000_diff1": NaN,
        "nauc_precision_at_1_max": 0.230303,
        "nauc_precision_at_1_std": -0.140773,
        "nauc_precision_at_1_diff1": 0.397543,
        "nauc_precision_at_3_max": 0.209637,
        "nauc_precision_at_3_std": -0.196297,
        "nauc_precision_at_3_diff1": 0.26908,
        "nauc_precision_at_5_max": 0.221336,
        "nauc_precision_at_5_std": -0.187261,
        "nauc_precision_at_5_diff1": 0.271991,
        "nauc_precision_at_10_max": 0.31141,
        "nauc_precision_at_10_std": -0.105265,
        "nauc_precision_at_10_diff1": 0.306377,
        "nauc_precision_at_20_max": 0.364879,
        "nauc_precision_at_20_std": -0.055388,
        "nauc_precision_at_20_diff1": 0.275021,
        "nauc_precision_at_100_max": 0.198,
        "nauc_precision_at_100_std": -0.139436,
        "nauc_precision_at_100_diff1": 0.163755,
        "nauc_precision_at_1000_max": 1.0,
        "nauc_precision_at_1000_std": 1.0,
        "nauc_precision_at_1000_diff1": 1.0,
        "nauc_mrr_at_1_max": 0.230303,
        "nauc_mrr_at_1_std": -0.140773,
        "nauc_mrr_at_1_diff1": 0.397543,
        "nauc_mrr_at_3_max": 0.224236,
        "nauc_mrr_at_3_std": -0.158718,
        "nauc_mrr_at_3_diff1": 0.336623,
        "nauc_mrr_at_5_max": 0.227257,
        "nauc_mrr_at_5_std": -0.156604,
        "nauc_mrr_at_5_diff1": 0.337456,
        "nauc_mrr_at_10_max": 0.23829,
        "nauc_mrr_at_10_std": -0.148676,
        "nauc_mrr_at_10_diff1": 0.344887,
        "nauc_mrr_at_20_max": 0.238994,
        "nauc_mrr_at_20_std": -0.148085,
        "nauc_mrr_at_20_diff1": 0.344485,
        "nauc_mrr_at_100_max": 0.237749,
        "nauc_mrr_at_100_std": -0.148179,
        "nauc_mrr_at_100_diff1": 0.34511,
        "nauc_mrr_at_1000_max": 0.237775,
        "nauc_mrr_at_1000_std": -0.148166,
        "nauc_mrr_at_1000_diff1": 0.34524,
        "cv_recall_at_1": 0.33494,
        "cv_recall_at_3": 0.55181,
        "cv_recall_at_5": 0.60964,
        "cv_recall_at_10": 0.72289,
        "cv_recall_at_20": 0.80723,
        "cv_recall_at_100": 0.96627,
        "cv_recall_at_1000": 1.0,
        "main_score": 0.52191,
        "hf_subset": "default",
        "languages": [
          "eng-Latn"
        ]
      }
    ]
  },
  "evaluation_time": 3.0234482288360596,
  "kg_co2_emissions": null
}