{
  "dataset_revision": "586a1fd6a0c63fdeda3b49c0293559a81c79cdec",
  "task_name": "MBPPRetrieval",
  "mteb_version": "2.6.7",
  "scores": {
    "test": [
      {
        "ndcg_at_1": 0.71458,
        "ndcg_at_3": 0.82086,
        "ndcg_at_5": 0.83319,
        "ndcg_at_10": 0.84626,
        "ndcg_at_20": 0.85101,
        "ndcg_at_100": 0.85355,
        "ndcg_at_1000": 0.85433,
        "map_at_1": 0.71458,
        "map_at_3": 0.79603,
        "map_at_5": 0.80291,
        "map_at_10": 0.80837,
        "map_at_20": 0.80971,
        "map_at_100": 0.81009,
        "map_at_1000": 0.81012,
        "recall_at_1": 0.71458,
        "recall_at_3": 0.8922,
        "recall_at_5": 0.92197,
        "recall_at_10": 0.96201,
        "recall_at_20": 0.98049,
        "recall_at_100": 0.99384,
        "recall_at_1000": 1.0,
        "accuracy": 0.71458,
        "precision_at_1": 0.71458,
        "precision_at_3": 0.2974,
        "precision_at_5": 0.18439,
        "precision_at_10": 0.0962,
        "precision_at_20": 0.04902,
        "precision_at_100": 0.00994,
        "precision_at_1000": 0.001,
        "mrr_at_1": 0.714579,
        "mrr_at_3": 0.79603,
        "mrr_at_5": 0.802909,
        "mrr_at_10": 0.808365,
        "mrr_at_20": 0.809719,
        "mrr_at_100": 0.810092,
        "mrr_at_1000": 0.810121,
        "nauc_ndcg_at_1_max": 0.412218,
        "nauc_ndcg_at_1_std": -0.109483,
        "nauc_ndcg_at_1_diff1": 0.735172,
        "nauc_ndcg_at_3_max": 0.517596,
        "nauc_ndcg_at_3_std": -0.124536,
        "nauc_ndcg_at_3_diff1": 0.702323,
        "nauc_ndcg_at_5_max": 0.516464,
        "nauc_ndcg_at_5_std": -0.120431,
        "nauc_ndcg_at_5_diff1": 0.699306,
        "nauc_ndcg_at_10_max": 0.501118,
        "nauc_ndcg_at_10_std": -0.127679,
        "nauc_ndcg_at_10_diff1": 0.710376,
        "nauc_ndcg_at_20_max": 0.494259,
        "nauc_ndcg_at_20_std": -0.118708,
        "nauc_ndcg_at_20_diff1": 0.712177,
        "nauc_ndcg_at_100_max": 0.488442,
        "nauc_ndcg_at_100_std": -0.113404,
        "nauc_ndcg_at_100_diff1": 0.714013,
        "nauc_ndcg_at_1000_max": 0.485667,
        "nauc_ndcg_at_1000_std": -0.116892,
        "nauc_ndcg_at_1000_diff1": 0.713971,
        "nauc_map_at_1_max": 0.412218,
        "nauc_map_at_1_std": -0.109483,
        "nauc_map_at_1_diff1": 0.735172,
        "nauc_map_at_3_max": 0.485674,
        "nauc_map_at_3_std": -0.120276,
        "nauc_map_at_3_diff1": 0.713157,
        "nauc_map_at_5_max": 0.483989,
        "nauc_map_at_5_std": -0.118538,
        "nauc_map_at_5_diff1": 0.712272,
        "nauc_map_at_10_max": 0.47778,
        "nauc_map_at_10_std": -0.120822,
        "nauc_map_at_10_diff1": 0.716204,
        "nauc_map_at_20_max": 0.475977,
        "nauc_map_at_20_std": -0.118612,
        "nauc_map_at_20_diff1": 0.716536,
        "nauc_map_at_100_max": 0.475376,
        "nauc_map_at_100_std": -0.117667,
        "nauc_map_at_100_diff1": 0.716744,
        "nauc_map_at_1000_max": 0.475296,
        "nauc_map_at_1000_std": -0.117773,
        "nauc_map_at_1000_diff1": 0.71675,
        "nauc_recall_at_1_max": 0.412218,
        "nauc_recall_at_1_std": -0.109483,
        "nauc_recall_at_1_diff1": 0.735172,
        "nauc_recall_at_3_max": 0.674757,
        "nauc_recall_at_3_std": -0.145275,
        "nauc_recall_at_3_diff1": 0.648312,
        "nauc_recall_at_5_max": 0.726797,
        "nauc_recall_at_5_std": -0.129932,
        "nauc_recall_at_5_diff1": 0.61276,
        "nauc_recall_at_10_max": 0.775912,
        "nauc_recall_at_10_std": -0.22367,
        "nauc_recall_at_10_diff1": 0.651014,
        "nauc_recall_at_20_max": 0.858137,
        "nauc_recall_at_20_std": -0.084315,
        "nauc_recall_at_20_diff1": 0.651042,
        "nauc_recall_at_100_max": 0.953707,
        "nauc_recall_at_100_std": 0.459021,
        "nauc_recall_at_100_diff1": 0.732348,
        "nauc_recall_at_1000_max": NaN,
        "nauc_recall_at_1000_std": NaN,
        "nauc_recall_at_1000_diff1": NaN,
        "nauc_precision_at_1_max": 0.412218,
        "nauc_precision_at_1_std": -0.109483,
        "nauc_precision_at_1_diff1": 0.735172,
        "nauc_precision_at_3_max": 0.674757,
        "nauc_precision_at_3_std": -0.145275,
        "nauc_precision_at_3_diff1": 0.648312,
        "nauc_precision_at_5_max": 0.726797,
        "nauc_precision_at_5_std": -0.129932,
        "nauc_precision_at_5_diff1": 0.61276,
        "nauc_precision_at_10_max": 0.775912,
        "nauc_precision_at_10_std": -0.22367,
        "nauc_precision_at_10_diff1": 0.651014,
        "nauc_precision_at_20_max": 0.858137,
        "nauc_precision_at_20_std": -0.084315,
        "nauc_precision_at_20_diff1": 0.651042,
        "nauc_precision_at_100_max": 0.953707,
        "nauc_precision_at_100_std": 0.459021,
        "nauc_precision_at_100_diff1": 0.732348,
        "nauc_precision_at_1000_max": 1.0,
        "nauc_precision_at_1000_std": 1.0,
        "nauc_precision_at_1000_diff1": 1.0,
        "nauc_mrr_at_1_max": 0.412218,
        "nauc_mrr_at_1_std": -0.109483,
        "nauc_mrr_at_1_diff1": 0.735172,
        "nauc_mrr_at_3_max": 0.485674,
        "nauc_mrr_at_3_std": -0.120276,
        "nauc_mrr_at_3_diff1": 0.713157,
        "nauc_mrr_at_5_max": 0.483989,
        "nauc_mrr_at_5_std": -0.118538,
        "nauc_mrr_at_5_diff1": 0.712272,
        "nauc_mrr_at_10_max": 0.47778,
        "nauc_mrr_at_10_std": -0.120822,
        "nauc_mrr_at_10_diff1": 0.716204,
        "nauc_mrr_at_20_max": 0.475966,
        "nauc_mrr_at_20_std": -0.118603,
        "nauc_mrr_at_20_diff1": 0.716536,
        "nauc_mrr_at_100_max": 0.475365,
        "nauc_mrr_at_100_std": -0.117657,
        "nauc_mrr_at_100_diff1": 0.716744,
        "nauc_mrr_at_1000_max": 0.475284,
        "nauc_mrr_at_1000_std": -0.117763,
        "nauc_mrr_at_1000_diff1": 0.71675,
        "cv_recall_at_1": 0.71458,
        "cv_recall_at_3": 0.8922,
        "cv_recall_at_5": 0.92197,
        "cv_recall_at_10": 0.96201,
        "cv_recall_at_20": 0.98049,
        "cv_recall_at_100": 0.99384,
        "cv_recall_at_1000": 1.0,
        "main_score": 0.84626,
        "hf_subset": "default",
        "languages": [
          "eng-Latn",
          "python-Code"
        ]
      }
    ]
  },
  "evaluation_time": 4.4773571491241455,
  "kg_co2_emissions": null
}