{
  "dataset_revision": "a13d72fbb859be3dc19ab669d1ec9510407d2dcd",
  "task_name": "NFCorpus-VN",
  "mteb_version": "2.6.7",
  "scores": {
    "test": [
      {
        "ndcg_at_1": 0.38253,
        "ndcg_at_3": 0.34496,
        "ndcg_at_5": 0.32845,
        "ndcg_at_10": 0.30279,
        "ndcg_at_20": 0.28303,
        "ndcg_at_100": 0.27583,
        "ndcg_at_1000": 0.36312,
        "map_at_1": 0.04756,
        "map_at_3": 0.08793,
        "map_at_5": 0.10159,
        "map_at_10": 0.11516,
        "map_at_20": 0.12525,
        "map_at_100": 0.14037,
        "map_at_1000": 0.15455,
        "recall_at_1": 0.04756,
        "recall_at_3": 0.09943,
        "recall_at_5": 0.12325,
        "recall_at_10": 0.15203,
        "recall_at_20": 0.17783,
        "recall_at_100": 0.2737,
        "recall_at_1000": 0.57882,
        "accuracy": 0.04756,
        "precision_at_1": 0.40361,
        "precision_at_3": 0.32731,
        "precision_at_5": 0.28434,
        "precision_at_10": 0.22169,
        "precision_at_20": 0.16476,
        "precision_at_100": 0.07096,
        "precision_at_1000": 0.02141,
        "mrr_at_1": 0.403614,
        "mrr_at_3": 0.468876,
        "mrr_at_5": 0.476104,
        "mrr_at_10": 0.487464,
        "mrr_at_20": 0.491781,
        "mrr_at_100": 0.494575,
        "mrr_at_1000": 0.495002,
        "nauc_ndcg_at_1_max": 0.322522,
        "nauc_ndcg_at_1_std": 0.158524,
        "nauc_ndcg_at_1_diff1": 0.275496,
        "nauc_ndcg_at_3_max": 0.419209,
        "nauc_ndcg_at_3_std": 0.229995,
        "nauc_ndcg_at_3_diff1": 0.238065,
        "nauc_ndcg_at_5_max": 0.439936,
        "nauc_ndcg_at_5_std": 0.256499,
        "nauc_ndcg_at_5_diff1": 0.215251,
        "nauc_ndcg_at_10_max": 0.445572,
        "nauc_ndcg_at_10_std": 0.285293,
        "nauc_ndcg_at_10_diff1": 0.193052,
        "nauc_ndcg_at_20_max": 0.444095,
        "nauc_ndcg_at_20_std": 0.284293,
        "nauc_ndcg_at_20_diff1": 0.171353,
        "nauc_ndcg_at_100_max": 0.445012,
        "nauc_ndcg_at_100_std": 0.253978,
        "nauc_ndcg_at_100_diff1": 0.203034,
        "nauc_ndcg_at_1000_max": 0.494687,
        "nauc_ndcg_at_1000_std": 0.323348,
        "nauc_ndcg_at_1000_diff1": 0.218891,
        "nauc_map_at_1_max": 0.239125,
        "nauc_map_at_1_std": -0.180006,
        "nauc_map_at_1_diff1": 0.434064,
        "nauc_map_at_3_max": 0.248079,
        "nauc_map_at_3_std": -0.132765,
        "nauc_map_at_3_diff1": 0.286771,
        "nauc_map_at_5_max": 0.285822,
        "nauc_map_at_5_std": -0.09482,
        "nauc_map_at_5_diff1": 0.257,
        "nauc_map_at_10_max": 0.322734,
        "nauc_map_at_10_std": -0.058613,
        "nauc_map_at_10_diff1": 0.250529,
        "nauc_map_at_20_max": 0.346849,
        "nauc_map_at_20_std": -0.021211,
        "nauc_map_at_20_diff1": 0.234414,
        "nauc_map_at_100_max": 0.372359,
        "nauc_map_at_100_std": 0.049875,
        "nauc_map_at_100_diff1": 0.217319,
        "nauc_map_at_1000_max": 0.388348,
        "nauc_map_at_1000_std": 0.110033,
        "nauc_map_at_1000_diff1": 0.207874,
        "nauc_recall_at_1_max": 0.239125,
        "nauc_recall_at_1_std": -0.180006,
        "nauc_recall_at_1_diff1": 0.434064,
        "nauc_recall_at_3_max": 0.239978,
        "nauc_recall_at_3_std": -0.102024,
        "nauc_recall_at_3_diff1": 0.266957,
        "nauc_recall_at_5_max": 0.275024,
        "nauc_recall_at_5_std": -0.047997,
        "nauc_recall_at_5_diff1": 0.235721,
        "nauc_recall_at_10_max": 0.299747,
        "nauc_recall_at_10_std": -0.018794,
        "nauc_recall_at_10_diff1": 0.229433,
        "nauc_recall_at_20_max": 0.330174,
        "nauc_recall_at_20_std": 0.009461,
        "nauc_recall_at_20_diff1": 0.216042,
        "nauc_recall_at_100_max": 0.326303,
        "nauc_recall_at_100_std": 0.128724,
        "nauc_recall_at_100_diff1": 0.16726,
        "nauc_recall_at_1000_max": 0.330097,
        "nauc_recall_at_1000_std": 0.221487,
        "nauc_recall_at_1000_diff1": 0.17762,
        "nauc_precision_at_1_max": 0.316938,
        "nauc_precision_at_1_std": 0.170163,
        "nauc_precision_at_1_diff1": 0.252542,
        "nauc_precision_at_3_max": 0.429284,
        "nauc_precision_at_3_std": 0.311247,
        "nauc_precision_at_3_diff1": 0.149195,
        "nauc_precision_at_5_max": 0.442933,
        "nauc_precision_at_5_std": 0.355558,
        "nauc_precision_at_5_diff1": 0.101998,
        "nauc_precision_at_10_max": 0.441303,
        "nauc_precision_at_10_std": 0.435538,
        "nauc_precision_at_10_diff1": 0.042867,
        "nauc_precision_at_20_max": 0.407779,
        "nauc_precision_at_20_std": 0.502325,
        "nauc_precision_at_20_diff1": -0.012886,
        "nauc_precision_at_100_max": 0.309671,
        "nauc_precision_at_100_std": 0.626376,
        "nauc_precision_at_100_diff1": -0.085971,
        "nauc_precision_at_1000_max": 0.173136,
        "nauc_precision_at_1000_std": 0.563889,
        "nauc_precision_at_1000_diff1": -0.087914,
        "nauc_mrr_at_1_max": 0.316938,
        "nauc_mrr_at_1_std": 0.170163,
        "nauc_mrr_at_1_diff1": 0.252542,
        "nauc_mrr_at_3_max": 0.404349,
        "nauc_mrr_at_3_std": 0.251982,
        "nauc_mrr_at_3_diff1": 0.272686,
        "nauc_mrr_at_5_max": 0.409364,
        "nauc_mrr_at_5_std": 0.249232,
        "nauc_mrr_at_5_diff1": 0.282831,
        "nauc_mrr_at_10_max": 0.399578,
        "nauc_mrr_at_10_std": 0.247252,
        "nauc_mrr_at_10_diff1": 0.273397,
        "nauc_mrr_at_20_max": 0.404035,
        "nauc_mrr_at_20_std": 0.250337,
        "nauc_mrr_at_20_diff1": 0.274144,
        "nauc_mrr_at_100_max": 0.40426,
        "nauc_mrr_at_100_std": 0.251812,
        "nauc_mrr_at_100_diff1": 0.273082,
        "nauc_mrr_at_1000_max": 0.4038,
        "nauc_mrr_at_1000_std": 0.251203,
        "nauc_mrr_at_1000_diff1": 0.273001,
        "cv_recall_at_1": 0.40361,
        "cv_recall_at_3": 0.56024,
        "cv_recall_at_5": 0.59036,
        "cv_recall_at_10": 0.66867,
        "cv_recall_at_20": 0.72289,
        "cv_recall_at_100": 0.83133,
        "cv_recall_at_1000": 0.94578,
        "main_score": 0.30279,
        "hf_subset": "default",
        "languages": [
          "vie-Latn"
        ]
      }
    ]
  },
  "evaluation_time": 20.564191818237305,
  "kg_co2_emissions": null
}