{
  "dataset_revision": "d42860a6c15f0a2c4485bda10c6e5b641fdfe479",
  "task_name": "RiaNewsRetrievalHardNegatives.v2",
  "mteb_version": "2.6.7",
  "scores": {
    "test": [
      {
        "ndcg_at_1": 0.595,
        "ndcg_at_3": 0.69406,
        "ndcg_at_5": 0.71691,
        "ndcg_at_10": 0.73706,
        "ndcg_at_20": 0.74589,
        "ndcg_at_100": 0.75563,
        "ndcg_at_1000": 0.75758,
        "map_at_1": 0.595,
        "map_at_3": 0.67017,
        "map_at_5": 0.68297,
        "map_at_10": 0.69134,
        "map_at_20": 0.69375,
        "map_at_100": 0.69506,
        "map_at_1000": 0.69515,
        "recall_at_1": 0.595,
        "recall_at_3": 0.763,
        "recall_at_5": 0.818,
        "recall_at_10": 0.88,
        "recall_at_20": 0.915,
        "recall_at_100": 0.968,
        "recall_at_1000": 0.983,
        "accuracy": 0.595,
        "precision_at_1": 0.595,
        "precision_at_3": 0.25433,
        "precision_at_5": 0.1636,
        "precision_at_10": 0.088,
        "precision_at_20": 0.04575,
        "precision_at_100": 0.00968,
        "precision_at_1000": 0.00098,
        "mrr_at_1": 0.595,
        "mrr_at_3": 0.670167,
        "mrr_at_5": 0.682967,
        "mrr_at_10": 0.691342,
        "mrr_at_20": 0.693751,
        "mrr_at_100": 0.695065,
        "mrr_at_1000": 0.695146,
        "nauc_ndcg_at_1_max": 0.143101,
        "nauc_ndcg_at_1_std": -0.239591,
        "nauc_ndcg_at_1_diff1": 0.715952,
        "nauc_ndcg_at_3_max": 0.174518,
        "nauc_ndcg_at_3_std": -0.274766,
        "nauc_ndcg_at_3_diff1": 0.673643,
        "nauc_ndcg_at_5_max": 0.184924,
        "nauc_ndcg_at_5_std": -0.259417,
        "nauc_ndcg_at_5_diff1": 0.669873,
        "nauc_ndcg_at_10_max": 0.190667,
        "nauc_ndcg_at_10_std": -0.251996,
        "nauc_ndcg_at_10_diff1": 0.667947,
        "nauc_ndcg_at_20_max": 0.18849,
        "nauc_ndcg_at_20_std": -0.244285,
        "nauc_ndcg_at_20_diff1": 0.670496,
        "nauc_ndcg_at_100_max": 0.18888,
        "nauc_ndcg_at_100_std": -0.236286,
        "nauc_ndcg_at_100_diff1": 0.675557,
        "nauc_ndcg_at_1000_max": 0.187649,
        "nauc_ndcg_at_1000_std": -0.238465,
        "nauc_ndcg_at_1000_diff1": 0.677948,
        "nauc_map_at_1_max": 0.143101,
        "nauc_map_at_1_std": -0.239591,
        "nauc_map_at_1_diff1": 0.715952,
        "nauc_map_at_3_max": 0.169929,
        "nauc_map_at_3_std": -0.263052,
        "nauc_map_at_3_diff1": 0.686007,
        "nauc_map_at_5_max": 0.175132,
        "nauc_map_at_5_std": -0.254667,
        "nauc_map_at_5_diff1": 0.684537,
        "nauc_map_at_10_max": 0.176034,
        "nauc_map_at_10_std": -0.252814,
        "nauc_map_at_10_diff1": 0.684304,
        "nauc_map_at_20_max": 0.175525,
        "nauc_map_at_20_std": -0.250942,
        "nauc_map_at_20_diff1": 0.68507,
        "nauc_map_at_100_max": 0.175525,
        "nauc_map_at_100_std": -0.250034,
        "nauc_map_at_100_diff1": 0.685782,
        "nauc_map_at_1000_max": 0.175482,
        "nauc_map_at_1000_std": -0.250105,
        "nauc_map_at_1000_diff1": 0.685869,
        "nauc_recall_at_1_max": 0.143101,
        "nauc_recall_at_1_std": -0.239591,
        "nauc_recall_at_1_diff1": 0.715952,
        "nauc_recall_at_3_max": 0.18911,
        "nauc_recall_at_3_std": -0.318664,
        "nauc_recall_at_3_diff1": 0.628074,
        "nauc_recall_at_5_max": 0.227361,
        "nauc_recall_at_5_std": -0.278557,
        "nauc_recall_at_5_diff1": 0.604158,
        "nauc_recall_at_10_max": 0.290308,
        "nauc_recall_at_10_std": -0.233471,
        "nauc_recall_at_10_diff1": 0.562341,
        "nauc_recall_at_20_max": 0.303955,
        "nauc_recall_at_20_std": -0.151612,
        "nauc_recall_at_20_diff1": 0.546724,
        "nauc_recall_at_100_max": 0.502991,
        "nauc_recall_at_100_std": 0.274058,
        "nauc_recall_at_100_diff1": 0.507645,
        "nauc_recall_at_1000_max": 0.661916,
        "nauc_recall_at_1000_std": 0.514994,
        "nauc_recall_at_1000_diff1": 0.571154,
        "nauc_precision_at_1_max": 0.143101,
        "nauc_precision_at_1_std": -0.239591,
        "nauc_precision_at_1_diff1": 0.715952,
        "nauc_precision_at_3_max": 0.18911,
        "nauc_precision_at_3_std": -0.318664,
        "nauc_precision_at_3_diff1": 0.628074,
        "nauc_precision_at_5_max": 0.227361,
        "nauc_precision_at_5_std": -0.278557,
        "nauc_precision_at_5_diff1": 0.604158,
        "nauc_precision_at_10_max": 0.290308,
        "nauc_precision_at_10_std": -0.233471,
        "nauc_precision_at_10_diff1": 0.562341,
        "nauc_precision_at_20_max": 0.303955,
        "nauc_precision_at_20_std": -0.151612,
        "nauc_precision_at_20_diff1": 0.546724,
        "nauc_precision_at_100_max": 0.502991,
        "nauc_precision_at_100_std": 0.274058,
        "nauc_precision_at_100_diff1": 0.507645,
        "nauc_precision_at_1000_max": 0.661916,
        "nauc_precision_at_1000_std": 0.514994,
        "nauc_precision_at_1000_diff1": 0.571154,
        "nauc_mrr_at_1_max": 0.143101,
        "nauc_mrr_at_1_std": -0.239591,
        "nauc_mrr_at_1_diff1": 0.715952,
        "nauc_mrr_at_3_max": 0.169929,
        "nauc_mrr_at_3_std": -0.263052,
        "nauc_mrr_at_3_diff1": 0.686007,
        "nauc_mrr_at_5_max": 0.175132,
        "nauc_mrr_at_5_std": -0.254667,
        "nauc_mrr_at_5_diff1": 0.684537,
        "nauc_mrr_at_10_max": 0.176034,
        "nauc_mrr_at_10_std": -0.252814,
        "nauc_mrr_at_10_diff1": 0.684304,
        "nauc_mrr_at_20_max": 0.175525,
        "nauc_mrr_at_20_std": -0.250942,
        "nauc_mrr_at_20_diff1": 0.68507,
        "nauc_mrr_at_100_max": 0.175525,
        "nauc_mrr_at_100_std": -0.250034,
        "nauc_mrr_at_100_diff1": 0.685782,
        "nauc_mrr_at_1000_max": 0.175482,
        "nauc_mrr_at_1000_std": -0.250105,
        "nauc_mrr_at_1000_diff1": 0.685869,
        "cv_recall_at_1": 0.595,
        "cv_recall_at_3": 0.763,
        "cv_recall_at_5": 0.818,
        "cv_recall_at_10": 0.88,
        "cv_recall_at_20": 0.915,
        "cv_recall_at_100": 0.968,
        "cv_recall_at_1000": 0.983,
        "main_score": 0.73706,
        "hf_subset": "default",
        "languages": [
          "rus-Cyrl"
        ]
      }
    ]
  },
  "evaluation_time": 900.6237697601318,
  "kg_co2_emissions": null
}