{
  "dataset_revision": "9d32af6540970e2845028cbfffe6b0d0e8f52428",
  "task_name": "SynPerChatbotRAGFAQRetrieval",
  "mteb_version": "2.6.7",
  "scores": {
    "test": [
      {
        "ndcg_at_1": 0.28795,
        "ndcg_at_3": 0.395,
        "ndcg_at_5": 0.43487,
        "ndcg_at_10": 0.47465,
        "ndcg_at_20": 0.49454,
        "ndcg_at_100": 0.5225,
        "ndcg_at_1000": 0.53085,
        "map_at_1": 0.28795,
        "map_at_3": 0.36845,
        "map_at_5": 0.39062,
        "map_at_10": 0.40715,
        "map_at_20": 0.41256,
        "map_at_100": 0.41678,
        "map_at_1000": 0.41713,
        "recall_at_1": 0.28795,
        "recall_at_3": 0.47194,
        "recall_at_5": 0.56854,
        "recall_at_10": 0.69089,
        "recall_at_20": 0.77001,
        "recall_at_100": 0.91536,
        "recall_at_1000": 0.97976,
        "accuracy": 0.28795,
        "precision_at_1": 0.28795,
        "precision_at_3": 0.15731,
        "precision_at_5": 0.11371,
        "precision_at_10": 0.06909,
        "precision_at_20": 0.0385,
        "precision_at_100": 0.00915,
        "precision_at_1000": 0.00098,
        "mrr_at_1": 0.287948,
        "mrr_at_3": 0.368445,
        "mrr_at_5": 0.390616,
        "mrr_at_10": 0.407155,
        "mrr_at_20": 0.412561,
        "mrr_at_100": 0.416781,
        "mrr_at_1000": 0.417128,
        "nauc_ndcg_at_1_max": 0.197231,
        "nauc_ndcg_at_1_std": -0.217497,
        "nauc_ndcg_at_1_diff1": 0.455689,
        "nauc_ndcg_at_3_max": 0.185769,
        "nauc_ndcg_at_3_std": -0.244138,
        "nauc_ndcg_at_3_diff1": 0.392432,
        "nauc_ndcg_at_5_max": 0.189217,
        "nauc_ndcg_at_5_std": -0.239409,
        "nauc_ndcg_at_5_diff1": 0.381143,
        "nauc_ndcg_at_10_max": 0.215722,
        "nauc_ndcg_at_10_std": -0.222109,
        "nauc_ndcg_at_10_diff1": 0.375042,
        "nauc_ndcg_at_20_max": 0.224057,
        "nauc_ndcg_at_20_std": -0.214515,
        "nauc_ndcg_at_20_diff1": 0.375674,
        "nauc_ndcg_at_100_max": 0.226987,
        "nauc_ndcg_at_100_std": -0.201498,
        "nauc_ndcg_at_100_diff1": 0.382744,
        "nauc_ndcg_at_1000_max": 0.216019,
        "nauc_ndcg_at_1000_std": -0.209629,
        "nauc_ndcg_at_1000_diff1": 0.386587,
        "nauc_map_at_1_max": 0.197231,
        "nauc_map_at_1_std": -0.217497,
        "nauc_map_at_1_diff1": 0.455689,
        "nauc_map_at_3_max": 0.187707,
        "nauc_map_at_3_std": -0.240147,
        "nauc_map_at_3_diff1": 0.406444,
        "nauc_map_at_5_max": 0.189589,
        "nauc_map_at_5_std": -0.237277,
        "nauc_map_at_5_diff1": 0.400369,
        "nauc_map_at_10_max": 0.200585,
        "nauc_map_at_10_std": -0.229684,
        "nauc_map_at_10_diff1": 0.398415,
        "nauc_map_at_20_max": 0.202395,
        "nauc_map_at_20_std": -0.228237,
        "nauc_map_at_20_diff1": 0.398832,
        "nauc_map_at_100_max": 0.202789,
        "nauc_map_at_100_std": -0.226284,
        "nauc_map_at_100_diff1": 0.399801,
        "nauc_map_at_1000_max": 0.202356,
        "nauc_map_at_1000_std": -0.226541,
        "nauc_map_at_1000_diff1": 0.399917,
        "nauc_recall_at_1_max": 0.197231,
        "nauc_recall_at_1_std": -0.217497,
        "nauc_recall_at_1_diff1": 0.455689,
        "nauc_recall_at_3_max": 0.180579,
        "nauc_recall_at_3_std": -0.254534,
        "nauc_recall_at_3_diff1": 0.353047,
        "nauc_recall_at_5_max": 0.189023,
        "nauc_recall_at_5_std": -0.244383,
        "nauc_recall_at_5_diff1": 0.321801,
        "nauc_recall_at_10_max": 0.284123,
        "nauc_recall_at_10_std": -0.186016,
        "nauc_recall_at_10_diff1": 0.285548,
        "nauc_recall_at_20_max": 0.351814,
        "nauc_recall_at_20_std": -0.127864,
        "nauc_recall_at_20_diff1": 0.265322,
        "nauc_recall_at_100_max": 0.579359,
        "nauc_recall_at_100_std": 0.202797,
        "nauc_recall_at_100_diff1": 0.235789,
        "nauc_recall_at_1000_max": 0.586589,
        "nauc_recall_at_1000_std": 0.593372,
        "nauc_recall_at_1000_diff1": 0.198873,
        "nauc_precision_at_1_max": 0.197231,
        "nauc_precision_at_1_std": -0.217497,
        "nauc_precision_at_1_diff1": 0.455689,
        "nauc_precision_at_3_max": 0.180579,
        "nauc_precision_at_3_std": -0.254534,
        "nauc_precision_at_3_diff1": 0.353047,
        "nauc_precision_at_5_max": 0.189023,
        "nauc_precision_at_5_std": -0.244383,
        "nauc_precision_at_5_diff1": 0.321801,
        "nauc_precision_at_10_max": 0.284123,
        "nauc_precision_at_10_std": -0.186016,
        "nauc_precision_at_10_diff1": 0.285548,
        "nauc_precision_at_20_max": 0.351814,
        "nauc_precision_at_20_std": -0.127864,
        "nauc_precision_at_20_diff1": 0.265322,
        "nauc_precision_at_100_max": 0.579359,
        "nauc_precision_at_100_std": 0.202797,
        "nauc_precision_at_100_diff1": 0.235789,
        "nauc_precision_at_1000_max": 0.586589,
        "nauc_precision_at_1000_std": 0.593372,
        "nauc_precision_at_1000_diff1": 0.198873,
        "nauc_mrr_at_1_max": 0.197231,
        "nauc_mrr_at_1_std": -0.217497,
        "nauc_mrr_at_1_diff1": 0.455689,
        "nauc_mrr_at_3_max": 0.187707,
        "nauc_mrr_at_3_std": -0.240147,
        "nauc_mrr_at_3_diff1": 0.406444,
        "nauc_mrr_at_5_max": 0.189589,
        "nauc_mrr_at_5_std": -0.237277,
        "nauc_mrr_at_5_diff1": 0.400369,
        "nauc_mrr_at_10_max": 0.200585,
        "nauc_mrr_at_10_std": -0.229684,
        "nauc_mrr_at_10_diff1": 0.398415,
        "nauc_mrr_at_20_max": 0.202395,
        "nauc_mrr_at_20_std": -0.228237,
        "nauc_mrr_at_20_diff1": 0.398832,
        "nauc_mrr_at_100_max": 0.202789,
        "nauc_mrr_at_100_std": -0.226284,
        "nauc_mrr_at_100_diff1": 0.399801,
        "nauc_mrr_at_1000_max": 0.202356,
        "nauc_mrr_at_1000_std": -0.226541,
        "nauc_mrr_at_1000_diff1": 0.399917,
        "cv_recall_at_1": 0.28795,
        "cv_recall_at_3": 0.47194,
        "cv_recall_at_5": 0.56854,
        "cv_recall_at_10": 0.69089,
        "cv_recall_at_20": 0.77001,
        "cv_recall_at_100": 0.91536,
        "cv_recall_at_1000": 0.97976,
        "main_score": 0.47465,
        "hf_subset": "default",
        "languages": [
          "fas-Arab"
        ]
      }
    ]
  },
  "evaluation_time": 15.740180730819702,
  "kg_co2_emissions": null
}