{
    "dataset_revision": "42328bf787e17b1ad1a88be4f5e87ea9fb668511",
    "mteb_dataset_name": "ClimateFEVER-VN",
    "mteb_version": "1.38.41",
    "task_name": "ClimateFEVER-VN",
    "scores": {
        "test": [
            {
                "evaluation_time": 6746.29,
                "map_at_1": 0.07119,
                "map_at_10": 0.12425,
                "map_at_100": 0.13767,
                "map_at_1000": 0.13964,
                "map_at_20": 0.13096,
                "map_at_3": 0.1029,
                "map_at_5": 0.11443,
                "mrr_at_1": 0.1535,
                "mrr_at_10": 0.24415,
                "mrr_at_100": 0.25612,
                "mrr_at_1000": 0.25681,
                "mrr_at_20": 0.25152,
                "mrr_at_3": 0.21541,
                "mrr_at_5": 0.23353,
                "ndcg_at_1": 0.1535,
                "ndcg_at_10": 0.18142,
                "ndcg_at_100": 0.24495,
                "ndcg_at_1000": 0.28447,
                "ndcg_at_20": 0.20397,
                "ndcg_at_3": 0.14291,
                "ndcg_at_5": 0.15873,
                "precision_at_1": 0.1535,
                "precision_at_10": 0.0574,
                "precision_at_100": 0.01252,
                "precision_at_1000": 0.00199,
                "precision_at_20": 0.03806,
                "precision_at_3": 0.10445,
                "precision_at_5": 0.08501,
                "recall_at_1": 0.07119,
                "recall_at_10": 0.2264,
                "recall_at_100": 0.45167,
                "recall_at_1000": 0.67452,
                "recall_at_20": 0.29137,
                "recall_at_3": 0.13541,
                "recall_at_5": 0.17469,
                "hf_subset": "default",
                "main_score": 0.18142,
                "languages": [
                    "vie-Latn"
                ]
            }
        ]
    },
    "evaluation_time": null
}