{
  "dataset_revision": "c9a9a6c3ef0765622a6de0af6ebb68f323ad73ba",
  "evaluation_time": 56.042766094207764,
  "kg_co2_emissions": 0.0022662864445542677,
  "mteb_version": "1.14.15",
  "scores": {
    "test": [
      {
        "cv_recall_at_1": 0.612,
        "cv_recall_at_10": 0.97,
        "cv_recall_at_100": 0.988,
        "cv_recall_at_1000": 0.998,
        "cv_recall_at_20": 0.98,
        "cv_recall_at_3": 0.919,
        "cv_recall_at_5": 0.953,
        "hf_subset": "default",
        "languages": [
          "eng-Latn"
        ],
        "main_score": 0.81976,
        "map_at_1": 0.612,
        "map_at_10": 0.7686,
        "map_at_100": 0.76954,
        "map_at_1000": 0.76958,
        "map_at_20": 0.76936,
        "map_at_3": 0.75833,
        "map_at_5": 0.76638,
        "mrr_at_1": 0.612,
        "mrr_at_10": 0.7686007936507943,
        "mrr_at_100": 0.7695377420105484,
        "mrr_at_1000": 0.7695840487700344,
        "mrr_at_20": 0.769362574413891,
        "mrr_at_3": 0.7583333333333339,
        "mrr_at_5": 0.7663833333333339,
        "nauc_cv_recall_at_1000_diff1": 0.2182539682539382,
        "nauc_cv_recall_at_1000_max": 0.19140989729228744,
        "nauc_cv_recall_at_1000_std": -0.3674136321194696,
        "nauc_cv_recall_at_100_diff1": 0.5021397447867966,
        "nauc_cv_recall_at_100_max": 0.5420168067226957,
        "nauc_cv_recall_at_100_std": -0.29474011826953,
        "nauc_cv_recall_at_10_diff1": 0.1806411453470265,
        "nauc_cv_recall_at_10_max": 0.32376283846872383,
        "nauc_cv_recall_at_10_std": -0.11563958916899986,
        "nauc_cv_recall_at_1_diff1": 0.5386093068670438,
        "nauc_cv_recall_at_1_max": -0.009228935829557743,
        "nauc_cv_recall_at_1_std": -0.15702078367871697,
        "nauc_cv_recall_at_20_diff1": 0.1998832866479882,
        "nauc_cv_recall_at_20_max": 0.4120448179271736,
        "nauc_cv_recall_at_20_std": 0.051050420168070425,
        "nauc_cv_recall_at_3_diff1": 0.39949395396018444,
        "nauc_cv_recall_at_3_max": 0.1895424836601309,
        "nauc_cv_recall_at_3_std": -0.3298866871851622,
        "nauc_cv_recall_at_5_diff1": 0.2853070306136656,
        "nauc_cv_recall_at_5_max": 0.25906390925164513,
        "nauc_cv_recall_at_5_std": -0.15621709676778653,
        "nauc_map_at_1000_diff1": 0.5121992309015124,
        "nauc_map_at_1000_max": 0.02061330103615874,
        "nauc_map_at_1000_std": -0.18107098018140838,
        "nauc_map_at_100_diff1": 0.5121953225381393,
        "nauc_map_at_100_max": 0.020810378259742055,
        "nauc_map_at_100_std": -0.1810549313940688,
        "nauc_map_at_10_diff1": 0.510163727027499,
        "nauc_map_at_10_max": 0.021604917237906605,
        "nauc_map_at_10_std": -0.1813876012285697,
        "nauc_map_at_1_diff1": 0.5386093068670438,
        "nauc_map_at_1_max": -0.009228935829557743,
        "nauc_map_at_1_std": -0.15702078367871697,
        "nauc_map_at_20_diff1": 0.5115765471491589,
        "nauc_map_at_20_max": 0.021060421283374143,
        "nauc_map_at_20_std": -0.18032373595244508,
        "nauc_map_at_3_diff1": 0.5119045408115886,
        "nauc_map_at_3_max": 0.025705342495434606,
        "nauc_map_at_3_std": -0.19849877735475305,
        "nauc_map_at_5_diff1": 0.5101346522959525,
        "nauc_map_at_5_max": 0.023758722638261183,
        "nauc_map_at_5_std": -0.18229021191959313,
        "nauc_mrr_at_1000_diff1": 0.5121992309015124,
        "nauc_mrr_at_1000_max": 0.02061330103615874,
        "nauc_mrr_at_1000_std": -0.18107098018140838,
        "nauc_mrr_at_100_diff1": 0.5121953225381393,
        "nauc_mrr_at_100_max": 0.020810378259742055,
        "nauc_mrr_at_100_std": -0.1810549313940688,
        "nauc_mrr_at_10_diff1": 0.510163727027499,
        "nauc_mrr_at_10_max": 0.021604917237906605,
        "nauc_mrr_at_10_std": -0.1813876012285697,
        "nauc_mrr_at_1_diff1": 0.5386093068670438,
        "nauc_mrr_at_1_max": -0.009228935829557743,
        "nauc_mrr_at_1_std": -0.15702078367871697,
        "nauc_mrr_at_20_diff1": 0.5115765471491589,
        "nauc_mrr_at_20_max": 0.021060421283374143,
        "nauc_mrr_at_20_std": -0.18032373595244508,
        "nauc_mrr_at_3_diff1": 0.5119045408115886,
        "nauc_mrr_at_3_max": 0.025705342495434606,
        "nauc_mrr_at_3_std": -0.19849877735475305,
        "nauc_mrr_at_5_diff1": 0.5101346522959525,
        "nauc_mrr_at_5_max": 0.023758722638261183,
        "nauc_mrr_at_5_std": -0.18229021191959313,
        "nauc_ndcg_at_1000_diff1": 0.5058496661378958,
        "nauc_ndcg_at_1000_max": 0.028317940362156742,
        "nauc_ndcg_at_1000_std": -0.1818826864276131,
        "nauc_ndcg_at_100_diff1": 0.5062301421902226,
        "nauc_ndcg_at_100_max": 0.03376735345941588,
        "nauc_ndcg_at_100_std": -0.18244196031011894,
        "nauc_ndcg_at_10_diff1": 0.4929714900945033,
        "nauc_ndcg_at_10_max": 0.037727716785355046,
        "nauc_ndcg_at_10_std": -0.17978328688752077,
        "nauc_ndcg_at_1_diff1": 0.5386093068670438,
        "nauc_ndcg_at_1_max": -0.009228935829557743,
        "nauc_ndcg_at_1_std": -0.15702078367871697,
        "nauc_ndcg_at_20_diff1": 0.49907570979383603,
        "nauc_ndcg_at_20_max": 0.035738500574570946,
        "nauc_ndcg_at_20_std": -0.17502187097702213,
        "nauc_ndcg_at_3_diff1": 0.4979996904978051,
        "nauc_ndcg_at_3_max": 0.04580015526909964,
        "nauc_ndcg_at_3_std": -0.2151921460047492,
        "nauc_ndcg_at_5_diff1": 0.49270540537190677,
        "nauc_ndcg_at_5_max": 0.0423948870998928,
        "nauc_ndcg_at_5_std": -0.18194872729849923,
        "nauc_precision_at_1000_diff1": 0.21825396825393106,
        "nauc_precision_at_1000_max": 0.19140989729229024,
        "nauc_precision_at_1000_std": -0.3674136321195401,
        "nauc_precision_at_100_diff1": 0.502139744786797,
        "nauc_precision_at_100_max": 0.5420168067227081,
        "nauc_precision_at_100_std": -0.2947401182695202,
        "nauc_precision_at_10_diff1": 0.18064114534702747,
        "nauc_precision_at_10_max": 0.3237628384687169,
        "nauc_precision_at_10_std": -0.11563958916900592,
        "nauc_precision_at_1_diff1": 0.5386093068670438,
        "nauc_precision_at_1_max": -0.009228935829557743,
        "nauc_precision_at_1_std": -0.15702078367871697,
        "nauc_precision_at_20_diff1": 0.1998832866479843,
        "nauc_precision_at_20_max": 0.4120448179271627,
        "nauc_precision_at_20_std": 0.051050420168062924,
        "nauc_precision_at_3_diff1": 0.3994939539601862,
        "nauc_precision_at_3_max": 0.1895424836601314,
        "nauc_precision_at_3_std": -0.32988668718515846,
        "nauc_precision_at_5_diff1": 0.28530703061365925,
        "nauc_precision_at_5_max": 0.2590639092516429,
        "nauc_precision_at_5_std": -0.15621709676779033,
        "nauc_recall_at_1000_diff1": 0.2182539682539382,
        "nauc_recall_at_1000_max": 0.19140989729228744,
        "nauc_recall_at_1000_std": -0.3674136321194696,
        "nauc_recall_at_100_diff1": 0.5021397447867966,
        "nauc_recall_at_100_max": 0.5420168067226957,
        "nauc_recall_at_100_std": -0.29474011826953,
        "nauc_recall_at_10_diff1": 0.1806411453470265,
        "nauc_recall_at_10_max": 0.32376283846872383,
        "nauc_recall_at_10_std": -0.11563958916899986,
        "nauc_recall_at_1_diff1": 0.5386093068670438,
        "nauc_recall_at_1_max": -0.009228935829557743,
        "nauc_recall_at_1_std": -0.15702078367871697,
        "nauc_recall_at_20_diff1": 0.1998832866479882,
        "nauc_recall_at_20_max": 0.4120448179271736,
        "nauc_recall_at_20_std": 0.051050420168070425,
        "nauc_recall_at_3_diff1": 0.39949395396018444,
        "nauc_recall_at_3_max": 0.1895424836601309,
        "nauc_recall_at_3_std": -0.3298866871851622,
        "nauc_recall_at_5_diff1": 0.2853070306136656,
        "nauc_recall_at_5_max": 0.25906390925164513,
        "nauc_recall_at_5_std": -0.15621709676778653,
        "ndcg_at_1": 0.612,
        "ndcg_at_10": 0.81976,
        "ndcg_at_100": 0.8238,