{
  "dataset_revision": "69882b6ba0b443dd62e633e546725b0f13b7e3aa",
  "evaluation_time": 1314.2151560783386,
  "kg_co2_emissions": 0.05896215606966337,
  "mteb_version": "1.14.15",
  "scores": {
    "test": [
      {
        "cv_recall_at_1": 0.00215,
        "cv_recall_at_10": 0.0165,
        "cv_recall_at_100": 0.09934,
        "cv_recall_at_1000": 0.21812,
        "cv_recall_at_20": 0.03206,
        "cv_recall_at_3": 0.00532,
        "cv_recall_at_5": 0.00831,
        "hf_subset": "default",
        "languages": [
          "eng-Latn"
        ],
        "main_score": 0.00779,
        "map_at_1": 0.00212,
        "map_at_10": 0.00522,
        "map_at_100": 0.00781,
        "map_at_1000": 0.00826,
        "map_at_20": 0.00625,
        "map_at_3": 0.00349,
        "map_at_5": 0.00416,
        "mrr_at_1": 0.002145982813476772,
        "mrr_at_10": 0.005232458515812215,
        "mrr_at_100": 0.007828488646454568,
        "mrr_at_1000": 0.00827852377736863,
        "mrr_at_20": 0.006264852329846165,
        "mrr_at_3": 0.0035074378520267195,
        "mrr_at_5": 0.0041796902942484926,
        "nauc_cv_recall_at_1000_diff1": -0.02652531668153868,
        "nauc_cv_recall_at_1000_max": -0.034843060733482804,
        "nauc_cv_recall_at_1000_std": -0.051195767638439804,
        "nauc_cv_recall_at_100_diff1": -0.03371094383239872,
        "nauc_cv_recall_at_100_max": -0.0408929268807073,
        "nauc_cv_recall_at_100_std": -0.05779558998331452,
        "nauc_cv_recall_at_10_diff1": 0.003827641316984031,
        "nauc_cv_recall_at_10_max": -0.08616693196855134,
        "nauc_cv_recall_at_10_std": -0.1192761591165778,
        "nauc_cv_recall_at_1_diff1": 0.15088182556064314,
        "nauc_cv_recall_at_1_max": -0.07413367950025711,
        "nauc_cv_recall_at_1_std": -0.08810153829039168,
        "nauc_cv_recall_at_20_diff1": -0.02152487162162847,
        "nauc_cv_recall_at_20_max": -0.08147880570780701,
        "nauc_cv_recall_at_20_std": -0.11326220605157439,
        "nauc_cv_recall_at_3_diff1": 0.10530467877071949,
        "nauc_cv_recall_at_3_max": -0.07323234551307758,
        "nauc_cv_recall_at_3_std": -0.07828863973964062,
        "nauc_cv_recall_at_5_diff1": 0.07217803299739646,
        "nauc_cv_recall_at_5_max": -0.07254580702795672,
        "nauc_cv_recall_at_5_std": -0.08622420996157182,
        "nauc_map_at_1000_diff1": 0.031052325393446063,
        "nauc_map_at_1000_max": -0.06546152374144461,
        "nauc_map_at_1000_std": -0.08793319761786408,
        "nauc_map_at_100_diff1": 0.03331130851746278,
        "nauc_map_at_100_max": -0.06678957558516428,
        "nauc_map_at_100_std": -0.09110737236292735,
        "nauc_map_at_10_diff1": 0.07333569291100261,
        "nauc_map_at_10_max": -0.07731590111954534,
        "nauc_map_at_10_std": -0.1006297006874927,
        "nauc_map_at_1_diff1": 0.15885549635014679,
        "nauc_map_at_1_max": -0.0714655994294064,
        "nauc_map_at_1_std": -0.09592255979383063,
        "nauc_map_at_20_diff1": 0.05365547413091666,
        "nauc_map_at_20_max": -0.07716108137124109,
        "nauc_map_at_20_std": -0.10171666042897687,
        "nauc_map_at_3_diff1": 0.12515001119816585,
        "nauc_map_at_3_max": -0.072950157429406,
        "nauc_map_at_3_std": -0.0859977072441302,
        "nauc_map_at_5_diff1": 0.10731389870167128,
        "nauc_map_at_5_max": -0.0724441100661457,
        "nauc_map_at_5_std": -0.08749126919085298,
        "nauc_mrr_at_1000_diff1": 0.03001646959581084,
        "nauc_mrr_at_1000_max": -0.06591750400994217,
        "nauc_mrr_at_1000_std": -0.08680535050002655,
        "nauc_mrr_at_100_diff1": 0.03222079281447265,
        "nauc_mrr_at_100_max": -0.0672734845597017,
        "nauc_mrr_at_100_std": -0.08993876748364635,
        "nauc_mrr_at_10_diff1": 0.07152147539259672,
        "nauc_mrr_at_10_max": -0.07796890405707654,
        "nauc_mrr_at_10_std": -0.09874435237236256,
        "nauc_mrr_at_1_diff1": 0.15088182556064314,
        "nauc_mrr_at_1_max": -0.07413367950025711,
        "nauc_mrr_at_1_std": -0.08810153829039168,
        "nauc_mrr_at_20_diff1": 0.052218170483180434,
        "nauc_mrr_at_20_max": -0.077824482606836,
        "nauc_mrr_at_20_std": -0.10020817894280752,
        "nauc_mrr_at_3_diff1": 0.12231937508756996,
        "nauc_mrr_at_3_max": -0.07363441629917748,
        "nauc_mrr_at_3_std": -0.08322472603275625,
        "nauc_mrr_at_5_diff1": 0.10505172494483933,
        "nauc_mrr_at_5_max": -0.07322734029347644,
        "nauc_mrr_at_5_std": -0.08524265296513166,
        "nauc_ndcg_at_1000_diff1": -0.016554944674413045,
        "nauc_ndcg_at_1000_max": -0.044126232249668274,
        "nauc_ndcg_at_1000_std": -0.061175832843504765,
        "nauc_ndcg_at_100_diff1": -0.015569102992416494,
        "nauc_ndcg_at_100_max": -0.05037752967751479,
        "nauc_ndcg_at_100_std": -0.07121691490595873,
        "nauc_ndcg_at_10_diff1": 0.04124056864634461,
        "nauc_ndcg_at_10_max": -0.08108966188736799,
        "nauc_ndcg_at_10_std": -0.1088525016847871,
        "nauc_ndcg_at_1_diff1": 0.15885549635014679,
        "nauc_ndcg_at_1_max": -0.0714655994294064,
        "nauc_ndcg_at_1_std": -0.09592255979383063,
        "nauc_ndcg_at_20_diff1": 0.011715243173640045,
        "nauc_ndcg_at_20_max": -0.07941134091726856,
        "nauc_ndcg_at_20_std": -0.1082246733903135,
        "nauc_ndcg_at_3_diff1": 0.11856510812018395,
        "nauc_ndcg_at_3_max": -0.07306003302468278,
        "nauc_ndcg_at_3_std": -0.08340809026102806,
        "nauc_ndcg_at_5_diff1": 0.09388617640722158,
        "nauc_ndcg_at_5_max": -0.07231864156162995,
        "nauc_ndcg_at_5_std": -0.08670078796065342,
        "nauc_precision_at_1000_diff1": -0.026525316681538725,
        "nauc_precision_at_1000_max": -0.03484306073348291,
        "nauc_precision_at_1000_std": -0.05119576763844,
        "nauc_precision_at_100_diff1": -0.03364080138285043,
        "nauc_precision_at_100_max": -0.04076862064396098,
        "nauc_precision_at_100_std": -0.057715044085324824,
        "nauc_precision_at_10_diff1": 0.0043463014041219515,
        "nauc_precision_at_10_max": -0.08582161445759884,
        "nauc_precision_at_10_std": -0.11919857536509687,
        "nauc_precision_at_1_diff1": 0.15885549635014679,
        "nauc_precision_at_1_max": -0.0714655994294064,
        "nauc_precision_at_1_std": -0.09592255979383063,
        "nauc_precision_at_20_diff1": -0.021338470684381328,
        "nauc_precision_at_20_max": -0.08095800961810914,
        "nauc_precision_at_20_std": -0.11322187458299175,
        "nauc_precision_at_3_diff1": 0.10590119359094312,
        "nauc_precision_at_3_max": -0.0732346847327147,
        "nauc_precision_at_3_std": -0.07829541430509035,
        "nauc_precision_at_5_diff1": 0.07254125604584204,
        "nauc_precision_at_5_max": -0.0720740233536,
        "nauc_precision_at_5_std": -0.08587234118969982,
        "nauc_recall_at_1000_diff1": -0.02652531668153868,
        "nauc_recall_at_1000_max": -0.034843060733482804,
        "nauc_recall_at_1000_std": -0.051195767638439804,
        "nauc_recall_at_100_diff1": -0.03364080138285036,
        "nauc_recall_at_100_max": -0.04076862064396088,
        "nauc_recall_at_100_std": -0.05771504408532479,
        "nauc_recall_at_10_diff1": 0.004346301404121952,
        "nauc_recall_at_10_max": -0.08582161445759887,
        "nauc_recall_at_10_std": -0.11919857536509693,
        "nauc_recall_at_1_diff1": 0.15885549635014679,
        "nauc_recall_at_1_max": -0.0714655994294064,
        "nauc_recall_at_1_std": -0.09592255979383063,
        "nauc_recall_at_20_diff1": -0.021338470684381362,
        "nauc_recall_at_20_max": -0.08095800961810919,
        "nauc_recall_at_20_std": -0.11322187458299181,
        "nauc_recall_at_3_diff1": 0.10590119359094308,
        "nauc_recall_at_3_max": -0.07323468473271463,
        "nauc_recall_at_3_std": -0.07829541430509045,
        "nauc_recall_at_5_diff1": 0.07254125604584208,
        "nauc_recall_at_5_max": -0.07207402335359994,