{
    "dataset_revision": "417378b2",
    "task_name": "CUREv1",
    "evaluation_time": 0,
    "kg_co2_emissions": 0,
    "mteb_version": "1.0.0",
    "scores": {
        "test": [
            {
                "hf_subset": "test",
                "languages": [
                    "en"
                ],
                "main_score": 0.58824,
                "ndcg_at_1": 0.7425,
                "map_at_1": 0.09817,
                "recall_at_1": 0.09817,
                "precision_at_1": 0.7425,
                "ndcg_at_3": 0.66181,
                "map_at_3": 0.17317,
                "recall_at_3": 0.19153,
                "precision_at_3": 0.61167,
                "ndcg_at_5": 0.62591,
                "map_at_5": 0.2082,
                "recall_at_5": 0.24401,
                "precision_at_5": 0.5411,
                "ndcg_at_10": 0.58824,
                "map_at_10": 0.2543,
                "recall_at_10": 0.32768,
                "precision_at_10": 0.4405,
                "ndcg_at_20": 0.5708,
                "map_at_20": 0.29847,
                "recall_at_20": 0.4249,
                "precision_at_20": 0.34815,
                "ndcg_at_50": 0.58027,
                "map_at_50": 0.34709,
                "recall_at_50": 0.56717,
                "precision_at_50": 0.23521,
                "ndcg_at_100": 0.61004,
                "map_at_100": 0.37477,
                "recall_at_100": 0.67815,
                "precision_at_100": 0.16514
            }
        ]
    }
}