{
  "dataset_revision": "c5783d12999ec5f6a9f337990cfd46cc131e2b0f",
  "task_name": "HiFiTTST2ARetrieval",
  "mteb_version": "2.4.2",
  "scores": {
    "test": [
      {
        "ndcg_at_1": 0.02333,
        "ndcg_at_3": 0.05393,
        "ndcg_at_5": 0.07042,
        "ndcg_at_10": 0.08522,
        "ndcg_at_20": 0.11498,
        "ndcg_at_100": 0.20334,
        "ndcg_at_1000": 0.23521,
        "map_at_1": 0.02333,
        "map_at_3": 0.04611,
        "map_at_5": 0.05528,
        "map_at_10": 0.06121,
        "map_at_20": 0.06951,
        "map_at_100": 0.08102,
        "map_at_1000": 0.08251,
        "recall_at_1": 0.02333,
        "recall_at_3": 0.07667,
        "recall_at_5": 0.11667,
        "recall_at_10": 0.16333,
        "recall_at_20": 0.28,
        "recall_at_100": 0.76667,
        "recall_at_1000": 1.0,
        "accuracy": 0.02333,
        "precision_at_1": 0.02333,
        "precision_at_3": 0.02556,
        "precision_at_5": 0.02333,
        "precision_at_10": 0.01633,
        "precision_at_20": 0.014,
        "precision_at_100": 0.00767,
        "precision_at_1000": 0.001,
        "mrr_at_1": 0.023333,
        "mrr_at_3": 0.046111,
        "mrr_at_5": 0.055278,
        "mrr_at_10": 0.061205,
        "mrr_at_20": 0.069505,
        "mrr_at_100": 0.081018,
        "mrr_at_1000": 0.082514,
        "nauc_ndcg_at_1_max": 0.136878,
        "nauc_ndcg_at_1_std": 0.287133,
        "nauc_ndcg_at_1_diff1": 0.177124,
        "nauc_ndcg_at_3_max": 0.090973,
        "nauc_ndcg_at_3_std": 0.238273,
        "nauc_ndcg_at_3_diff1": 0.020306,
        "nauc_ndcg_at_5_max": 0.140064,
        "nauc_ndcg_at_5_std": 0.220797,
        "nauc_ndcg_at_5_diff1": -0.007738,
        "nauc_ndcg_at_10_max": 0.13169,
        "nauc_ndcg_at_10_std": 0.228754,
        "nauc_ndcg_at_10_diff1": -0.039909,
        "nauc_ndcg_at_20_max": 0.173982,
        "nauc_ndcg_at_20_std": 0.222321,
        "nauc_ndcg_at_20_diff1": -0.033221,
        "nauc_ndcg_at_100_max": 0.215523,
        "nauc_ndcg_at_100_std": 0.284459,
        "nauc_ndcg_at_100_diff1": -0.053329,
        "nauc_ndcg_at_1000_max": 0.175692,
        "nauc_ndcg_at_1000_std": 0.24188,
        "nauc_ndcg_at_1000_diff1": -0.036583,
        "nauc_map_at_1_max": 0.136878,
        "nauc_map_at_1_std": 0.287133,
        "nauc_map_at_1_diff1": 0.177124,
        "nauc_map_at_3_max": 0.089535,
        "nauc_map_at_3_std": 0.241694,
        "nauc_map_at_3_diff1": 0.03393,
        "nauc_map_at_5_max": 0.125009,
        "nauc_map_at_5_std": 0.229527,
        "nauc_map_at_5_diff1": 0.012151,
        "nauc_map_at_10_max": 0.123272,
        "nauc_map_at_10_std": 0.233118,
        "nauc_map_at_10_diff1": -0.007396,
        "nauc_map_at_20_max": 0.142258,
        "nauc_map_at_20_std": 0.229656,
        "nauc_map_at_20_diff1": -0.006015,
        "nauc_map_at_100_max": 0.15217,
        "nauc_map_at_100_std": 0.238001,
        "nauc_map_at_100_diff1": -0.012695,
        "nauc_map_at_1000_max": 0.149247,
        "nauc_map_at_1000_std": 0.235551,
        "nauc_map_at_1000_diff1": -0.011615,
        "nauc_recall_at_1_max": 0.136878,
        "nauc_recall_at_1_std": 0.287133,
        "nauc_recall_at_1_diff1": 0.177124,
        "nauc_recall_at_3_max": 0.095216,
        "nauc_recall_at_3_std": 0.232965,
        "nauc_recall_at_3_diff1": -0.001972,
        "nauc_recall_at_5_max": 0.165283,
        "nauc_recall_at_5_std": 0.207395,
        "nauc_recall_at_5_diff1": -0.036635,
        "nauc_recall_at_10_max": 0.141565,
        "nauc_recall_at_10_std": 0.224441,
        "nauc_recall_at_10_diff1": -0.084187,
        "nauc_recall_at_20_max": 0.214858,
        "nauc_recall_at_20_std": 0.214626,
        "nauc_recall_at_20_diff1": -0.061605,
        "nauc_recall_at_100_max": 0.365477,
        "nauc_recall_at_100_std": 0.453404,
        "nauc_recall_at_100_diff1": -0.123003,
        "nauc_recall_at_1000_max": NaN,
        "nauc_recall_at_1000_std": NaN,
        "nauc_recall_at_1000_diff1": NaN,
        "nauc_precision_at_1_max": 0.136878,
        "nauc_precision_at_1_std": 0.287133,
        "nauc_precision_at_1_diff1": 0.177124,
        "nauc_precision_at_3_max": 0.095216,
        "nauc_precision_at_3_std": 0.232965,
        "nauc_precision_at_3_diff1": -0.001972,
        "nauc_precision_at_5_max": 0.165283,
        "nauc_precision_at_5_std": 0.207395,
        "nauc_precision_at_5_diff1": -0.036635,
        "nauc_precision_at_10_max": 0.141565,
        "nauc_precision_at_10_std": 0.224441,
        "nauc_precision_at_10_diff1": -0.084187,
        "nauc_precision_at_20_max": 0.214858,
        "nauc_precision_at_20_std": 0.214626,
        "nauc_precision_at_20_diff1": -0.061605,
        "nauc_precision_at_100_max": 0.365477,
        "nauc_precision_at_100_std": 0.453404,
        "nauc_precision_at_100_diff1": -0.123003,
        "nauc_precision_at_1000_max": 1.0,
        "nauc_precision_at_1000_std": 1.0,
        "nauc_precision_at_1000_diff1": 1.0,
        "nauc_mrr_at_1_max": 0.136878,
        "nauc_mrr_at_1_std": 0.287133,
        "nauc_mrr_at_1_diff1": 0.177124,
        "nauc_mrr_at_3_max": 0.089535,
        "nauc_mrr_at_3_std": 0.241694,
        "nauc_mrr_at_3_diff1": 0.03393,
        "nauc_mrr_at_5_max": 0.125009,
        "nauc_mrr_at_5_std": 0.229527,
        "nauc_mrr_at_5_diff1": 0.012151,
        "nauc_mrr_at_10_max": 0.123272,
        "nauc_mrr_at_10_std": 0.233118,
        "nauc_mrr_at_10_diff1": -0.007396,
        "nauc_mrr_at_20_max": 0.142258,
        "nauc_mrr_at_20_std": 0.229656,
        "nauc_mrr_at_20_diff1": -0.006015,
        "nauc_mrr_at_100_max": 0.15217,
        "nauc_mrr_at_100_std": 0.238001,
        "nauc_mrr_at_100_diff1": -0.012695,
        "nauc_mrr_at_1000_max": 0.149247,
        "nauc_mrr_at_1000_std": 0.235551,
        "nauc_mrr_at_1000_diff1": -0.011615,
        "cv_recall_at_1": 0.02333,
        "cv_recall_at_3": 0.07667,
        "cv_recall_at_5": 0.11667,
        "cv_recall_at_10": 0.16333,
        "cv_recall_at_20": 0.28,
        "cv_recall_at_100": 0.76667,
        "cv_recall_at_1000": 1.0,
        "main_score": 0.11667,
        "hf_subset": "default",
        "languages": [
          "eng-Latn"
        ]
      }
    ]
  },
  "evaluation_time": 23.903646230697632,
  "kg_co2_emissions": null
}