{
    "dataset_revision": "b0fddb56ed78048fa8b90373c8a3cfc37b684831",
    "task_name": "STSBenchmark",
    "evaluation_time": null,
    "mteb_version": null,
    "scores": {
        "test": [
            {
                "hf_subset": "default",
                "languages": [
                    "eng-Latn"
                ],
                "cos_sim_pearson": 0.6982535423376984,
                "cos_sim_spearman": 0.6786777525334009,
                "euclidean_pearson": 0.693521650052635,
                "euclidean_spearman": 0.6786781213000704,
                "manhattan_pearson": 0.7150710647072803,
                "manhattan_spearman": 0.6975330140742276,
                "cosine_pearson": 0.6982535423376984,
                "cosine_spearman": 0.6786777525334009,
                "main_score": 0.6786777525334009
            }
        ]
    }
}