{
  "dataset_revision": "af4a1e5b3ed451103894f86ff6b3ce85085d7b48",
  "task_name": "VABBRetrieval",
  "mteb_version": "2.1.17",
  "scores": {
    "test": [
      {
        "ndcg_at_1": 0.275,
        "ndcg_at_3": 0.32907,
        "ndcg_at_5": 0.34676,
        "ndcg_at_10": 0.36413,
        "ndcg_at_20": 0.38184,
        "ndcg_at_100": 0.40259,
        "ndcg_at_1000": 0.42194,
        "map_at_1": 0.275,
        "map_at_3": 0.31533,
        "map_at_5": 0.32513,
        "map_at_10": 0.33226,
        "map_at_20": 0.33713,
        "map_at_100": 0.33985,
        "map_at_1000": 0.34052,
        "recall_at_1": 0.275,
        "recall_at_3": 0.369,
        "recall_at_5": 0.412,
        "recall_at_10": 0.466,
        "recall_at_20": 0.536,
        "recall_at_100": 0.65,
        "recall_at_1000": 0.806,
        "accuracy": 0.275,
        "precision_at_1": 0.275,
        "precision_at_3": 0.123,
        "precision_at_5": 0.0824,
        "precision_at_10": 0.0466,
        "precision_at_20": 0.0268,
        "precision_at_100": 0.0065,
        "precision_at_1000": 0.00081,
        "mrr_at_1": 0.275,
        "mrr_at_3": 0.316,
        "mrr_at_5": 0.3256,
        "mrr_at_10": 0.3327,
        "mrr_at_20": 0.337579,
        "mrr_at_100": 0.340301,
        "mrr_at_1000": 0.340968,
        "nauc_ndcg_at_1_max": 0.292697,
        "nauc_ndcg_at_1_std": 0.079744,
        "nauc_ndcg_at_1_diff1": 0.557445,
        "nauc_ndcg_at_3_max": 0.2704,
        "nauc_ndcg_at_3_std": 0.095272,
        "nauc_ndcg_at_3_diff1": 0.499763,
        "nauc_ndcg_at_5_max": 0.267671,
        "nauc_ndcg_at_5_std": 0.098151,
        "nauc_ndcg_at_5_diff1": 0.490954,
        "nauc_ndcg_at_10_max": 0.267731,
        "nauc_ndcg_at_10_std": 0.098489,
        "nauc_ndcg_at_10_diff1": 0.478148,
        "nauc_ndcg_at_20_max": 0.263645,
        "nauc_ndcg_at_20_std": 0.099777,
        "nauc_ndcg_at_20_diff1": 0.473352,
        "nauc_ndcg_at_100_max": 0.269564,
        "nauc_ndcg_at_100_std": 0.104951,
        "nauc_ndcg_at_100_diff1": 0.473345,
        "nauc_ndcg_at_1000_max": 0.267021,
        "nauc_ndcg_at_1000_std": 0.10236,
        "nauc_ndcg_at_1000_diff1": 0.475269,
        "nauc_map_at_1_max": 0.292697,
        "nauc_map_at_1_std": 0.079744,
        "nauc_map_at_1_diff1": 0.557445,
        "nauc_map_at_3_max": 0.277125,
        "nauc_map_at_3_std": 0.093205,
        "nauc_map_at_3_diff1": 0.512834,
        "nauc_map_at_5_max": 0.275919,
        "nauc_map_at_5_std": 0.094575,
        "nauc_map_at_5_diff1": 0.507661,
        "nauc_map_at_10_max": 0.275711,
        "nauc_map_at_10_std": 0.094447,
        "nauc_map_at_10_diff1": 0.502309,
        "nauc_map_at_20_max": 0.274586,
        "nauc_map_at_20_std": 0.094739,
        "nauc_map_at_20_diff1": 0.501163,
        "nauc_map_at_100_max": 0.275455,
        "nauc_map_at_100_std": 0.095631,
        "nauc_map_at_100_diff1": 0.501439,
        "nauc_map_at_1000_max": 0.275432,
        "nauc_map_at_1000_std": 0.095557,
        "nauc_map_at_1000_diff1": 0.501584,
        "nauc_recall_at_1_max": 0.292697,
        "nauc_recall_at_1_std": 0.079744,
        "nauc_recall_at_1_diff1": 0.557445,
        "nauc_recall_at_3_max": 0.251147,
        "nauc_recall_at_3_std": 0.100388,
        "nauc_recall_at_3_diff1": 0.463673,
        "nauc_recall_at_5_max": 0.243597,
        "nauc_recall_at_5_std": 0.108077,
        "nauc_recall_at_5_diff1": 0.444154,
        "nauc_recall_at_10_max": 0.244605,
        "nauc_recall_at_10_std": 0.110615,
        "nauc_recall_at_10_diff1": 0.40487,
        "nauc_recall_at_20_max": 0.227262,
        "nauc_recall_at_20_std": 0.116769,
        "nauc_recall_at_20_diff1": 0.381182,
        "nauc_recall_at_100_max": 0.257616,
        "nauc_recall_at_100_std": 0.149431,
        "nauc_recall_at_100_diff1": 0.361855,
        "nauc_recall_at_1000_max": 0.206966,
        "nauc_recall_at_1000_std": 0.134428,
        "nauc_recall_at_1000_diff1": 0.319818,
        "nauc_precision_at_1_max": 0.292697,
        "nauc_precision_at_1_std": 0.079744,
        "nauc_precision_at_1_diff1": 0.557445,
        "nauc_precision_at_3_max": 0.251147,
        "nauc_precision_at_3_std": 0.100388,
        "nauc_precision_at_3_diff1": 0.463673,
        "nauc_precision_at_5_max": 0.243597,
        "nauc_precision_at_5_std": 0.108077,
        "nauc_precision_at_5_diff1": 0.444154,
        "nauc_precision_at_10_max": 0.244605,
        "nauc_precision_at_10_std": 0.110615,
        "nauc_precision_at_10_diff1": 0.40487,
        "nauc_precision_at_20_max": 0.227262,
        "nauc_precision_at_20_std": 0.116769,
        "nauc_precision_at_20_diff1": 0.381182,
        "nauc_precision_at_100_max": 0.257616,
        "nauc_precision_at_100_std": 0.149431,
        "nauc_precision_at_100_diff1": 0.361855,
        "nauc_precision_at_1000_max": 0.206966,
        "nauc_precision_at_1000_std": 0.134428,
        "nauc_precision_at_1000_diff1": 0.319818,
        "nauc_mrr_at_1_max": 0.292697,
        "nauc_mrr_at_1_std": 0.079744,
        "nauc_mrr_at_1_diff1": 0.557445,
        "nauc_mrr_at_3_max": 0.275308,
        "nauc_mrr_at_3_std": 0.093963,
        "nauc_mrr_at_3_diff1": 0.512396,
        "nauc_mrr_at_5_max": 0.274715,
        "nauc_mrr_at_5_std": 0.094671,
        "nauc_mrr_at_5_diff1": 0.507348,
        "nauc_mrr_at_10_max": 0.274463,
        "nauc_mrr_at_10_std": 0.094504,
        "nauc_mrr_at_10_diff1": 0.502016,
        "nauc_mrr_at_20_max": 0.273308,
        "nauc_mrr_at_20_std": 0.094806,
        "nauc_mrr_at_20_diff1": 0.500848,
        "nauc_mrr_at_100_max": 0.274172,
        "nauc_mrr_at_100_std": 0.095699,
        "nauc_mrr_at_100_diff1": 0.501124,
        "nauc_mrr_at_1000_max": 0.274148,
        "nauc_mrr_at_1000_std": 0.095625,
        "nauc_mrr_at_1000_diff1": 0.501268,
        "cv_recall_at_1": 0.275,
        "cv_recall_at_3": 0.37,
        "cv_recall_at_5": 0.412,
        "cv_recall_at_10": 0.466,
        "cv_recall_at_20": 0.536,
        "cv_recall_at_100": 0.65,
        "cv_recall_at_1000": 0.806,
        "main_score": 0.36413,
        "hf_subset": "default",
        "languages": [
          "nld-Latn"
        ]
      }
    ]
  },
  "evaluation_time": 20.829752445220947,
  "kg_co2_emissions": null
}