{
  "dataset_revision": "50e79c314a7603ebc92236b66a0973d51a00ed8c",
  "evaluation_time": 1.5665664672851562,
  "kg_co2_emissions": 0.0002398625442258069,
  "mteb_version": "1.12.75",
  "scores": {
    "validation": [
      {
        "cosine_pearson": 0.8344040870176286,
        "cosine_spearman": 0.7892000021675211,
        "euclidean_pearson": 0.8067397394537179,
        "euclidean_spearman": 0.78919995773282,
        "hf_subset": "default",
        "languages": [
          "jpn-Jpan"
        ],
        "main_score": 0.7892000021675211,
        "manhattan_pearson": 0.8052989970431226,
        "manhattan_spearman": 0.7877385581943823,
        "pearson": 0.8344040870176286,
        "spearman": 0.7892000021675211
      }
    ]
  },
  "task_name": "JSTS"
}