{
  "dataset_revision": "6e346642246bfb4928c560ee08640dc84d074e8c",
  "evaluation_time": 2.5616891384124756,
  "kg_co2_emissions": 0.0004023184116914625,
  "mteb_version": "1.12.75",
  "scores": {
    "validation": [
      {
        "hf_subset": "default",
        "languages": [
          "eng-Latn"
        ],
        "main_score": 0.62748,
        "map_at_1": 0.46131,
        "map_at_10": 0.56863,
        "map_at_100": 0.57475,
        "map_at_1000": 0.57508,
        "map_at_20": 0.57264,
        "map_at_3": 0.53621,
        "map_at_5": 0.55615,
        "mrr_at_1": 0.46130952380952384,
        "mrr_at_10": 0.5686307161753585,
        "mrr_at_100": 0.5747492390022364,
        "mrr_at_1000": 0.5750770624987562,
        "mrr_at_20": 0.5726446980486257,
        "mrr_at_3": 0.5362103174603173,
        "mrr_at_5": 0.5561507936507935,
        "nauc_map_at_1000_diff1": 0.5432308045279189,
        "nauc_map_at_1000_max": 0.30872026484380205,
        "nauc_map_at_1000_std": -0.07023426012030771,
        "nauc_map_at_100_diff1": 0.5429960309172884,
        "nauc_map_at_100_max": 0.30890921322222836,
        "nauc_map_at_100_std": -0.07002825155827139,
        "nauc_map_at_10_diff1": 0.5410296470949328,
        "nauc_map_at_10_max": 0.31077613572563406,
        "nauc_map_at_10_std": -0.06761747775578043,
        "nauc_map_at_1_diff1": 0.5944659035094648,
        "nauc_map_at_1_max": 0.25676218457187266,
        "nauc_map_at_1_std": -0.10765341708147065,
        "nauc_map_at_20_diff1": 0.542179694505361,
        "nauc_map_at_20_max": 0.3087015543817247,
        "nauc_map_at_20_std": -0.06789244958070989,
        "nauc_map_at_3_diff1": 0.5520341158586647,
        "nauc_map_at_3_max": 0.3132980940735212,
        "nauc_map_at_3_std": -0.06599001870756582,
        "nauc_map_at_5_diff1": 0.5372099880934331,
        "nauc_map_at_5_max": 0.3058423611887763,
        "nauc_map_at_5_std": -0.07550304666812516,
        "nauc_mrr_at_1000_diff1": 0.5432308045279189,
        "nauc_mrr_at_1000_max": 0.30872026484380205,
        "nauc_mrr_at_1000_std": -0.07023426012030771,
        "nauc_mrr_at_100_diff1": 0.5429960309172884,
        "nauc_mrr_at_100_max": 0.30890921322222836,
        "nauc_mrr_at_100_std": -0.07002825155827139,
        "nauc_mrr_at_10_diff1": 0.5410296470949328,
        "nauc_mrr_at_10_max": 0.31077613572563406,
        "nauc_mrr_at_10_std": -0.06761747775578043,
        "nauc_mrr_at_1_diff1": 0.5944659035094648,
        "nauc_mrr_at_1_max": 0.25676218457187266,
        "nauc_mrr_at_1_std": -0.10765341708147065,
        "nauc_mrr_at_20_diff1": 0.542179694505361,
        "nauc_mrr_at_20_max": 0.3087015543817247,
        "nauc_mrr_at_20_std": -0.06789244958070989,
        "nauc_mrr_at_3_diff1": 0.5520341158586647,
        "nauc_mrr_at_3_max": 0.3132980940735212,
        "nauc_mrr_at_3_std": -0.06599001870756582,
        "nauc_mrr_at_5_diff1": 0.5372099880934331,
        "nauc_mrr_at_5_max": 0.3058423611887763,
        "nauc_mrr_at_5_std": -0.07550304666812516,
        "nauc_ndcg_at_1000_diff1": 0.5336650709061486,
        "nauc_ndcg_at_1000_max": 0.3202598623276455,
        "nauc_ndcg_at_1000_std": -0.05966167393465344,
        "nauc_ndcg_at_100_diff1": 0.5286062202122536,
        "nauc_ndcg_at_100_max": 0.32577067501771867,
        "nauc_ndcg_at_100_std": -0.05440860034893098,
        "nauc_ndcg_at_10_diff1": 0.5191360750968118,
        "nauc_ndcg_at_10_max": 0.33633537086419985,
        "nauc_ndcg_at_10_std": -0.03864776964598733,
        "nauc_ndcg_at_1_diff1": 0.5944659035094648,
        "nauc_ndcg_at_1_max": 0.25676218457187266,
        "nauc_ndcg_at_1_std": -0.10765341708147065,
        "nauc_ndcg_at_20_diff1": 0.5220984910813393,
        "nauc_ndcg_at_20_max": 0.32900598488447474,
        "nauc_ndcg_at_20_std": -0.03840809066187886,
        "nauc_ndcg_at_3_diff1": 0.540183232037891,
        "nauc_ndcg_at_3_max": 0.334540604782865,
        "nauc_ndcg_at_3_std": -0.048126478053424904,
        "nauc_ndcg_at_5_diff1": 0.5110790440569163,
        "nauc_ndcg_at_5_max": 0.3219618752070741,
        "nauc_ndcg_at_5_std": -0.0646553710189748,
        "nauc_precision_at_1000_diff1": NaN,
        "nauc_precision_at_1000_max": NaN,
        "nauc_precision_at_1000_std": NaN,
        "nauc_precision_at_100_diff1": 0.3458897951483084,
        "nauc_precision_at_100_max": 0.5433591203913829,
        "nauc_precision_at_100_std": 0.14855928421088527,
        "nauc_precision_at_10_diff1": 0.40582105828537757,
        "nauc_precision_at_10_max": 0.4755362906181469,
        "nauc_precision_at_10_std": 0.133170518359797,
        "nauc_precision_at_1_diff1": 0.5944659035094648,
        "nauc_precision_at_1_max": 0.25676218457187266,
        "nauc_precision_at_1_std": -0.10765341708147065,
        "nauc_precision_at_20_diff1": 0.3826662897660855,
        "nauc_precision_at_20_max": 0.4697009736765646,
        "nauc_precision_at_20_std": 0.20365710441257553,
        "nauc_precision_at_3_diff1": 0.5031691828154035,
        "nauc_precision_at_3_max": 0.4032078510074238,
        "nauc_precision_at_3_std": 0.01031688466010793,
        "nauc_precision_at_5_diff1": 0.4084290582189908,
        "nauc_precision_at_5_max": 0.38101816730183585,
        "nauc_precision_at_5_std": -0.02526040543587393,
        "nauc_recall_at_1000_diff1": NaN,
        "nauc_recall_at_1000_max": NaN,
        "nauc_recall_at_1000_std": NaN,
        "nauc_recall_at_100_diff1": 0.3458897951483102,
        "nauc_recall_at_100_max": 0.5433591203913808,
        "nauc_recall_at_100_std": 0.14855928421088357,
        "nauc_recall_at_10_diff1": 0.4058210582853779,
        "nauc_recall_at_10_max": 0.4755362906181481,
        "nauc_recall_at_10_std": 0.13317051835979737,
        "nauc_recall_at_1_diff1": 0.5944659035094648,
        "nauc_recall_at_1_max": 0.25676218457187266,
        "nauc_recall_at_1_std": -0.10765341708147065,
        "nauc_recall_at_20_diff1": 0.38266628976608863,
        "nauc_recall_at_20_max": 0.46970097367656527,
        "nauc_recall_at_20_std": 0.2036571044125767,
        "nauc_recall_at_3_diff1": 0.5031691828154043,
        "nauc_recall_at_3_max": 0.403207851007424,
        "nauc_recall_at_3_std": 0.010316884660107935,
        "nauc_recall_at_5_diff1": 0.40842905821899106,
        "nauc_recall_at_5_max": 0.3810181673018367,
        "nauc_recall_at_5_std": -0.02526040543587351,
        "ndcg_at_1": 0.46131,
        "ndcg_at_10": 0.62748,
        "ndcg_at_100": 0.65688,
        "ndcg_at_1000": 0.66346,
        "ndcg_at_20": 0.64189,
        "ndcg_at_3": 0.56055,
        "ndcg_at_5": 0.59692,
        "precision_at_1": 0.46131,
        "precision_at_10": 0.08155,
        "precision_at_100": 0.00952,
        "precision_at_1000": 0.001,
        "precision_at_20": 0.0436,
        "precision_at_3": 0.21032,
        "precision_at_5": 0.14405,
        "recall_at_1": 0.46131,
        "recall_at_10": 0.81548,
        "recall_at_100": 0.95238,
        "recall_at_1000": 1.0,
        "recall_at_20": 0.87202,
        "recall_at_3": 0.63095,
        "recall_at_5": 0.72024
      }
    ]
  },
  "task_name": "LEMBSummScreenFDRetrieval"
}