{
  "dataset_revision": null,
  "mteb_dataset_name": "HotpotQA",
  "mteb_version": "1.1.1",
  "test": {
    "evaluation_time": 760.66,
    "map_at_1": 0.33187,
    "map_at_10": 0.51753,
    "map_at_100": 0.52802,
    "map_at_1000": 0.52885,
    "map_at_3": 0.4842,
    "map_at_5": 0.50426,
    "mrr_at_1": 0.66374,
    "mrr_at_10": 0.73088,
    "mrr_at_100": 0.73476,
    "mrr_at_1000": 0.73492,
    "mrr_at_3": 0.71564,
    "mrr_at_5": 0.72521,
    "ndcg_at_1": 0.66374,
    "ndcg_at_10": 0.60087,
    "ndcg_at_100": 0.64011,
    "ndcg_at_1000": 0.65644,
    "ndcg_at_3": 0.54979,
    "ndcg_at_5": 0.57712,
    "precision_at_1": 0.66374,
    "precision_at_10": 0.12806,
    "precision_at_100": 0.01588,
    "precision_at_1000": 0.0018,
    "precision_at_3": 0.35125,
    "precision_at_5": 0.2323,
    "recall_at_1": 0.33187,
    "recall_at_10": 0.64031,
    "recall_at_100": 0.79406,
    "recall_at_1000": 0.90162,
    "recall_at_3": 0.52687,
    "recall_at_5": 0.58076
  }
}