{
    "dataset_revision": "95c8db7d4a6e9c1d8a60601afd63d553ae20a2eb",
    "task_name": "MIRACLRetrievalHardNegatives",
    "evaluation_time": null,
    "mteb_version": null,
    "scores": {
        "dev": [
            {
                "hf_subset": "ar",
                "languages": [
                    "ara-Arab"
                ],
                "main_score": 0.30152,
                "map_at_1": 0.13067,
                "map_at_3": 0.19303,
                "map_at_5": 0.21406,
                "map_at_10": 0.23195,
                "ndcg_at_1": 0.207,
                "ndcg_at_3": 0.23765999999999998,
                "ndcg_at_5": 0.26478999999999997,
                "ndcg_at_10": 0.30152,
                "recall_at_1": 0.13067,
                "recall_at_3": 0.25663,
                "recall_at_5": 0.32707,
                "recall_at_10": 0.42457999999999996,
                "precision_at_1": 0.207,
                "precision_at_3": 0.14367000000000002,
                "precision_at_5": 0.11359999999999999,
                "precision_at_10": 0.0768,
                "mrr_at_1": 0.207,
                "mrr_at_3": 0.2775,
                "mrr_at_5": 0.2966,
                "mrr_at_10": 0.31072500000000003
            }
        ]
    }
}