{
  "dataset_revision": "0a2b6ec66a3f662f68ac0f0649020b3c37d8551c",
  "task_name": "TUNABenchV2TRetrieval",
  "mteb_version": "2.12.32",
  "scores": {
    "test": [
      {
        "ndcg_at_1": 0.882,
        "ndcg_at_3": 0.94371,
        "ndcg_at_5": 0.94673,
        "ndcg_at_10": 0.9491,
        "ndcg_at_20": 0.94934,
        "ndcg_at_100": 0.94934,
        "ndcg_at_1000": 0.94934,
        "map_at_1": 0.882,
        "map_at_3": 0.92933,
        "map_at_5": 0.93108,
        "map_at_10": 0.93213,
        "map_at_20": 0.93219,
        "map_at_100": 0.93219,
        "map_at_1000": 0.93219,
        "recall_at_1": 0.882,
        "recall_at_3": 0.985,
        "recall_at_5": 0.992,
        "recall_at_10": 0.999,
        "recall_at_20": 1.0,
        "recall_at_100": 1.0,
        "recall_at_1000": 1.0,
        "accuracy": 0.882,
        "precision_at_1": 0.882,
        "precision_at_3": 0.32833,
        "precision_at_5": 0.1984,
        "precision_at_10": 0.0999,
        "precision_at_20": 0.05,
        "precision_at_100": 0.01,
        "precision_at_1000": 0.001,
        "mrr_at_1": 0.882,
        "mrr_at_3": 0.929333,
        "mrr_at_5": 0.931083,
        "mrr_at_10": 0.932129,
        "mrr_at_20": 0.932188,
        "mrr_at_100": 0.932188,
        "mrr_at_1000": 0.932188,
        "nauc_ndcg_at_1_max": 0.280898,
        "nauc_ndcg_at_1_std": -0.253072,
        "nauc_ndcg_at_1_diff1": 0.874324,
        "nauc_ndcg_at_3_max": 0.343413,
        "nauc_ndcg_at_3_std": -0.25922,
        "nauc_ndcg_at_3_diff1": 0.86866,
        "nauc_ndcg_at_5_max": 0.318663,
        "nauc_ndcg_at_5_std": -0.263708,
        "nauc_ndcg_at_5_diff1": 0.865536,
        "nauc_ndcg_at_10_max": 0.315475,
        "nauc_ndcg_at_10_std": -0.268247,
        "nauc_ndcg_at_10_diff1": 0.869915,
        "nauc_ndcg_at_20_max": 0.313516,
        "nauc_ndcg_at_20_std": -0.261159,
        "nauc_ndcg_at_20_diff1": 0.869289,
        "nauc_ndcg_at_100_max": 0.313516,
        "nauc_ndcg_at_100_std": -0.261159,
        "nauc_ndcg_at_100_diff1": 0.869289,
        "nauc_ndcg_at_1000_max": 0.313516,
        "nauc_ndcg_at_1000_std": -0.261159,
        "nauc_ndcg_at_1000_diff1": 0.869289,
        "nauc_map_at_1_max": 0.280898,
        "nauc_map_at_1_std": -0.253072,
        "nauc_map_at_1_diff1": 0.874324,
        "nauc_map_at_3_max": 0.323739,
        "nauc_map_at_3_std": -0.257481,
        "nauc_map_at_3_diff1": 0.869523,
        "nauc_map_at_5_max": 0.312116,
        "nauc_map_at_5_std": -0.259451,
        "nauc_map_at_5_diff1": 0.868143,
        "nauc_map_at_10_max": 0.311261,
        "nauc_map_at_10_std": -0.260983,
        "nauc_map_at_10_diff1": 0.8697,
        "nauc_map_at_20_max": 0.310899,
        "nauc_map_at_20_std": -0.259678,
        "nauc_map_at_20_diff1": 0.869585,
        "nauc_map_at_100_max": 0.310899,
        "nauc_map_at_100_std": -0.259678,
        "nauc_map_at_100_diff1": 0.869585,
        "nauc_map_at_1000_max": 0.310899,
        "nauc_map_at_1000_std": -0.259678,
        "nauc_map_at_1000_diff1": 0.869585,
        "nauc_recall_at_1_max": 0.280898,
        "nauc_recall_at_1_std": -0.253072,
        "nauc_recall_at_1_diff1": 0.874324,
        "nauc_recall_at_3_max": 0.596078,
        "nauc_recall_at_3_std": -0.281077,
        "nauc_recall_at_3_diff1": 0.859819,
        "nauc_recall_at_5_max": 0.44071,
        "nauc_recall_at_5_std": -0.368464,
        "nauc_recall_at_5_diff1": 0.804563,
        "nauc_recall_at_10_max": 0.722222,
        "nauc_recall_at_10_std": -1.739963,
        "nauc_recall_at_10_diff1": 1.0,
        "nauc_recall_at_20_max": NaN,
        "nauc_recall_at_20_std": NaN,
        "nauc_recall_at_20_diff1": NaN,
        "nauc_recall_at_100_max": NaN,
        "nauc_recall_at_100_std": NaN,
        "nauc_recall_at_100_diff1": NaN,
        "nauc_recall_at_1000_max": NaN,
        "nauc_recall_at_1000_std": NaN,
        "nauc_recall_at_1000_diff1": NaN,
        "nauc_precision_at_1_max": 0.280898,
        "nauc_precision_at_1_std": -0.253072,
        "nauc_precision_at_1_diff1": 0.874324,
        "nauc_precision_at_3_max": 0.596078,
        "nauc_precision_at_3_std": -0.281077,
        "nauc_precision_at_3_diff1": 0.859819,
        "nauc_precision_at_5_max": 0.44071,
        "nauc_precision_at_5_std": -0.368464,
        "nauc_precision_at_5_diff1": 0.804563,
        "nauc_precision_at_10_max": 0.722222,
        "nauc_precision_at_10_std": -1.739963,
        "nauc_precision_at_10_diff1": 1.0,
        "nauc_precision_at_20_max": 1.0,
        "nauc_precision_at_20_std": 1.0,
        "nauc_precision_at_20_diff1": 1.0,
        "nauc_precision_at_100_max": 1.0,
        "nauc_precision_at_100_std": 1.0,
        "nauc_precision_at_100_diff1": 1.0,
        "nauc_precision_at_1000_max": NaN,
        "nauc_precision_at_1000_std": NaN,
        "nauc_precision_at_1000_diff1": NaN,
        "nauc_mrr_at_1_max": 0.280898,
        "nauc_mrr_at_1_std": -0.253072,
        "nauc_mrr_at_1_diff1": 0.874324,
        "nauc_mrr_at_3_max": 0.323739,
        "nauc_mrr_at_3_std": -0.257481,
        "nauc_mrr_at_3_diff1": 0.869523,
        "nauc_mrr_at_5_max": 0.312116,
        "nauc_mrr_at_5_std": -0.259451,
        "nauc_mrr_at_5_diff1": 0.868143,
        "nauc_mrr_at_10_max": 0.311261,
        "nauc_mrr_at_10_std": -0.260983,
        "nauc_mrr_at_10_diff1": 0.8697,
        "nauc_mrr_at_20_max": 0.310899,
        "nauc_mrr_at_20_std": -0.259678,
        "nauc_mrr_at_20_diff1": 0.869585,
        "nauc_mrr_at_100_max": 0.310899,
        "nauc_mrr_at_100_std": -0.259678,
        "nauc_mrr_at_100_diff1": 0.869585,
        "nauc_mrr_at_1000_max": 0.310899,
        "nauc_mrr_at_1000_std": -0.259678,
        "nauc_mrr_at_1000_diff1": 0.869585,
        "hit_rate_at_1": 0.882,
        "hit_rate_at_3": 0.985,
        "hit_rate_at_5": 0.992,
        "hit_rate_at_10": 0.999,
        "hit_rate_at_20": 1.0,
        "hit_rate_at_100": 1.0,
        "hit_rate_at_1000": 1.0,
        "main_score": 0.9491,
        "hf_subset": "default",
        "languages": [
          "eng-Latn"
        ]
      }
    ]
  },
  "evaluation_time": 2044.759437084198,
  "kg_co2_emissions": null,
  "date": null
}