{
  "dataset_revision": "83bd440268e200a4f60313070618e3f45000fa94",
  "evaluation_time": 76.09854912757874,
  "kg_co2_emissions": null,
  "mteb_version": "1.14.15",
  "scores": {
    "test": [
      {
        "accuracy": 0.08798,
        "cv_recall_at_1": 0.92857,
        "cv_recall_at_10": 0.94286,
        "cv_recall_at_100": 0.97143,
        "cv_recall_at_1000": 1.0,
        "cv_recall_at_20": 0.94286,
        "cv_recall_at_3": 0.92857,
        "cv_recall_at_5": 0.92857,
        "hf_subset": "default",
        "languages": [
          "eng-Latn"
        ],
        "main_score": 0.18332,
        "map_at_1": 0.08798,
        "map_at_10": 0.24805,
        "map_at_100": 0.44977,
        "map_at_1000": 0.53696,
        "map_at_20": 0.32131,
        "map_at_3": 0.14934,
        "map_at_5": 0.18332,
        "mrr_at_1": 0.9285714285714286,
        "mrr_at_10": 0.9301587301587302,
        "mrr_at_100": 0.9311342592592593,
        "mrr_at_1000": 0.9313002789570552,
        "mrr_at_20": 0.9301587301587302,
        "mrr_at_3": 0.9285714285714286,
        "mrr_at_5": 0.9285714285714286,
        "nauc_cv_recall_at_1000_diff1": NaN,
        "nauc_cv_recall_at_1000_max": NaN,
        "nauc_cv_recall_at_1000_std": NaN,
        "nauc_cv_recall_at_100_diff1": 0.3489729225023323,
        "nauc_cv_recall_at_100_max": 0.9346405228758171,
        "nauc_cv_recall_at_100_std": -0.07586367880485645,
        "nauc_cv_recall_at_10_diff1": 0.4025443510737624,
        "nauc_cv_recall_at_10_max": 0.8068394024276379,
        "nauc_cv_recall_at_10_std": 0.39262371615312885,
        "nauc_cv_recall_at_1_diff1": 0.4328664799253027,
        "nauc_cv_recall_at_1_max": 0.8454715219421102,
        "nauc_cv_recall_at_1_std": 0.5140989729225028,
        "nauc_cv_recall_at_20_diff1": 0.4025443510737624,
        "nauc_cv_recall_at_20_max": 0.8068394024276379,
        "nauc_cv_recall_at_20_std": 0.39262371615312885,
        "nauc_cv_recall_at_3_diff1": 0.4328664799253027,
        "nauc_cv_recall_at_3_max": 0.8454715219421102,
        "nauc_cv_recall_at_3_std": 0.5140989729225028,
        "nauc_cv_recall_at_5_diff1": 0.4328664799253027,
        "nauc_cv_recall_at_5_max": 0.8454715219421102,
        "nauc_cv_recall_at_5_std": 0.5140989729225028,
        "nauc_map_at_1000_diff1": -0.04937932690881562,
        "nauc_map_at_1000_max": 0.2696542026356208,
        "nauc_map_at_1000_std": 0.3536072244000358,
        "nauc_map_at_100_diff1": 0.12385077692802664,
        "nauc_map_at_100_max": 0.047086368661982195,
        "nauc_map_at_100_std": -0.020608149708437294,
        "nauc_map_at_10_diff1": 0.5716409137514659,
        "nauc_map_at_10_max": -0.29749376199513494,
        "nauc_map_at_10_std": -0.24143042733191522,
        "nauc_map_at_1_diff1": 0.8136239166746834,
        "nauc_map_at_1_max": -0.3106662343899528,
        "nauc_map_at_1_std": -0.35232752736080647,
        "nauc_map_at_20_diff1": 0.40457138119064046,
        "nauc_map_at_20_max": -0.20186363429962195,
        "nauc_map_at_20_std": -0.19158728934519387,
        "nauc_map_at_3_diff1": 0.735463101398099,
        "nauc_map_at_3_max": -0.32547310737341384,
        "nauc_map_at_3_std": -0.3402239911170755,
        "nauc_map_at_5_diff1": 0.6663083326426036,
        "nauc_map_at_5_max": -0.32253511742171453,
        "nauc_map_at_5_std": -0.3120590470043225,
        "nauc_mrr_at_1000_diff1": 0.42953838247203524,
        "nauc_mrr_at_1000_max": 0.8445001002658882,
        "nauc_mrr_at_1000_std": 0.4984699659781894,
        "nauc_mrr_at_100_diff1": 0.42985922660380854,
        "nauc_mrr_at_100_max": 0.8446527070211831,
        "nauc_mrr_at_100_std": 0.49815040862283205,
        "nauc_mrr_at_10_diff1": 0.43010992275698046,
        "nauc_mrr_at_10_max": 0.8419595110771564,
        "nauc_mrr_at_10_std": 0.503055767761649,
        "nauc_mrr_at_1_diff1": 0.4328664799253027,
        "nauc_mrr_at_1_max": 0.8454715219421102,
        "nauc_mrr_at_1_std": 0.5140989729225028,
        "nauc_mrr_at_20_diff1": 0.43010992275698046,
        "nauc_mrr_at_20_max": 0.8419595110771564,
        "nauc_mrr_at_20_std": 0.503055767761649,
        "nauc_mrr_at_3_diff1": 0.4328664799253027,
        "nauc_mrr_at_3_max": 0.8454715219421102,
        "nauc_mrr_at_3_std": 0.5140989729225028,
        "nauc_mrr_at_5_diff1": 0.4328664799253027,
        "nauc_mrr_at_5_max": 0.8454715219421102,
        "nauc_mrr_at_5_std": 0.5140989729225028,
        "nauc_ndcg_at_1000_diff1": -0.054251437388152926,
        "nauc_ndcg_at_1000_max": 0.2919014969243674,
        "nauc_ndcg_at_1000_std": 0.39620346036843507,
        "nauc_ndcg_at_100_diff1": 0.007569308574566526,
        "nauc_ndcg_at_100_max": 0.23458786572466675,
        "nauc_ndcg_at_100_std": 0.4135163577648774,
        "nauc_ndcg_at_10_diff1": -0.3181697541294989,
        "nauc_ndcg_at_10_max": 0.5752835169094208,
        "nauc_ndcg_at_10_std": 0.3755715778752401,
        "nauc_ndcg_at_1_diff1": 0.4328664799253027,
        "nauc_ndcg_at_1_max": 0.8454715219421102,
        "nauc_ndcg_at_1_std": 0.5140989729225028,
        "nauc_ndcg_at_20_diff1": -0.23908006016635847,
        "nauc_ndcg_at_20_max": 0.5560229886622929,
        "nauc_ndcg_at_20_std": 0.33707751710850786,
        "nauc_ndcg_at_3_diff1": -0.2781951825848061,
        "nauc_ndcg_at_3_max": 0.6143576732407566,
        "nauc_ndcg_at_3_std": 0.3772937452727625,
        "nauc_ndcg_at_5_diff1": -0.35786895636901905,
        "nauc_ndcg_at_5_max": 0.6043717842421815,
        "nauc_ndcg_at_5_std": 0.37675196367908875,
        "nauc_precision_at_1000_diff1": -0.3805763387634662,
        "nauc_precision_at_1000_max": 0.42195519024647987,
        "nauc_precision_at_1000_std": 0.585212337771899,
        "nauc_precision_at_100_diff1": -0.48734080521012546,
        "nauc_precision_at_100_max": 0.5227997549023623,
        "nauc_precision_at_100_std": 0.5510891076143412,
        "nauc_precision_at_10_diff1": -0.6788666596283792,
        "nauc_precision_at_10_max": 0.5933356207770273,
        "nauc_precision_at_10_std": 0.4977169552364868,
        "nauc_precision_at_1_diff1": 0.4328664799253027,
        "nauc_precision_at_1_max": 0.8454715219421102,
        "nauc_precision_at_1_std": 0.5140989729225028,
        "nauc_precision_at_20_diff1": -0.6551976986857685,
        "nauc_precision_at_20_max": 0.6256803824242766,
        "nauc_precision_at_20_std": 0.46316886645232846,
        "nauc_precision_at_3_diff1": -0.5373128633027642,
        "nauc_precision_at_3_max": 0.590048207176382,
        "nauc_precision_at_3_std": 0.4257240616136042,
        "nauc_precision_at_5_diff1": -0.6938788367521803,
        "nauc_precision_at_5_max": 0.5934743712514486,
        "nauc_precision_at_5_std": 0.46478252104228635,
        "nauc_recall_at_1000_diff1": 0.30412190420806695,
        "nauc_recall_at_1000_max": -0.10531048364498173,
        "nauc_recall_at_1000_std": 0.18434473160123815,
        "nauc_recall_at_100_diff1": 0.24991005948338124,
        "nauc_recall_at_100_max": -0.17899592428238148,
        "nauc_recall_at_100_std": -0.05878551049713581,
        "nauc_recall_at_10_diff1": 0.5971116128308881,
        "nauc_recall_at_10_max": -0.3559038546852667,
        "nauc_recall_at_10_std": -0.2593821469704409,
        "nauc_recall_at_1_diff1": 0.8136239166746834,
        "nauc_recall_at_1_max": -0.3106662343899528,
        "nauc_recall_at_1_std": -0.35232752736080647,
        "nauc_recall_at_20_diff1": 0.4690217854120366,
        "nauc_recall_at_20_max": -0.30621084429288614,
        "nauc_recall_at_20_std": -0.2078765190120193,
        "nauc_recall_at_3_diff1": 0.7371063480066337,
        "nauc_recall_at_3_max": -0.3326575944423636,
        "nauc_recall_at_3_std": -0.342284854508122,
        "nauc_recall_at_5_diff1": 0.6763466305114451,
        "nauc_recall_at_5_max": -0.3345323176937771,
        "nauc_recall_at_5_std": -0.308267248732476,
        "ndcg_at_1": 0.92857,
        "ndcg_at_10": 0.77016,
        "ndcg_at_100": 0.66301,
        "ndcg_at_1000": 0.75974,
        "ndcg_at_20": 0.71635,