{
  "dataset_revision": "b71b5f67a93aa63761b79a67bcf28bd2ae590902",
  "evaluation_time": 11.247879028320312,
  "kg_co2_emissions": 0.0007103148661634395,
  "mteb_version": "1.14.15",
  "scores": {
    "test": [
      {
        "cv_recall_at_1": 0.91176,
        "cv_recall_at_10": 0.97059,
        "cv_recall_at_100": 1.0,
        "cv_recall_at_1000": 1.0,
        "cv_recall_at_20": 1.0,
        "cv_recall_at_3": 0.95588,
        "cv_recall_at_5": 0.97059,
        "hf_subset": "default",
        "languages": [
          "eng-Latn"
        ],
        "main_score": 0.91176,
        "map_at_1": 0.21155,
        "map_at_10": 0.48966,
        "map_at_100": 0.74014,
        "map_at_1000": 0.81263,
        "map_at_20": 0.59955,
        "map_at_3": 0.32837,
        "map_at_5": 0.39401,
        "mrr_at_1": 0.9117647058823529,
        "mrr_at_10": 0.9375,
        "mrr_at_100": 0.9393674136321195,
        "mrr_at_1000": 0.9393674136321195,
        "mrr_at_20": 0.9393674136321195,
        "mrr_at_3": 0.9338235294117647,
        "mrr_at_5": 0.9375,
        "nauc_cv_recall_at_1000_diff1": NaN,
        "nauc_cv_recall_at_1000_max": NaN,
        "nauc_cv_recall_at_1000_std": NaN,
        "nauc_cv_recall_at_100_diff1": NaN,
        "nauc_cv_recall_at_100_max": NaN,
        "nauc_cv_recall_at_100_std": NaN,
        "nauc_cv_recall_at_10_diff1": 0.14808886902754712,
        "nauc_cv_recall_at_10_max": 0.9344262295081976,
        "nauc_cv_recall_at_10_std": 0.41366263951935395,
        "nauc_cv_recall_at_1_diff1": 0.08890622815092444,
        "nauc_cv_recall_at_1_max": 0.7636718007060058,
        "nauc_cv_recall_at_1_std": 0.5050944763706714,
        "nauc_cv_recall_at_20_diff1": NaN,
        "nauc_cv_recall_at_20_max": NaN,
        "nauc_cv_recall_at_20_std": NaN,
        "nauc_cv_recall_at_3_diff1": 0.04116767236460523,
        "nauc_cv_recall_at_3_max": 0.956284153005465,
        "nauc_cv_recall_at_3_std": 0.6091084263462354,
        "nauc_cv_recall_at_5_diff1": 0.14808886902754712,
        "nauc_cv_recall_at_5_max": 0.9344262295081976,
        "nauc_cv_recall_at_5_std": 0.41366263951935395,
        "nauc_map_at_1000_diff1": 0.13169390400588915,
        "nauc_map_at_1000_max": 0.1166812122452439,
        "nauc_map_at_1000_std": -0.010473066944086945,
        "nauc_map_at_100_diff1": 0.2686148902961281,
        "nauc_map_at_100_max": -0.18314483701259732,
        "nauc_map_at_100_std": -0.4729449769392477,
        "nauc_map_at_10_diff1": 0.5753685826500746,
        "nauc_map_at_10_max": -0.49565233519908947,
        "nauc_map_at_10_std": -0.6804370589468595,
        "nauc_map_at_1_diff1": 0.780300800082699,
        "nauc_map_at_1_max": -0.42095158124782406,
        "nauc_map_at_1_std": -0.5129463728628681,
        "nauc_map_at_20_diff1": 0.4574916855611179,
        "nauc_map_at_20_max": -0.4267085211004377,
        "nauc_map_at_20_std": -0.7114110463887,
        "nauc_map_at_3_diff1": 0.6976008212886665,
        "nauc_map_at_3_max": -0.4886411639027246,
        "nauc_map_at_3_std": -0.6082598246750761,
        "nauc_map_at_5_diff1": 0.6409875017343211,
        "nauc_map_at_5_max": -0.4939831139796118,
        "nauc_map_at_5_std": -0.636955922096182,
        "nauc_mrr_at_1000_diff1": 0.08280182664835734,
        "nauc_mrr_at_1000_max": 0.8139050594259656,
        "nauc_mrr_at_1000_std": 0.5134859050900542,
        "nauc_mrr_at_100_diff1": 0.08280182664835734,
        "nauc_mrr_at_100_max": 0.8139050594259656,
        "nauc_mrr_at_100_std": 0.5134859050900542,
        "nauc_mrr_at_10_diff1": 0.0874444407623522,
        "nauc_mrr_at_10_max": 0.8177509721473445,
        "nauc_mrr_at_10_std": 0.5126931926191458,
        "nauc_mrr_at_1_diff1": 0.08890622815092444,
        "nauc_mrr_at_1_max": 0.7636718007060058,
        "nauc_mrr_at_1_std": 0.5050944763706714,
        "nauc_mrr_at_20_diff1": 0.08280182664835734,
        "nauc_mrr_at_20_max": 0.8139050594259656,
        "nauc_mrr_at_20_std": 0.5134859050900542,
        "nauc_mrr_at_3_diff1": 0.0729933762221514,
        "nauc_mrr_at_3_max": 0.8278759181391588,
        "nauc_mrr_at_3_std": 0.5397657930291937,
        "nauc_mrr_at_5_diff1": 0.0874444407623522,
        "nauc_mrr_at_5_max": 0.8177509721473445,
        "nauc_mrr_at_5_std": 0.5126931926191458,
        "nauc_ndcg_at_1000_diff1": 0.06241383051337388,
        "nauc_ndcg_at_1000_max": 0.272208900926216,
        "nauc_ndcg_at_1000_std": 0.12967301339237736,
        "nauc_ndcg_at_100_diff1": 0.11423554630530176,
        "nauc_ndcg_at_100_max": 0.06157160983839016,
        "nauc_ndcg_at_100_std": -0.06943237898289072,
        "nauc_ndcg_at_10_diff1": -0.047947737214444376,
        "nauc_ndcg_at_10_max": 0.4389954191053987,
        "nauc_ndcg_at_10_std": 0.14107598916218386,
        "nauc_ndcg_at_1_diff1": 0.08890622815092444,
        "nauc_ndcg_at_1_max": 0.7636718007060058,
        "nauc_ndcg_at_1_std": 0.5050944763706714,
        "nauc_ndcg_at_20_diff1": 0.012478821687755803,
        "nauc_ndcg_at_20_max": 0.34512990003344796,
        "nauc_ndcg_at_20_std": 0.14008924454984956,
        "nauc_ndcg_at_3_diff1": -0.09096305635627844,
        "nauc_ndcg_at_3_max": 0.6084276713403347,
        "nauc_ndcg_at_3_std": 0.2156114536574065,
        "nauc_ndcg_at_5_diff1": -0.09793801249079706,
        "nauc_ndcg_at_5_max": 0.5379518725780124,
        "nauc_ndcg_at_5_std": 0.17157557804041093,
        "nauc_precision_at_1000_diff1": -0.37362551072398864,
        "nauc_precision_at_1000_max": 0.5342832294119433,
        "nauc_precision_at_1000_std": 0.8245751954211468,
        "nauc_precision_at_100_diff1": -0.465232135813768,
        "nauc_precision_at_100_max": 0.5544822149336768,
        "nauc_precision_at_100_std": 0.7921831303622509,
        "nauc_precision_at_10_diff1": -0.7762458706491685,
        "nauc_precision_at_10_max": 0.6505787230657498,
        "nauc_precision_at_10_std": 0.6225685776449985,
        "nauc_precision_at_1_diff1": 0.08890622815092444,
        "nauc_precision_at_1_max": 0.7636718007060058,
        "nauc_precision_at_1_std": 0.5050944763706714,
        "nauc_precision_at_20_diff1": -0.71642768673631,
        "nauc_precision_at_20_max": 0.6899837724850729,
        "nauc_precision_at_20_std": 0.6970174875125686,
        "nauc_precision_at_3_diff1": -0.7490057017916704,
        "nauc_precision_at_3_max": 0.6501564568428984,
        "nauc_precision_at_3_std": 0.4729593301665714,
        "nauc_precision_at_5_diff1": -0.8341987799085254,
        "nauc_precision_at_5_max": 0.6678632224158387,
        "nauc_precision_at_5_std": 0.5759916283407456,
        "nauc_recall_at_1000_diff1": NaN,
        "nauc_recall_at_1000_max": NaN,
        "nauc_recall_at_1000_std": NaN,
        "nauc_recall_at_100_diff1": 0.3552322631638444,
        "nauc_recall_at_100_max": -0.6130966892451369,
        "nauc_recall_at_100_std": -0.907401939253629,
        "nauc_recall_at_10_diff1": 0.607984326986283,
        "nauc_recall_at_10_max": -0.5531722982648333,
        "nauc_recall_at_10_std": -0.7233559191748618,
        "nauc_recall_at_1_diff1": 0.780300800082699,
        "nauc_recall_at_1_max": -0.42095158124782406,
        "nauc_recall_at_1_std": -0.5129463728628681,
        "nauc_recall_at_20_diff1": 0.5197599301040584,
        "nauc_recall_at_20_max": -0.5481670259977842,
        "nauc_recall_at_20_std": -0.8184447964513687,
        "nauc_recall_at_3_diff1": 0.6904324211337437,
        "nauc_recall_at_3_max": -0.5010840039667745,
        "nauc_recall_at_3_std": -0.6181786158249679,
        "nauc_recall_at_5_diff1": 0.6333282868307959,
        "nauc_recall_at_5_max": -0.5254324879525268,
        "nauc_recall_at_5_std": -0.6652049172495853,
        "ndcg_at_1": 0.91176,
        "ndcg_at_10": 0.87915,
        "ndcg_at_100": 0.87893,
        "ndcg_at_1000": 0.91798,
        "ndcg_at_20": 0.87527,
        "ndcg_at_3": 0.89227,
        "ndcg_at_5": 0.89518,
        "precision_at_1": 0.91176,
        "precision_at_10": 0.63824,
        "precision_at_100": 0.26132,