{
    "dataset_revision": "None",
    "task_name": "DBPedia",
    "evaluation_time": null,
    "mteb_version": null,
    "scores": {
        "test": [
            {
                "hf_subset": "default",
                "languages": [
                    "eng-Latn"
                ],
                "map_at_1": 0.005410000000000001,
                "map_at_10": 0.01156,
                "map_at_100": 0.01508,
                "map_at_1000": 0.01598,
                "map_at_3": 0.00918,
                "map_at_5": 0.00992,
                "mrr_at_1": 0.095,
                "mrr_at_10": 0.13446,
                "mrr_at_100": 0.13935,
                "mrr_at_1000": 0.14009,
                "mrr_at_3": 0.12083,
                "mrr_at_5": 0.12733,
                "ndcg_at_1": 0.0575,
                "ndcg_at_10": 0.03921,
                "ndcg_at_100": 0.03975,
                "ndcg_at_1000": 0.05634,
                "ndcg_at_3": 0.0487,
                "ndcg_at_5": 0.04259,
                "precision_at_1": 0.095,
                "precision_at_10": 0.039,
                "precision_at_100": 0.01015,
                "precision_at_1000": 0.00297,
                "precision_at_3": 0.0675,
                "precision_at_5": 0.0525,
                "recall_at_1": 0.005410000000000001,
                "recall_at_10": 0.02228,
                "recall_at_100": 0.04943,
                "recall_at_1000": 0.11661000000000002,
                "recall_at_3": 0.01264,
                "recall_at_5": 0.01487,
                "main_score": 0.03921
            }
        ]
    }
}