{
    "dataset_revision": "2039188fb5800a9803ba5048df7b76e6fb151fc6",
    "task_name": "MedicalRetrieval",
    "evaluation_time": null,
    "mteb_version": null,
    "scores": {
        "dev": [
            {
                "hf_subset": "default",
                "languages": [
                    "cmn-Hans"
                ],
                "map_at_1": 0.029000000000000005,
                "map_at_10": 0.03536,
                "map_at_100": 0.03703,
                "map_at_1000": 0.03734,
                "map_at_3": 0.03167,
                "map_at_5": 0.03322,
                "mrr_at_1": 0.029000000000000005,
                "mrr_at_10": 0.03536,
                "mrr_at_100": 0.03703,
                "mrr_at_1000": 0.03734,
                "mrr_at_3": 0.03167,
                "mrr_at_5": 0.03322,
                "ndcg_at_1": 0.029000000000000005,
                "ndcg_at_10": 0.04079,
                "ndcg_at_100": 0.05101,
                "ndcg_at_1000": 0.06295,
                "ndcg_at_3": 0.03276,
                "ndcg_at_5": 0.0356,
                "precision_at_1": 0.029000000000000005,
                "precision_at_10": 0.0059,
                "precision_at_100": 0.00112,
                "precision_at_1000": 0.00022000000000000003,
                "precision_at_3": 0.012,
                "precision_at_5": 0.0086,
                "recall_at_1": 0.029000000000000005,
                "recall_at_10": 0.059,
                "recall_at_100": 0.11200000000000002,
                "recall_at_1000": 0.215,
                "recall_at_3": 0.036,
                "recall_at_5": 0.043,
                "main_score": 0.04079
            }
        ]
    }
}