{
    "dataset_revision": "None",
    "task_name": "SCIDOCS-PL",
    "evaluation_time": -1,
    "mteb_version": "0.0.0",
    "scores": {
        "test": [
            {
                "hf_subset": "default",
                "languages": [
                    "pol-Latn"
                ],
                "map_at_1": 0.32,
                "map_at_10": 0.676,
                "map_at_100": 0.847,
                "map_at_1000": 1.032,
                "map_at_3": 0.5369999999999999,
                "map_at_5": 0.592,
                "mrr_at_1": 1.6,
                "mrr_at_10": 2.863,
                "mrr_at_100": 3.334,
                "mrr_at_1000": 3.5479999999999996,
                "mrr_at_3": 2.317,
                "mrr_at_5": 2.587,
                "ndcg_at_1": 1.6,
                "ndcg_at_10": 1.397,
                "ndcg_at_100": 2.819,
                "ndcg_at_1000": 9.349,
                "ndcg_at_3": 1.3,
                "ndcg_at_5": 1.1079999999999999,
                "precision_at_1": 1.6,
                "precision_at_10": 0.74,
                "precision_at_100": 0.295,
                "precision_at_1000": 0.194,
                "precision_at_3": 1.2,
                "precision_at_5": 0.96,
                "recall_at_1": 0.32,
                "recall_at_10": 1.505,
                "recall_at_100": 5.988,
                "recall_at_1000": 39.308,
                "recall_at_3": 0.72,
                "recall_at_5": 0.9650000000000001,
                "main_score": 1.397
            }
        ]
    }
}