{
    "dataset_revision": "d66bd1f72af766a5cc4b0ca5e00c162f89e8cc46",
    "task_name": "SprintDuplicateQuestions",
    "evaluation_time": NaN,
    "mteb_version": "0.0.0",
    "scores": {
        "test": [
            {
                "hf_subset": "default",
                "languages": [
                    "eng-Latn"
                ],
                "cos_sim_accuracy": 99.81881188118813,
                "cos_sim_ap": 95.2776439040401,
                "cos_sim_f1": 90.74355083459787,
                "cos_sim_precision": 91.81166837256909,
                "cos_sim_recall": 89.7,
                "dot_accuracy": 99.81881188118813,
                "dot_ap": 95.27764092100406,
                "dot_f1": 90.74355083459787,
                "dot_precision": 91.81166837256909,
                "dot_recall": 89.7,
                "euclidean_accuracy": 99.81881188118813,
                "euclidean_ap": 95.27764091101388,
                "euclidean_f1": 90.74355083459787,
                "euclidean_precision": 91.81166837256909,
                "euclidean_recall": 89.7,
                "manhattan_accuracy": 99.82079207920792,
                "manhattan_ap": 95.25081634689418,
                "manhattan_f1": 90.75114971895759,
                "manhattan_precision": 92.78996865203762,
                "manhattan_recall": 88.8,
                "max_accuracy": 99.82079207920792,
                "max_ap": 95.2776439040401,
                "max_f1": 90.75114971895759,
                "main_score": 95.2776439040401
            }
        ]
    }
}