{
  "dataset_revision": "503301cd99348035b9675883a543aa1ded0cf07c",
  "evaluation_time": 2108.5322701931,
  "kg_co2_emissions": 0.10787840977787713,
  "mteb_version": "1.14.15",
  "scores": {
    "test": [
      {
        "cv_recall_at_1": 0.03789,
        "cv_recall_at_10": 0.30695,
        "cv_recall_at_100": 0.70432,
        "cv_recall_at_1000": 0.95635,
        "cv_recall_at_20": 0.41775,
        "cv_recall_at_3": 0.14676,
        "cv_recall_at_5": 0.21175,
        "hf_subset": "default",
        "languages": [
          "eng-Latn"
        ],
        "main_score": 0.15739,
        "map_at_1": 0.03373,
        "map_at_10": 0.11132,
        "map_at_100": 0.12622,
        "map_at_1000": 0.1274,
        "map_at_20": 0.11923,
        "map_at_3": 0.08379,
        "map_at_5": 0.09838,
        "mrr_at_1": 0.03788968824940048,
        "mrr_at_10": 0.11217340413383554,
        "mrr_at_100": 0.12702814302057494,
        "mrr_at_1000": 0.12820166425009916,
        "mrr_at_20": 0.12004527728097728,
        "mrr_at_3": 0.0850919264588328,
        "mrr_at_5": 0.09978017585931202,
        "nauc_cv_recall_at_1000_diff1": -0.23483495962487685,
        "nauc_cv_recall_at_1000_max": 0.04115748863647814,
        "nauc_cv_recall_at_1000_std": 0.5072900955253897,
        "nauc_cv_recall_at_100_diff1": -0.13399675808652733,
        "nauc_cv_recall_at_100_max": 0.03231244105065272,
        "nauc_cv_recall_at_100_std": 0.18955836253198058,
        "nauc_cv_recall_at_10_diff1": -0.08754092855343787,
        "nauc_cv_recall_at_10_max": -0.017774778323850535,
        "nauc_cv_recall_at_10_std": -0.023175732839069256,
        "nauc_cv_recall_at_1_diff1": -0.4193602619271618,
        "nauc_cv_recall_at_1_max": -0.22239694599450474,
        "nauc_cv_recall_at_1_std": -0.07093804023326192,
        "nauc_cv_recall_at_20_diff1": -0.07233257779845548,
        "nauc_cv_recall_at_20_max": -0.0004947521487401264,
        "nauc_cv_recall_at_20_std": 0.011318736540288005,
        "nauc_cv_recall_at_3_diff1": -0.11977747903916217,
        "nauc_cv_recall_at_3_max": -0.044650122050447466,
        "nauc_cv_recall_at_3_std": -0.06301615940063594,
        "nauc_cv_recall_at_5_diff1": -0.08444721334755964,
        "nauc_cv_recall_at_5_max": -0.014818089499746652,
        "nauc_cv_recall_at_5_std": -0.04705301696680704,
        "nauc_map_at_1000_diff1": -0.16684882079690594,
        "nauc_map_at_1000_max": -0.06274519838376234,
        "nauc_map_at_1000_std": -0.03886900778768961,
        "nauc_map_at_100_diff1": -0.1661318774483739,
        "nauc_map_at_100_max": -0.06195374524174122,
        "nauc_map_at_100_std": -0.03841558758720325,
        "nauc_map_at_10_diff1": -0.16613587522373707,
        "nauc_map_at_10_max": -0.06644991351722741,
        "nauc_map_at_10_std": -0.050076817512225716,
        "nauc_map_at_1_diff1": -0.4163104004720262,
        "nauc_map_at_1_max": -0.2747340083952508,
        "nauc_map_at_1_std": -0.09198629954081722,
        "nauc_map_at_20_diff1": -0.16293591915587585,
        "nauc_map_at_20_max": -0.06397399493294051,
        "nauc_map_at_20_std": -0.04604421973146008,
        "nauc_map_at_3_diff1": -0.1891132942062251,
        "nauc_map_at_3_max": -0.08258971139177301,
        "nauc_map_at_3_std": -0.06700009169882554,
        "nauc_map_at_5_diff1": -0.1704867658975093,
        "nauc_map_at_5_max": -0.07094474780973493,
        "nauc_map_at_5_std": -0.058100310353397085,
        "nauc_mrr_at_1000_diff1": -0.16911325820095346,
        "nauc_mrr_at_1000_max": -0.06409740785512368,
        "nauc_mrr_at_1000_std": -0.03899848056288556,
        "nauc_mrr_at_100_diff1": -0.16850806313339425,
        "nauc_mrr_at_100_max": -0.0634126054660997,
        "nauc_mrr_at_100_std": -0.038580140291636054,
        "nauc_mrr_at_10_diff1": -0.1682598555602535,
        "nauc_mrr_at_10_max": -0.06838893978423019,
        "nauc_mrr_at_10_std": -0.051074437553742295,
        "nauc_mrr_at_1_diff1": -0.4193602619271618,
        "nauc_mrr_at_1_max": -0.22239694599450474,
        "nauc_mrr_at_1_std": -0.07093804023326192,
        "nauc_mrr_at_20_diff1": -0.16498685336400595,
        "nauc_mrr_at_20_max": -0.06520402745884449,
        "nauc_mrr_at_20_std": -0.0458519851652605,
        "nauc_mrr_at_3_diff1": -0.19440977152050642,
        "nauc_mrr_at_3_max": -0.08752349764865285,
        "nauc_mrr_at_3_std": -0.06538147091812893,
        "nauc_mrr_at_5_diff1": -0.17117869918999462,
        "nauc_mrr_at_5_max": -0.0698212308801685,
        "nauc_mrr_at_5_std": -0.05841710937904427,
        "nauc_ndcg_at_1000_diff1": -0.15234111790053245,
        "nauc_ndcg_at_1000_max": -0.041985213306370686,
        "nauc_ndcg_at_1000_std": 0.0024660342332198408,
        "nauc_ndcg_at_100_diff1": -0.1441950009328942,
        "nauc_ndcg_at_100_max": -0.030190081097683594,
        "nauc_ndcg_at_100_std": 0.017228572885077113,
        "nauc_ndcg_at_10_diff1": -0.13338833568804442,
        "nauc_ndcg_at_10_max": -0.044568656383813396,
        "nauc_ndcg_at_10_std": -0.03812813488932752,
        "nauc_ndcg_at_1_diff1": -0.4163532028700761,
        "nauc_ndcg_at_1_max": -0.22207085176177319,
        "nauc_ndcg_at_1_std": -0.07379454200818779,
        "nauc_ndcg_at_20_diff1": -0.12608385658460633,
        "nauc_ndcg_at_20_max": -0.038197042862169066,
        "nauc_ndcg_at_20_std": -0.026393325758819242,
        "nauc_ndcg_at_3_diff1": -0.16227406586213008,
        "nauc_ndcg_at_3_max": -0.06545289556208832,
        "nauc_ndcg_at_3_std": -0.06523067599325967,
        "nauc_ndcg_at_5_diff1": -0.1391088965686819,
        "nauc_ndcg_at_5_max": -0.05097104890166839,
        "nauc_ndcg_at_5_std": -0.05230012929141749,
        "nauc_precision_at_1000_diff1": -0.2755119493448962,
        "nauc_precision_at_1000_max": 0.060867365300396936,
        "nauc_precision_at_1000_std": 0.359050466250715,
        "nauc_precision_at_100_diff1": -0.14368524807800673,
        "nauc_precision_at_100_max": 0.04331529840604045,
        "nauc_precision_at_100_std": 0.18256695451429739,
        "nauc_precision_at_10_diff1": -0.10014285453723137,
        "nauc_precision_at_10_max": -0.0055277688384203025,
        "nauc_precision_at_10_std": -0.014565845554491023,
        "nauc_precision_at_1_diff1": -0.4163532028700761,
        "nauc_precision_at_1_max": -0.22207085176177319,
        "nauc_precision_at_1_std": -0.07379454200818779,
        "nauc_precision_at_20_diff1": -0.08703318908537984,
        "nauc_precision_at_20_max": 0.005529587234633855,
        "nauc_precision_at_20_std": 0.010199141627338721,
        "nauc_precision_at_3_diff1": -0.1309698212716085,
        "nauc_precision_at_3_max": -0.019685290781100828,
        "nauc_precision_at_3_std": -0.0555530513045894,
        "nauc_precision_at_5_diff1": -0.10470244418897028,
        "nauc_precision_at_5_max": -0.009606092402602824,
        "nauc_precision_at_5_std": -0.03858507105403419,
        "nauc_recall_at_1000_diff1": -0.23483495962487685,
        "nauc_recall_at_1000_max": 0.04115748863647814,
        "nauc_recall_at_1000_std": 0.5072900955253897,
        "nauc_recall_at_100_diff1": -0.12717411493902653,
        "nauc_recall_at_100_max": 0.03790005057210671,
        "nauc_recall_at_100_std": 0.19155391255019885,
        "nauc_recall_at_10_diff1": -0.08677103311588381,
        "nauc_recall_at_10_max": -0.013629397728110781,
        "nauc_recall_at_10_std": -0.01869219146397067,
        "nauc_recall_at_1_diff1": -0.4163104004720262,
        "nauc_recall_at_1_max": -0.2747340083952508,
        "nauc_recall_at_1_std": -0.09198629954081722,
        "nauc_recall_at_20_diff1": -0.07313011855635769,
        "nauc_recall_at_20_max": -0.0005286525817886519,
        "nauc_recall_at_20_std": 0.00818316934752788,
        "nauc_recall_at_3_diff1": -0.1144759978724755,
        "nauc_recall_at_3_max": -0.036065955242601276,
        "nauc_recall_at_3_std": -0.06339680514098824,
        "nauc_recall_at_5_diff1": -0.08975462348499527,
        "nauc_recall_at_5_max": -0.020149215945621902,