{
  "dataset_revision": "d4f4606f7a42bbf311c2957419ef3734fe81c47f",
  "evaluation_time": 6607.46626663208,
  "kg_co2_emissions": 0.6064358804024869,
  "mteb_version": "1.14.15",
  "scores": {
    "test": [
      {
        "cv_recall_at_1": 0.05847,
        "cv_recall_at_10": 0.21187,
        "cv_recall_at_100": 0.46119,
        "cv_recall_at_1000": 0.76835,
        "cv_recall_at_20": 0.27563,
        "cv_recall_at_3": 0.11684,
        "cv_recall_at_5": 0.15349,
        "hf_subset": "default",
        "languages": [
          "eng-Latn"
        ],
        "main_score": 0.0642,
        "map_at_1": 0.01538,
        "map_at_10": 0.03428,
        "map_at_100": 0.04341,
        "map_at_1000": 0.04604,
        "map_at_20": 0.03808,
        "map_at_3": 0.02539,
        "map_at_5": 0.02974,
        "mrr_at_1": 0.058465071094232976,
        "mrr_at_10": 0.0991240262480218,
        "mrr_at_100": 0.10793975797295866,
        "mrr_at_1000": 0.10910310122258027,
        "mrr_at_20": 0.10347798147750646,
        "mrr_at_3": 0.08309046483558571,
        "mrr_at_5": 0.09142306220377472,
        "nauc_cv_recall_at_1000_diff1": 0.15903040404208496,
        "nauc_cv_recall_at_1000_max": -0.0032399436633056755,
        "nauc_cv_recall_at_1000_std": 0.5314922037770226,
        "nauc_cv_recall_at_100_diff1": 0.11639773116345892,
        "nauc_cv_recall_at_100_max": -0.08557415598521438,
        "nauc_cv_recall_at_100_std": 0.3719126948499564,
        "nauc_cv_recall_at_10_diff1": 0.11412090244638722,
        "nauc_cv_recall_at_10_max": -0.06951138979714125,
        "nauc_cv_recall_at_10_std": 0.2776859723419334,
        "nauc_cv_recall_at_1_diff1": 0.21682935537304635,
        "nauc_cv_recall_at_1_max": 0.02455830025939064,
        "nauc_cv_recall_at_1_std": 0.2790185837496678,
        "nauc_cv_recall_at_20_diff1": 0.11408258023225304,
        "nauc_cv_recall_at_20_max": -0.08326299829851425,
        "nauc_cv_recall_at_20_std": 0.3098107880161923,
        "nauc_cv_recall_at_3_diff1": 0.13068410392780627,
        "nauc_cv_recall_at_3_max": -0.03133721741869444,
        "nauc_cv_recall_at_3_std": 0.2641506203023356,
        "nauc_cv_recall_at_5_diff1": 0.1318779345333171,
        "nauc_cv_recall_at_5_max": -0.05156197757431297,
        "nauc_cv_recall_at_5_std": 0.26302730872104296,
        "nauc_map_at_1000_diff1": 0.1886540049863485,
        "nauc_map_at_1000_max": -0.03882159752234404,
        "nauc_map_at_1000_std": 0.2849241346894831,
        "nauc_map_at_100_diff1": 0.18719414245808766,
        "nauc_map_at_100_max": -0.03884715202795368,
        "nauc_map_at_100_std": 0.26794480126530196,
        "nauc_map_at_10_diff1": 0.19149778774490345,
        "nauc_map_at_10_max": -0.03465807744984702,
        "nauc_map_at_10_std": 0.21764380749094123,
        "nauc_map_at_1_diff1": 0.2257298075309943,
        "nauc_map_at_1_max": 0.003093074467874146,
        "nauc_map_at_1_std": 0.19746097095919143,
        "nauc_map_at_20_diff1": 0.1872382841766199,
        "nauc_map_at_20_max": -0.0380567455888442,
        "nauc_map_at_20_std": 0.23455935265997266,
        "nauc_map_at_3_diff1": 0.18689128436389266,
        "nauc_map_at_3_max": -0.023313674034043236,
        "nauc_map_at_3_std": 0.20172419951565795,
        "nauc_map_at_5_diff1": 0.19105017719863115,
        "nauc_map_at_5_max": -0.030715388966448664,
        "nauc_map_at_5_std": 0.20586907384635522,
        "nauc_mrr_at_1000_diff1": 0.1563173790027848,
        "nauc_mrr_at_1000_max": -0.02663262641704658,
        "nauc_mrr_at_1000_std": 0.2784626425363717,
        "nauc_mrr_at_100_diff1": 0.15607674330353352,
        "nauc_mrr_at_100_max": -0.02703532082359656,
        "nauc_mrr_at_100_std": 0.27798226905992096,
        "nauc_mrr_at_10_diff1": 0.15702059374043714,
        "nauc_mrr_at_10_max": -0.02361801546510721,
        "nauc_mrr_at_10_std": 0.26914062049804327,
        "nauc_mrr_at_1_diff1": 0.21682935537304635,
        "nauc_mrr_at_1_max": 0.02455830025939064,
        "nauc_mrr_at_1_std": 0.2790185837496678,
        "nauc_mrr_at_20_diff1": 0.15635834064007598,
        "nauc_mrr_at_20_max": -0.02624995570807909,
        "nauc_mrr_at_20_std": 0.273868663278964,
        "nauc_mrr_at_3_diff1": 0.16479578393145464,
        "nauc_mrr_at_3_max": -0.008935148912170699,
        "nauc_mrr_at_3_std": 0.2668298492364776,
        "nauc_mrr_at_5_diff1": 0.16310625909388715,
        "nauc_mrr_at_5_max": -0.01767707895506212,
        "nauc_mrr_at_5_std": 0.2660950586753131,
        "nauc_ndcg_at_1000_diff1": 0.16495207338293308,
        "nauc_ndcg_at_1000_max": -0.05405833175573193,
        "nauc_ndcg_at_1000_std": 0.4046205263767174,
        "nauc_ndcg_at_100_diff1": 0.16083087723882655,
        "nauc_ndcg_at_100_max": -0.055319613140678355,
        "nauc_ndcg_at_100_std": 0.33259717358950996,
        "nauc_ndcg_at_10_diff1": 0.16691836335205953,
        "nauc_ndcg_at_10_max": -0.04282372185697305,
        "nauc_ndcg_at_10_std": 0.2528174883951418,
        "nauc_ndcg_at_1_diff1": 0.2180268291212804,
        "nauc_ndcg_at_1_max": 0.02507725468568853,
        "nauc_ndcg_at_1_std": 0.2784394119871401,
        "nauc_ndcg_at_20_diff1": 0.16023307315272942,
        "nauc_ndcg_at_20_max": -0.05262547444010167,
        "nauc_ndcg_at_20_std": 0.2665297263752071,
        "nauc_ndcg_at_3_diff1": 0.17093531457496794,
        "nauc_ndcg_at_3_max": -0.011254597420261117,
        "nauc_ndcg_at_3_std": 0.2669834184845541,
        "nauc_ndcg_at_5_diff1": 0.1723184377539728,
        "nauc_ndcg_at_5_max": -0.02458537455585734,
        "nauc_ndcg_at_5_std": 0.25798630379843657,
        "nauc_precision_at_1000_diff1": 0.11679559393432894,
        "nauc_precision_at_1000_max": -0.03198853640484366,
        "nauc_precision_at_1000_std": 0.42034368783542553,
        "nauc_precision_at_100_diff1": 0.15051064064593828,
        "nauc_precision_at_100_max": -0.0457349496509457,
        "nauc_precision_at_100_std": 0.434740842378667,
        "nauc_precision_at_10_diff1": 0.15823302191251218,
        "nauc_precision_at_10_max": -0.05974435361932995,
        "nauc_precision_at_10_std": 0.31118334843792034,
        "nauc_precision_at_1_diff1": 0.2180268291212804,
        "nauc_precision_at_1_max": 0.02507725468568853,
        "nauc_precision_at_1_std": 0.2784394119871401,
        "nauc_precision_at_20_diff1": 0.14771877044720502,
        "nauc_precision_at_20_max": -0.060492829949428235,
        "nauc_precision_at_20_std": 0.3606351586768362,
        "nauc_precision_at_3_diff1": 0.16104792244511965,
        "nauc_precision_at_3_max": -0.030383581686446687,
        "nauc_precision_at_3_std": 0.2718691494322108,
        "nauc_precision_at_5_diff1": 0.1672032331250941,
        "nauc_precision_at_5_max": -0.044748094103250334,
        "nauc_precision_at_5_std": 0.28066549637528554,
        "nauc_recall_at_1000_diff1": 0.13190216557598045,
        "nauc_recall_at_1000_max": -0.06393947090257371,
        "nauc_recall_at_1000_std": 0.4586513519880298,
        "nauc_recall_at_100_diff1": 0.1212120213126087,
        "nauc_recall_at_100_max": -0.06073065113165779,
        "nauc_recall_at_100_std": 0.33858000745495986,
        "nauc_recall_at_10_diff1": 0.14384281248669287,
        "nauc_recall_at_10_max": -0.04556565855847812,
        "nauc_recall_at_10_std": 0.2250067534093299,
        "nauc_recall_at_1_diff1": 0.2257298075309943,
        "nauc_recall_at_1_max": 0.003093074467874146,
        "nauc_recall_at_1_std": 0.19746097095919143,
        "nauc_recall_at_20_diff1": 0.12737510813572064,
        "nauc_recall_at_20_max": -0.05538721517936471,
        "nauc_recall_at_20_std": 0.2543385654319685,
        "nauc_recall_at_3_diff1": 0.1475000922735451,
        "nauc_recall_at_3_max": -0.030891138960502506,
        "nauc_recall_at_3_std": 0.2073969087010879,
        "nauc_recall_at_5_diff1": 0.15309597980970435,
        "nauc_recall_at_5_max": -0.04168907377581108,
        "nauc_recall_at_5_std": 0.20746169248950863,
        "ndcg_at_1": 0.05838,
        "ndcg_at_10": 0.0642,