{
    "dataset_revision": "None",
    "task_name": "MedicalRetrieval",
    "evaluation_time": null,
    "mteb_version": null,
    "scores": {
        "dev": [
            {
                "hf_subset": "default",
                "languages": [
                    "cmn-Hans"
                ],
                "map_at_1": 0.576,
                "map_at_10": 0.64691,
                "map_at_100": 0.6523699999999999,
                "map_at_1000": 0.6527,
                "map_at_3": 0.62733,
                "map_at_5": 0.63968,
                "mrr_at_1": 0.581,
                "mrr_at_10": 0.64952,
                "mrr_at_100": 0.6551300000000001,
                "mrr_at_1000": 0.6554800000000001,
                "mrr_at_3": 0.63,
                "mrr_at_5": 0.64235,
                "ndcg_at_1": 0.576,
                "ndcg_at_10": 0.6819,
                "ndcg_at_100": 0.7098400000000001,
                "ndcg_at_1000": 0.71811,
                "ndcg_at_3": 0.64276,
                "ndcg_at_5": 0.6648,
                "precision_at_1": 0.576,
                "precision_at_10": 0.0792,
                "precision_at_100": 0.00926,
                "precision_at_1000": 0.00099,
                "precision_at_3": 0.229,
                "precision_at_5": 0.148,
                "recall_at_1": 0.576,
                "recall_at_10": 0.792,
                "recall_at_100": 0.926,
                "recall_at_1000": 0.99,
                "recall_at_3": 0.687,
                "recall_at_5": 0.74,
                "main_score": 0.6819
            }
        ]
    }
}