{
    "dataset_revision": "6d1ba47164174a496b7fa5d3569dae26a6813b80",
    "task_name": "STS22",
    "evaluation_time": null,
    "mteb_version": null,
    "scores": {
        "test": [
            {
                "hf_subset": "zh",
                "languages": [
                    "cmn-Hans"
                ],
                "cos_sim_pearson": 0.6626687809086202,
                "cos_sim_spearman": 0.669569145816897,
                "euclidean_pearson": 0.6572390780809788,
                "euclidean_spearman": 0.6695406938095538,
                "manhattan_pearson": 0.656220809000381,
                "manhattan_spearman": 0.6688531036320953,
                "cosine_pearson": 0.6626687809086202,
                "cosine_spearman": 0.669569145816897,
                "main_score": 0.669569145816897
            }
        ]
    }
}