{
  "dataset_revision": "ad9991cb51e31e31e430383c75ffb2885547b5f0",
  "task_name": "CQADupstackEnglishRetrieval",
  "mteb_version": "1.34.7",
  "scores": {
    "test": [
      {
        "ndcg_at_1": 0.43376,
        "ndcg_at_3": 0.48077,
        "ndcg_at_5": 0.50025,
        "ndcg_at_10": 0.52156,
        "ndcg_at_20": 0.53664,
        "ndcg_at_100": 0.56061,
        "ndcg_at_1000": 0.57833,
        "map_at_1": 0.34193,
        "map_at_3": 0.4287,
        "map_at_5": 0.447,
        "map_at_10": 0.46058,
        "map_at_20": 0.46722,
        "map_at_100": 0.47312,
        "map_at_1000": 0.47436,
        "recall_at_1": 0.34193,
        "recall_at_3": 0.50091,
        "recall_at_5": 0.55742,
        "recall_at_10": 0.62536,
        "recall_at_20": 0.68101,
        "recall_at_100": 0.79016,
        "recall_at_1000": 0.89947,
        "precision_at_1": 0.43376,
        "precision_at_3": 0.23567,
        "precision_at_5": 0.16586,
        "precision_at_10": 0.09962,
        "precision_at_20": 0.05764,
        "precision_at_100": 0.01535,
        "precision_at_1000": 0.00196,
        "mrr_at_1": 0.433758,
        "mrr_at_3": 0.50276,
        "mrr_at_5": 0.515563,
        "mrr_at_10": 0.523621,
        "mrr_at_20": 0.52693,
        "mrr_at_100": 0.52931,
        "mrr_at_1000": 0.529679,
        "nauc_ndcg_at_1_max": 0.362575,
        "nauc_ndcg_at_1_std": -0.047889,
        "nauc_ndcg_at_1_diff1": 0.584235,
        "nauc_ndcg_at_3_max": 0.319476,
        "nauc_ndcg_at_3_std": -0.054436,
        "nauc_ndcg_at_3_diff1": 0.543859,
        "nauc_ndcg_at_5_max": 0.316532,
        "nauc_ndcg_at_5_std": -0.05982,
        "nauc_ndcg_at_5_diff1": 0.535723,
        "nauc_ndcg_at_10_max": 0.311225,
        "nauc_ndcg_at_10_std": -0.058984,
        "nauc_ndcg_at_10_diff1": 0.530455,
        "nauc_ndcg_at_20_max": 0.320554,
        "nauc_ndcg_at_20_std": -0.051966,
        "nauc_ndcg_at_20_diff1": 0.526283,
        "nauc_ndcg_at_100_max": 0.32355,
        "nauc_ndcg_at_100_std": -0.034411,
        "nauc_ndcg_at_100_diff1": 0.525855,
        "nauc_ndcg_at_1000_max": 0.325605,
        "nauc_ndcg_at_1000_std": -0.025799,
        "nauc_ndcg_at_1000_diff1": 0.526879,
        "nauc_map_at_1_max": 0.253538,
        "nauc_map_at_1_std": -0.12643,
        "nauc_map_at_1_diff1": 0.602569,
        "nauc_map_at_3_max": 0.286221,
        "nauc_map_at_3_std": -0.106267,
        "nauc_map_at_3_diff1": 0.565955,
        "nauc_map_at_5_max": 0.296441,
        "nauc_map_at_5_std": -0.097687,
        "nauc_map_at_5_diff1": 0.556538,
        "nauc_map_at_10_max": 0.300427,
        "nauc_map_at_10_std": -0.090583,
        "nauc_map_at_10_diff1": 0.552455,
        "nauc_map_at_20_max": 0.306206,
        "nauc_map_at_20_std": -0.083453,
        "nauc_map_at_20_diff1": 0.550386,
        "nauc_map_at_100_max": 0.309286,
        "nauc_map_at_100_std": -0.074574,
        "nauc_map_at_100_diff1": 0.549792,
        "nauc_map_at_1000_max": 0.309549,
        "nauc_map_at_1000_std": -0.07319,
        "nauc_map_at_1000_diff1": 0.549817,
        "nauc_recall_at_1_max": 0.253538,
        "nauc_recall_at_1_std": -0.12643,
        "nauc_recall_at_1_diff1": 0.602569,
        "nauc_recall_at_3_max": 0.26248,
        "nauc_recall_at_3_std": -0.086899,
        "nauc_recall_at_3_diff1": 0.514666,
        "nauc_recall_at_5_max": 0.267582,
        "nauc_recall_at_5_std": -0.086881,
        "nauc_recall_at_5_diff1": 0.477728,
        "nauc_recall_at_10_max": 0.256461,
        "nauc_recall_at_10_std": -0.073238,
        "nauc_recall_at_10_diff1": 0.448989,
        "nauc_recall_at_20_max": 0.289295,
        "nauc_recall_at_20_std": -0.044265,
        "nauc_recall_at_20_diff1": 0.414057,
        "nauc_recall_at_100_max": 0.294825,
        "nauc_recall_at_100_std": 0.070105,
        "nauc_recall_at_100_diff1": 0.384942,
        "nauc_recall_at_1000_max": 0.322177,
        "nauc_recall_at_1000_std": 0.246276,
        "nauc_recall_at_1000_diff1": 0.334364,
        "nauc_precision_at_1_max": 0.362575,
        "nauc_precision_at_1_std": -0.047889,
        "nauc_precision_at_1_diff1": 0.584235,
        "nauc_precision_at_3_max": 0.33438,
        "nauc_precision_at_3_std": 0.066314,
        "nauc_precision_at_3_diff1": 0.289813,
        "nauc_precision_at_5_max": 0.319486,
        "nauc_precision_at_5_std": 0.126199,
        "nauc_precision_at_5_diff1": 0.185126,
        "nauc_precision_at_10_max": 0.268286,
        "nauc_precision_at_10_std": 0.188601,
        "nauc_precision_at_10_diff1": 0.074347,
        "nauc_precision_at_20_max": 0.249096,
        "nauc_precision_at_20_std": 0.248809,
        "nauc_precision_at_20_diff1": 0.000505,
        "nauc_precision_at_100_max": 0.17086,
        "nauc_precision_at_100_std": 0.336946,
        "nauc_precision_at_100_diff1": -0.08726,
        "nauc_precision_at_1000_max": 0.083801,
        "nauc_precision_at_1000_std": 0.342607,
        "nauc_precision_at_1000_diff1": -0.152238,
        "nauc_mrr_at_1_max": 0.362575,
        "nauc_mrr_at_1_std": -0.047889,
        "nauc_mrr_at_1_diff1": 0.584235,
        "nauc_mrr_at_3_max": 0.353099,
        "nauc_mrr_at_3_std": -0.028206,
        "nauc_mrr_at_3_diff1": 0.552681,
        "nauc_mrr_at_5_max": 0.351402,
        "nauc_mrr_at_5_std": -0.030154,
        "nauc_mrr_at_5_diff1": 0.549433,
        "nauc_mrr_at_10_max": 0.34851,
        "nauc_mrr_at_10_std": -0.028227,
        "nauc_mrr_at_10_diff1": 0.546738,
        "nauc_mrr_at_20_max": 0.350494,
        "nauc_mrr_at_20_std": -0.027392,
        "nauc_mrr_at_20_diff1": 0.545828,
        "nauc_mrr_at_100_max": 0.350433,
        "nauc_mrr_at_100_std": -0.026782,
        "nauc_mrr_at_100_diff1": 0.546574,
        "nauc_mrr_at_1000_max": 0.350404,
        "nauc_mrr_at_1000_std": -0.026676,
        "nauc_mrr_at_1000_diff1": 0.546647,
        "main_score": 0.52156,
        "hf_subset": "default",
        "languages": [
          "eng-Latn"
        ]
      }
    ]
  },
  "evaluation_time": 939.4603028297424,
  "kg_co2_emissions": null
}