{
  "dataset_revision": "746689f644b66022540a9a39136e842bee164e6b",
  "task_name": "DiDeMoV2ARetrieval",
  "mteb_version": "2.12.32",
  "scores": {
    "test": [
      {
        "ndcg_at_1": 0.15215,
        "ndcg_at_3": 0.22191,
        "ndcg_at_5": 0.24887,
        "ndcg_at_10": 0.28083,
        "ndcg_at_20": 0.30619,
        "ndcg_at_100": 0.35516,
        "ndcg_at_1000": 0.38023,
        "map_at_1": 0.15215,
        "map_at_3": 0.20454,
        "map_at_5": 0.21935,
        "map_at_10": 0.23249,
        "map_at_20": 0.23948,
        "map_at_100": 0.24621,
        "map_at_1000": 0.24713,
        "recall_at_1": 0.15215,
        "recall_at_3": 0.27227,
        "recall_at_5": 0.33834,
        "recall_at_10": 0.43744,
        "recall_at_20": 0.53754,
        "recall_at_100": 0.8018,
        "recall_at_1000": 1.0,
        "accuracy": 0.15215,
        "precision_at_1": 0.15215,
        "precision_at_3": 0.09076,
        "precision_at_5": 0.06767,
        "precision_at_10": 0.04374,
        "precision_at_20": 0.02688,
        "precision_at_100": 0.00802,
        "precision_at_1000": 0.001,
        "mrr_at_1": 0.152152,
        "mrr_at_3": 0.204538,
        "mrr_at_5": 0.219353,
        "mrr_at_10": 0.232491,
        "mrr_at_20": 0.239485,
        "mrr_at_100": 0.246213,
        "mrr_at_1000": 0.247131,
        "nauc_ndcg_at_1_max": 0.26512,
        "nauc_ndcg_at_1_std": -0.067374,
        "nauc_ndcg_at_1_diff1": 0.410047,
        "nauc_ndcg_at_3_max": 0.243173,
        "nauc_ndcg_at_3_std": -0.065675,
        "nauc_ndcg_at_3_diff1": 0.336116,
        "nauc_ndcg_at_5_max": 0.241639,
        "nauc_ndcg_at_5_std": -0.051819,
        "nauc_ndcg_at_5_diff1": 0.320847,
        "nauc_ndcg_at_10_max": 0.238515,
        "nauc_ndcg_at_10_std": -0.038669,
        "nauc_ndcg_at_10_diff1": 0.308814,
        "nauc_ndcg_at_20_max": 0.252339,
        "nauc_ndcg_at_20_std": -0.007122,
        "nauc_ndcg_at_20_diff1": 0.297235,
        "nauc_ndcg_at_100_max": 0.260103,
        "nauc_ndcg_at_100_std": 0.011248,
        "nauc_ndcg_at_100_diff1": 0.303317,
        "nauc_ndcg_at_1000_max": 0.254234,
        "nauc_ndcg_at_1000_std": -0.016774,
        "nauc_ndcg_at_1000_diff1": 0.315922,
        "nauc_map_at_1_max": 0.26512,
        "nauc_map_at_1_std": -0.067374,
        "nauc_map_at_1_diff1": 0.410047,
        "nauc_map_at_3_max": 0.249445,
        "nauc_map_at_3_std": -0.064255,
        "nauc_map_at_3_diff1": 0.352292,
        "nauc_map_at_5_max": 0.248015,
        "nauc_map_at_5_std": -0.056288,
        "nauc_map_at_5_diff1": 0.342745,
        "nauc_map_at_10_max": 0.246698,
        "nauc_map_at_10_std": -0.049926,
        "nauc_map_at_10_diff1": 0.337088,
        "nauc_map_at_20_max": 0.250969,
        "nauc_map_at_20_std": -0.040718,
        "nauc_map_at_20_diff1": 0.333861,
        "nauc_map_at_100_max": 0.252028,
        "nauc_map_at_100_std": -0.038071,
        "nauc_map_at_100_diff1": 0.334418,
        "nauc_map_at_1000_max": 0.251955,
        "nauc_map_at_1000_std": -0.038915,
        "nauc_map_at_1000_diff1": 0.334943,
        "nauc_recall_at_1_max": 0.26512,
        "nauc_recall_at_1_std": -0.067374,
        "nauc_recall_at_1_diff1": 0.410047,
        "nauc_recall_at_3_max": 0.227311,
        "nauc_recall_at_3_std": -0.069738,
        "nauc_recall_at_3_diff1": 0.296434,
        "nauc_recall_at_5_max": 0.226503,
        "nauc_recall_at_5_std": -0.040211,
        "nauc_recall_at_5_diff1": 0.268142,
        "nauc_recall_at_10_max": 0.218237,
        "nauc_recall_at_10_std": -0.008505,
        "nauc_recall_at_10_diff1": 0.238756,
        "nauc_recall_at_20_max": 0.263689,
        "nauc_recall_at_20_std": 0.10242,
        "nauc_recall_at_20_diff1": 0.194147,
        "nauc_recall_at_100_max": 0.333011,
        "nauc_recall_at_100_std": 0.322534,
        "nauc_recall_at_100_diff1": 0.17288,
        "nauc_recall_at_1000_max": NaN,
        "nauc_recall_at_1000_std": NaN,
        "nauc_recall_at_1000_diff1": NaN,
        "nauc_precision_at_1_max": 0.26512,
        "nauc_precision_at_1_std": -0.067374,
        "nauc_precision_at_1_diff1": 0.410047,
        "nauc_precision_at_3_max": 0.227311,
        "nauc_precision_at_3_std": -0.069738,
        "nauc_precision_at_3_diff1": 0.296434,
        "nauc_precision_at_5_max": 0.226503,
        "nauc_precision_at_5_std": -0.040211,
        "nauc_precision_at_5_diff1": 0.268142,
        "nauc_precision_at_10_max": 0.218237,
        "nauc_precision_at_10_std": -0.008505,
        "nauc_precision_at_10_diff1": 0.238756,
        "nauc_precision_at_20_max": 0.263689,
        "nauc_precision_at_20_std": 0.10242,
        "nauc_precision_at_20_diff1": 0.194147,
        "nauc_precision_at_100_max": 0.333011,
        "nauc_precision_at_100_std": 0.322534,
        "nauc_precision_at_100_diff1": 0.17288,
        "nauc_precision_at_1000_max": 1.0,
        "nauc_precision_at_1000_std": 1.0,
        "nauc_precision_at_1000_diff1": 1.0,
        "nauc_mrr_at_1_max": 0.26512,
        "nauc_mrr_at_1_std": -0.067374,
        "nauc_mrr_at_1_diff1": 0.410047,
        "nauc_mrr_at_3_max": 0.249445,
        "nauc_mrr_at_3_std": -0.064255,
        "nauc_mrr_at_3_diff1": 0.352292,
        "nauc_mrr_at_5_max": 0.248015,
        "nauc_mrr_at_5_std": -0.056288,
        "nauc_mrr_at_5_diff1": 0.342745,
        "nauc_mrr_at_10_max": 0.246698,
        "nauc_mrr_at_10_std": -0.049926,
        "nauc_mrr_at_10_diff1": 0.337088,
        "nauc_mrr_at_20_max": 0.250969,
        "nauc_mrr_at_20_std": -0.040718,
        "nauc_mrr_at_20_diff1": 0.333861,
        "nauc_mrr_at_100_max": 0.252028,
        "nauc_mrr_at_100_std": -0.038071,
        "nauc_mrr_at_100_diff1": 0.334418,
        "nauc_mrr_at_1000_max": 0.251955,
        "nauc_mrr_at_1000_std": -0.038915,
        "nauc_mrr_at_1000_diff1": 0.334943,
        "hit_rate_at_1": 0.15215,
        "hit_rate_at_3": 0.27227,
        "hit_rate_at_5": 0.33834,
        "hit_rate_at_10": 0.43744,
        "hit_rate_at_20": 0.53754,
        "hit_rate_at_100": 0.8018,
        "hit_rate_at_1000": 1.0,
        "main_score": 0.28083,
        "hf_subset": "default",
        "languages": [
          "eng-Latn"
        ]
      }
    ]
  },
  "evaluation_time": 3202.3832771778107,
  "kg_co2_emissions": null,
  "date": null
}