{
  "dataset_revision": "ebfcd844eadd3d667efa3c57fc5c8c87f5c2867e",
  "evaluation_time": 1.7998583316802979,
  "kg_co2_emissions": 0.00011450440960679184,
  "mteb_version": "1.12.75",
  "scores": {
    "test": [
      {
        "hf_subset": "default",
        "languages": [
          "eng-Latn"
        ],
        "main_score": 0.29042,
        "map_at_1": 0.07,
        "map_at_10": 0.16658,
        "map_at_100": 0.23481,
        "map_at_1000": 0.23481,
        "map_at_20": 0.19402,
        "map_at_3": 0.12467,
        "map_at_5": 0.13722,
        "mrr_at_1": 0.3,
        "mrr_at_10": 0.47027777777777774,
        "mrr_at_100": 0.4761736813083162,
        "mrr_at_1000": 0.4761736813083162,
        "mrr_at_20": 0.47420220422852,
        "mrr_at_3": 0.41999999999999993,
        "mrr_at_5": 0.444,
        "nauc_map_at_1000_diff1": -0.1898033192386183,
        "nauc_map_at_1000_max": 0.24313675747063868,
        "nauc_map_at_1000_std": 0.1515608683104497,
        "nauc_map_at_100_diff1": -0.1898033192386183,
        "nauc_map_at_100_max": 0.24313675747063868,
        "nauc_map_at_100_std": 0.1515608683104497,
        "nauc_map_at_10_diff1": -0.16477083199430137,
        "nauc_map_at_10_max": 0.28160156209819254,
        "nauc_map_at_10_std": 0.1539228409020509,
        "nauc_map_at_1_diff1": -0.05638303815855658,
        "nauc_map_at_1_max": 0.17725571260964276,
        "nauc_map_at_1_std": 0.19362534219788785,
        "nauc_map_at_20_diff1": -0.19112775049068553,
        "nauc_map_at_20_max": 0.250346845058752,
        "nauc_map_at_20_std": 0.13939657244380294,
        "nauc_map_at_3_diff1": -0.11415548350513942,
        "nauc_map_at_3_max": 0.2875263194764789,
        "nauc_map_at_3_std": 0.13043291490928147,
        "nauc_map_at_5_diff1": -0.11215324973443633,
        "nauc_map_at_5_max": 0.3035237980621617,
        "nauc_map_at_5_std": 0.1703676992650591,
        "nauc_mrr_at_1000_diff1": -0.1538645459209133,
        "nauc_mrr_at_1000_max": 0.1629215606923831,
        "nauc_mrr_at_1000_std": 0.16216551461140852,
        "nauc_mrr_at_100_diff1": -0.1538645459209133,
        "nauc_mrr_at_100_max": 0.1629215606923831,
        "nauc_mrr_at_100_std": 0.16216551461140852,
        "nauc_mrr_at_10_diff1": -0.16343752650973048,
        "nauc_mrr_at_10_max": 0.15327323687343627,
        "nauc_mrr_at_10_std": 0.150937974933032,
        "nauc_mrr_at_1_diff1": -0.08196189704094053,
        "nauc_mrr_at_1_max": 0.14700716119443327,
        "nauc_mrr_at_1_std": 0.17594919605458714,
        "nauc_mrr_at_20_diff1": -0.16003183472465674,
        "nauc_mrr_at_20_max": 0.15972985012713783,
        "nauc_mrr_at_20_std": 0.1601268721435528,
        "nauc_mrr_at_3_diff1": -0.12332782824112326,
        "nauc_mrr_at_3_max": 0.21608863198458575,
        "nauc_mrr_at_3_std": 0.17206624460959719,
        "nauc_mrr_at_5_diff1": -0.1357988723415195,
        "nauc_mrr_at_5_max": 0.1873832496443934,
        "nauc_mrr_at_5_std": 0.18301076435898467,
        "nauc_ndcg_at_1000_diff1": -0.19638220460248176,
        "nauc_ndcg_at_1000_max": 0.1861257574918136,
        "nauc_ndcg_at_1000_std": 0.14507649486526994,
        "nauc_ndcg_at_100_diff1": -0.19638220460248176,
        "nauc_ndcg_at_100_max": 0.1861257574918136,
        "nauc_ndcg_at_100_std": 0.14507649486526994,
        "nauc_ndcg_at_10_diff1": -0.21530877093061335,
        "nauc_ndcg_at_10_max": 0.23475192289938518,
        "nauc_ndcg_at_10_std": 0.12831280563339825,
        "nauc_ndcg_at_1_diff1": -0.08196189704094053,
        "nauc_ndcg_at_1_max": 0.14700716119443327,
        "nauc_ndcg_at_1_std": 0.17594919605458714,
        "nauc_ndcg_at_20_diff1": -0.24533991057739882,
        "nauc_ndcg_at_20_max": 0.17509710390771643,
        "nauc_ndcg_at_20_std": 0.09574527695069779,
        "nauc_ndcg_at_3_diff1": -0.12112295181505983,
        "nauc_ndcg_at_3_max": 0.27033123525152986,
        "nauc_ndcg_at_3_std": 0.12183255672234974,
        "nauc_ndcg_at_5_diff1": -0.116986957547652,
        "nauc_ndcg_at_5_max": 0.2887688431491522,
        "nauc_ndcg_at_5_std": 0.1862143357053888,
        "nauc_precision_at_1000_diff1": -0.03377179341760945,
        "nauc_precision_at_1000_max": -0.3790636834305996,
        "nauc_precision_at_1000_std": -0.1245494959843395,
        "nauc_precision_at_100_diff1": -0.033771793417607304,
        "nauc_precision_at_100_max": -0.379063683430594,
        "nauc_precision_at_100_std": -0.12454949598433518,
        "nauc_precision_at_10_diff1": -0.3125110527676134,
        "nauc_precision_at_10_max": 0.11524805811375168,
        "nauc_precision_at_10_std": 0.03331474201139935,
        "nauc_precision_at_1_diff1": -0.08196189704094053,
        "nauc_precision_at_1_max": 0.14700716119443327,
        "nauc_precision_at_1_std": 0.17594919605458714,
        "nauc_precision_at_20_diff1": -0.324522104300282,
        "nauc_precision_at_20_max": -0.05550762450235476,
        "nauc_precision_at_20_std": -0.05291934762949203,
        "nauc_precision_at_3_diff1": -0.09397217372522879,
        "nauc_precision_at_3_max": 0.3226659947083281,
        "nauc_precision_at_3_std": 0.08322683993592417,
        "nauc_precision_at_5_diff1": -0.09702751043352333,
        "nauc_precision_at_5_max": 0.3111659994889703,
        "nauc_precision_at_5_std": 0.18811004173409437,
        "nauc_recall_at_1000_diff1": NaN,
        "nauc_recall_at_1000_max": NaN,
        "nauc_recall_at_1000_std": NaN,
        "nauc_recall_at_100_diff1": NaN,
        "nauc_recall_at_100_max": NaN,
        "nauc_recall_at_100_std": NaN,
        "nauc_recall_at_10_diff1": -0.2724089649703254,
        "nauc_recall_at_10_max": 0.1950986538305611,
        "nauc_recall_at_10_std": 0.036020464465042784,
        "nauc_recall_at_1_diff1": -0.05638303815855658,
        "nauc_recall_at_1_max": 0.17725571260964276,
        "nauc_recall_at_1_std": 0.19362534219788785,
        "nauc_recall_at_20_diff1": -0.3176514582295788,
        "nauc_recall_at_20_max": 0.04127240009648095,
        "nauc_recall_at_20_std": -0.044961572566161255,
        "nauc_recall_at_3_diff1": -0.10329284286258521,
        "nauc_recall_at_3_max": 0.33287482342311375,
        "nauc_recall_at_3_std": 0.09306065479260872,
        "nauc_recall_at_5_diff1": -0.09533506167020177,
        "nauc_recall_at_5_max": 0.32786550396731867,
        "nauc_recall_at_5_std": 0.18167334433184082,
        "ndcg_at_1": 0.3,
        "ndcg_at_10": 0.29042,
        "ndcg_at_100": 0.50408,
        "ndcg_at_1000": 0.50408,
        "ndcg_at_20": 0.35391,
        "ndcg_at_3": 0.25141,
        "ndcg_at_5": 0.22536,
        "precision_at_1": 0.3,
        "precision_at_10": 0.142,
        "precision_at_100": 0.0434,
        "precision_at_1000": 0.00434,
        "precision_at_20": 0.106,
        "precision_at_3": 0.23333,
        "precision_at_5": 0.172,
        "recall_at_1": 0.07,
        "recall_at_10": 0.33267,
        "recall_at_100": 1.0,
        "recall_at_1000": 1.0,
        "recall_at_20": 0.48733,
        "recall_at_3": 0.171,
        "recall_at_5": 0.207
      }
    ]
  },
  "task_name": "AILAStatutes"
}