{
  "dataset_revision": "482d6e560d977b137e435d33379c5a8049e70e8d",
  "task_name": "CQADupstackWebmasters-VN",
  "mteb_version": "2.8.1",
  "scores": {
    "test": [
      {
        "ndcg_at_1": 0.265,
        "ndcg_at_3": 0.29931,
        "ndcg_at_5": 0.3227,
        "ndcg_at_10": 0.34467,
        "ndcg_at_20": 0.3689,
        "ndcg_at_100": 0.40453,
        "ndcg_at_1000": 0.43449,
        "map_at_1": 0.23295,
        "map_at_3": 0.27062,
        "map_at_5": 0.28523,
        "map_at_10": 0.29673,
        "map_at_20": 0.30517,
        "map_at_100": 0.31207,
        "map_at_1000": 0.31443,
        "recall_at_1": 0.23295,
        "recall_at_3": 0.31008,
        "recall_at_5": 0.36756,
        "recall_at_10": 0.43323,
        "recall_at_20": 0.5245,
        "recall_at_100": 0.70113,
        "recall_at_1000": 0.89139,
        "accuracy": 0.23295,
        "precision_at_1": 0.265,
        "precision_at_3": 0.13417,
        "precision_at_5": 0.101,
        "precision_at_10": 0.06475,
        "precision_at_20": 0.04325,
        "precision_at_100": 0.01437,
        "precision_at_1000": 0.0024,
        "mrr_at_1": 0.265,
        "mrr_at_3": 0.308333,
        "mrr_at_5": 0.324958,
        "mrr_at_10": 0.334191,
        "mrr_at_20": 0.340683,
        "mrr_at_100": 0.34474,
        "mrr_at_1000": 0.345463,
        "nauc_ndcg_at_1_max": 0.400599,
        "nauc_ndcg_at_1_std": -0.013362,
        "nauc_ndcg_at_1_diff1": 0.561499,
        "nauc_ndcg_at_3_max": 0.39626,
        "nauc_ndcg_at_3_std": 0.012694,
        "nauc_ndcg_at_3_diff1": 0.488267,
        "nauc_ndcg_at_5_max": 0.409171,
        "nauc_ndcg_at_5_std": 0.04892,
        "nauc_ndcg_at_5_diff1": 0.472016,
        "nauc_ndcg_at_10_max": 0.40422,
        "nauc_ndcg_at_10_std": 0.051143,
        "nauc_ndcg_at_10_diff1": 0.468573,
        "nauc_ndcg_at_20_max": 0.403535,
        "nauc_ndcg_at_20_std": 0.061392,
        "nauc_ndcg_at_20_diff1": 0.45501,
        "nauc_ndcg_at_100_max": 0.413517,
        "nauc_ndcg_at_100_std": 0.08678,
        "nauc_ndcg_at_100_diff1": 0.458843,
        "nauc_ndcg_at_1000_max": 0.403961,
        "nauc_ndcg_at_1000_std": 0.07804,
        "nauc_ndcg_at_1000_diff1": 0.461554,
        "nauc_map_at_1_max": 0.380926,
        "nauc_map_at_1_std": -0.023809,
        "nauc_map_at_1_diff1": 0.573752,
        "nauc_map_at_3_max": 0.398917,
        "nauc_map_at_3_std": -0.00201,
        "nauc_map_at_3_diff1": 0.511337,
        "nauc_map_at_5_max": 0.407811,
        "nauc_map_at_5_std": 0.020326,
        "nauc_map_at_5_diff1": 0.498564,
        "nauc_map_at_10_max": 0.406593,
        "nauc_map_at_10_std": 0.022226,
        "nauc_map_at_10_diff1": 0.497303,
        "nauc_map_at_20_max": 0.405259,
        "nauc_map_at_20_std": 0.027188,
        "nauc_map_at_20_diff1": 0.493024,
        "nauc_map_at_100_max": 0.405547,
        "nauc_map_at_100_std": 0.033791,
        "nauc_map_at_100_diff1": 0.493942,
        "nauc_map_at_1000_max": 0.404379,
        "nauc_map_at_1000_std": 0.034012,
        "nauc_map_at_1000_diff1": 0.494924,
        "nauc_recall_at_1_max": 0.380926,
        "nauc_recall_at_1_std": -0.023809,
        "nauc_recall_at_1_diff1": 0.573752,
        "nauc_recall_at_3_max": 0.395732,
        "nauc_recall_at_3_std": 0.021559,
        "nauc_recall_at_3_diff1": 0.449155,
        "nauc_recall_at_5_max": 0.417187,
        "nauc_recall_at_5_std": 0.1014,
        "nauc_recall_at_5_diff1": 0.395097,
        "nauc_recall_at_10_max": 0.402,
        "nauc_recall_at_10_std": 0.109001,
        "nauc_recall_at_10_diff1": 0.382939,
        "nauc_recall_at_20_max": 0.396327,
        "nauc_recall_at_20_std": 0.148838,
        "nauc_recall_at_20_diff1": 0.331205,
        "nauc_recall_at_100_max": 0.433614,
        "nauc_recall_at_100_std": 0.304204,
        "nauc_recall_at_100_diff1": 0.32826,
        "nauc_recall_at_1000_max": 0.335953,
        "nauc_recall_at_1000_std": 0.415322,
        "nauc_recall_at_1000_diff1": 0.227822,
        "nauc_precision_at_1_max": 0.400599,
        "nauc_precision_at_1_std": -0.013362,
        "nauc_precision_at_1_diff1": 0.561499,
        "nauc_precision_at_3_max": 0.367771,
        "nauc_precision_at_3_std": 0.045855,
        "nauc_precision_at_3_diff1": 0.353784,
        "nauc_precision_at_5_max": 0.378336,
        "nauc_precision_at_5_std": 0.126672,
        "nauc_precision_at_5_diff1": 0.303266,
        "nauc_precision_at_10_max": 0.284347,
        "nauc_precision_at_10_std": 0.13955,
        "nauc_precision_at_10_diff1": 0.2378,
        "nauc_precision_at_20_max": 0.174104,
        "nauc_precision_at_20_std": 0.152428,
        "nauc_precision_at_20_diff1": 0.140655,
        "nauc_precision_at_100_max": 0.010541,
        "nauc_precision_at_100_std": 0.17654,
        "nauc_precision_at_100_diff1": 0.094892,
        "nauc_precision_at_1000_max": -0.12814,
        "nauc_precision_at_1000_std": 0.066755,
        "nauc_precision_at_1000_diff1": 0.05834,
        "nauc_mrr_at_1_max": 0.400599,
        "nauc_mrr_at_1_std": -0.013362,
        "nauc_mrr_at_1_diff1": 0.561499,
        "nauc_mrr_at_3_max": 0.392208,
        "nauc_mrr_at_3_std": 0.017931,
        "nauc_mrr_at_3_diff1": 0.491581,
        "nauc_mrr_at_5_max": 0.40288,
        "nauc_mrr_at_5_std": 0.035382,
        "nauc_mrr_at_5_diff1": 0.479543,
        "nauc_mrr_at_10_max": 0.399438,
        "nauc_mrr_at_10_std": 0.035683,
        "nauc_mrr_at_10_diff1": 0.479072,
        "nauc_mrr_at_20_max": 0.400189,
        "nauc_mrr_at_20_std": 0.037839,
        "nauc_mrr_at_20_diff1": 0.47713,
        "nauc_mrr_at_100_max": 0.401387,
        "nauc_mrr_at_100_std": 0.039881,
        "nauc_mrr_at_100_diff1": 0.479234,
        "nauc_mrr_at_1000_max": 0.401139,
        "nauc_mrr_at_1000_std": 0.039284,
        "nauc_mrr_at_1000_diff1": 0.479319,
        "cv_recall_at_1": 0.265,
        "cv_recall_at_3": 0.3625,
        "cv_recall_at_5": 0.435,
        "cv_recall_at_10": 0.5,
        "cv_recall_at_20": 0.595,
        "cv_recall_at_100": 0.7675,
        "cv_recall_at_1000": 0.9175,
        "main_score": 0.34467,
        "hf_subset": "default",
        "languages": [
          "vie-Latn"
        ]
      }
    ]
  },
  "evaluation_time": 151.15375900268555,
  "kg_co2_emissions": null
}