{
  "dataset_revision": "ae763399273d8b20506b80cf6f6f9a31a6a2b238",
  "task_name": "MedicalQARetrieval",
  "mteb_version": "1.36.32",
  "scores": {
    "test": [
      {
        "ndcg_at_1": 0.5293,
        "ndcg_at_3": 0.63927,
        "ndcg_at_5": 0.66363,
        "ndcg_at_10": 0.68098,
        "ndcg_at_20": 0.69434,
        "ndcg_at_100": 0.7059,
        "ndcg_at_1000": 0.71221,
        "map_at_1": 0.5293,
        "map_at_3": 0.6123,
        "map_at_5": 0.62583,
        "map_at_10": 0.63308,
        "map_at_20": 0.63676,
        "map_at_100": 0.63841,
        "map_at_1000": 0.63864,
        "recall_at_1": 0.5293,
        "recall_at_3": 0.71729,
        "recall_at_5": 0.77637,
        "recall_at_10": 0.82959,
        "recall_at_20": 0.88232,
        "recall_at_100": 0.94385,
        "recall_at_1000": 0.99365,
        "precision_at_1": 0.5293,
        "precision_at_3": 0.2391,
        "precision_at_5": 0.15527,
        "precision_at_10": 0.08296,
        "precision_at_20": 0.04412,
        "precision_at_100": 0.00944,
        "precision_at_1000": 0.00099,
        "mrr_at_1": 0.529785,
        "mrr_at_3": 0.61263,
        "mrr_at_5": 0.626229,
        "mrr_at_10": 0.633398,
        "mrr_at_20": 0.637077,
        "mrr_at_100": 0.638724,
        "mrr_at_1000": 0.638955,
        "nauc_ndcg_at_1_max": 0.185502,
        "nauc_ndcg_at_1_std": -0.047019,
        "nauc_ndcg_at_1_diff1": 0.492355,
        "nauc_ndcg_at_3_max": 0.177809,
        "nauc_ndcg_at_3_std": -0.078339,
        "nauc_ndcg_at_3_diff1": 0.427864,
        "nauc_ndcg_at_5_max": 0.186481,
        "nauc_ndcg_at_5_std": -0.07312,
        "nauc_ndcg_at_5_diff1": 0.419044,
        "nauc_ndcg_at_10_max": 0.200306,
        "nauc_ndcg_at_10_std": -0.058739,
        "nauc_ndcg_at_10_diff1": 0.41515,
        "nauc_ndcg_at_20_max": 0.213098,
        "nauc_ndcg_at_20_std": -0.05169,
        "nauc_ndcg_at_20_diff1": 0.420913,
        "nauc_ndcg_at_100_max": 0.211473,
        "nauc_ndcg_at_100_std": -0.048036,
        "nauc_ndcg_at_100_diff1": 0.431349,
        "nauc_ndcg_at_1000_max": 0.2002,
        "nauc_ndcg_at_1000_std": -0.053935,
        "nauc_ndcg_at_1000_diff1": 0.432616,
        "nauc_map_at_1_max": 0.185502,
        "nauc_map_at_1_std": -0.047019,
        "nauc_map_at_1_diff1": 0.492355,
        "nauc_map_at_3_max": 0.178226,
        "nauc_map_at_3_std": -0.069254,
        "nauc_map_at_3_diff1": 0.4452,
        "nauc_map_at_5_max": 0.182482,
        "nauc_map_at_5_std": -0.066341,
        "nauc_map_at_5_diff1": 0.441078,
        "nauc_map_at_10_max": 0.187587,
        "nauc_map_at_10_std": -0.060678,
        "nauc_map_at_10_diff1": 0.439835,
        "nauc_map_at_20_max": 0.190475,
        "nauc_map_at_20_std": -0.05924,
        "nauc_map_at_20_diff1": 0.441442,
        "nauc_map_at_100_max": 0.190429,
        "nauc_map_at_100_std": -0.058925,
        "nauc_map_at_100_diff1": 0.442779,
        "nauc_map_at_1000_max": 0.190015,
        "nauc_map_at_1000_std": -0.059067,
        "nauc_map_at_1000_diff1": 0.442814,
        "nauc_recall_at_1_max": 0.185502,
        "nauc_recall_at_1_std": -0.047019,
        "nauc_recall_at_1_diff1": 0.492355,
        "nauc_recall_at_3_max": 0.177193,
        "nauc_recall_at_3_std": -0.110468,
        "nauc_recall_at_3_diff1": 0.367206,
        "nauc_recall_at_5_max": 0.206051,
        "nauc_recall_at_5_std": -0.100058,
        "nauc_recall_at_5_diff1": 0.327344,
        "nauc_recall_at_10_max": 0.278263,
        "nauc_recall_at_10_std": -0.038813,
        "nauc_recall_at_10_diff1": 0.286233,
        "nauc_recall_at_20_max": 0.415977,
        "nauc_recall_at_20_std": 0.031786,
        "nauc_recall_at_20_diff1": 0.283831,
        "nauc_recall_at_100_max": 0.575773,
        "nauc_recall_at_100_std": 0.207646,
        "nauc_recall_at_100_diff1": 0.368334,
        "nauc_recall_at_1000_max": 0.423095,
        "nauc_recall_at_1000_std": 0.429331,
        "nauc_recall_at_1000_diff1": 0.261515,
        "nauc_precision_at_1_max": 0.185502,
        "nauc_precision_at_1_std": -0.047019,
        "nauc_precision_at_1_diff1": 0.492355,
        "nauc_precision_at_3_max": 0.177193,
        "nauc_precision_at_3_std": -0.110468,
        "nauc_precision_at_3_diff1": 0.367206,
        "nauc_precision_at_5_max": 0.206051,
        "nauc_precision_at_5_std": -0.100058,
        "nauc_precision_at_5_diff1": 0.327344,
        "nauc_precision_at_10_max": 0.278263,
        "nauc_precision_at_10_std": -0.038813,
        "nauc_precision_at_10_diff1": 0.286233,
        "nauc_precision_at_20_max": 0.415977,
        "nauc_precision_at_20_std": 0.031786,
        "nauc_precision_at_20_diff1": 0.283831,
        "nauc_precision_at_100_max": 0.575773,
        "nauc_precision_at_100_std": 0.207646,
        "nauc_precision_at_100_diff1": 0.368334,
        "nauc_precision_at_1000_max": 0.423095,
        "nauc_precision_at_1000_std": 0.429331,
        "nauc_precision_at_1000_diff1": 0.261515,
        "nauc_mrr_at_1_max": 0.184536,
        "nauc_mrr_at_1_std": -0.046766,
        "nauc_mrr_at_1_diff1": 0.491171,
        "nauc_mrr_at_3_max": 0.176998,
        "nauc_mrr_at_3_std": -0.070317,
        "nauc_mrr_at_3_diff1": 0.44431,
        "nauc_mrr_at_5_max": 0.181694,
        "nauc_mrr_at_5_std": -0.066672,
        "nauc_mrr_at_5_diff1": 0.439984,
        "nauc_mrr_at_10_max": 0.186699,
        "nauc_mrr_at_10_std": -0.061329,
        "nauc_mrr_at_10_diff1": 0.438914,
        "nauc_mrr_at_20_max": 0.189578,
        "nauc_mrr_at_20_std": -0.059898,
        "nauc_mrr_at_20_diff1": 0.440511,
        "nauc_mrr_at_100_max": 0.189525,
        "nauc_mrr_at_100_std": -0.059589,
        "nauc_mrr_at_100_diff1": 0.441845,
        "nauc_mrr_at_1000_max": 0.18911,
        "nauc_mrr_at_1000_std": -0.059732,
        "nauc_mrr_at_1000_diff1": 0.441879,
        "main_score": 0.68098,
        "hf_subset": "default",
        "languages": [
          "eng-Latn"
        ]
      }
    ]
  },
  "evaluation_time": 34.29897665977478,
  "kg_co2_emissions": null
}