{
  "dataset_revision": "f71ab9d4aabcda93d55a7e65edfb3a34767d89e6",
  "evaluation_time": 11.322586059570312,
  "kg_co2_emissions": 0.000549401036787189,
  "mteb_version": "1.14.15",
  "scores": {
    "test": [
      {
        "cv_recall_at_1": 0.25714,
        "cv_recall_at_10": 0.64286,
        "cv_recall_at_100": 0.85714,
        "cv_recall_at_1000": 1.0,
        "cv_recall_at_20": 0.7,
        "cv_recall_at_3": 0.48571,
        "cv_recall_at_5": 0.55714,
        "hf_subset": "default",
        "languages": [
          "eng-Latn"
        ],
        "main_score": 0.25714,
        "map_at_1": 0.08554,
        "map_at_10": 0.14029,
        "map_at_100": 0.17934,
        "map_at_1000": 0.22323,
        "map_at_20": 0.15807,
        "map_at_3": 0.11467,
        "map_at_5": 0.12562,
        "mrr_at_1": 0.2571428571428571,
        "mrr_at_10": 0.3811678004535147,
        "mrr_at_100": 0.3904158938292989,
        "mrr_at_1000": 0.3911049926852947,
        "mrr_at_20": 0.38536193964765386,
        "mrr_at_3": 0.3547619047619047,
        "mrr_at_5": 0.36976190476190474,
        "nauc_cv_recall_at_1000_diff1": NaN,
        "nauc_cv_recall_at_1000_max": NaN,
        "nauc_cv_recall_at_1000_std": NaN,
        "nauc_cv_recall_at_100_diff1": 0.5618561710398441,
        "nauc_cv_recall_at_100_max": -0.20242954324586884,
        "nauc_cv_recall_at_100_std": -0.35106899902818145,
        "nauc_cv_recall_at_10_diff1": 0.4977181515881207,
        "nauc_cv_recall_at_10_max": -0.6468065588808624,
        "nauc_cv_recall_at_10_std": -0.4405228758169936,
        "nauc_cv_recall_at_1_diff1": 0.5109575395343047,
        "nauc_cv_recall_at_1_max": -0.33974598431079567,
        "nauc_cv_recall_at_1_std": -0.09803677416677027,
        "nauc_cv_recall_at_20_diff1": 0.542733612991224,
        "nauc_cv_recall_at_20_max": -0.5875389247754588,
        "nauc_cv_recall_at_20_std": -0.4133360784414643,
        "nauc_cv_recall_at_3_diff1": 0.49916663509981446,
        "nauc_cv_recall_at_3_max": -0.5326906322209175,
        "nauc_cv_recall_at_3_std": -0.3045948710178416,
        "nauc_cv_recall_at_5_diff1": 0.4832110295752728,
        "nauc_cv_recall_at_5_max": -0.5518426425697941,
        "nauc_cv_recall_at_5_std": -0.3428346170174054,
        "nauc_map_at_1000_diff1": 0.6903028805555328,
        "nauc_map_at_1000_max": -0.3342823662411036,
        "nauc_map_at_1000_std": -0.13797942601457558,
        "nauc_map_at_100_diff1": 0.7451695344706052,
        "nauc_map_at_100_max": -0.3651187013602023,
        "nauc_map_at_100_std": -0.15421834333192094,
        "nauc_map_at_10_diff1": 0.7571498071037953,
        "nauc_map_at_10_max": -0.3924176049441933,
        "nauc_map_at_10_std": -0.05973641853611345,
        "nauc_map_at_1_diff1": 0.8558596051456054,
        "nauc_map_at_1_max": -0.34234151383413314,
        "nauc_map_at_1_std": 0.1557585970121701,
        "nauc_map_at_20_diff1": 0.7597598250216719,
        "nauc_map_at_20_max": -0.3798278461408425,
        "nauc_map_at_20_std": -0.1099679561201357,
        "nauc_map_at_3_diff1": 0.7762555276553725,
        "nauc_map_at_3_max": -0.38465409925044675,
        "nauc_map_at_3_std": 0.03527682109957581,
        "nauc_map_at_5_diff1": 0.7661247652611414,
        "nauc_map_at_5_max": -0.3937269243454348,
        "nauc_map_at_5_std": -0.009486252543976833,
        "nauc_mrr_at_1000_diff1": 0.5153931854085559,
        "nauc_mrr_at_1000_max": -0.4123472268179639,
        "nauc_mrr_at_1000_std": -0.19683359479437648,
        "nauc_mrr_at_100_diff1": 0.51589928930231,
        "nauc_mrr_at_100_max": -0.4130821545232986,
        "nauc_mrr_at_100_std": -0.1983617130550232,
        "nauc_mrr_at_10_diff1": 0.5121949537863403,
        "nauc_mrr_at_10_max": -0.4281574299891486,
        "nauc_mrr_at_10_std": -0.2032837357910553,
        "nauc_mrr_at_1_diff1": 0.5109575395343047,
        "nauc_mrr_at_1_max": -0.33974598431079567,
        "nauc_mrr_at_1_std": -0.09803677416677027,
        "nauc_mrr_at_20_diff1": 0.5152629531752698,
        "nauc_mrr_at_20_max": -0.42279023764845625,
        "nauc_mrr_at_20_std": -0.19965639335819446,
        "nauc_mrr_at_3_diff1": 0.5137212612973967,
        "nauc_mrr_at_3_max": -0.41458691556829735,
        "nauc_mrr_at_3_std": -0.18722198294993145,
        "nauc_mrr_at_5_diff1": 0.5121006615083831,
        "nauc_mrr_at_5_max": -0.41809789097758027,
        "nauc_mrr_at_5_std": -0.1940387934295034,
        "nauc_ndcg_at_1000_diff1": 0.5135858853107397,
        "nauc_ndcg_at_1000_max": -0.15019385817498132,
        "nauc_ndcg_at_1000_std": -0.041467109761521924,
        "nauc_ndcg_at_100_diff1": 0.6935559603484387,
        "nauc_ndcg_at_100_max": -0.3773002102790447,
        "nauc_ndcg_at_100_std": -0.26035018689986955,
        "nauc_ndcg_at_10_diff1": 0.591809088713534,
        "nauc_ndcg_at_10_max": -0.3523450173577098,
        "nauc_ndcg_at_10_std": -0.18035534179528886,
        "nauc_ndcg_at_1_diff1": 0.5109575395343047,
        "nauc_ndcg_at_1_max": -0.33974598431079567,
        "nauc_ndcg_at_1_std": -0.09803677416677027,
        "nauc_ndcg_at_20_diff1": 0.6573281083740007,
        "nauc_ndcg_at_20_max": -0.388550521296751,
        "nauc_ndcg_at_20_std": -0.22074159875667396,
        "nauc_ndcg_at_3_diff1": 0.5560857971069137,
        "nauc_ndcg_at_3_max": -0.3967144463586528,
        "nauc_ndcg_at_3_std": -0.19757521643225717,
        "nauc_ndcg_at_5_diff1": 0.5753687506636466,
        "nauc_ndcg_at_5_max": -0.3669434587382061,
        "nauc_ndcg_at_5_std": -0.199336779816646,
        "nauc_precision_at_1000_diff1": -0.3131620337645023,
        "nauc_precision_at_1000_max": 0.24767025739240434,
        "nauc_precision_at_1000_std": 0.15753337481900367,
        "nauc_precision_at_100_diff1": 0.0707359861608604,
        "nauc_precision_at_100_max": -0.10998108846396315,
        "nauc_precision_at_100_std": -0.391882210939371,
        "nauc_precision_at_10_diff1": 0.2738113832596558,
        "nauc_precision_at_10_max": -0.23490096222652446,
        "nauc_precision_at_10_std": -0.3902956421926702,
        "nauc_precision_at_1_diff1": 0.5109575395343047,
        "nauc_precision_at_1_max": -0.33974598431079567,
        "nauc_precision_at_1_std": -0.09803677416677027,
        "nauc_precision_at_20_diff1": 0.3001225960237475,
        "nauc_precision_at_20_max": -0.20486007346349064,
        "nauc_precision_at_20_std": -0.4110096406124625,
        "nauc_precision_at_3_diff1": 0.37137366084546425,
        "nauc_precision_at_3_max": -0.3814992177510941,
        "nauc_precision_at_3_std": -0.3296007751014541,
        "nauc_precision_at_5_diff1": 0.3295680575019207,
        "nauc_precision_at_5_max": -0.31179083224085763,
        "nauc_precision_at_5_std": -0.36643913023823566,
        "nauc_recall_at_1000_diff1": NaN,
        "nauc_recall_at_1000_max": NaN,
        "nauc_recall_at_1000_std": NaN,
        "nauc_recall_at_100_diff1": 0.676435163644639,
        "nauc_recall_at_100_max": -0.29830020426011666,
        "nauc_recall_at_100_std": -0.2614715526138079,
        "nauc_recall_at_10_diff1": 0.7043933662416876,
        "nauc_recall_at_10_max": -0.4047572408169031,
        "nauc_recall_at_10_std": -0.09734871315783494,
        "nauc_recall_at_1_diff1": 0.8558596051456054,
        "nauc_recall_at_1_max": -0.34234151383413314,
        "nauc_recall_at_1_std": 0.1557585970121701,
        "nauc_recall_at_20_diff1": 0.7300294639383884,
        "nauc_recall_at_20_max": -0.3960663875976,
        "nauc_recall_at_20_std": -0.1748766764996576,
        "nauc_recall_at_3_diff1": 0.7334131471267414,
        "nauc_recall_at_3_max": -0.3908904201133137,
        "nauc_recall_at_3_std": 0.025445070777896338,
        "nauc_recall_at_5_diff1": 0.7304038517316576,
        "nauc_recall_at_5_max": -0.4040305813934654,
        "nauc_recall_at_5_std": -0.027121234683856996,
        "ndcg_at_1": 0.25714,
        "ndcg_at_10": 0.26607,
        "ndcg_at_100": 0.29674,
        "ndcg_at_1000": 0.53696,
        "ndcg_at_20": 0.26819,