{
  "dataset_revision": "856d8dfc294b138856bbf3042450e3782321e44e",
  "task_name": "SciFact-NL",
  "mteb_version": "1.31.5",
  "scores": {
    "test": [
      {
        "ndcg_at_1": 0.5,
        "ndcg_at_3": 0.57509,
        "ndcg_at_5": 0.59558,
        "ndcg_at_10": 0.61879,
        "ndcg_at_20": 0.633,
        "ndcg_at_100": 0.64921,
        "ndcg_at_1000": 0.66095,
        "map_at_1": 0.4775,
        "map_at_3": 0.55,
        "map_at_5": 0.56343,
        "map_at_10": 0.57487,
        "map_at_20": 0.57907,
        "map_at_100": 0.5815,
        "map_at_1000": 0.5819,
        "recall_at_1": 0.4775,
        "recall_at_3": 0.62172,
        "recall_at_5": 0.67517,
        "recall_at_10": 0.74089,
        "recall_at_20": 0.79589,
        "recall_at_100": 0.88167,
        "recall_at_1000": 0.97667,
        "precision_at_1": 0.5,
        "precision_at_3": 0.22889,
        "precision_at_5": 0.15,
        "precision_at_10": 0.08467,
        "precision_at_20": 0.04533,
        "precision_at_100": 0.01007,
        "precision_at_1000": 0.00111,
        "mrr_at_1": 0.5,
        "mrr_at_3": 0.566667,
        "mrr_at_5": 0.578,
        "mrr_at_10": 0.58641,
        "mrr_at_20": 0.589856,
        "mrr_at_100": 0.591711,
        "mrr_at_1000": 0.592029,
        "nauc_ndcg_at_1_max": 0.476669,
        "nauc_ndcg_at_1_std": 0.101803,
        "nauc_ndcg_at_1_diff1": 0.632485,
        "nauc_ndcg_at_3_max": 0.454857,
        "nauc_ndcg_at_3_std": 0.102748,
        "nauc_ndcg_at_3_diff1": 0.591587,
        "nauc_ndcg_at_5_max": 0.46616,
        "nauc_ndcg_at_5_std": 0.107596,
        "nauc_ndcg_at_5_diff1": 0.598887,
        "nauc_ndcg_at_10_max": 0.486501,
        "nauc_ndcg_at_10_std": 0.147325,
        "nauc_ndcg_at_10_diff1": 0.596512,
        "nauc_ndcg_at_20_max": 0.498259,
        "nauc_ndcg_at_20_std": 0.158764,
        "nauc_ndcg_at_20_diff1": 0.588423,
        "nauc_ndcg_at_100_max": 0.493973,
        "nauc_ndcg_at_100_std": 0.155497,
        "nauc_ndcg_at_100_diff1": 0.594476,
        "nauc_ndcg_at_1000_max": 0.489623,
        "nauc_ndcg_at_1000_std": 0.149021,
        "nauc_ndcg_at_1000_diff1": 0.597851,
        "nauc_map_at_1_max": 0.424421,
        "nauc_map_at_1_std": 0.027909,
        "nauc_map_at_1_diff1": 0.645114,
        "nauc_map_at_3_max": 0.441859,
        "nauc_map_at_3_std": 0.075496,
        "nauc_map_at_3_diff1": 0.606541,
        "nauc_map_at_5_max": 0.452564,
        "nauc_map_at_5_std": 0.085449,
        "nauc_map_at_5_diff1": 0.607632,
        "nauc_map_at_10_max": 0.465668,
        "nauc_map_at_10_std": 0.107458,
        "nauc_map_at_10_diff1": 0.604318,
        "nauc_map_at_20_max": 0.46895,
        "nauc_map_at_20_std": 0.111315,
        "nauc_map_at_20_diff1": 0.601933,
        "nauc_map_at_100_max": 0.468521,
        "nauc_map_at_100_std": 0.111891,
        "nauc_map_at_100_diff1": 0.602571,
        "nauc_map_at_1000_max": 0.468463,
        "nauc_map_at_1000_std": 0.111781,
        "nauc_map_at_1000_diff1": 0.602713,
        "nauc_recall_at_1_max": 0.424421,
        "nauc_recall_at_1_std": 0.027909,
        "nauc_recall_at_1_diff1": 0.645114,
        "nauc_recall_at_3_max": 0.429531,
        "nauc_recall_at_3_std": 0.087835,
        "nauc_recall_at_3_diff1": 0.560196,
        "nauc_recall_at_5_max": 0.470814,
        "nauc_recall_at_5_std": 0.124727,
        "nauc_recall_at_5_diff1": 0.572884,
        "nauc_recall_at_10_max": 0.530414,
        "nauc_recall_at_10_std": 0.257384,
        "nauc_recall_at_10_diff1": 0.566825,
        "nauc_recall_at_20_max": 0.606316,
        "nauc_recall_at_20_std": 0.337306,
        "nauc_recall_at_20_diff1": 0.518981,
        "nauc_recall_at_100_max": 0.626213,
        "nauc_recall_at_100_std": 0.374713,
        "nauc_recall_at_100_diff1": 0.5682,
        "nauc_recall_at_1000_max": 0.709951,
        "nauc_recall_at_1000_std": 0.552221,
        "nauc_recall_at_1000_diff1": 0.755636,
        "nauc_precision_at_1_max": 0.476669,
        "nauc_precision_at_1_std": 0.101803,
        "nauc_precision_at_1_diff1": 0.632485,
        "nauc_precision_at_3_max": 0.469242,
        "nauc_precision_at_3_std": 0.265577,
        "nauc_precision_at_3_diff1": 0.414817,
        "nauc_precision_at_5_max": 0.493141,
        "nauc_precision_at_5_std": 0.319487,
        "nauc_precision_at_5_diff1": 0.370307,
        "nauc_precision_at_10_max": 0.503464,
        "nauc_precision_at_10_std": 0.470677,
        "nauc_precision_at_10_diff1": 0.251696,
        "nauc_precision_at_20_max": 0.517072,
        "nauc_precision_at_20_std": 0.526415,
        "nauc_precision_at_20_diff1": 0.165468,
        "nauc_precision_at_100_max": 0.431737,
        "nauc_precision_at_100_std": 0.554333,
        "nauc_precision_at_100_diff1": 0.063488,
        "nauc_precision_at_1000_max": 0.326392,
        "nauc_precision_at_1000_std": 0.583023,
        "nauc_precision_at_1000_diff1": -0.11389,
        "nauc_mrr_at_1_max": 0.476669,
        "nauc_mrr_at_1_std": 0.101803,
        "nauc_mrr_at_1_diff1": 0.632485,
        "nauc_mrr_at_3_max": 0.477608,
        "nauc_mrr_at_3_std": 0.130765,
        "nauc_mrr_at_3_diff1": 0.597235,
        "nauc_mrr_at_5_max": 0.482712,
        "nauc_mrr_at_5_std": 0.133929,
        "nauc_mrr_at_5_diff1": 0.600633,
        "nauc_mrr_at_10_max": 0.486992,
        "nauc_mrr_at_10_std": 0.142554,
        "nauc_mrr_at_10_diff1": 0.600447,
        "nauc_mrr_at_20_max": 0.489211,
        "nauc_mrr_at_20_std": 0.144208,
        "nauc_mrr_at_20_diff1": 0.598644,
        "nauc_mrr_at_100_max": 0.488209,
        "nauc_mrr_at_100_std": 0.143193,
        "nauc_mrr_at_100_diff1": 0.599465,
        "nauc_mrr_at_1000_max": 0.488121,
        "nauc_mrr_at_1000_std": 0.143177,
        "nauc_mrr_at_1000_diff1": 0.59953,
        "main_score": 0.61879,
        "hf_subset": "default",
        "languages": [
          "nld-Latn"
        ]
      }
    ]
  },
  "evaluation_time": 632.6650156974792,
  "kg_co2_emissions": null
}