{
    "dataset_revision": "46989137a86843e03a6195de44b09deda022eec7",
    "task_name": "CQADupstackTexRetrieval",
    "evaluation_time": null,
    "mteb_version": "0.0.0",
    "scores": {
        "test": [
            {
                "hf_subset": "default",
                "languages": [
                    "eng-Latn"
                ],
                "map_at_1": 15.614,
                "map_at_10": 22.927,
                "map_at_100": 24.185000000000002,
                "map_at_1000": 24.319,
                "map_at_3": 20.596,
                "map_at_5": 21.854000000000003,
                "mrr_at_1": 18.858,
                "mrr_at_10": 26.535999999999998,
                "mrr_at_100": 27.582,
                "mrr_at_1000": 27.665,
                "mrr_at_3": 24.295,
                "mrr_at_5": 25.532,
                "ndcg_at_1": 18.858,
                "ndcg_at_10": 27.583000000000002,
                "ndcg_at_100": 33.635,
                "ndcg_at_1000": 36.647,
                "ndcg_at_3": 23.348,
                "ndcg_at_5": 25.257,
                "precision_at_1": 18.858,
                "precision_at_10": 5.158,
                "precision_at_100": 0.964,
                "precision_at_1000": 0.13999999999999999,
                "precision_at_3": 11.092,
                "precision_at_5": 8.1,
                "recall_at_1": 15.614,
                "recall_at_10": 37.916,
                "recall_at_100": 65.205,
                "recall_at_1000": 86.453,
                "recall_at_3": 26.137,
                "recall_at_5": 31.087999999999997,
                "main_score": 27.583000000000002
            }
        ]
    }
}