{
    "dataset_revision": "latest2023",
    "task_name": "OnlineShopping",
    "evaluation_time": null,
    "mteb_version": null,
    "scores": {
        "test": [
            {
                "hf_subset": "default",
                "languages": [
                    "cmn-Hans"
                ],
                "accuracy": 0.9383999999999999,
                "accuracy_stderr": 0.004521061822182879,
                "ap": 0.9219373645628712,
                "ap_stderr": 0.0029273961596449176,
                "f1": 0.9383158946571204,
                "f1_stderr": 0.004472553159438725,
                "main_score": 0.9383999999999999
            }
        ]
    }
}