{
    "dataset_revision": "cda12ad7615edc362dbf25a00fdd61d3b1eaf93c",
    "task_name": "SummEval",
    "evaluation_time": null,
    "mteb_version": null,
    "scores": {
        "test": [
            {
                "hf_subset": "default",
                "languages": [
                    "eng-Latn"
                ],
                "cos_sim_pearson": 31.523347880124497,
                "cos_sim_spearman": 31.388214436391014,
                "dot_pearson": 24.55403435439901,
                "dot_spearman": 23.50153210841191,
                "cosine_pearson": 31.523347880124497,
                "cosine_spearman": 31.388214436391014,
                "main_score": 31.388214436391014
            }
        ]
    }
}