{
  "dataset_revision": "c481e0da3dcbbad8bce7721dea9085b74320a0a3",
  "task_name": "ARCChallenge",
  "mteb_version": "1.18.0",
  "scores": {
    "test": [
      {
        "ndcg_at_1": 0.02816,
        "ndcg_at_3": 0.06024,
        "ndcg_at_5": 0.07563,
        "ndcg_at_10": 0.08706,
        "ndcg_at_20": 0.09705,
        "ndcg_at_100": 0.12613,
        "ndcg_at_1000": 0.17077,
        "map_at_1": 0.02816,
        "map_at_3": 0.05219,
        "map_at_5": 0.06089,
        "map_at_10": 0.06551,
        "map_at_20": 0.06818,
        "map_at_100": 0.07173,
        "map_at_1000": 0.07311,
        "recall_at_1": 0.02816,
        "recall_at_3": 0.08362,
        "recall_at_5": 0.12031,
        "recall_at_10": 0.15614,
        "recall_at_20": 0.19625,
        "recall_at_100": 0.36007,
        "recall_at_1000": 0.72867,
        "precision_at_1": 0.02816,
        "precision_at_3": 0.02787,
        "precision_at_5": 0.02406,
        "precision_at_10": 0.01561,
        "precision_at_20": 0.00981,
        "precision_at_100": 0.0036,
        "precision_at_1000": 0.00073,
        "mrr_at_1": 0.028157,
        "mrr_at_3": 0.05219,
        "mrr_at_5": 0.060893,
        "mrr_at_10": 0.06551,
        "mrr_at_20": 0.068176,
        "mrr_at_100": 0.071733,
        "mrr_at_1000": 0.073114,
        "nauc_ndcg_at_1_max": 0.293381,
        "nauc_ndcg_at_1_std": -0.074275,
        "nauc_ndcg_at_1_diff1": 0.130519,
        "nauc_ndcg_at_3_max": 0.267701,
        "nauc_ndcg_at_3_std": -0.060571,
        "nauc_ndcg_at_3_diff1": 0.095347,
        "nauc_ndcg_at_5_max": 0.284374,
        "nauc_ndcg_at_5_std": -0.057639,
        "nauc_ndcg_at_5_diff1": 0.099162,
        "nauc_ndcg_at_10_max": 0.278506,
        "nauc_ndcg_at_10_std": -0.038315,
        "nauc_ndcg_at_10_diff1": 0.089188,
        "nauc_ndcg_at_20_max": 0.254245,
        "nauc_ndcg_at_20_std": -0.032091,
        "nauc_ndcg_at_20_diff1": 0.079957,
        "nauc_ndcg_at_100_max": 0.215748,
        "nauc_ndcg_at_100_std": -0.017421,
        "nauc_ndcg_at_100_diff1": 0.076809,
        "nauc_ndcg_at_1000_max": 0.223209,
        "nauc_ndcg_at_1000_std": -0.003505,
        "nauc_ndcg_at_1000_diff1": 0.071712,
        "nauc_map_at_1_max": 0.293381,
        "nauc_map_at_1_std": -0.074275,
        "nauc_map_at_1_diff1": 0.130519,
        "nauc_map_at_3_max": 0.273822,
        "nauc_map_at_3_std": -0.065965,
        "nauc_map_at_3_diff1": 0.102137,
        "nauc_map_at_5_max": 0.285909,
        "nauc_map_at_5_std": -0.062868,
        "nauc_map_at_5_diff1": 0.104663,
        "nauc_map_at_10_max": 0.283064,
        "nauc_map_at_10_std": -0.052685,
        "nauc_map_at_10_diff1": 0.099466,
        "nauc_map_at_20_max": 0.273781,
        "nauc_map_at_20_std": -0.050501,
        "nauc_map_at_20_diff1": 0.095839,
        "nauc_map_at_100_max": 0.266797,
        "nauc_map_at_100_std": -0.048195,
        "nauc_map_at_100_diff1": 0.094783,
        "nauc_map_at_1000_max": 0.266732,
        "nauc_map_at_1000_std": -0.047481,
        "nauc_map_at_1000_diff1": 0.094808,
        "nauc_recall_at_1_max": 0.293381,
        "nauc_recall_at_1_std": -0.074275,
        "nauc_recall_at_1_diff1": 0.130519,
        "nauc_recall_at_3_max": 0.25596,
        "nauc_recall_at_3_std": -0.049924,
        "nauc_recall_at_3_diff1": 0.082547,
        "nauc_recall_at_5_max": 0.281842,
        "nauc_recall_at_5_std": -0.04913,
        "nauc_recall_at_5_diff1": 0.09024,
        "nauc_recall_at_10_max": 0.270871,
        "nauc_recall_at_10_std": -0.01486,
        "nauc_recall_at_10_diff1": 0.072821,
        "nauc_recall_at_20_max": 0.221581,
        "nauc_recall_at_20_std": -0.003912,
        "nauc_recall_at_20_diff1": 0.055919,
        "nauc_recall_at_100_max": 0.127344,
        "nauc_recall_at_100_std": 0.031893,
        "nauc_recall_at_100_diff1": 0.053448,
        "nauc_recall_at_1000_max": 0.137554,
        "nauc_recall_at_1000_std": 0.122544,
        "nauc_recall_at_1000_diff1": 0.010282,
        "nauc_precision_at_1_max": 0.293381,
        "nauc_precision_at_1_std": -0.074275,
        "nauc_precision_at_1_diff1": 0.130519,
        "nauc_precision_at_3_max": 0.25596,
        "nauc_precision_at_3_std": -0.049924,
        "nauc_precision_at_3_diff1": 0.082547,
        "nauc_precision_at_5_max": 0.281842,
        "nauc_precision_at_5_std": -0.04913,
        "nauc_precision_at_5_diff1": 0.09024,
        "nauc_precision_at_10_max": 0.270871,
        "nauc_precision_at_10_std": -0.01486,
        "nauc_precision_at_10_diff1": 0.072821,
        "nauc_precision_at_20_max": 0.221581,
        "nauc_precision_at_20_std": -0.003912,
        "nauc_precision_at_20_diff1": 0.055919,
        "nauc_precision_at_100_max": 0.127344,
        "nauc_precision_at_100_std": 0.031893,
        "nauc_precision_at_100_diff1": 0.053448,
        "nauc_precision_at_1000_max": 0.137554,
        "nauc_precision_at_1000_std": 0.122544,
        "nauc_precision_at_1000_diff1": 0.010282,
        "nauc_mrr_at_1_max": 0.293381,
        "nauc_mrr_at_1_std": -0.074275,
        "nauc_mrr_at_1_diff1": 0.130519,
        "nauc_mrr_at_3_max": 0.273822,
        "nauc_mrr_at_3_std": -0.065965,
        "nauc_mrr_at_3_diff1": 0.102137,
        "nauc_mrr_at_5_max": 0.285909,
        "nauc_mrr_at_5_std": -0.062868,
        "nauc_mrr_at_5_diff1": 0.104663,
        "nauc_mrr_at_10_max": 0.283064,
        "nauc_mrr_at_10_std": -0.052685,
        "nauc_mrr_at_10_diff1": 0.099466,
        "nauc_mrr_at_20_max": 0.273781,
        "nauc_mrr_at_20_std": -0.050501,
        "nauc_mrr_at_20_diff1": 0.095839,
        "nauc_mrr_at_100_max": 0.266797,
        "nauc_mrr_at_100_std": -0.048195,
        "nauc_mrr_at_100_diff1": 0.094783,
        "nauc_mrr_at_1000_max": 0.266732,
        "nauc_mrr_at_1000_std": -0.047481,
        "nauc_mrr_at_1000_diff1": 0.094808,
        "main_score": 0.08706,
        "hf_subset": "default",
        "languages": [
          "eng-Latn"
        ]
      }
    ]
  },
  "evaluation_time": 41.96105670928955,
  "kg_co2_emissions": 0.0015763817776096303
}