{
    "dataset_revision": "ae752c7c21bf194d8b67fd573edf7ae58183cbe3",
    "task_name": "STS15",
    "evaluation_time": NaN,
    "mteb_version": "0.0.0",
    "scores": {
        "test": [
            {
                "hf_subset": "default",
                "languages": [
                    "eng-Latn"
                ],
                "cos_sim_pearson": 86.9345194840047,
                "cos_sim_spearman": 88.47286320653176,
                "euclidean_pearson": 87.72825182191445,
                "euclidean_spearman": 88.33484195475864,
                "manhattan_pearson": 87.75121043906692,
                "manhattan_spearman": 88.36695329548576,
                "cosine_pearson": 86.9345194840047,
                "cosine_spearman": 88.47286320653176,
                "main_score": 88.47286320653176
            }
        ]
    }
}