{
  "dataset_revision": "c0f706b76e590d620bd6618b3ca8efdd34e2d659",
  "task_name": "DBPedia",
  "mteb_version": "1.18.0",
  "scores": {
    "test": [
      {
        "ndcg_at_1": 0.02875,
        "ndcg_at_3": 0.02134,
        "ndcg_at_5": 0.01999,
        "ndcg_at_10": 0.01897,
        "ndcg_at_20": 0.01826,
        "ndcg_at_100": 0.02214,
        "ndcg_at_1000": 0.03843,
        "map_at_1": 0.002,
        "map_at_3": 0.00392,
        "map_at_5": 0.00431,
        "map_at_10": 0.00475,
        "map_at_20": 0.0055,
        "map_at_100": 0.00647,
        "map_at_1000": 0.00719,
        "recall_at_1": 0.002,
        "recall_at_3": 0.00585,
        "recall_at_5": 0.00719,
        "recall_at_10": 0.0093,
        "recall_at_20": 0.01594,
        "recall_at_100": 0.03319,
        "recall_at_1000": 0.08803,
        "precision_at_1": 0.0375,
        "precision_at_3": 0.025,
        "precision_at_5": 0.022,
        "precision_at_10": 0.01825,
        "precision_at_20": 0.01425,
        "precision_at_100": 0.00695,
        "precision_at_1000": 0.00216,
        "mrr_at_1": 0.0375,
        "mrr_at_3": 0.051667,
        "mrr_at_5": 0.056792,
        "mrr_at_10": 0.061496,
        "mrr_at_20": 0.064277,
        "mrr_at_100": 0.067044,
        "mrr_at_1000": 0.067803,
        "nauc_ndcg_at_1_max": 0.227097,
        "nauc_ndcg_at_1_std": 0.376699,
        "nauc_ndcg_at_1_diff1": 0.372289,
        "nauc_ndcg_at_3_max": 0.275957,
        "nauc_ndcg_at_3_std": 0.309574,
        "nauc_ndcg_at_3_diff1": 0.2076,
        "nauc_ndcg_at_5_max": 0.282783,
        "nauc_ndcg_at_5_std": 0.289331,
        "nauc_ndcg_at_5_diff1": 0.203901,
        "nauc_ndcg_at_10_max": 0.243085,
        "nauc_ndcg_at_10_std": 0.311791,
        "nauc_ndcg_at_10_diff1": 0.197162,
        "nauc_ndcg_at_20_max": 0.168191,
        "nauc_ndcg_at_20_std": 0.291104,
        "nauc_ndcg_at_20_diff1": 0.131677,
        "nauc_ndcg_at_100_max": 0.103302,
        "nauc_ndcg_at_100_std": 0.376991,
        "nauc_ndcg_at_100_diff1": 0.114343,
        "nauc_ndcg_at_1000_max": 0.074189,
        "nauc_ndcg_at_1000_std": 0.476627,
        "nauc_ndcg_at_1000_diff1": 0.115442,
        "nauc_map_at_1_max": 0.026795,
        "nauc_map_at_1_std": 0.403769,
        "nauc_map_at_1_diff1": 0.14422,
        "nauc_map_at_3_max": 0.090188,
        "nauc_map_at_3_std": 0.123162,
        "nauc_map_at_3_diff1": -0.08342,
        "nauc_map_at_5_max": 0.113536,
        "nauc_map_at_5_std": 0.131445,
        "nauc_map_at_5_diff1": -0.064121,
        "nauc_map_at_10_max": 0.126292,
        "nauc_map_at_10_std": 0.163244,
        "nauc_map_at_10_diff1": -0.036689,
        "nauc_map_at_20_max": 0.115663,
        "nauc_map_at_20_std": 0.180812,
        "nauc_map_at_20_diff1": -0.029105,
        "nauc_map_at_100_max": 0.121257,
        "nauc_map_at_100_std": 0.248506,
        "nauc_map_at_100_diff1": 0.022575,
        "nauc_map_at_1000_max": 0.114201,
        "nauc_map_at_1000_std": 0.291422,
        "nauc_map_at_1000_diff1": 0.040325,
        "nauc_recall_at_1_max": 0.026795,
        "nauc_recall_at_1_std": 0.403769,
        "nauc_recall_at_1_diff1": 0.14422,
        "nauc_recall_at_3_max": 0.106325,
        "nauc_recall_at_3_std": 0.030014,
        "nauc_recall_at_3_diff1": -0.174944,
        "nauc_recall_at_5_max": 0.142032,
        "nauc_recall_at_5_std": 0.0553,
        "nauc_recall_at_5_diff1": -0.11087,
        "nauc_recall_at_10_max": 0.160619,
        "nauc_recall_at_10_std": 0.145301,
        "nauc_recall_at_10_diff1": -0.045555,
        "nauc_recall_at_20_max": 0.018529,
        "nauc_recall_at_20_std": 0.152352,
        "nauc_recall_at_20_diff1": -0.112249,
        "nauc_recall_at_100_max": -0.038598,
        "nauc_recall_at_100_std": 0.370789,
        "nauc_recall_at_100_diff1": 0.000669,
        "nauc_recall_at_1000_max": -0.020128,
        "nauc_recall_at_1000_std": 0.465897,
        "nauc_recall_at_1000_diff1": 0.045861,
        "nauc_precision_at_1_max": 0.260943,
        "nauc_precision_at_1_std": 0.367373,
        "nauc_precision_at_1_diff1": 0.35605,
        "nauc_precision_at_3_max": 0.351847,
        "nauc_precision_at_3_std": 0.355916,
        "nauc_precision_at_3_diff1": 0.230945,
        "nauc_precision_at_5_max": 0.349946,
        "nauc_precision_at_5_std": 0.333896,
        "nauc_precision_at_5_diff1": 0.240688,
        "nauc_precision_at_10_max": 0.284802,
        "nauc_precision_at_10_std": 0.402977,
        "nauc_precision_at_10_diff1": 0.270078,
        "nauc_precision_at_20_max": 0.223448,
        "nauc_precision_at_20_std": 0.421357,
        "nauc_precision_at_20_diff1": 0.244952,
        "nauc_precision_at_100_max": 0.128475,
        "nauc_precision_at_100_std": 0.514223,
        "nauc_precision_at_100_diff1": 0.244496,
        "nauc_precision_at_1000_max": 0.054909,
        "nauc_precision_at_1000_std": 0.531504,
        "nauc_precision_at_1000_diff1": 0.170953,
        "nauc_mrr_at_1_max": 0.260943,
        "nauc_mrr_at_1_std": 0.367373,
        "nauc_mrr_at_1_diff1": 0.35605,
        "nauc_mrr_at_3_max": 0.286352,
        "nauc_mrr_at_3_std": 0.351104,
        "nauc_mrr_at_3_diff1": 0.234985,
        "nauc_mrr_at_5_max": 0.285778,
        "nauc_mrr_at_5_std": 0.339402,
        "nauc_mrr_at_5_diff1": 0.239937,
        "nauc_mrr_at_10_max": 0.270733,
        "nauc_mrr_at_10_std": 0.339816,
        "nauc_mrr_at_10_diff1": 0.242997,
        "nauc_mrr_at_20_max": 0.255434,
        "nauc_mrr_at_20_std": 0.342792,
        "nauc_mrr_at_20_diff1": 0.234935,
        "nauc_mrr_at_100_max": 0.248274,
        "nauc_mrr_at_100_std": 0.345652,
        "nauc_mrr_at_100_diff1": 0.231359,
        "nauc_mrr_at_1000_max": 0.247811,
        "nauc_mrr_at_1000_std": 0.347237,
        "nauc_mrr_at_1000_diff1": 0.231687,
        "main_score": 0.01897,
        "hf_subset": "default",
        "languages": [
          "eng-Latn"
        ]
      }
    ]
  },
  "evaluation_time": 3023.006107568741,
  "kg_co2_emissions": 0.2776627998155042
}