{
    "dataset_revision": "None",
    "task_name": "ATEC",
    "evaluation_time": null,
    "mteb_version": null,
    "scores": {
        "test": [
            {
                "hf_subset": "default",
                "languages": [
                    "cmn-Hans"
                ],
                "cos_sim_pearson": 0.5439711127600595,
                "cos_sim_spearman": 0.5819019192082445,
                "euclidean_pearson": 0.6180082379352729,
                "euclidean_spearman": 0.5819018966860797,
                "manhattan_pearson": 0.6092760106039621,
                "manhattan_spearman": 0.5778832902694192,
                "cosine_pearson": 0.5439711127600595,
                "cosine_spearman": 0.5819019192082445,
                "main_score": 0.5819019192082445
            }
        ]
    }
}