{
    "dataset_revision": "6184bc1440d2dbc7612be22b50686b8826d22b32",
    "task_name": "CQADupstackProgrammersRetrieval",
    "evaluation_time": null,
    "mteb_version": null,
    "scores": {
        "test": [
            {
                "hf_subset": "default",
                "languages": [
                    "eng-Latn"
                ],
                "map_at_1": 0.12327,
                "map_at_10": 0.16701,
                "map_at_100": 0.17706,
                "map_at_1000": 0.1785,
                "map_at_3": 0.15066,
                "map_at_5": 0.16013,
                "mrr_at_1": 0.15183,
                "mrr_at_10": 0.19828000000000004,
                "mrr_at_100": 0.20752000000000004,
                "mrr_at_1000": 0.20848,
                "mrr_at_3": 0.18189,
                "mrr_at_5": 0.19068,
                "ndcg_at_1": 0.15183,
                "ndcg_at_10": 0.19799,
                "ndcg_at_100": 0.24886,
                "ndcg_at_1000": 0.28453,
                "ndcg_at_3": 0.16795,
                "ndcg_at_5": 0.18176000000000003,
                "precision_at_1": 0.15183,
                "precision_at_10": 0.03642,
                "precision_at_100": 0.00726,
                "precision_at_1000": 0.00124,
                "precision_at_3": 0.07801,
                "precision_at_5": 0.05799000000000001,
                "recall_at_1": 0.12327,
                "recall_at_10": 0.26215,
                "recall_at_100": 0.49038,
                "recall_at_1000": 0.74297,
                "recall_at_3": 0.18099999999999997,
                "recall_at_5": 0.21438,
                "main_score": 0.19799
            }
        ]
    }
}