{
  "dataset_revision": "21bdf1e024bf7c9f46720017559ce2f8c6116507",
  "task_name": "ElasticKBRetrieval",
  "mteb_version": "2.12.37",
  "scores": {
    "synthetic_test": [
      {
        "ndcg_at_1": 0.82447,
        "ndcg_at_3": 0.66108,
        "ndcg_at_5": 0.62443,
        "ndcg_at_10": 0.60107,
        "ndcg_at_20": 0.59193,
        "ndcg_at_100": 0.64188,
        "ndcg_at_1000": 0.69784,
        "map_at_1": 0.26014,
        "map_at_3": 0.33465,
        "map_at_5": 0.36125,
        "map_at_10": 0.39127,
        "map_at_20": 0.41362,
        "map_at_100": 0.45156,
        "map_at_1000": 0.46408,
        "recall_at_1": 0.26014,
        "recall_at_3": 0.35704,
        "recall_at_5": 0.39915,
        "recall_at_10": 0.4642,
        "recall_at_20": 0.53454,
        "recall_at_100": 0.71829,
        "recall_at_1000": 0.88408,
        "accuracy": 0.26014,
        "precision_at_1": 0.82447,
        "precision_at_3": 0.49645,
        "precision_at_5": 0.39468,
        "precision_at_10": 0.28723,
        "precision_at_20": 0.19628,
        "precision_at_100": 0.0783,
        "precision_at_1000": 0.01362,
        "mrr_at_1": 0.824468,
        "mrr_at_3": 0.878546,
        "mrr_at_5": 0.885727,
        "mrr_at_10": 0.886613,
        "mrr_at_20": 0.88765,
        "mrr_at_100": 0.887721,
        "mrr_at_1000": 0.887721,
        "nauc_ndcg_at_1_max": 0.373885,
        "nauc_ndcg_at_1_std": -0.063553,
        "nauc_ndcg_at_1_diff1": 0.792005,
        "nauc_ndcg_at_3_max": 0.143043,
        "nauc_ndcg_at_3_std": 0.082608,
        "nauc_ndcg_at_3_diff1": 0.268269,
        "nauc_ndcg_at_5_max": 0.130569,
        "nauc_ndcg_at_5_std": 0.091612,
        "nauc_ndcg_at_5_diff1": 0.27075,
        "nauc_ndcg_at_10_max": 0.1196,
        "nauc_ndcg_at_10_std": 0.037451,
        "nauc_ndcg_at_10_diff1": 0.33922,
        "nauc_ndcg_at_20_max": 0.151972,
        "nauc_ndcg_at_20_std": 0.002137,
        "nauc_ndcg_at_20_diff1": 0.411936,
        "nauc_ndcg_at_100_max": 0.227685,
        "nauc_ndcg_at_100_std": 0.102301,
        "nauc_ndcg_at_100_diff1": 0.397858,
        "nauc_ndcg_at_1000_max": 0.212114,
        "nauc_ndcg_at_1000_std": 0.165444,
        "nauc_ndcg_at_1000_diff1": 0.3469,
        "nauc_map_at_1_max": 0.130578,
        "nauc_map_at_1_std": -0.165944,
        "nauc_map_at_1_diff1": 0.647525,
        "nauc_map_at_3_max": 0.128961,
        "nauc_map_at_3_std": -0.174582,
        "nauc_map_at_3_diff1": 0.55204,
        "nauc_map_at_5_max": 0.139041,
        "nauc_map_at_5_std": -0.139965,
        "nauc_map_at_5_diff1": 0.520904,
        "nauc_map_at_10_max": 0.141925,
        "nauc_map_at_10_std": -0.125092,
        "nauc_map_at_10_diff1": 0.501143,
        "nauc_map_at_20_max": 0.154283,
        "nauc_map_at_20_std": -0.096297,
        "nauc_map_at_20_diff1": 0.484865,
        "nauc_map_at_100_max": 0.167993,
        "nauc_map_at_100_std": -0.01462,
        "nauc_map_at_100_diff1": 0.450333,
        "nauc_map_at_1000_max": 0.160986,
        "nauc_map_at_1000_std": 0.002865,
        "nauc_map_at_1000_diff1": 0.44062,
        "nauc_recall_at_1_max": 0.130578,
        "nauc_recall_at_1_std": -0.165944,
        "nauc_recall_at_1_diff1": 0.647525,
        "nauc_recall_at_3_max": 0.108468,
        "nauc_recall_at_3_std": -0.189703,
        "nauc_recall_at_3_diff1": 0.484416,
        "nauc_recall_at_5_max": 0.12801,
        "nauc_recall_at_5_std": -0.133283,
        "nauc_recall_at_5_diff1": 0.444541,
        "nauc_recall_at_10_max": 0.116227,
        "nauc_recall_at_10_std": -0.142833,
        "nauc_recall_at_10_diff1": 0.405366,
        "nauc_recall_at_20_max": 0.176172,
        "nauc_recall_at_20_std": -0.081835,
        "nauc_recall_at_20_diff1": 0.374914,
        "nauc_recall_at_100_max": 0.235202,
        "nauc_recall_at_100_std": 0.15936,
        "nauc_recall_at_100_diff1": 0.2512,
        "nauc_recall_at_1000_max": 0.223079,
        "nauc_recall_at_1000_std": 0.366199,
        "nauc_recall_at_1000_diff1": 0.071565,
        "nauc_precision_at_1_max": 0.373885,
        "nauc_precision_at_1_std": -0.063553,
        "nauc_precision_at_1_diff1": 0.792005,
        "nauc_precision_at_3_max": 0.059827,
        "nauc_precision_at_3_std": 0.22107,
        "nauc_precision_at_3_diff1": -0.214629,
        "nauc_precision_at_5_max": 0.020514,
        "nauc_precision_at_5_std": 0.315043,
        "nauc_precision_at_5_diff1": -0.359808,
        "nauc_precision_at_10_max": -0.038224,
        "nauc_precision_at_10_std": 0.337893,
        "nauc_precision_at_10_diff1": -0.436825,
        "nauc_precision_at_20_max": -0.053841,
        "nauc_precision_at_20_std": 0.380457,
        "nauc_precision_at_20_diff1": -0.466642,
        "nauc_precision_at_100_max": -0.11187,
        "nauc_precision_at_100_std": 0.369316,
        "nauc_precision_at_100_diff1": -0.43799,
        "nauc_precision_at_1000_max": -0.198554,
        "nauc_precision_at_1000_std": 0.238492,
        "nauc_precision_at_1000_diff1": -0.397515,
        "nauc_mrr_at_1_max": 0.373885,
        "nauc_mrr_at_1_std": -0.063553,
        "nauc_mrr_at_1_diff1": 0.792005,
        "nauc_mrr_at_3_max": 0.366574,
        "nauc_mrr_at_3_std": -0.079345,
        "nauc_mrr_at_3_diff1": 0.770323,
        "nauc_mrr_at_5_max": 0.371014,
        "nauc_mrr_at_5_std": -0.081689,
        "nauc_mrr_at_5_diff1": 0.774872,
        "nauc_mrr_at_10_max": 0.365875,
        "nauc_mrr_at_10_std": -0.090526,
        "nauc_mrr_at_10_diff1": 0.776675,
        "nauc_mrr_at_20_max": 0.368758,
        "nauc_mrr_at_20_std": -0.080767,
        "nauc_mrr_at_20_diff1": 0.77567,
        "nauc_mrr_at_100_max": 0.368522,
        "nauc_mrr_at_100_std": -0.081192,
        "nauc_mrr_at_100_diff1": 0.775819,
        "nauc_mrr_at_1000_max": 0.368522,
        "nauc_mrr_at_1000_std": -0.081192,
        "nauc_mrr_at_1000_diff1": 0.775819,
        "hit_rate_at_1": 0.82447,
        "hit_rate_at_3": 0.94149,
        "hit_rate_at_5": 0.9734,
        "hit_rate_at_10": 0.97872,
        "hit_rate_at_20": 0.99468,
        "hit_rate_at_100": 1.0,
        "hit_rate_at_1000": 1.0,
        "main_score": 0.60107,
        "hf_subset": "en",
        "languages": [
          "eng-Latn"
        ]
      }
    ],
    "real_chat_test": [
      {
        "ndcg_at_1": 0.81897,
        "ndcg_at_3": 0.72841,
        "ndcg_at_5": 0.69092,
        "ndcg_at_10": 0.64959,
        "ndcg_at_20": 0.61289,
        "ndcg_at_100": 0.56897,
        "ndcg_at_1000": 0.64396,
        "map_at_1": 0.0667,
        "map_at_3": 0.11818,
        "map_at_5": 0.14459,
        "map_at_10": 0.17954,
        "map_at_20": 0.2083,
        "map_at_100": 0.27611,
        "map_at_1000": 0.34674,
        "recall_at_1": 0.0667,
        "recall_at_3": 0.12207,
        "recall_at_5": 0.15944,
        "recall_at_10": 0.22142,
        "recall_at_20": 0.28199,
        "recall_at_100": 0.46576,
        "recall_at_1000": 0.78288,
        "accuracy": 0.0667,
        "precision_at_1": 0.81897,
        "precision_at_3": 0.68678,
        "precision_at_5": 0.625,
        "precision_at_10": 0.5431,
        "precision_at_20": 0.45086,
        "precision_at_100": 0.27349,
        "precision_at_1000": 0.09196,
        "mrr_at_1": 0.818966,
        "mrr_at_3": 0.867098,
        "mrr_at_5": 0.873563,
        "mrr_at_10": 0.87774,
        "mrr_at_20": 0.878359,
        "mrr_at_100": 0.87851,
        "mrr_at_1000": 0.87851,
        "nauc_ndcg_at_1_max": 0.368115,
        "nauc_ndcg_at_1_std": 0.137279,
        "nauc_ndcg_at_1_diff1": 0.503471,
        "nauc_ndcg_at_3_max": 0.287897,
        "nauc_ndcg_at_3_std": 0.220863,
        "nauc_ndcg_at_3_diff1": 0.114743,
        "nauc_ndcg_at_5_max": 0.23615,
        "nauc_ndcg_at_5_std": 0.225692,
        "nauc_ndcg_at_5_diff1": 0.021398,
        "nauc_ndcg_at_10_max": 0.205692,
        "nauc_ndcg_at_10_std": 0.247717,
        "nauc_ndcg_at_10_diff1": -0.009506,
        "nauc_ndcg_at_20_max": 0.192809,
        "nauc_ndcg_at_20_std": 0.240185,
        "nauc_ndcg_at_20_diff1": 0.00773,