{
  "dataset_revision": "83eec1aa9c58f1dc8acfac015f653a9c25bda3f4",
  "task_name": "OpenTenderRetrieval",
  "mteb_version": "2.1.0",
  "scores": {
    "test": [
      {
        "ndcg_at_1": 0.278,
        "ndcg_at_3": 0.34934,
        "ndcg_at_5": 0.36114,
        "ndcg_at_10": 0.37779,
        "ndcg_at_20": 0.38871,
        "ndcg_at_100": 0.40752,
        "ndcg_at_1000": 0.42453,
        "map_at_1": 0.278,
        "map_at_3": 0.33183,
        "map_at_5": 0.33853,
        "map_at_10": 0.3455,
        "map_at_20": 0.34865,
        "map_at_100": 0.35126,
        "map_at_1000": 0.3518,
        "recall_at_1": 0.278,
        "recall_at_3": 0.4,
        "recall_at_5": 0.428,
        "recall_at_10": 0.479,
        "recall_at_20": 0.521,
        "recall_at_100": 0.622,
        "recall_at_1000": 0.762,
        "accuracy": 0.278,
        "precision_at_1": 0.278,
        "precision_at_3": 0.13333,
        "precision_at_5": 0.0856,
        "precision_at_10": 0.0479,
        "precision_at_20": 0.02605,
        "precision_at_100": 0.00622,
        "precision_at_1000": 0.00076,
        "mrr_at_1": 0.276,
        "mrr_at_3": 0.330333,
        "mrr_at_5": 0.337483,
        "mrr_at_10": 0.344239,
        "mrr_at_20": 0.347387,
        "mrr_at_100": 0.349994,
        "mrr_at_1000": 0.35053,
        "nauc_ndcg_at_1_max": 0.418122,
        "nauc_ndcg_at_1_std": -0.030042,
        "nauc_ndcg_at_1_diff1": 0.575383,
        "nauc_ndcg_at_3_max": 0.401089,
        "nauc_ndcg_at_3_std": -0.030717,
        "nauc_ndcg_at_3_diff1": 0.481365,
        "nauc_ndcg_at_5_max": 0.405877,
        "nauc_ndcg_at_5_std": -0.021346,
        "nauc_ndcg_at_5_diff1": 0.472652,
        "nauc_ndcg_at_10_max": 0.387274,
        "nauc_ndcg_at_10_std": -0.023996,
        "nauc_ndcg_at_10_diff1": 0.463271,
        "nauc_ndcg_at_20_max": 0.380185,
        "nauc_ndcg_at_20_std": -0.028303,
        "nauc_ndcg_at_20_diff1": 0.461287,
        "nauc_ndcg_at_100_max": 0.373069,
        "nauc_ndcg_at_100_std": -0.031694,
        "nauc_ndcg_at_100_diff1": 0.462117,
        "nauc_ndcg_at_1000_max": 0.377641,
        "nauc_ndcg_at_1000_std": -0.022596,
        "nauc_ndcg_at_1000_diff1": 0.465636,
        "nauc_map_at_1_max": 0.418122,
        "nauc_map_at_1_std": -0.030042,
        "nauc_map_at_1_diff1": 0.575383,
        "nauc_map_at_3_max": 0.406119,
        "nauc_map_at_3_std": -0.030118,
        "nauc_map_at_3_diff1": 0.504077,
        "nauc_map_at_5_max": 0.408679,
        "nauc_map_at_5_std": -0.02477,
        "nauc_map_at_5_diff1": 0.499228,
        "nauc_map_at_10_max": 0.400559,
        "nauc_map_at_10_std": -0.02641,
        "nauc_map_at_10_diff1": 0.495286,
        "nauc_map_at_20_max": 0.398508,
        "nauc_map_at_20_std": -0.0276,
        "nauc_map_at_20_diff1": 0.494621,
        "nauc_map_at_100_max": 0.397499,
        "nauc_map_at_100_std": -0.02825,
        "nauc_map_at_100_diff1": 0.494712,
        "nauc_map_at_1000_max": 0.397643,
        "nauc_map_at_1000_std": -0.027863,
        "nauc_map_at_1000_diff1": 0.494848,
        "nauc_recall_at_1_max": 0.418122,
        "nauc_recall_at_1_std": -0.030042,
        "nauc_recall_at_1_diff1": 0.575383,
        "nauc_recall_at_3_max": 0.386786,
        "nauc_recall_at_3_std": -0.032544,
        "nauc_recall_at_3_diff1": 0.418348,
        "nauc_recall_at_5_max": 0.3985,
        "nauc_recall_at_5_std": -0.010811,
        "nauc_recall_at_5_diff1": 0.397246,
        "nauc_recall_at_10_max": 0.343799,
        "nauc_recall_at_10_std": -0.015929,
        "nauc_recall_at_10_diff1": 0.367925,
        "nauc_recall_at_20_max": 0.315296,
        "nauc_recall_at_20_std": -0.032778,
        "nauc_recall_at_20_diff1": 0.35857,
        "nauc_recall_at_100_max": 0.265291,
        "nauc_recall_at_100_std": -0.051056,
        "nauc_recall_at_100_diff1": 0.351653,
        "nauc_recall_at_1000_max": 0.27988,
        "nauc_recall_at_1000_std": 0.044479,
        "nauc_recall_at_1000_diff1": 0.349468,
        "nauc_precision_at_1_max": 0.418122,
        "nauc_precision_at_1_std": -0.030042,
        "nauc_precision_at_1_diff1": 0.575383,
        "nauc_precision_at_3_max": 0.386786,
        "nauc_precision_at_3_std": -0.032544,
        "nauc_precision_at_3_diff1": 0.418348,
        "nauc_precision_at_5_max": 0.3985,
        "nauc_precision_at_5_std": -0.010811,
        "nauc_precision_at_5_diff1": 0.397246,
        "nauc_precision_at_10_max": 0.343799,
        "nauc_precision_at_10_std": -0.015929,
        "nauc_precision_at_10_diff1": 0.367925,
        "nauc_precision_at_20_max": 0.315296,
        "nauc_precision_at_20_std": -0.032778,
        "nauc_precision_at_20_diff1": 0.35857,
        "nauc_precision_at_100_max": 0.265291,
        "nauc_precision_at_100_std": -0.051056,
        "nauc_precision_at_100_diff1": 0.351653,
        "nauc_precision_at_1000_max": 0.27988,
        "nauc_precision_at_1000_std": 0.044479,
        "nauc_precision_at_1000_diff1": 0.349468,
        "nauc_mrr_at_1_max": 0.440545,
        "nauc_mrr_at_1_std": -0.00466,
        "nauc_mrr_at_1_diff1": 0.58336,
        "nauc_mrr_at_3_max": 0.415484,
        "nauc_mrr_at_3_std": -0.020999,
        "nauc_mrr_at_3_diff1": 0.506886,
        "nauc_mrr_at_5_max": 0.418775,
        "nauc_mrr_at_5_std": -0.014799,
        "nauc_mrr_at_5_diff1": 0.502193,
        "nauc_mrr_at_10_max": 0.410555,
        "nauc_mrr_at_10_std": -0.016435,
        "nauc_mrr_at_10_diff1": 0.49864,
        "nauc_mrr_at_20_max": 0.408512,
        "nauc_mrr_at_20_std": -0.017608,
        "nauc_mrr_at_20_diff1": 0.497976,
        "nauc_mrr_at_100_max": 0.407535,
        "nauc_mrr_at_100_std": -0.018212,
        "nauc_mrr_at_100_diff1": 0.498074,
        "nauc_mrr_at_1000_max": 0.407689,
        "nauc_mrr_at_1000_std": -0.017816,
        "nauc_mrr_at_1000_diff1": 0.498213,
        "cv_recall_at_1": 0.276,
        "cv_recall_at_3": 0.399,
        "cv_recall_at_5": 0.429,
        "cv_recall_at_10": 0.479,
        "cv_recall_at_20": 0.521,
        "cv_recall_at_100": 0.622,
        "cv_recall_at_1000": 0.762,
        "main_score": 0.37779,
        "hf_subset": "default",
        "languages": [
          "nld-Latn"
        ]
      }
    ]
  },
  "evaluation_time": 812.9462888240814,
  "kg_co2_emissions": null
}