{
    "dataset_revision": "8e0c766dbe9e16e1d221116a3f36795fbade07f6",
    "task_name": "MMarcoReranking",
    "evaluation_time": null,
    "mteb_version": null,
    "scores": {
        "dev": [
            {
                "hf_subset": "default",
                "languages": [
                    "cmn-Hans"
                ],
                "main_score": 0.3247827175843312,
                "map": 0.3247827175843312,
                "mrr": 0.3168015873015873,
                "nAUC_map_diff1": 0.2844752902999802,
                "nAUC_map_max": -0.012720002819461194,
                "nAUC_map_std": -0.17183634811974066,
                "nAUC_mrr_diff1": 0.2898249515778471,
                "nAUC_mrr_max": -0.022626950880487263,
                "nAUC_mrr_std": -0.18154226332308843
            }
        ]
    }
}