{
    "dataset_revision": "None",
    "task_name": "ClimateFEVER",
    "evaluation_time": -1,
    "mteb_version": "0.0.0",
    "scores": {
        "test": [
            {
                "hf_subset": "default",
                "languages": [
                    "eng-Latn"
                ],
                "map_at_1": 15.572,
                "map_at_10": 25.312,
                "map_at_100": 27.062,
                "map_at_1000": 27.253,
                "map_at_3": 21.601,
                "map_at_5": 23.473,
                "mrr_at_1": 34.984,
                "mrr_at_10": 46.406,
                "mrr_at_100": 47.179,
                "mrr_at_1000": 47.21,
                "mrr_at_3": 43.485,
                "mrr_at_5": 45.322,
                "ndcg_at_1": 34.984,
                "ndcg_at_10": 34.344,
                "ndcg_at_100": 41.015,
                "ndcg_at_1000": 44.366,
                "ndcg_at_3": 29.119,
                "ndcg_at_5": 30.825999999999997,
                "precision_at_1": 34.984,
                "precision_at_10": 10.358,
                "precision_at_100": 1.762,
                "precision_at_1000": 0.23900000000000002,
                "precision_at_3": 21.368000000000002,
                "precision_at_5": 15.948,
                "recall_at_1": 15.572,
                "recall_at_10": 39.367999999999995,
                "recall_at_100": 62.183,
                "recall_at_1000": 80.92200000000001,
                "recall_at_3": 26.131999999999998,
                "recall_at_5": 31.635999999999996,
                "main_score": 34.344
            }
        ]
    }
}