{
    "dataset_revision": "None",
    "task_name": "CQADupstackWebmastersRetrieval",
    "evaluation_time": null,
    "mteb_version": null,
    "scores": {
        "test": [
            {
                "hf_subset": "default",
                "languages": [
                    "eng-Latn"
                ],
                "map_at_1": 0.23132999999999998,
                "map_at_10": 0.31492,
                "map_at_100": 0.33062,
                "map_at_1000": 0.33256,
                "map_at_3": 0.28886,
                "map_at_5": 0.30262,
                "mrr_at_1": 0.28063,
                "mrr_at_10": 0.36144,
                "mrr_at_100": 0.3714,
                "mrr_at_1000": 0.37191,
                "mrr_at_3": 0.33762000000000003,
                "mrr_at_5": 0.34997,
                "ndcg_at_1": 0.28063,
                "ndcg_at_10": 0.36951,
                "ndcg_at_100": 0.43287,
                "ndcg_at_1000": 0.45777,
                "ndcg_at_3": 0.32786000000000004,
                "ndcg_at_5": 0.3465,
                "precision_at_1": 0.28063,
                "precision_at_10": 0.07055,
                "precision_at_100": 0.01476,
                "precision_at_1000": 0.00229,
                "precision_at_3": 0.15481,
                "precision_at_5": 0.11186,
                "recall_at_1": 0.23132999999999998,
                "recall_at_10": 0.47285,
                "recall_at_100": 0.76176,
                "recall_at_1000": 0.92176,
                "recall_at_3": 0.35223,
                "recall_at_5": 0.40142000000000005,
                "main_score": 0.36951
            }
        ]
    }
}