{
  "dataset_revision": "6184bc1440d2dbc7612be22b50686b8826d22b32",
  "task_name": "CQADupstackProgrammersRetrieval",
  "mteb_version": "1.18.0",
  "scores": {
    "test": [
      {
        "ndcg_at_1": 0.30936,
        "ndcg_at_3": 0.35811,
        "ndcg_at_5": 0.38306,
        "ndcg_at_10": 0.41295,
        "ndcg_at_20": 0.4339,
        "ndcg_at_100": 0.4692,
        "ndcg_at_1000": 0.49183,
        "map_at_1": 0.2494,
        "map_at_3": 0.3184,
        "map_at_5": 0.33647,
        "map_at_10": 0.35125,
        "map_at_20": 0.35855,
        "map_at_100": 0.36476,
        "map_at_1000": 0.36579,
        "recall_at_1": 0.2494,
        "recall_at_3": 0.38925,
        "recall_at_5": 0.45505,
        "recall_at_10": 0.54235,
        "recall_at_20": 0.61669,
        "recall_at_100": 0.78314,
        "recall_at_1000": 0.93973,
        "precision_at_1": 0.30936,
        "precision_at_3": 0.17237,
        "precision_at_5": 0.1242,
        "precision_at_10": 0.07728,
        "precision_at_20": 0.04521,
        "precision_at_100": 0.01226,
        "precision_at_1000": 0.00158,
        "mrr_at_1": 0.309361,
        "mrr_at_3": 0.380137,
        "mrr_at_5": 0.394692,
        "mrr_at_10": 0.406369,
        "mrr_at_20": 0.411071,
        "mrr_at_100": 0.41471,
        "mrr_at_1000": 0.415253,
        "nauc_ndcg_at_1_max": 0.352127,
        "nauc_ndcg_at_1_std": 0.055384,
        "nauc_ndcg_at_1_diff1": 0.407477,
        "nauc_ndcg_at_3_max": 0.353699,
        "nauc_ndcg_at_3_std": 0.084948,
        "nauc_ndcg_at_3_diff1": 0.376238,
        "nauc_ndcg_at_5_max": 0.354282,
        "nauc_ndcg_at_5_std": 0.091396,
        "nauc_ndcg_at_5_diff1": 0.370126,
        "nauc_ndcg_at_10_max": 0.354214,
        "nauc_ndcg_at_10_std": 0.106549,
        "nauc_ndcg_at_10_diff1": 0.367054,
        "nauc_ndcg_at_20_max": 0.364461,
        "nauc_ndcg_at_20_std": 0.122784,
        "nauc_ndcg_at_20_diff1": 0.367979,
        "nauc_ndcg_at_100_max": 0.369317,
        "nauc_ndcg_at_100_std": 0.144519,
        "nauc_ndcg_at_100_diff1": 0.362831,
        "nauc_ndcg_at_1000_max": 0.367573,
        "nauc_ndcg_at_1000_std": 0.132409,
        "nauc_ndcg_at_1000_diff1": 0.370003,
        "nauc_map_at_1_max": 0.286275,
        "nauc_map_at_1_std": 0.006537,
        "nauc_map_at_1_diff1": 0.421698,
        "nauc_map_at_3_max": 0.333384,
        "nauc_map_at_3_std": 0.060097,
        "nauc_map_at_3_diff1": 0.393377,
        "nauc_map_at_5_max": 0.339511,
        "nauc_map_at_5_std": 0.069212,
        "nauc_map_at_5_diff1": 0.389162,
        "nauc_map_at_10_max": 0.341567,
        "nauc_map_at_10_std": 0.076715,
        "nauc_map_at_10_diff1": 0.38631,
        "nauc_map_at_20_max": 0.345094,
        "nauc_map_at_20_std": 0.081668,
        "nauc_map_at_20_diff1": 0.385873,
        "nauc_map_at_100_max": 0.346809,
        "nauc_map_at_100_std": 0.085969,
        "nauc_map_at_100_diff1": 0.384748,
        "nauc_map_at_1000_max": 0.346725,
        "nauc_map_at_1000_std": 0.085646,
        "nauc_map_at_1000_diff1": 0.385103,
        "nauc_recall_at_1_max": 0.286275,
        "nauc_recall_at_1_std": 0.006537,
        "nauc_recall_at_1_diff1": 0.421698,
        "nauc_recall_at_3_max": 0.334492,
        "nauc_recall_at_3_std": 0.092148,
        "nauc_recall_at_3_diff1": 0.345653,
        "nauc_recall_at_5_max": 0.334961,
        "nauc_recall_at_5_std": 0.109391,
        "nauc_recall_at_5_diff1": 0.319698,
        "nauc_recall_at_10_max": 0.329639,
        "nauc_recall_at_10_std": 0.146127,
        "nauc_recall_at_10_diff1": 0.305564,
        "nauc_recall_at_20_max": 0.364111,
        "nauc_recall_at_20_std": 0.210138,
        "nauc_recall_at_20_diff1": 0.302358,
        "nauc_recall_at_100_max": 0.391576,
        "nauc_recall_at_100_std": 0.401289,
        "nauc_recall_at_100_diff1": 0.246056,
        "nauc_recall_at_1000_max": 0.423098,
        "nauc_recall_at_1000_std": 0.565748,
        "nauc_recall_at_1000_diff1": 0.278678,
        "nauc_precision_at_1_max": 0.352127,
        "nauc_precision_at_1_std": 0.055384,
        "nauc_precision_at_1_diff1": 0.407477,
        "nauc_precision_at_3_max": 0.403327,
        "nauc_precision_at_3_std": 0.167236,
        "nauc_precision_at_3_diff1": 0.289179,
        "nauc_precision_at_5_max": 0.372277,
        "nauc_precision_at_5_std": 0.175272,
        "nauc_precision_at_5_diff1": 0.223506,
        "nauc_precision_at_10_max": 0.322527,
        "nauc_precision_at_10_std": 0.206057,
        "nauc_precision_at_10_diff1": 0.152911,
        "nauc_precision_at_20_max": 0.306514,
        "nauc_precision_at_20_std": 0.2249,
        "nauc_precision_at_20_diff1": 0.114177,
        "nauc_precision_at_100_max": 0.198198,
        "nauc_precision_at_100_std": 0.23044,
        "nauc_precision_at_100_diff1": -0.001687,
        "nauc_precision_at_1000_max": 0.060009,
        "nauc_precision_at_1000_std": 0.09344,
        "nauc_precision_at_1000_diff1": -0.064569,
        "nauc_mrr_at_1_max": 0.352127,
        "nauc_mrr_at_1_std": 0.055384,
        "nauc_mrr_at_1_diff1": 0.407477,
        "nauc_mrr_at_3_max": 0.376294,
        "nauc_mrr_at_3_std": 0.10383,
        "nauc_mrr_at_3_diff1": 0.375707,
        "nauc_mrr_at_5_max": 0.376705,
        "nauc_mrr_at_5_std": 0.10954,
        "nauc_mrr_at_5_diff1": 0.370142,
        "nauc_mrr_at_10_max": 0.374139,
        "nauc_mrr_at_10_std": 0.114628,
        "nauc_mrr_at_10_diff1": 0.368244,
        "nauc_mrr_at_20_max": 0.376206,
        "nauc_mrr_at_20_std": 0.115955,
        "nauc_mrr_at_20_diff1": 0.369991,
        "nauc_mrr_at_100_max": 0.376181,
        "nauc_mrr_at_100_std": 0.117149,
        "nauc_mrr_at_100_diff1": 0.369726,
        "nauc_mrr_at_1000_max": 0.376143,
        "nauc_mrr_at_1000_std": 0.116708,
        "nauc_mrr_at_1000_diff1": 0.369917,
        "main_score": 0.41295,
        "hf_subset": "default",
        "languages": [
          "eng-Latn"
        ]
      }
    ]
  },
  "evaluation_time": 135.33269619941711,
  "kg_co2_emissions": 0.012978898198210664
}