{
  "dataset_revision": "fc7c4ae6655b1e6b132f3b262a359acef42dfce8",
  "evaluation_time": 43.43705105781555,
  "kg_co2_emissions": null,
  "mteb_version": "1.14.15",
  "scores": {
    "test": [
      {
        "accuracy": 0.05089,
        "cv_recall_at_1": 0.42857,
        "cv_recall_at_10": 0.75714,
        "cv_recall_at_100": 0.9,
        "cv_recall_at_1000": 1.0,
        "cv_recall_at_20": 0.82857,
        "cv_recall_at_3": 0.61429,
        "cv_recall_at_5": 0.7,
        "hf_subset": "default",
        "languages": [
          "eng-Latn"
        ],
        "main_score": 0.09172,
        "map_at_1": 0.05089,
        "map_at_10": 0.10919,
        "map_at_100": 0.1533,
        "map_at_1000": 0.17513,
        "map_at_20": 0.12377,
        "map_at_3": 0.07617,
        "map_at_5": 0.09172,
        "mrr_at_1": 0.42857142857142855,
        "mrr_at_10": 0.5379138321995465,
        "mrr_at_100": 0.5452029961553772,
        "mrr_at_1000": 0.5455282405021149,
        "mrr_at_20": 0.5435829250114965,
        "mrr_at_3": 0.5095238095238095,
        "mrr_at_5": 0.5295238095238096,
        "nauc_cv_recall_at_1000_diff1": NaN,
        "nauc_cv_recall_at_1000_max": NaN,
        "nauc_cv_recall_at_1000_std": NaN,
        "nauc_cv_recall_at_100_diff1": 0.31665999733226613,
        "nauc_cv_recall_at_100_max": 0.0841670001333865,
        "nauc_cv_recall_at_100_std": -0.14525810324129768,
        "nauc_cv_recall_at_10_diff1": 0.5596743089779307,
        "nauc_cv_recall_at_10_max": -0.10318650708622833,
        "nauc_cv_recall_at_10_std": 0.07667819645535527,
        "nauc_cv_recall_at_1_diff1": 0.46928505106778107,
        "nauc_cv_recall_at_1_max": 0.18269266480965657,
        "nauc_cv_recall_at_1_std": 0.23368616527390912,
        "nauc_cv_recall_at_20_diff1": 0.4114137590520081,
        "nauc_cv_recall_at_20_max": 0.20465766951942022,
        "nauc_cv_recall_at_20_std": 0.21486175115207332,
        "nauc_cv_recall_at_3_diff1": 0.3973553143826529,
        "nauc_cv_recall_at_3_max": -0.03190587007111971,
        "nauc_cv_recall_at_3_std": -0.09188977576719849,
        "nauc_cv_recall_at_5_diff1": 0.4724760017500065,
        "nauc_cv_recall_at_5_max": 0.051264894356229024,
        "nauc_cv_recall_at_5_std": 0.14241964124868112,
        "nauc_map_at_1000_diff1": 0.6321247794793992,
        "nauc_map_at_1000_max": -0.1629167937648194,
        "nauc_map_at_1000_std": 0.06628102934711955,
        "nauc_map_at_100_diff1": 0.6485102456076465,
        "nauc_map_at_100_max": -0.12182725367773514,
        "nauc_map_at_100_std": 0.04074165414229587,
        "nauc_map_at_10_diff1": 0.6631532360669611,
        "nauc_map_at_10_max": -0.04565953422541565,
        "nauc_map_at_10_std": -0.03710147389195973,
        "nauc_map_at_1_diff1": 0.7664199833241166,
        "nauc_map_at_1_max": 0.1822317426834213,
        "nauc_map_at_1_std": -0.053919318190272715,
        "nauc_map_at_20_diff1": 0.6487376929182073,
        "nauc_map_at_20_max": -0.08462523933120854,
        "nauc_map_at_20_std": -0.006668886267404347,
        "nauc_map_at_3_diff1": 0.6914104644162615,
        "nauc_map_at_3_max": 0.03105842812322326,
        "nauc_map_at_3_std": -0.09414610152057655,
        "nauc_map_at_5_diff1": 0.6626382110025781,
        "nauc_map_at_5_max": -0.03082400053966839,
        "nauc_map_at_5_std": -0.08484493968559591,
        "nauc_mrr_at_1000_diff1": 0.4416253018848795,
        "nauc_mrr_at_1000_max": 0.10914640760198856,
        "nauc_mrr_at_1000_std": 0.13449869925750152,
        "nauc_mrr_at_100_diff1": 0.44127035467236553,
        "nauc_mrr_at_100_max": 0.10928537621674111,
        "nauc_mrr_at_100_std": 0.13446419553789854,
        "nauc_mrr_at_10_diff1": 0.44882294419960667,
        "nauc_mrr_at_10_max": 0.09495241165020876,
        "nauc_mrr_at_10_std": 0.13140255336781037,
        "nauc_mrr_at_1_diff1": 0.46928505106778107,
        "nauc_mrr_at_1_max": 0.18269266480965657,
        "nauc_mrr_at_1_std": 0.23368616527390912,
        "nauc_mrr_at_20_diff1": 0.44134502191606223,
        "nauc_mrr_at_20_max": 0.11104019077053734,
        "nauc_mrr_at_20_std": 0.13738952829178372,
        "nauc_mrr_at_3_diff1": 0.42289838086270604,
        "nauc_mrr_at_3_max": 0.08958589855864509,
        "nauc_mrr_at_3_std": 0.08920399549617776,
        "nauc_mrr_at_5_diff1": 0.43951891812403693,
        "nauc_mrr_at_5_max": 0.10967038293746971,
        "nauc_mrr_at_5_std": 0.13702262168653712,
        "nauc_ndcg_at_1000_diff1": 0.5170412707485622,
        "nauc_ndcg_at_1000_max": -0.24043106991802013,
        "nauc_ndcg_at_1000_std": 0.11220450681868861,
        "nauc_ndcg_at_100_diff1": 0.5721168433165849,
        "nauc_ndcg_at_100_max": -0.2294199302116891,
        "nauc_ndcg_at_100_std": 0.018159145438692913,
        "nauc_ndcg_at_10_diff1": 0.3755989570237168,
        "nauc_ndcg_at_10_max": -0.10745429439809354,
        "nauc_ndcg_at_10_std": 0.22555089346446178,
        "nauc_ndcg_at_1_diff1": 0.46928505106778107,
        "nauc_ndcg_at_1_max": 0.18269266480965657,
        "nauc_ndcg_at_1_std": 0.23368616527390912,
        "nauc_ndcg_at_20_diff1": 0.4329051462427926,
        "nauc_ndcg_at_20_max": -0.18616164739217197,
        "nauc_ndcg_at_20_std": 0.18062824100232655,
        "nauc_ndcg_at_3_diff1": 0.38296758265414294,
        "nauc_ndcg_at_3_max": -0.050031512856165465,
        "nauc_ndcg_at_3_std": 0.15059216231052985,
        "nauc_ndcg_at_5_diff1": 0.37083582880609856,
        "nauc_ndcg_at_5_max": -0.11392402871770567,
        "nauc_ndcg_at_5_std": 0.1864875391338653,
        "nauc_precision_at_1000_diff1": 0.05398827734604622,
        "nauc_precision_at_1000_max": -0.17723464828979307,
        "nauc_precision_at_1000_std": 0.15255745507511684,
        "nauc_precision_at_100_diff1": 0.16860388451184516,
        "nauc_precision_at_100_max": -0.2352414537115078,
        "nauc_precision_at_100_std": 0.26196202780556016,
        "nauc_precision_at_10_diff1": 0.1689180433078884,
        "nauc_precision_at_10_max": -0.17317601466223195,
        "nauc_precision_at_10_std": 0.34651247462187373,
        "nauc_precision_at_1_diff1": 0.46928505106778107,
        "nauc_precision_at_1_max": 0.18269266480965657,
        "nauc_precision_at_1_std": 0.23368616527390912,
        "nauc_precision_at_20_diff1": 0.1371127198266932,
        "nauc_precision_at_20_max": -0.22025412699913302,
        "nauc_precision_at_20_std": 0.33301217130340177,
        "nauc_precision_at_3_diff1": 0.24940583198756813,
        "nauc_precision_at_3_max": -0.13639202900758704,
        "nauc_precision_at_3_std": 0.15244980042048809,
        "nauc_precision_at_5_diff1": 0.19271192504523943,
        "nauc_precision_at_5_max": -0.21050175513188135,
        "nauc_precision_at_5_std": 0.2498042652037976,
        "nauc_recall_at_1000_diff1": 0.16504073002792935,
        "nauc_recall_at_1000_max": -0.41724614163388235,
        "nauc_recall_at_1000_std": -0.020265775669643646,
        "nauc_recall_at_100_diff1": 0.4026438238869242,
        "nauc_recall_at_100_max": -0.3140121842469116,
        "nauc_recall_at_100_std": -0.12194981353678352,
        "nauc_recall_at_10_diff1": 0.4181550613334542,
        "nauc_recall_at_10_max": -0.17642871082324257,
        "nauc_recall_at_10_std": -0.160647065850179,
        "nauc_recall_at_1_diff1": 0.7664199833241166,
        "nauc_recall_at_1_max": 0.1822317426834213,
        "nauc_recall_at_1_std": -0.053919318190272715,
        "nauc_recall_at_20_diff1": 0.35429608763045206,
        "nauc_recall_at_20_max": -0.1725774585003569,
        "nauc_recall_at_20_std": -0.11386844675435592,
        "nauc_recall_at_3_diff1": 0.5768233113150049,
        "nauc_recall_at_3_max": -0.065349539957521,
        "nauc_recall_at_3_std": -0.18205494231315827,
        "nauc_recall_at_5_diff1": 0.5242542790906477,
        "nauc_recall_at_5_max": -0.14690957707634986,
        "nauc_recall_at_5_std": -0.19407184112351225,
        "ndcg_at_1": 0.42857,
        "ndcg_at_10": 0.32613,
        "ndcg_at_100": 0.3119,