{
    "dataset_revision": "46989137a86843e03a6195de44b09deda022eec7",
    "task_name": "CQADupstackTexRetrieval",
    "evaluation_time": null,
    "mteb_version": null,
    "scores": {
        "test": [
            {
                "hf_subset": "default",
                "languages": [
                    "eng-Latn"
                ],
                "map_at_1": 0.08338,
                "map_at_10": 0.12315,
                "map_at_100": 0.13086,
                "map_at_1000": 0.13214,
                "map_at_3": 0.11032,
                "map_at_5": 0.11691000000000001,
                "mrr_at_1": 0.10255,
                "mrr_at_10": 0.14723,
                "mrr_at_100": 0.15528,
                "mrr_at_1000": 0.15626,
                "mrr_at_3": 0.13289,
                "mrr_at_5": 0.14047,
                "ndcg_at_1": 0.10255,
                "ndcg_at_10": 0.15058,
                "ndcg_at_100": 0.19326000000000002,
                "ndcg_at_1000": 0.22972,
                "ndcg_at_3": 0.12566,
                "ndcg_at_5": 0.13603,
                "precision_at_1": 0.10255,
                "precision_at_10": 0.028149999999999998,
                "precision_at_100": 0.00597,
                "precision_at_1000": 0.00109,
                "precision_at_3": 0.06045,
                "precision_at_5": 0.044050000000000006,
                "recall_at_1": 0.08338,
                "recall_at_10": 0.21125,
                "recall_at_100": 0.40936,
                "recall_at_1000": 0.67984,
                "recall_at_3": 0.14018,
                "recall_at_5": 0.16725,
                "main_score": 0.15058
            }
        ]
    }
}