{
  "dataset_revision": "d3fb88f8f02e40887cd149695127462bbcf29b4a",
  "mteb_dataset_name": "BIOSSES",
  "mteb_version": "1.2.0",
  "test": {
    "cos_sim": {
      "pearson": 0.8461527526556414,
      "spearman": 0.8264646146894307
    },
    "euclidean": {
      "pearson": 0.8281752269575923,
      "spearman": 0.823313940489543
    },
    "evaluation_time": 0.67,
    "manhattan": {
      "pearson": 0.830058825662511,
      "spearman": 0.8248983139399645
    }
  }
}