{
    "dataset_revision": "ab518f4d6fcca38d87c25209f94beba119d02014",
    "task_name": "HotpotQA",
    "evaluation_time": null,
    "mteb_version": null,
    "scores": {
        "test": [
            {
                "hf_subset": "default",
                "languages": [
                    "eng-Latn"
                ],
                "map_at_1": 0.40284,
                "map_at_10": 0.6945700000000001,
                "map_at_100": 0.6945700000000001,
                "map_at_1000": 0.6945700000000001,
                "map_at_20": 0.6945700000000001,
                "map_at_3": 0.65689,
                "map_at_5": 0.68186,
                "mrr_at_1": 0.8056699999999999,
                "mrr_at_10": 0.86391,
                "mrr_at_100": 0.86391,
                "mrr_at_1000": 0.86391,
                "mrr_at_20": 0.86391,
                "mrr_at_3": 0.85535,
                "mrr_at_5": 0.86095,
                "ndcg_at_1": 0.8056699999999999,
                "ndcg_at_10": 0.76817,
                "ndcg_at_100": 0.76817,
                "ndcg_at_1000": 0.76817,
                "ndcg_at_20": 0.76817,
                "ndcg_at_3": 0.7169599999999999,
                "ndcg_at_5": 0.74736,
                "precision_at_1": 0.8056699999999999,
                "precision_at_10": 0.16359,
                "precision_at_100": 0.01636,
                "precision_at_1000": 0.00164,
                "precision_at_20": 0.0818,
                "precision_at_3": 0.4709,
                "precision_at_5": 0.30639,
                "recall_at_1": 0.40284,
                "recall_at_10": 0.81796,
                "recall_at_100": 0.81796,
                "recall_at_1000": 0.81796,
                "recall_at_20": 0.81796,
                "recall_at_3": 0.70635,
                "recall_at_5": 0.76597,
                "main_score": 0.76817
            }
        ]
    }
}