{
    "dataset_revision": "cda12ad7615edc362dbf25a00fdd61d3b1eaf93c",
    "task_name": "SummEval",
    "evaluation_time": null,
    "mteb_version": null,
    "scores": {
        "test": [
            {
                "hf_subset": "default",
                "languages": [
                    "eng-Latn"
                ],
                "cos_sim_pearson": 30.351178802339017,
                "cos_sim_spearman": 30.93982299939136,
                "dot_pearson": 28.32212875009798,
                "dot_spearman": 30.378331720649506,
                "cosine_pearson": 30.351178802339017,
                "cosine_spearman": 30.93982299939136,
                "main_score": 30.93982299939136
            }
        ]
    }
}