{
    "dataset_revision": "4ffe81d471b1924886b33c7567bfb200e9eec5c4",
    "task_name": "CQADupstackWordpressRetrieval",
    "evaluation_time": null,
    "mteb_version": null,
    "scores": {
        "test": [
            {
                "hf_subset": "default",
                "languages": [
                    "eng-Latn"
                ],
                "map_at_1": 0.10918,
                "map_at_10": 0.14773,
                "map_at_100": 0.15429,
                "map_at_1000": 0.15545,
                "map_at_3": 0.13413,
                "map_at_5": 0.1409,
                "mrr_at_1": 0.12384,
                "mrr_at_10": 0.1628,
                "mrr_at_100": 0.16935,
                "mrr_at_1000": 0.1704,
                "mrr_at_3": 0.14818,
                "mrr_at_5": 0.15585,
                "ndcg_at_1": 0.12384,
                "ndcg_at_10": 0.174,
                "ndcg_at_100": 0.21202,
                "ndcg_at_1000": 0.24639,
                "ndcg_at_3": 0.14562,
                "ndcg_at_5": 0.15761,
                "precision_at_1": 0.12384,
                "precision_at_10": 0.0281,
                "precision_at_100": 0.0051400000000000005,
                "precision_at_1000": 0.00091,
                "precision_at_3": 0.06285,
                "precision_at_5": 0.04436,
                "recall_at_1": 0.10918,
                "recall_at_10": 0.24295000000000003,
                "recall_at_100": 0.42876999999999993,
                "recall_at_1000": 0.6950400000000001,
                "recall_at_3": 0.16463,
                "recall_at_5": 0.19390000000000002,
                "main_score": 0.174
            }
        ]
    }
}