{
    "dataset_revision": "46989137a86843e03a6195de44b09deda022eec7",
    "task_name": "CQADupstackTexRetrieval",
    "evaluation_time": null,
    "mteb_version": null,
    "scores": {
        "test": [
            {
                "hf_subset": "default",
                "languages": [
                    "eng-Latn"
                ],
                "map_at_1": 0.07026,
                "map_at_10": 0.10151,
                "map_at_100": 0.10699,
                "map_at_1000": 0.10816,
                "map_at_3": 0.09118,
                "map_at_5": 0.09684,
                "mrr_at_1": 0.08706,
                "mrr_at_10": 0.12289,
                "mrr_at_100": 0.12857,
                "mrr_at_1000": 0.12957,
                "mrr_at_3": 0.11126,
                "mrr_at_5": 0.11808,
                "ndcg_at_1": 0.08706,
                "ndcg_at_10": 0.12386,
                "ndcg_at_100": 0.15562,
                "ndcg_at_1000": 0.19038,
                "ndcg_at_3": 0.10392,
                "ndcg_at_5": 0.1133,
                "precision_at_1": 0.08706,
                "precision_at_10": 0.023539999999999995,
                "precision_at_100": 0.00474,
                "precision_at_1000": 0.0009299999999999999,
                "precision_at_3": 0.04967,
                "precision_at_5": 0.03716,
                "recall_at_1": 0.07026,
                "recall_at_10": 0.1705,
                "recall_at_100": 0.3212,
                "recall_at_1000": 0.58179,
                "recall_at_3": 0.1162,
                "recall_at_5": 0.1391,
                "main_score": 0.12386
            }
        ]
    }
}