{
    "dataset_revision": "aec43e5ae40451526528b3fc80dd5983ec388e21",
    "mteb_dataset_name": "CQADupstackTex-VN",
    "mteb_version": "1.38.41",
    "task_name": "CQADupstackTex-VN",
    "scores": {
        "test": [
            {
                "evaluation_time": 170.63,
                "map_at_1": 0.11918,
                "map_at_10": 0.17443,
                "map_at_100": 0.18381,
                "map_at_1000": 0.18517,
                "map_at_20": 0.17918,
                "map_at_3": 0.15384,
                "map_at_5": 0.16479,
                "mrr_at_1": 0.14751,
                "mrr_at_10": 0.20688,
                "mrr_at_100": 0.21529,
                "mrr_at_1000": 0.21627,
                "mrr_at_20": 0.21121,
                "mrr_at_3": 0.18601,
                "mrr_at_5": 0.19707,
                "ndcg_at_1": 0.14751,
                "ndcg_at_10": 0.2137,
                "ndcg_at_100": 0.2613,
                "ndcg_at_1000": 0.29638,
                "ndcg_at_20": 0.22947,
                "ndcg_at_3": 0.17574,
                "ndcg_at_5": 0.19233,
                "precision_at_1": 0.14751,
                "precision_at_10": 0.04105,
                "precision_at_100": 0.00766,
                "precision_at_1000": 0.00124,
                "precision_at_20": 0.02521,
                "precision_at_3": 0.08405,
                "precision_at_5": 0.06358,
                "recall_at_1": 0.11918,
                "recall_at_10": 0.3005,
                "recall_at_100": 0.52047,
                "recall_at_1000": 0.77509,
                "recall_at_20": 0.36034,
                "recall_at_3": 0.19344,
                "recall_at_5": 0.23578,
                "hf_subset": "default",
                "main_score": 0.2137,
                "languages": [
                    "vie-Latn"
                ]
            }
        ]
    },
    "evaluation_time": null
}