{
  "dataset_revision": "b385812de6a9577b6f4d0f88c6a6e35395a94054",
  "mteb_dataset_name": "SummEvalFr",
  "test": {
    "cos_sim": {
      "pearson": 0.3096747641961261,
      "spearman": 0.2996100155229976
    },
    "dot": {
      "pearson": 0.3096747895236224,
      "spearman": 0.2996100155229976
    },
    "evaluation_time": 33.33
  }
}