{
  "dataset_revision": "d0cc9b60ba66faa3fb21cb9a54ef969af548b312",
  "task_name": "CQADupstackMathematica-VN",
  "mteb_version": "2.8.1",
  "scores": {
    "test": [
      {
        "ndcg_at_1": 0.15778,
        "ndcg_at_3": 0.19425,
        "ndcg_at_5": 0.21165,
        "ndcg_at_10": 0.23366,
        "ndcg_at_20": 0.25443,
        "ndcg_at_100": 0.28253,
        "ndcg_at_1000": 0.31463,
        "map_at_1": 0.12903,
        "map_at_3": 0.17072,
        "map_at_5": 0.18155,
        "map_at_10": 0.19121,
        "map_at_20": 0.1972,
        "map_at_100": 0.20125,
        "map_at_1000": 0.2025,
        "recall_at_1": 0.12903,
        "recall_at_3": 0.22292,
        "recall_at_5": 0.26688,
        "recall_at_10": 0.33335,
        "recall_at_20": 0.41116,
        "recall_at_100": 0.54952,
        "recall_at_1000": 0.78294,
        "accuracy": 0.12903,
        "precision_at_1": 0.15778,
        "precision_at_3": 0.09311,
        "precision_at_5": 0.06823,
        "precision_at_10": 0.04243,
        "precision_at_20": 0.02633,
        "precision_at_100": 0.00746,
        "precision_at_1000": 0.00114,
        "mrr_at_1": 0.157783,
        "mrr_at_3": 0.202559,
        "mrr_at_5": 0.214819,
        "mrr_at_10": 0.224472,
        "mrr_at_20": 0.229821,
        "mrr_at_100": 0.233473,
        "mrr_at_1000": 0.234379,
        "nauc_ndcg_at_1_max": 0.167572,
        "nauc_ndcg_at_1_std": -0.036385,
        "nauc_ndcg_at_1_diff1": 0.463128,
        "nauc_ndcg_at_3_max": 0.171377,
        "nauc_ndcg_at_3_std": 0.003564,
        "nauc_ndcg_at_3_diff1": 0.407339,
        "nauc_ndcg_at_5_max": 0.183348,
        "nauc_ndcg_at_5_std": 0.018693,
        "nauc_ndcg_at_5_diff1": 0.405691,
        "nauc_ndcg_at_10_max": 0.157835,
        "nauc_ndcg_at_10_std": 0.030234,
        "nauc_ndcg_at_10_diff1": 0.373954,
        "nauc_ndcg_at_20_max": 0.172192,
        "nauc_ndcg_at_20_std": 0.049267,
        "nauc_ndcg_at_20_diff1": 0.380451,
        "nauc_ndcg_at_100_max": 0.181794,
        "nauc_ndcg_at_100_std": 0.061213,
        "nauc_ndcg_at_100_diff1": 0.374575,
        "nauc_ndcg_at_1000_max": 0.188811,
        "nauc_ndcg_at_1000_std": 0.05845,
        "nauc_ndcg_at_1000_diff1": 0.371698,
        "nauc_map_at_1_max": 0.128076,
        "nauc_map_at_1_std": -0.00894,
        "nauc_map_at_1_diff1": 0.492555,
        "nauc_map_at_3_max": 0.156172,
        "nauc_map_at_3_std": 0.007958,
        "nauc_map_at_3_diff1": 0.431762,
        "nauc_map_at_5_max": 0.166482,
        "nauc_map_at_5_std": 0.015674,
        "nauc_map_at_5_diff1": 0.429406,
        "nauc_map_at_10_max": 0.1552,
        "nauc_map_at_10_std": 0.02,
        "nauc_map_at_10_diff1": 0.415277,
        "nauc_map_at_20_max": 0.159427,
        "nauc_map_at_20_std": 0.025957,
        "nauc_map_at_20_diff1": 0.415814,
        "nauc_map_at_100_max": 0.161042,
        "nauc_map_at_100_std": 0.027879,
        "nauc_map_at_100_diff1": 0.414312,
        "nauc_map_at_1000_max": 0.161267,
        "nauc_map_at_1000_std": 0.027632,
        "nauc_map_at_1000_diff1": 0.414446,
        "nauc_recall_at_1_max": 0.128076,
        "nauc_recall_at_1_std": -0.00894,
        "nauc_recall_at_1_diff1": 0.492555,
        "nauc_recall_at_3_max": 0.17509,
        "nauc_recall_at_3_std": 0.026771,
        "nauc_recall_at_3_diff1": 0.364744,
        "nauc_recall_at_5_max": 0.200597,
        "nauc_recall_at_5_std": 0.047238,
        "nauc_recall_at_5_diff1": 0.364855,
        "nauc_recall_at_10_max": 0.132034,
        "nauc_recall_at_10_std": 0.070182,
        "nauc_recall_at_10_diff1": 0.284906,
        "nauc_recall_at_20_max": 0.175496,
        "nauc_recall_at_20_std": 0.130616,
        "nauc_recall_at_20_diff1": 0.306725,
        "nauc_recall_at_100_max": 0.216632,
        "nauc_recall_at_100_std": 0.188751,
        "nauc_recall_at_100_diff1": 0.27577,
        "nauc_recall_at_1000_max": 0.308983,
        "nauc_recall_at_1000_std": 0.266254,
        "nauc_recall_at_1000_diff1": 0.165353,
        "nauc_precision_at_1_max": 0.167572,
        "nauc_precision_at_1_std": -0.036385,
        "nauc_precision_at_1_diff1": 0.463128,
        "nauc_precision_at_3_max": 0.21302,
        "nauc_precision_at_3_std": 0.001052,
        "nauc_precision_at_3_diff1": 0.317854,
        "nauc_precision_at_5_max": 0.2344,
        "nauc_precision_at_5_std": 0.021806,
        "nauc_precision_at_5_diff1": 0.305022,
        "nauc_precision_at_10_max": 0.177442,
        "nauc_precision_at_10_std": 0.02459,
        "nauc_precision_at_10_diff1": 0.24155,
        "nauc_precision_at_20_max": 0.208382,
        "nauc_precision_at_20_std": 0.061196,
        "nauc_precision_at_20_diff1": 0.24482,
        "nauc_precision_at_100_max": 0.198935,
        "nauc_precision_at_100_std": 0.066567,
        "nauc_precision_at_100_diff1": 0.178622,
        "nauc_precision_at_1000_max": 0.160135,
        "nauc_precision_at_1000_std": -0.008864,
        "nauc_precision_at_1000_diff1": 0.060813,
        "nauc_mrr_at_1_max": 0.167572,
        "nauc_mrr_at_1_std": -0.036385,
        "nauc_mrr_at_1_diff1": 0.463128,
        "nauc_mrr_at_3_max": 0.177866,
        "nauc_mrr_at_3_std": -0.014458,
        "nauc_mrr_at_3_diff1": 0.398313,
        "nauc_mrr_at_5_max": 0.184287,
        "nauc_mrr_at_5_std": -0.010173,
        "nauc_mrr_at_5_diff1": 0.395543,
        "nauc_mrr_at_10_max": 0.17691,
        "nauc_mrr_at_10_std": -0.004434,
        "nauc_mrr_at_10_diff1": 0.383918,
        "nauc_mrr_at_20_max": 0.18025,
        "nauc_mrr_at_20_std": -0.000415,
        "nauc_mrr_at_20_diff1": 0.387005,
        "nauc_mrr_at_100_max": 0.180725,
        "nauc_mrr_at_100_std": 0.001546,
        "nauc_mrr_at_100_diff1": 0.385919,
        "nauc_mrr_at_1000_max": 0.180733,
        "nauc_mrr_at_1000_std": 0.001317,
        "nauc_mrr_at_1000_diff1": 0.386079,
        "cv_recall_at_1": 0.15778,
        "cv_recall_at_3": 0.26439,
        "cv_recall_at_5": 0.3177,
        "cv_recall_at_10": 0.38806,
        "cv_recall_at_20": 0.46695,
        "cv_recall_at_100": 0.61194,
        "cv_recall_at_1000": 0.82729,
        "main_score": 0.23366,
        "hf_subset": "default",
        "languages": [
          "vie-Latn"
        ]
      }
    ]
  },
  "evaluation_time": 217.33976554870605,
  "kg_co2_emissions": null
}