{
  "dataset_revision": "bb9466bac8153a0349341eb1b22e06409e78ef4e",
  "task_name": "TRECCOVID",
  "mteb_version": "1.25.0",
  "scores": {
    "test": [
      {
        "ndcg_at_1": 0.84,
        "ndcg_at_3": 0.80274,
        "ndcg_at_5": 0.80752,
        "ndcg_at_10": 0.79933,
        "ndcg_at_20": 0.76892,
        "ndcg_at_100": 0.64369,
        "ndcg_at_1000": 0.59006,
        "map_at_1": 0.00243,
        "map_at_3": 0.00647,
        "map_at_5": 0.01068,
        "map_at_10": 0.02041,
        "map_at_20": 0.03736,
        "map_at_100": 0.13195,
        "map_at_1000": 0.32714,
        "recall_at_1": 0.00243,
        "recall_at_3": 0.00685,
        "recall_at_5": 0.0115,
        "recall_at_10": 0.02251,
        "recall_at_20": 0.04214,
        "recall_at_100": 0.16372,
        "recall_at_1000": 0.5634,
        "precision_at_1": 0.9,
        "precision_at_3": 0.85333,
        "precision_at_5": 0.872,
        "precision_at_10": 0.856,
        "precision_at_20": 0.815,
        "precision_at_100": 0.6652,
        "precision_at_1000": 0.2588,
        "mrr_at_1": 0.9,
        "mrr_at_3": 0.946667,
        "mrr_at_5": 0.946667,
        "mrr_at_10": 0.946667,
        "mrr_at_20": 0.946667,
        "mrr_at_100": 0.946667,
        "mrr_at_1000": 0.946667,
        "nauc_ndcg_at_1_max": 0.24519,
        "nauc_ndcg_at_1_std": 0.320879,
        "nauc_ndcg_at_1_diff1": 0.490628,
        "nauc_ndcg_at_3_max": 0.183836,
        "nauc_ndcg_at_3_std": 0.357268,
        "nauc_ndcg_at_3_diff1": 0.181121,
        "nauc_ndcg_at_5_max": 0.229936,
        "nauc_ndcg_at_5_std": 0.358302,
        "nauc_ndcg_at_5_diff1": 0.207791,
        "nauc_ndcg_at_10_max": 0.255768,
        "nauc_ndcg_at_10_std": 0.498192,
        "nauc_ndcg_at_10_diff1": 0.249674,
        "nauc_ndcg_at_20_max": 0.301989,
        "nauc_ndcg_at_20_std": 0.630039,
        "nauc_ndcg_at_20_diff1": 0.247934,
        "nauc_ndcg_at_100_max": 0.288752,
        "nauc_ndcg_at_100_std": 0.778159,
        "nauc_ndcg_at_100_diff1": 0.227187,
        "nauc_ndcg_at_1000_max": 0.296895,
        "nauc_ndcg_at_1000_std": 0.775222,
        "nauc_ndcg_at_1000_diff1": 0.273719,
        "nauc_map_at_1_max": 0.058979,
        "nauc_map_at_1_std": 0.094941,
        "nauc_map_at_1_diff1": 0.261383,
        "nauc_map_at_3_max": 0.016951,
        "nauc_map_at_3_std": 0.136728,
        "nauc_map_at_3_diff1": 0.229327,
        "nauc_map_at_5_max": 0.026747,
        "nauc_map_at_5_std": 0.133635,
        "nauc_map_at_5_diff1": 0.237322,
        "nauc_map_at_10_max": 0.057826,
        "nauc_map_at_10_std": 0.225214,
        "nauc_map_at_10_diff1": 0.321247,
        "nauc_map_at_20_max": 0.126795,
        "nauc_map_at_20_std": 0.341077,
        "nauc_map_at_20_diff1": 0.374634,
        "nauc_map_at_100_max": 0.292317,
        "nauc_map_at_100_std": 0.632761,
        "nauc_map_at_100_diff1": 0.457616,
        "nauc_map_at_1000_max": 0.328947,
        "nauc_map_at_1000_std": 0.812777,
        "nauc_map_at_1000_diff1": 0.284951,
        "nauc_recall_at_1_max": 0.058979,
        "nauc_recall_at_1_std": 0.094941,
        "nauc_recall_at_1_diff1": 0.261383,
        "nauc_recall_at_3_max": -0.002617,
        "nauc_recall_at_3_std": 0.115913,
        "nauc_recall_at_3_diff1": 0.232553,
        "nauc_recall_at_5_max": 0.000684,
        "nauc_recall_at_5_std": 0.105292,
        "nauc_recall_at_5_diff1": 0.245596,
        "nauc_recall_at_10_max": 0.018081,
        "nauc_recall_at_10_std": 0.179431,
        "nauc_recall_at_10_diff1": 0.327812,
        "nauc_recall_at_20_max": 0.078438,
        "nauc_recall_at_20_std": 0.274802,
        "nauc_recall_at_20_diff1": 0.353439,
        "nauc_recall_at_100_max": 0.213567,
        "nauc_recall_at_100_std": 0.508558,
        "nauc_recall_at_100_diff1": 0.437963,
        "nauc_recall_at_1000_max": 0.271243,
        "nauc_recall_at_1000_std": 0.643067,
        "nauc_recall_at_1000_diff1": 0.234423,
        "nauc_precision_at_1_max": 0.684034,
        "nauc_precision_at_1_std": 0.371335,
        "nauc_precision_at_1_diff1": 0.478618,
        "nauc_precision_at_3_max": 0.362011,
        "nauc_precision_at_3_std": 0.353057,
        "nauc_precision_at_3_diff1": 0.103071,
        "nauc_precision_at_5_max": 0.360727,
        "nauc_precision_at_5_std": 0.363791,
        "nauc_precision_at_5_diff1": 0.102125,
        "nauc_precision_at_10_max": 0.319101,
        "nauc_precision_at_10_std": 0.517342,
        "nauc_precision_at_10_diff1": 0.331251,
        "nauc_precision_at_20_max": 0.356556,
        "nauc_precision_at_20_std": 0.699638,
        "nauc_precision_at_20_diff1": 0.271269,
        "nauc_precision_at_100_max": 0.309435,
        "nauc_precision_at_100_std": 0.766597,
        "nauc_precision_at_100_diff1": 0.190454,
        "nauc_precision_at_1000_max": 0.200353,
        "nauc_precision_at_1000_std": 0.315703,
        "nauc_precision_at_1000_diff1": -0.206286,
        "nauc_mrr_at_1_max": 0.684034,
        "nauc_mrr_at_1_std": 0.371335,
        "nauc_mrr_at_1_diff1": 0.478618,
        "nauc_mrr_at_3_max": 0.703782,
        "nauc_mrr_at_3_std": 0.410627,
        "nauc_mrr_at_3_diff1": 0.511204,
        "nauc_mrr_at_5_max": 0.703782,
        "nauc_mrr_at_5_std": 0.410627,
        "nauc_mrr_at_5_diff1": 0.511204,
        "nauc_mrr_at_10_max": 0.703782,
        "nauc_mrr_at_10_std": 0.410627,
        "nauc_mrr_at_10_diff1": 0.511204,
        "nauc_mrr_at_20_max": 0.703782,
        "nauc_mrr_at_20_std": 0.410627,
        "nauc_mrr_at_20_diff1": 0.511204,
        "nauc_mrr_at_100_max": 0.703782,
        "nauc_mrr_at_100_std": 0.410627,
        "nauc_mrr_at_100_diff1": 0.511204,
        "nauc_mrr_at_1000_max": 0.703782,
        "nauc_mrr_at_1000_std": 0.410627,
        "nauc_mrr_at_1000_diff1": 0.511204,
        "main_score": 0.79933,
        "hf_subset": "default",
        "languages": [
          "eng-Latn"
        ]
      }
    ]
  },
  "evaluation_time": 3853.39546084404,
  "kg_co2_emissions": null
}