{
    "dataset_revision": "None",
    "task_name": "SICK-R-PL",
    "evaluation_time": NaN,
    "mteb_version": "0.0.0",
    "scores": {
        "test": [
            {
                "hf_subset": "default",
                "languages": [
                    "pol-Latn"
                ],
                "cos_sim_pearson": 77.95374883876302,
                "cos_sim_spearman": 73.77630219171942,
                "euclidean_pearson": 75.81927069594934,
                "euclidean_spearman": 73.7763211303831,
                "manhattan_pearson": 76.03126859057528,
                "manhattan_spearman": 73.96528138013369,
                "cosine_pearson": 77.95374883876302,
                "cosine_spearman": 73.77630219171942,
                "main_score": 73.77630219171942
            }
        ]
    }
}