{
    "dataset_revision": "None",
    "task_name": "HotpotQA",
    "evaluation_time": null,
    "mteb_version": "0.0.0",
    "scores": {
        "test": [
            {
                "hf_subset": "default",
                "languages": [
                    "eng-Latn"
                ],
                "map_at_1": 39.041,
                "map_at_10": 62.961999999999996,
                "map_at_100": 63.79899999999999,
                "map_at_1000": 63.854,
                "map_at_3": 59.399,
                "map_at_5": 61.669,
                "mrr_at_1": 78.082,
                "mrr_at_10": 84.321,
                "mrr_at_100": 84.49600000000001,
                "mrr_at_1000": 84.502,
                "mrr_at_3": 83.421,
                "mrr_at_5": 83.977,
                "ndcg_at_1": 78.082,
                "ndcg_at_10": 71.229,
                "ndcg_at_100": 74.10900000000001,
                "ndcg_at_1000": 75.169,
                "ndcg_at_3": 66.28699999999999,
                "ndcg_at_5": 69.084,
                "precision_at_1": 78.082,
                "precision_at_10": 14.993,
                "precision_at_100": 1.7239999999999998,
                "precision_at_1000": 0.186,
                "precision_at_3": 42.737,
                "precision_at_5": 27.843,
                "recall_at_1": 39.041,
                "recall_at_10": 74.96300000000001,
                "recall_at_100": 86.199,
                "recall_at_1000": 93.228,
                "recall_at_3": 64.105,
                "recall_at_5": 69.608,
                "main_score": 71.229
            }
        ]
    }
}