{
    "dataset_revision": "5003b3064772da1887988e05400cf3806fe491f2",
    "task_name": "CQADupstackGisRetrieval",
    "evaluation_time": null,
    "mteb_version": null,
    "scores": {
        "test": [
            {
                "hf_subset": "default",
                "languages": [
                    "eng-Latn"
                ],
                "map_at_1": 0.1313,
                "map_at_10": 0.18506,
                "map_at_100": 0.19405,
                "map_at_1000": 0.19515999999999997,
                "map_at_3": 0.16821000000000003,
                "map_at_5": 0.17782,
                "mrr_at_1": 0.14124,
                "mrr_at_10": 0.19767000000000004,
                "mrr_at_100": 0.2066,
                "mrr_at_1000": 0.20755,
                "mrr_at_3": 0.18023,
                "mrr_at_5": 0.19,
                "ndcg_at_1": 0.14124,
                "ndcg_at_10": 0.21728000000000003,
                "ndcg_at_100": 0.26422,
                "ndcg_at_1000": 0.2973,
                "ndcg_at_3": 0.18312,
                "ndcg_at_5": 0.19993,
                "precision_at_1": 0.14124,
                "precision_at_10": 0.03446,
                "precision_at_100": 0.00617,
                "precision_at_1000": 0.00095,
                "precision_at_3": 0.0791,
                "precision_at_5": 0.05695,
                "recall_at_1": 0.1313,
                "recall_at_10": 0.3047,
                "recall_at_100": 0.52449,
                "recall_at_1000": 0.7825,
                "recall_at_3": 0.21209,
                "recall_at_5": 0.25281,
                "main_score": 0.21728000000000003
            }
        ]
    }
}