{
  "dataset_revision": "3a421a4b0596f6424c2a068d6eee99675ca5e43f",
  "task_name": "HUMECore17InstructionReranking",
  "mteb_version": "2.10.8",
  "scores": {
    "test": [
      {
        "ndcg_at_1": 0.9,
        "ndcg_at_3": 0.88827,
        "ndcg_at_5": 0.93674,
        "ndcg_at_10": 0.95345,
        "ndcg_at_20": 0.95345,
        "ndcg_at_100": 0.95345,
        "ndcg_at_1000": 0.95345,
        "map_at_1": 0.3,
        "map_at_3": 0.84444,
        "map_at_5": 0.90194,
        "map_at_10": 0.91861,
        "map_at_20": 0.91861,
        "map_at_100": 0.91861,
        "map_at_1000": 0.91861,
        "recall_at_1": 0.3,
        "recall_at_3": 0.88333,
        "recall_at_5": 0.96667,
        "recall_at_10": 1.0,
        "recall_at_20": 1.0,
        "recall_at_100": 1.0,
        "recall_at_1000": 1.0,
        "accuracy": 0.3,
        "precision_at_1": 0.9,
        "precision_at_3": 0.88333,
        "precision_at_5": 0.58,
        "precision_at_10": 0.3,
        "precision_at_20": 0.15,
        "precision_at_100": 0.03,
        "precision_at_1000": 0.003,
        "mrr_at_1": 0.9,
        "mrr_at_3": 0.95,
        "mrr_at_5": 0.95,
        "mrr_at_10": 0.95,
        "mrr_at_20": 0.95,
        "mrr_at_100": 0.95,
        "mrr_at_1000": 0.95,
        "nauc_ndcg_at_1_max": 0.934641,
        "nauc_ndcg_at_1_std": 0.934641,
        "nauc_ndcg_at_1_diff1": -0.004669,
        "nauc_ndcg_at_3_max": 0.632479,
        "nauc_ndcg_at_3_std": 0.762971,
        "nauc_ndcg_at_3_diff1": 0.003413,
        "nauc_ndcg_at_5_max": 0.766776,
        "nauc_ndcg_at_5_std": 0.839198,
        "nauc_ndcg_at_5_diff1": -0.037568,
        "nauc_ndcg_at_10_max": 0.701697,
        "nauc_ndcg_at_10_std": 0.802196,
        "nauc_ndcg_at_10_diff1": -0.050323,
        "nauc_ndcg_at_20_max": 0.701697,
        "nauc_ndcg_at_20_std": 0.802196,
        "nauc_ndcg_at_20_diff1": -0.050323,
        "nauc_ndcg_at_100_max": 0.701697,
        "nauc_ndcg_at_100_std": 0.802196,
        "nauc_ndcg_at_100_diff1": -0.050323,
        "nauc_ndcg_at_1000_max": 0.701697,
        "nauc_ndcg_at_1000_std": 0.802196,
        "nauc_ndcg_at_1000_diff1": -0.050323,
        "nauc_map_at_1_max": 0.934641,
        "nauc_map_at_1_std": 0.934641,
        "nauc_map_at_1_diff1": -0.004669,
        "nauc_map_at_3_max": 0.602912,
        "nauc_map_at_3_std": 0.7456,
        "nauc_map_at_3_diff1": -0.008148,
        "nauc_map_at_5_max": 0.710282,
        "nauc_map_at_5_std": 0.80846,
        "nauc_map_at_5_diff1": -0.028933,
        "nauc_map_at_10_max": 0.659259,
        "nauc_map_at_10_std": 0.779764,
        "nauc_map_at_10_diff1": -0.034451,
        "nauc_map_at_20_max": 0.659259,
        "nauc_map_at_20_std": 0.779764,
        "nauc_map_at_20_diff1": -0.034451,
        "nauc_map_at_100_max": 0.659259,
        "nauc_map_at_100_std": 0.779764,
        "nauc_map_at_100_diff1": -0.034451,
        "nauc_map_at_1000_max": 0.659259,
        "nauc_map_at_1000_std": 0.779764,
        "nauc_map_at_1000_diff1": -0.034451,
        "nauc_recall_at_1_max": 0.934641,
        "nauc_recall_at_1_std": 0.934641,
        "nauc_recall_at_1_diff1": -0.004669,
        "nauc_recall_at_3_max": 0.613557,
        "nauc_recall_at_3_std": 0.755147,
        "nauc_recall_at_3_diff1": 0.066889,
        "nauc_recall_at_5_max": 0.934641,
        "nauc_recall_at_5_std": 0.934641,
        "nauc_recall_at_5_diff1": -0.004669,
        "nauc_recall_at_10_max": NaN,
        "nauc_recall_at_10_std": NaN,
        "nauc_recall_at_10_diff1": NaN,
        "nauc_recall_at_20_max": NaN,
        "nauc_recall_at_20_std": NaN,
        "nauc_recall_at_20_diff1": NaN,
        "nauc_recall_at_100_max": NaN,
        "nauc_recall_at_100_std": NaN,
        "nauc_recall_at_100_diff1": NaN,
        "nauc_recall_at_1000_max": NaN,
        "nauc_recall_at_1000_std": NaN,
        "nauc_recall_at_1000_diff1": NaN,
        "nauc_precision_at_1_max": 0.934641,
        "nauc_precision_at_1_std": 0.934641,
        "nauc_precision_at_1_diff1": -0.004669,
        "nauc_precision_at_3_max": 0.613557,
        "nauc_precision_at_3_std": 0.755147,
        "nauc_precision_at_3_diff1": 0.066889,
        "nauc_precision_at_5_max": 0.934641,
        "nauc_precision_at_5_std": 0.934641,
        "nauc_precision_at_5_diff1": -0.004669,
        "nauc_precision_at_10_max": NaN,
        "nauc_precision_at_10_std": NaN,
        "nauc_precision_at_10_diff1": NaN,
        "nauc_precision_at_20_max": NaN,
        "nauc_precision_at_20_std": NaN,
        "nauc_precision_at_20_diff1": NaN,
        "nauc_precision_at_100_max": NaN,
        "nauc_precision_at_100_std": NaN,
        "nauc_precision_at_100_diff1": NaN,
        "nauc_precision_at_1000_max": 1.0,
        "nauc_precision_at_1000_std": 1.0,
        "nauc_precision_at_1000_diff1": 1.0,
        "nauc_mrr_at_1_max": 0.934641,
        "nauc_mrr_at_1_std": 0.934641,
        "nauc_mrr_at_1_diff1": -0.004669,
        "nauc_mrr_at_3_max": 0.934641,
        "nauc_mrr_at_3_std": 0.934641,
        "nauc_mrr_at_3_diff1": -0.004669,
        "nauc_mrr_at_5_max": 0.934641,
        "nauc_mrr_at_5_std": 0.934641,
        "nauc_mrr_at_5_diff1": -0.004669,
        "nauc_mrr_at_10_max": 0.934641,
        "nauc_mrr_at_10_std": 0.934641,
        "nauc_mrr_at_10_diff1": -0.004669,
        "nauc_mrr_at_20_max": 0.934641,
        "nauc_mrr_at_20_std": 0.934641,
        "nauc_mrr_at_20_diff1": -0.004669,
        "nauc_mrr_at_100_max": 0.934641,
        "nauc_mrr_at_100_std": 0.934641,
        "nauc_mrr_at_100_diff1": -0.004669,
        "nauc_mrr_at_1000_max": 0.934641,
        "nauc_mrr_at_1000_std": 0.934641,
        "nauc_mrr_at_1000_diff1": -0.004669,
        "hit_rate_at_1": 0.9,
        "hit_rate_at_3": 1.0,
        "hit_rate_at_5": 1.0,
        "hit_rate_at_10": 1.0,
        "hit_rate_at_20": 1.0,
        "hit_rate_at_100": 1.0,
        "hit_rate_at_1000": 1.0,
        "main_score": 0.91861,
        "hf_subset": "default",
        "languages": [
          "eng-Latn"
        ]
      }
    ]
  },
  "evaluation_time": 1.1761095523834229,
  "kg_co2_emissions": null,
  "date": 1774949288.899788
}