{
  "dataset_revision": "6f276e4831066ee6d81d5f6d18b8949d17e65566",
  "task_name": "SpanishPassageRetrievalS2S",
  "mteb_version": "2.11.2",
  "scores": {
    "test": [
      {
        "ndcg_at_1": 0.48503,
        "ndcg_at_3": 0.43855,
        "ndcg_at_5": 0.45379,
        "ndcg_at_10": 0.47774,
        "ndcg_at_20": 0.52968,
        "ndcg_at_100": 0.64936,
        "ndcg_at_1000": 0.6611,
        "map_at_1": 0.10422,
        "map_at_3": 0.17983,
        "map_at_5": 0.23311,
        "map_at_10": 0.30239,
        "map_at_20": 0.36146,
        "map_at_100": 0.41946,
        "map_at_1000": 0.42154,
        "recall_at_1": 0.10422,
        "recall_at_3": 0.21548,
        "recall_at_5": 0.30622,
        "recall_at_10": 0.45829,
        "recall_at_20": 0.62126,
        "recall_at_100": 0.95613,
        "recall_at_1000": 1.0,
        "accuracy": 0.10422,
        "precision_at_1": 0.48503,
        "precision_at_3": 0.40319,
        "precision_at_5": 0.38563,
        "precision_at_10": 0.31677,
        "precision_at_20": 0.23593,
        "precision_at_100": 0.07395,
        "precision_at_1000": 0.00772,
        "mrr_at_1": 0.473054,
        "mrr_at_3": 0.5998,
        "mrr_at_5": 0.616267,
        "mrr_at_10": 0.629821,
        "mrr_at_20": 0.633859,
        "mrr_at_100": 0.634788,
        "mrr_at_1000": 0.634788,
        "nauc_ndcg_at_1_max": 0.220488,
        "nauc_ndcg_at_1_std": -0.049109,
        "nauc_ndcg_at_1_diff1": 0.259286,
        "nauc_ndcg_at_3_max": 0.093773,
        "nauc_ndcg_at_3_std": -0.064409,
        "nauc_ndcg_at_3_diff1": 0.102378,
        "nauc_ndcg_at_5_max": 0.07517,
        "nauc_ndcg_at_5_std": -0.096258,
        "nauc_ndcg_at_5_diff1": 0.107012,
        "nauc_ndcg_at_10_max": 0.054735,
        "nauc_ndcg_at_10_std": -0.134106,
        "nauc_ndcg_at_10_diff1": 0.11247,
        "nauc_ndcg_at_20_max": 0.042903,
        "nauc_ndcg_at_20_std": -0.143672,
        "nauc_ndcg_at_20_diff1": 0.100607,
        "nauc_ndcg_at_100_max": 0.10155,
        "nauc_ndcg_at_100_std": -0.013577,
        "nauc_ndcg_at_100_diff1": 0.073622,
        "nauc_ndcg_at_1000_max": 0.090812,
        "nauc_ndcg_at_1000_std": -0.033384,
        "nauc_ndcg_at_1000_diff1": 0.08082,
        "nauc_map_at_1_max": 0.27474,
        "nauc_map_at_1_std": -0.250642,
        "nauc_map_at_1_diff1": 0.488009,
        "nauc_map_at_3_max": 0.092303,
        "nauc_map_at_3_std": -0.311064,
        "nauc_map_at_3_diff1": 0.325792,
        "nauc_map_at_5_max": 0.047509,
        "nauc_map_at_5_std": -0.304378,
        "nauc_map_at_5_diff1": 0.249364,
        "nauc_map_at_10_max": 0.025318,
        "nauc_map_at_10_std": -0.260335,
        "nauc_map_at_10_diff1": 0.181891,
        "nauc_map_at_20_max": 0.038116,
        "nauc_map_at_20_std": -0.173637,
        "nauc_map_at_20_diff1": 0.15575,
        "nauc_map_at_100_max": 0.053513,
        "nauc_map_at_100_std": -0.095019,
        "nauc_map_at_100_diff1": 0.12824,
        "nauc_map_at_1000_max": 0.051732,
        "nauc_map_at_1000_std": -0.097581,
        "nauc_map_at_1000_diff1": 0.128656,
        "nauc_recall_at_1_max": 0.27474,
        "nauc_recall_at_1_std": -0.250642,
        "nauc_recall_at_1_diff1": 0.488009,
        "nauc_recall_at_3_max": 0.01901,
        "nauc_recall_at_3_std": -0.363799,
        "nauc_recall_at_3_diff1": 0.236681,
        "nauc_recall_at_5_max": -0.046767,
        "nauc_recall_at_5_std": -0.356044,
        "nauc_recall_at_5_diff1": 0.123571,
        "nauc_recall_at_10_max": -0.073377,
        "nauc_recall_at_10_std": -0.288055,
        "nauc_recall_at_10_diff1": 0.026986,
        "nauc_recall_at_20_max": -0.099964,
        "nauc_recall_at_20_std": -0.19892,
        "nauc_recall_at_20_diff1": -0.060046,
        "nauc_recall_at_100_max": 0.131903,
        "nauc_recall_at_100_std": 0.269831,
        "nauc_recall_at_100_diff1": -0.122187,
        "nauc_recall_at_1000_max": NaN,
        "nauc_recall_at_1000_std": NaN,
        "nauc_recall_at_1000_diff1": NaN,
        "nauc_precision_at_1_max": 0.220488,
        "nauc_precision_at_1_std": -0.049109,
        "nauc_precision_at_1_diff1": 0.259286,
        "nauc_precision_at_3_max": 0.001491,
        "nauc_precision_at_3_std": -0.016517,
        "nauc_precision_at_3_diff1": -0.024423,
        "nauc_precision_at_5_max": -0.02672,
        "nauc_precision_at_5_std": 0.047508,
        "nauc_precision_at_5_diff1": -0.116492,
        "nauc_precision_at_10_max": 0.007147,
        "nauc_precision_at_10_std": 0.166828,
        "nauc_precision_at_10_diff1": -0.132345,
        "nauc_precision_at_20_max": 0.038453,
        "nauc_precision_at_20_std": 0.247807,
        "nauc_precision_at_20_diff1": -0.108677,
        "nauc_precision_at_100_max": 0.067181,
        "nauc_precision_at_100_std": 0.348326,
        "nauc_precision_at_100_diff1": -0.133353,
        "nauc_precision_at_1000_max": 0.041932,
        "nauc_precision_at_1000_std": 0.327481,
        "nauc_precision_at_1000_diff1": -0.13666,
        "nauc_mrr_at_1_max": 0.18731,
        "nauc_mrr_at_1_std": -0.078057,
        "nauc_mrr_at_1_diff1": 0.292017,
        "nauc_mrr_at_3_max": 0.162124,
        "nauc_mrr_at_3_std": -0.110527,
        "nauc_mrr_at_3_diff1": 0.182023,
        "nauc_mrr_at_5_max": 0.15161,
        "nauc_mrr_at_5_std": -0.114694,
        "nauc_mrr_at_5_diff1": 0.174076,
        "nauc_mrr_at_10_max": 0.157924,
        "nauc_mrr_at_10_std": -0.10685,
        "nauc_mrr_at_10_diff1": 0.179586,
        "nauc_mrr_at_20_max": 0.164742,
        "nauc_mrr_at_20_std": -0.102026,
        "nauc_mrr_at_20_diff1": 0.186196,
        "nauc_mrr_at_100_max": 0.16306,
        "nauc_mrr_at_100_std": -0.103325,
        "nauc_mrr_at_100_diff1": 0.187285,
        "nauc_mrr_at_1000_max": 0.16306,
        "nauc_mrr_at_1000_std": -0.103325,
        "nauc_mrr_at_1000_diff1": 0.187285,
        "hit_rate_at_1": 0.48503,
        "hit_rate_at_3": 0.7485,
        "hit_rate_at_5": 0.82036,
        "hit_rate_at_10": 0.91617,
        "hit_rate_at_20": 0.97006,
        "hit_rate_at_100": 1.0,
        "hit_rate_at_1000": 1.0,
        "main_score": 0.47774,
        "hf_subset": "default",
        "languages": [
          "spa-Latn"
        ]
      }
    ]
  },
  "evaluation_time": 0.5267605781555176,
  "kg_co2_emissions": null,
  "date": null
}