{
    "dataset_revision": "None",
    "task_name": "T2Retrieval",
    "evaluation_time": null,
    "mteb_version": null,
    "scores": {
        "dev": [
            {
                "hf_subset": "default",
                "languages": [
                    "cmn-Hans"
                ],
                "map_at_1": 0.27423,
                "map_at_10": 0.7720600000000001,
                "map_at_100": 0.8083500000000001,
                "map_at_1000": 0.809,
                "map_at_3": 0.5419,
                "map_at_5": 0.6666200000000001,
                "mrr_at_1": 0.90049,
                "mrr_at_10": 0.9248100000000001,
                "mrr_at_100": 0.9256699999999999,
                "mrr_at_1000": 0.92571,
                "mrr_at_3": 0.9207,
                "mrr_at_5": 0.92329,
                "ndcg_at_1": 0.90049,
                "ndcg_at_10": 0.8469,
                "ndcg_at_100": 0.8825400000000001,
                "ndcg_at_1000": 0.88894,
                "ndcg_at_3": 0.86091,
                "ndcg_at_5": 0.84685,
                "precision_at_1": 0.90049,
                "precision_at_10": 0.42141,
                "precision_at_100": 0.05016,
                "precision_at_1000": 0.0051600000000000005,
                "precision_at_3": 0.7535200000000001,
                "precision_at_5": 0.63176,
                "recall_at_1": 0.27423,
                "recall_at_10": 0.83595,
                "recall_at_100": 0.9521,
                "recall_at_1000": 0.98503,
                "recall_at_3": 0.55844,
                "recall_at_5": 0.69987,
                "main_score": 0.8469
            }
        ]
    }
}