{
  "dataset_revision": null,
  "mteb_dataset_name": "SciFact",
  "mteb_version": "1.0.1",
  "test": {
    "evaluation_time": 32.28,
    "map_at_1": 0.31861,
    "map_at_10": 0.40479,
    "map_at_100": 0.41706,
    "map_at_1000": 0.41768,
    "map_at_3": 0.37352,
    "map_at_5": 0.39185,
    "mrr_at_1": 0.33,
    "mrr_at_10": 0.4162,
    "mrr_at_100": 0.42636,
    "mrr_at_1000": 0.4269,
    "mrr_at_3": 0.38667,
    "mrr_at_5": 0.40467,
    "ndcg_at_1": 0.33,
    "ndcg_at_10": 0.45456,
    "ndcg_at_100": 0.50913,
    "ndcg_at_1000": 0.52567,
    "ndcg_at_3": 0.39401,
    "ndcg_at_5": 0.42602,
    "precision_at_1": 0.33,
    "precision_at_10": 0.06733,
    "precision_at_100": 0.0096,
    "precision_at_1000": 0.0011,
    "precision_at_3": 0.15778,
    "precision_at_5": 0.11267,
    "recall_at_1": 0.31861,
    "recall_at_10": 0.59617,
    "recall_at_100": 0.843,
    "recall_at_1000": 0.97333,
    "recall_at_3": 0.43667,
    "recall_at_5": 0.51483
  }
}