{
    "dataset_revision": "ebfcd844eadd3d667efa3c57fc5c8c87f5c2867e",
    "task_name": "AILAStatutes",
    "evaluation_time": NaN,
    "mteb_version": "unknown",
    "scores": {
        "test": [
            {
                "hf_subset": "default",
                "languages": [
                    "eng-Latn"
                ],
                "main_score": 13.624,
                "map_at_1": 1.7999999999999998,
                "map_at_10": 6.41,
                "map_at_100": 11.995000000000001,
                "map_at_1000": 11.995000000000001,
                "map_at_20": 7.33,
                "map_at_3": 4.089,
                "map_at_5": 5.192,
                "mrr_at_1": 8.0,
                "mrr_at_10": 20.935714285714287,
                "mrr_at_100": 23.02755974294914,
                "mrr_at_1000": 23.02755974294914,
                "mrr_at_20": 22.1038126476207,
                "mrr_at_3": 15.333333333333332,
                "mrr_at_5": 19.533333333333335,
                "nauc_map_at_1000_diff1": 5.278882422253006,
                "nauc_map_at_1000_max": 3.7333073133608896,
                "nauc_map_at_1000_std": -4.5637189871999775,
                "nauc_map_at_100_diff1": 5.278882422253006,
                "nauc_map_at_100_max": 3.7333073133608896,
                "nauc_map_at_100_std": -4.5637189871999775,
                "nauc_map_at_10_diff1": 8.570212263630141,
                "nauc_map_at_10_max": -6.6489980060039295,
                "nauc_map_at_10_std": -12.162352126704402,
                "nauc_map_at_1_diff1": 7.476969859583216,
                "nauc_map_at_1_max": -26.629997316876853,
                "nauc_map_at_1_std": -23.469874489461308,
                "nauc_map_at_20_diff1": 7.222345063366828,
                "nauc_map_at_20_max": -2.5103197323267223,
                "nauc_map_at_20_std": -10.997015623527455,
                "nauc_map_at_3_diff1": 14.924734426277178,
                "nauc_map_at_3_max": -11.92937537932614,
                "nauc_map_at_3_std": -4.9319666083973255,
                "nauc_map_at_5_diff1": 8.080773945621521,
                "nauc_map_at_5_max": -3.8175754142607836,
                "nauc_map_at_5_std": -4.541639774033337,
                "nauc_mrr_at_1000_diff1": 2.4122089783406646,
                "nauc_mrr_at_1000_max": -15.876004562207497,
                "nauc_mrr_at_1000_std": -12.985028057822372,
                "nauc_mrr_at_100_diff1": 2.4122089783406646,
                "nauc_mrr_at_100_max": -15.876004562207497,
                "nauc_mrr_at_100_std": -12.985028057822372,
                "nauc_mrr_at_10_diff1": 0.2857311186354727,
                "nauc_mrr_at_10_max": -14.63697545190418,
                "nauc_mrr_at_10_std": -12.056570964159198,
                "nauc_mrr_at_1_diff1": 6.868795277703242,
                "nauc_mrr_at_1_max": -24.845720418567222,
                "nauc_mrr_at_1_std": -20.686879527770337,
                "nauc_mrr_at_20_diff1": 1.8452171261188577,
                "nauc_mrr_at_20_max": -15.538023663956924,
                "nauc_mrr_at_20_std": -13.690749771450164,
                "nauc_mrr_at_3_diff1": 10.557261573838256,
                "nauc_mrr_at_3_max": -20.946427791765498,
                "nauc_mrr_at_3_std": -9.815750025468983,
                "nauc_mrr_at_5_diff1": 4.101442020672411,
                "nauc_mrr_at_5_max": -14.963605604722682,
                "nauc_mrr_at_5_std": -9.917384084595511,
                "nauc_ndcg_at_1000_diff1": 0.04370368246080858,
                "nauc_ndcg_at_1000_max": -0.818088536466922,
                "nauc_ndcg_at_1000_std": -4.74569960455296,
                "nauc_ndcg_at_100_diff1": 0.04370368246080858,
                "nauc_ndcg_at_100_max": -0.818088536466922,
                "nauc_ndcg_at_100_std": -4.74569960455296,
                "nauc_ndcg_at_10_diff1": 1.2847289677534977,
                "nauc_ndcg_at_10_max": -6.3756503900224955,
                "nauc_ndcg_at_10_std": -12.98730478286347,
                "nauc_ndcg_at_1_diff1": 6.868795277703242,
                "nauc_ndcg_at_1_max": -24.845720418567222,
                "nauc_ndcg_at_1_std": -20.686879527770337,
                "nauc_ndcg_at_20_diff1": 0.777375339231765,
                "nauc_ndcg_at_20_max": -0.9649148688381876,
                "nauc_ndcg_at_20_std": -14.374528790697976,
                "nauc_ndcg_at_3_diff1": 11.34233767766492,
                "nauc_ndcg_at_3_max": -13.185097340604685,
                "nauc_ndcg_at_3_std": -1.42817114044502,
                "nauc_ndcg_at_5_diff1": 3.6861855424314394,
                "nauc_ndcg_at_5_max": -3.8049446945965877,
                "nauc_ndcg_at_5_std": -3.627047155464453,
                "nauc_precision_at_1000_diff1": -23.534146832293555,
                "nauc_precision_at_1000_max": 7.621521743107654,
                "nauc_precision_at_1000_std": 31.79231993560317,
                "nauc_precision_at_100_diff1": -23.534146832293136,
                "nauc_precision_at_100_max": 7.6215217431077615,
                "nauc_precision_at_100_std": 31.792319935603174,
                "nauc_precision_at_10_diff1": -9.295902835532825,
                "nauc_precision_at_10_max": -3.516562838357381,
                "nauc_precision_at_10_std": -9.542266229384722,
                "nauc_precision_at_1_diff1": 6.868795277703242,
                "nauc_precision_at_1_max": -24.845720418567222,
                "nauc_precision_at_1_std": -20.686879527770337,
                "nauc_precision_at_20_diff1": -9.74438544160727,
                "nauc_precision_at_20_max": 8.895012105242024,
                "nauc_precision_at_20_std": -10.653950589210957,
                "nauc_precision_at_3_diff1": 8.920936116382022,
                "nauc_precision_at_3_max": -10.246679316888065,
                "nauc_precision_at_3_std": 5.611638203668553,
                "nauc_precision_at_5_diff1": -8.265025821338345,
                "nauc_precision_at_5_max": 7.359630809801093,
                "nauc_precision_at_5_std": 7.003625975167535,
                "nauc_recall_at_1000_diff1": NaN,
                "nauc_recall_at_1000_max": NaN,
                "nauc_recall_at_1000_std": NaN,
                "nauc_recall_at_100_diff1": NaN,
                "nauc_recall_at_100_max": NaN,
                "nauc_recall_at_100_std": NaN,
                "nauc_recall_at_10_diff1": -1.798034642140945,
                "nauc_recall_at_10_max": 0.6924952930762724,
                "nauc_recall_at_10_std": -13.706398349868037,
                "nauc_recall_at_1_diff1": 7.476969859583216,
                "nauc_recall_at_1_max": -26.629997316876853,
                "nauc_recall_at_1_std": -23.469874489461308,
                "nauc_recall_at_20_diff1": -2.659819202817919,
                "nauc_recall_at_20_max": 10.517274540935807,
                "nauc_recall_at_20_std": -14.235421011543991,
                "nauc_recall_at_3_diff1": 15.662853297442803,
                "nauc_recall_at_3_max": -11.663877606927189,
                "nauc_recall_at_3_std": -2.341470241427359,
                "nauc_recall_at_5_diff1": 2.273326115596832,
                "nauc_recall_at_5_max": 2.8669632025879537,
                "nauc_recall_at_5_std": -0.3450165007891684,
                "ndcg_at_1": 8.0,
                "ndcg_at_10": 13.624,
                "ndcg_at_100": 38.109,
                "ndcg_at_1000": 38.109,
                "ndcg_at_20": 16.907,
                "ndcg_at_3": 9.45,
                "ndcg_at_5": 10.598,
                "precision_at_1": 8.0,
                "precision_at_10": 7.3999999999999995,
                "precision_at_100": 4.34,
                "precision_at_1000": 0.434,
                "precision_at_20": 5.5,
                "precision_at_3": 10.0,
                "precision_at_5": 10.0,
                "recall_at_1": 1.7999999999999998,
                "recall_at_10": 18.333,
                "recall_at_100": 100.0,