{
    "dataset_revision": "c22ab2a51041ffd869aaddef7af8d8215647e41a",
    "task_name": "ArguAna",
    "evaluation_time": -1,
    "mteb_version": "0.0.0",
    "scores": {
        "test": [
            {
                "hf_subset": "default",
                "languages": [
                    "eng-Latn"
                ],
                "main_score": 32.031,
                "map_at_1": 15.363,
                "map_at_10": 25.629999999999995,
                "map_at_100": 26.851999999999997,
                "map_at_1000": 26.916,
                "map_at_20": 26.401999999999997,
                "map_at_3": 21.764,
                "map_at_5": 23.798,
                "mrr_at_1": 15.647226173541965,
                "mrr_at_10": 25.74270699270699,
                "mrr_at_100": 26.95759156481371,
                "mrr_at_1000": 27.02192945787223,
                "mrr_at_20": 26.50752832488611,
                "mrr_at_3": 21.894262683736372,
                "mrr_at_5": 23.889284020862938,
                "nauc_map_at_1000_diff1": 9.717094498857836,
                "nauc_map_at_1000_max": 0.006128824635771366,
                "nauc_map_at_1000_std": 9.951724867994008,
                "nauc_map_at_100_diff1": 9.720746167116648,
                "nauc_map_at_100_max": 0.03921480687966482,
                "nauc_map_at_100_std": 10.01422840642898,
                "nauc_map_at_10_diff1": 9.629884802439925,
                "nauc_map_at_10_max": -0.18895622006721804,
                "nauc_map_at_10_std": 8.801754758016564,
                "nauc_map_at_1_diff1": 10.255415606776134,
                "nauc_map_at_1_max": -2.7429221309654044,
                "nauc_map_at_1_std": 6.866297123270523,
                "nauc_map_at_20_diff1": 9.707948736975794,
                "nauc_map_at_20_max": 0.01892213753638095,
                "nauc_map_at_20_std": 9.681790764357237,
                "nauc_map_at_3_diff1": 8.344213156710568,
                "nauc_map_at_3_max": -2.0132121856529483,
                "nauc_map_at_3_std": 8.554071405515435,
                "nauc_map_at_5_diff1": 9.14495583661473,
                "nauc_map_at_5_max": -1.379873148644914,
                "nauc_map_at_5_std": 9.044652095982553,
                "nauc_mrr_at_1000_diff1": 8.520276824384093,
                "nauc_mrr_at_1000_max": -0.41053299382643904,
                "nauc_mrr_at_1000_std": 9.770616411797125,
                "nauc_mrr_at_100_diff1": 8.526357726757498,
                "nauc_mrr_at_100_max": -0.37675957362198204,
                "nauc_mrr_at_100_std": 9.833172972935825,
                "nauc_mrr_at_10_diff1": 8.504469942302443,
                "nauc_mrr_at_10_max": -0.5555290478828475,
                "nauc_mrr_at_10_std": 8.67347986151777,
                "nauc_mrr_at_1_diff1": 8.924965691375194,
                "nauc_mrr_at_1_max": -2.472212128016505,
                "nauc_mrr_at_1_std": 6.727737069169365,
                "nauc_mrr_at_20_diff1": 8.527008337552795,
                "nauc_mrr_at_20_max": -0.39130673567011953,
                "nauc_mrr_at_20_std": 9.504234612175194,
                "nauc_mrr_at_3_diff1": 7.028185998793612,
                "nauc_mrr_at_3_max": -2.531551924396665,
                "nauc_mrr_at_3_std": 8.36654956798548,
                "nauc_mrr_at_5_diff1": 7.946200662893088,
                "nauc_mrr_at_5_max": -1.8450232157342275,
                "nauc_mrr_at_5_std": 8.855536533297968,
                "nauc_ndcg_at_1000_diff1": 10.148046270962398,
                "nauc_ndcg_at_1000_max": 1.696424601847897,
                "nauc_ndcg_at_1000_std": 13.134595506556405,
                "nauc_ndcg_at_100_diff1": 10.478061817612778,
                "nauc_ndcg_at_100_max": 2.790758084465661,
                "nauc_ndcg_at_100_std": 14.964733623242607,
                "nauc_ndcg_at_10_diff1": 10.372927964606154,
                "nauc_ndcg_at_10_max": 1.9588405301435734,
                "nauc_ndcg_at_10_std": 9.558148538160015,
                "nauc_ndcg_at_1_diff1": 10.255415606776134,
                "nauc_ndcg_at_1_max": -2.7429221309654044,
                "nauc_ndcg_at_1_std": 6.866297123270523,
                "nauc_ndcg_at_20_diff1": 10.807055510827903,
                "nauc_ndcg_at_20_max": 2.873981784514884,
                "nauc_ndcg_at_20_std": 12.684265114648849,
                "nauc_ndcg_at_3_diff1": 7.99043332908002,
                "nauc_ndcg_at_3_max": -1.7537467389545258,
                "nauc_ndcg_at_3_std": 9.282365459725794,
                "nauc_ndcg_at_5_diff1": 9.291919447241343,
                "nauc_ndcg_at_5_max": -0.6986840661830845,
                "nauc_ndcg_at_5_std": 10.155119795280289,
                "nauc_precision_at_1000_diff1": 5.534567864242971,
                "nauc_precision_at_1000_max": 9.529106078051697,
                "nauc_precision_at_1000_std": 62.0873447350283,
                "nauc_precision_at_100_diff1": 13.636774071684679,
                "nauc_precision_at_100_max": 17.905397264353912,
                "nauc_precision_at_100_std": 49.22170039944941,
                "nauc_precision_at_10_diff1": 12.676219389202528,
                "nauc_precision_at_10_max": 8.164707652448252,
                "nauc_precision_at_10_std": 11.361740427515855,
                "nauc_precision_at_1_diff1": 10.255415606776134,
                "nauc_precision_at_1_max": -2.7429221309654044,
                "nauc_precision_at_1_std": 6.866297123270523,
                "nauc_precision_at_20_diff1": 15.006293628353006,
                "nauc_precision_at_20_max": 12.931321039045368,
                "nauc_precision_at_20_std": 23.758750045585586,
                "nauc_precision_at_3_diff1": 7.18325478518931,
                "nauc_precision_at_3_max": -1.1161637595134446,
                "nauc_precision_at_3_std": 11.09645301286272,
                "nauc_precision_at_5_diff1": 9.780765614595015,
                "nauc_precision_at_5_max": 1.0082157901430149,
                "nauc_precision_at_5_std": 12.92929121494741,
                "nauc_recall_at_1000_diff1": 5.534567864242688,
                "nauc_recall_at_1000_max": 9.529106078051411,
                "nauc_recall_at_1000_std": 62.08734473502826,
                "nauc_recall_at_100_diff1": 13.63677407168474,
                "nauc_recall_at_100_max": 17.905397264353898,
                "nauc_recall_at_100_std": 49.2217003994493,
                "nauc_recall_at_10_diff1": 12.676219389202512,
                "nauc_recall_at_10_max": 8.164707652448225,
                "nauc_recall_at_10_std": 11.361740427515835,
                "nauc_recall_at_1_diff1": 10.255415606776134,
                "nauc_recall_at_1_max": -2.7429221309654044,
                "nauc_recall_at_1_std": 6.866297123270523,
                "nauc_recall_at_20_diff1": 15.006293628353069,
                "nauc_recall_at_20_max": 12.931321039045434,
                "nauc_recall_at_20_std": 23.75875004558557,
                "nauc_recall_at_3_diff1": 7.183254785189315,
                "nauc_recall_at_3_max": -1.1161637595134306,
                "nauc_recall_at_3_std": 11.096453012862733,
                "nauc_recall_at_5_diff1": 9.780765614595012,
                "nauc_recall_at_5_max": 1.008215790143006,
                "nauc_recall_at_5_std": 12.929291214947403,
                "ndcg_at_1": 15.363,
                "ndcg_at_10": 32.031,
                "ndcg_at_100": 38.122,
                "ndcg_at_1000": 39.864,
                "ndcg_at_20": 34.849999999999994,
                "ndcg_at_3": 23.965,
                "ndcg_at_5": 27.659,
                "precision_at_1": 15.363,
                "precision_at_10": 5.277,
                "precision_at_100": 0.8170000000000001,
                "precision_at_1000": 0.095,
                "precision_at_20": 3.197,
                "precision_at_3": 10.123,
                "precision_at_5": 7.881,
                "recall_at_1": 15.363,
                "recall_at_10": 52.774,