{
    "dataset_revision": "12ca3b695563788fead87a982ad1a068284413f4",
    "task_name": "SCDDAuditsLegalBenchClassification",
    "evaluation_time": null,
    "mteb_version": null,
    "scores": {
        "test": [
            {
                "hf_subset": "default",
                "languages": [
                    "eng-Latn"
                ],
                "accuracy": 0.6174142480211081,
                "ap": 0.9408312772646127,
                "ap_weighted": 0.9408312772646127,
                "f1": 0.5059825064499599,
                "f1_weighted": 0.6972736628137642,
                "main_score": 0.6174142480211081
            }
        ]
    }
}