{
    "dataset_revision": "12ca3b695563788fead87a982ad1a068284413f4",
    "task_name": "TextualismToolDictionariesLegalBenchClassification",
    "evaluation_time": null,
    "mteb_version": null,
    "scores": {
        "test": [
            {
                "hf_subset": "default",
                "languages": [
                    "eng-Latn"
                ],
                "accuracy": 0.6915887850467289,
                "ap": 0.1391484942886812,
                "ap_weighted": 0.1391484942886812,
                "f1": 0.5357001972386588,
                "f1_weighted": 0.7594757507050821,
                "main_score": 0.6915887850467289
            }
        ]
    }
}