{
  "dataset_revision": "91c54bcc1debe3a468ff705ce98ac5e34712fd77",
  "task_name": "AVQAVideoCentricQA",
  "mteb_version": "2.13.1",
  "scores": {
    "test": [
      {
        "ndcg_at_1": 0.64712,
        "ndcg_at_3": 0.81759,
        "ndcg_at_5": 0.8433,
        "ndcg_at_10": 0.8433,
        "ndcg_at_20": 0.8433,
        "ndcg_at_100": 0.8433,
        "ndcg_at_1000": 0.8433,
        "map_at_1": 0.64712,
        "map_at_3": 0.77524,
        "map_at_5": 0.79017,
        "map_at_10": 0.79017,
        "map_at_20": 0.79017,
        "map_at_100": 0.79017,
        "map_at_1000": 0.79017,
        "recall_at_1": 0.64712,
        "recall_at_3": 0.94028,
        "recall_at_5": 1.0,
        "recall_at_10": 1.0,
        "recall_at_20": 1.0,
        "recall_at_100": 1.0,
        "recall_at_1000": 1.0,
        "accuracy": 0.64712,
        "precision_at_1": 0.64712,
        "precision_at_3": 0.31343,
        "precision_at_5": 0.2,
        "precision_at_10": 0.1,
        "precision_at_20": 0.05,
        "precision_at_100": 0.01,
        "precision_at_1000": 0.001,
        "mrr_at_1": 0.647123,
        "mrr_at_3": 0.775244,
        "mrr_at_5": 0.790174,
        "mrr_at_10": 0.790174,
        "mrr_at_20": 0.790174,
        "mrr_at_100": 0.790174,
        "mrr_at_1000": 0.790174,
        "nauc_ndcg_at_1_max": 0.198634,
        "nauc_ndcg_at_1_std": 0.237153,
        "nauc_ndcg_at_1_diff1": 0.478945,
        "nauc_ndcg_at_3_max": 0.223325,
        "nauc_ndcg_at_3_std": 0.291141,
        "nauc_ndcg_at_3_diff1": 0.454889,
        "nauc_ndcg_at_5_max": 0.206439,
        "nauc_ndcg_at_5_std": 0.25695,
        "nauc_ndcg_at_5_diff1": 0.464881,
        "nauc_ndcg_at_10_max": 0.206439,
        "nauc_ndcg_at_10_std": 0.25695,
        "nauc_ndcg_at_10_diff1": 0.464881,
        "nauc_ndcg_at_20_max": 0.206439,
        "nauc_ndcg_at_20_std": 0.25695,
        "nauc_ndcg_at_20_diff1": 0.464881,
        "nauc_ndcg_at_100_max": 0.206439,
        "nauc_ndcg_at_100_std": 0.25695,
        "nauc_ndcg_at_100_diff1": 0.464881,
        "nauc_ndcg_at_1000_max": 0.206439,
        "nauc_ndcg_at_1000_std": 0.25695,
        "nauc_ndcg_at_1000_diff1": 0.464881,
        "nauc_map_at_1_max": 0.198634,
        "nauc_map_at_1_std": 0.237153,
        "nauc_map_at_1_diff1": 0.478945,
        "nauc_map_at_3_max": 0.214004,
        "nauc_map_at_3_std": 0.272085,
        "nauc_map_at_3_diff1": 0.460835,
        "nauc_map_at_5_max": 0.20588,
        "nauc_map_at_5_std": 0.255622,
        "nauc_map_at_5_diff1": 0.465678,
        "nauc_map_at_10_max": 0.20588,
        "nauc_map_at_10_std": 0.255622,
        "nauc_map_at_10_diff1": 0.465678,
        "nauc_map_at_20_max": 0.20588,
        "nauc_map_at_20_std": 0.255622,
        "nauc_map_at_20_diff1": 0.465678,
        "nauc_map_at_100_max": 0.20588,
        "nauc_map_at_100_std": 0.255622,
        "nauc_map_at_100_diff1": 0.465678,
        "nauc_map_at_1000_max": 0.20588,
        "nauc_map_at_1000_std": 0.255622,
        "nauc_map_at_1000_diff1": 0.465678,
        "nauc_recall_at_1_max": 0.198634,
        "nauc_recall_at_1_std": 0.237153,
        "nauc_recall_at_1_diff1": 0.478945,
        "nauc_recall_at_3_max": 0.309782,
        "nauc_recall_at_3_std": 0.466194,
        "nauc_recall_at_3_diff1": 0.403731,
        "nauc_recall_at_5_max": NaN,
        "nauc_recall_at_5_std": NaN,
        "nauc_recall_at_5_diff1": NaN,
        "nauc_recall_at_10_max": NaN,
        "nauc_recall_at_10_std": NaN,
        "nauc_recall_at_10_diff1": NaN,
        "nauc_recall_at_20_max": NaN,
        "nauc_recall_at_20_std": NaN,
        "nauc_recall_at_20_diff1": NaN,
        "nauc_recall_at_100_max": NaN,
        "nauc_recall_at_100_std": NaN,
        "nauc_recall_at_100_diff1": NaN,
        "nauc_recall_at_1000_max": NaN,
        "nauc_recall_at_1000_std": NaN,
        "nauc_recall_at_1000_diff1": NaN,
        "nauc_precision_at_1_max": 0.198634,
        "nauc_precision_at_1_std": 0.237153,
        "nauc_precision_at_1_diff1": 0.478945,
        "nauc_precision_at_3_max": 0.309782,
        "nauc_precision_at_3_std": 0.466194,
        "nauc_precision_at_3_diff1": 0.403731,
        "nauc_precision_at_5_max": 1.0,
        "nauc_precision_at_5_std": 1.0,
        "nauc_precision_at_5_diff1": 1.0,
        "nauc_precision_at_10_max": 1.0,
        "nauc_precision_at_10_std": 1.0,
        "nauc_precision_at_10_diff1": 1.0,
        "nauc_precision_at_20_max": 1.0,
        "nauc_precision_at_20_std": 1.0,
        "nauc_precision_at_20_diff1": 1.0,
        "nauc_precision_at_100_max": 1.0,
        "nauc_precision_at_100_std": 1.0,
        "nauc_precision_at_100_diff1": 1.0,
        "nauc_precision_at_1000_max": 1.0,
        "nauc_precision_at_1000_std": 1.0,
        "nauc_precision_at_1000_diff1": 1.0,
        "nauc_mrr_at_1_max": 0.198634,
        "nauc_mrr_at_1_std": 0.237153,
        "nauc_mrr_at_1_diff1": 0.478945,
        "nauc_mrr_at_3_max": 0.214004,
        "nauc_mrr_at_3_std": 0.272085,
        "nauc_mrr_at_3_diff1": 0.460835,
        "nauc_mrr_at_5_max": 0.20588,
        "nauc_mrr_at_5_std": 0.255622,
        "nauc_mrr_at_5_diff1": 0.465678,
        "nauc_mrr_at_10_max": 0.20588,
        "nauc_mrr_at_10_std": 0.255622,
        "nauc_mrr_at_10_diff1": 0.465678,
        "nauc_mrr_at_20_max": 0.20588,
        "nauc_mrr_at_20_std": 0.255622,
        "nauc_mrr_at_20_diff1": 0.465678,
        "nauc_mrr_at_100_max": 0.20588,
        "nauc_mrr_at_100_std": 0.255622,
        "nauc_mrr_at_100_diff1": 0.465678,
        "nauc_mrr_at_1000_max": 0.20588,
        "nauc_mrr_at_1000_std": 0.255622,
        "nauc_mrr_at_1000_diff1": 0.465678,
        "hit_rate_at_1": 0.64712,
        "hit_rate_at_3": 0.94028,
        "hit_rate_at_5": 1.0,
        "hit_rate_at_10": 1.0,
        "hit_rate_at_20": 1.0,
        "hit_rate_at_100": 1.0,
        "hit_rate_at_1000": 1.0,
        "main_score": 0.64712,
        "hf_subset": "default",
        "languages": [
          "eng-Latn"
        ],
        "mteb_version": "2.13.1"
      }
    ]
  },
  "evaluation_time": 1419.8663821220398,
  "kg_co2_emissions": null,
  "date": null
}