{
  "dataset_revision": "4ed8415e9dc24060deefc84be59e2db0aacbadcc",
  "task_name": "SIQA",
  "mteb_version": "1.18.0",
  "scores": {
    "test": [
      {
        "ndcg_at_1": 0.00154,
        "ndcg_at_3": 0.0056,
        "ndcg_at_5": 0.00692,
        "ndcg_at_10": 0.00723,
        "ndcg_at_20": 0.00865,
        "ndcg_at_100": 0.01289,
        "ndcg_at_1000": 0.02243,
        "map_at_1": 0.00154,
        "map_at_3": 0.00469,
        "map_at_5": 0.00546,
        "map_at_10": 0.00557,
        "map_at_20": 0.00596,
        "map_at_100": 0.00647,
        "map_at_1000": 0.00673,
        "recall_at_1": 0.00154,
        "recall_at_3": 0.00819,
        "recall_at_5": 0.01126,
        "recall_at_10": 0.01228,
        "recall_at_20": 0.01791,
        "recall_at_100": 0.04197,
        "recall_at_1000": 0.12282,
        "precision_at_1": 0.00154,
        "precision_at_3": 0.00273,
        "precision_at_5": 0.00225,
        "precision_at_10": 0.00123,
        "precision_at_20": 0.0009,
        "precision_at_100": 0.00042,
        "precision_at_1000": 0.00012,
        "mrr_at_1": 0.001535,
        "mrr_at_3": 0.004691,
        "mrr_at_5": 0.005459,
        "mrr_at_10": 0.005573,
        "mrr_at_20": 0.00596,
        "mrr_at_100": 0.006466,
        "mrr_at_1000": 0.006731,
        "nauc_ndcg_at_1_max": -0.464037,
        "nauc_ndcg_at_1_std": 0.118356,
        "nauc_ndcg_at_1_diff1": 0.045802,
        "nauc_ndcg_at_3_max": -0.254307,
        "nauc_ndcg_at_3_std": 0.173251,
        "nauc_ndcg_at_3_diff1": 0.092731,
        "nauc_ndcg_at_5_max": -0.238138,
        "nauc_ndcg_at_5_std": 0.150256,
        "nauc_ndcg_at_5_diff1": 0.042263,
        "nauc_ndcg_at_10_max": -0.227875,
        "nauc_ndcg_at_10_std": 0.140109,
        "nauc_ndcg_at_10_diff1": 0.050174,
        "nauc_ndcg_at_20_max": -0.156553,
        "nauc_ndcg_at_20_std": 0.157706,
        "nauc_ndcg_at_20_diff1": 0.043677,
        "nauc_ndcg_at_100_max": -0.10917,
        "nauc_ndcg_at_100_std": 0.122593,
        "nauc_ndcg_at_100_diff1": 0.01093,
        "nauc_ndcg_at_1000_max": -0.056977,
        "nauc_ndcg_at_1000_std": 0.111297,
        "nauc_ndcg_at_1000_diff1": -0.001119,
        "nauc_map_at_1_max": -0.464037,
        "nauc_map_at_1_std": 0.118356,
        "nauc_map_at_1_diff1": 0.045802,
        "nauc_map_at_3_max": -0.268131,
        "nauc_map_at_3_std": 0.17627,
        "nauc_map_at_3_diff1": 0.095848,
        "nauc_map_at_5_max": -0.254287,
        "nauc_map_at_5_std": 0.158921,
        "nauc_map_at_5_diff1": 0.058266,
        "nauc_map_at_10_max": -0.249042,
        "nauc_map_at_10_std": 0.153886,
        "nauc_map_at_10_diff1": 0.061727,
        "nauc_map_at_20_max": -0.21983,
        "nauc_map_at_20_std": 0.160182,
        "nauc_map_at_20_diff1": 0.059388,
        "nauc_map_at_100_max": -0.205345,
        "nauc_map_at_100_std": 0.149897,
        "nauc_map_at_100_diff1": 0.051223,
        "nauc_map_at_1000_max": -0.195888,
        "nauc_map_at_1000_std": 0.145926,
        "nauc_map_at_1000_diff1": 0.048893,
        "nauc_recall_at_1_max": -0.464037,
        "nauc_recall_at_1_std": 0.118356,
        "nauc_recall_at_1_diff1": 0.045802,
        "nauc_recall_at_3_max": -0.232099,
        "nauc_recall_at_3_std": 0.16652,
        "nauc_recall_at_3_diff1": 0.085963,
        "nauc_recall_at_5_max": -0.215076,
        "nauc_recall_at_5_std": 0.135534,
        "nauc_recall_at_5_diff1": 0.015772,
        "nauc_recall_at_10_max": -0.19693,
        "nauc_recall_at_10_std": 0.11692,
        "nauc_recall_at_10_diff1": 0.033447,
        "nauc_recall_at_20_max": -0.069085,
        "nauc_recall_at_20_std": 0.157569,
        "nauc_recall_at_20_diff1": 0.023875,
        "nauc_recall_at_100_max": -0.032799,
        "nauc_recall_at_100_std": 0.100135,
        "nauc_recall_at_100_diff1": -0.023845,
        "nauc_recall_at_1000_max": -0.002337,
        "nauc_recall_at_1000_std": 0.103401,
        "nauc_recall_at_1000_diff1": -0.022648,
        "nauc_precision_at_1_max": -0.464037,
        "nauc_precision_at_1_std": 0.118356,
        "nauc_precision_at_1_diff1": 0.045802,
        "nauc_precision_at_3_max": -0.232099,
        "nauc_precision_at_3_std": 0.16652,
        "nauc_precision_at_3_diff1": 0.085963,
        "nauc_precision_at_5_max": -0.215076,
        "nauc_precision_at_5_std": 0.135534,
        "nauc_precision_at_5_diff1": 0.015772,
        "nauc_precision_at_10_max": -0.19693,
        "nauc_precision_at_10_std": 0.11692,
        "nauc_precision_at_10_diff1": 0.033447,
        "nauc_precision_at_20_max": -0.069085,
        "nauc_precision_at_20_std": 0.157569,
        "nauc_precision_at_20_diff1": 0.023875,
        "nauc_precision_at_100_max": -0.032799,
        "nauc_precision_at_100_std": 0.100135,
        "nauc_precision_at_100_diff1": -0.023845,
        "nauc_precision_at_1000_max": -0.002337,
        "nauc_precision_at_1000_std": 0.103401,
        "nauc_precision_at_1000_diff1": -0.022648,
        "nauc_mrr_at_1_max": -0.464037,
        "nauc_mrr_at_1_std": 0.118356,
        "nauc_mrr_at_1_diff1": 0.045802,
        "nauc_mrr_at_3_max": -0.268131,
        "nauc_mrr_at_3_std": 0.17627,
        "nauc_mrr_at_3_diff1": 0.095848,
        "nauc_mrr_at_5_max": -0.254287,
        "nauc_mrr_at_5_std": 0.158921,
        "nauc_mrr_at_5_diff1": 0.058266,
        "nauc_mrr_at_10_max": -0.249042,
        "nauc_mrr_at_10_std": 0.153886,
        "nauc_mrr_at_10_diff1": 0.061727,
        "nauc_mrr_at_20_max": -0.21983,
        "nauc_mrr_at_20_std": 0.160182,
        "nauc_mrr_at_20_diff1": 0.059388,
        "nauc_mrr_at_100_max": -0.205345,
        "nauc_mrr_at_100_std": 0.149897,
        "nauc_mrr_at_100_diff1": 0.051223,
        "nauc_mrr_at_1000_max": -0.195888,
        "nauc_mrr_at_1000_std": 0.145926,
        "nauc_mrr_at_1000_diff1": 0.048893,
        "main_score": 0.00723,
        "hf_subset": "default",
        "languages": [
          "eng-Latn"
        ]
      }
    ]
  },
  "evaluation_time": 114.31240940093994,
  "kg_co2_emissions": 0.0037477353130518547
}