{
  "dataset_revision": "ef1661775d746e0844b299164773db733bdc0bf6",
  "task_name": "SwednClusteringP2P",
  "mteb_version": "1.18.0",
  "scores": {
    "summaries": [
      {
        "v_measures": {
          "Level 0": [
            0.018061,
            0.01252,
            0.01184,
            0.023361,
            0.022878,
            0.023946,
            0.02042,
            0.015933,
            0.010899,
            0.016631
          ]
        },
        "v_measure": 0.017649,
        "v_measure_std": 0.004659,
        "main_score": 0.017649,
        "hf_subset": "default",
        "languages": [
          "swe-Latn"
        ]
      }
    ],
    "articles": [
      {
        "v_measures": {
          "Level 0": [
            0.111796,
            0.085581,
            0.113124,
            0.093115,
            0.101643,
            0.103004,
            0.094472,
            0.074495,
            0.111167,
            0.099131
          ]
        },
        "v_measure": 0.098753,
        "v_measure_std": 0.011702,
        "main_score": 0.098753,
        "hf_subset": "default",
        "languages": [
          "swe-Latn"
        ]
      }
    ]
  },
  "evaluation_time": 78.4985134601593,
  "kg_co2_emissions": 0.002617156670710512
}