{
  "dataset_revision": "e4e08e0b7dbe3c8700f0daef558ff32256715259",
  "task_name": "QuoraRetrieval",
  "mteb_version": "1.29.7",
  "scores": {
    "test": [
      {
        "ndcg_at_1": 0.8119,
        "ndcg_at_3": 0.85584,
        "ndcg_at_5": 0.87172,
        "ndcg_at_10": 0.88565,
        "ndcg_at_20": 0.89193,
        "ndcg_at_100": 0.8969,
        "ndcg_at_1000": 0.89762,
        "map_at_1": 0.70587,
        "map_at_3": 0.81687,
        "map_at_5": 0.83548,
        "map_at_10": 0.84732,
        "map_at_20": 0.85148,
        "map_at_100": 0.85354,
        "map_at_1000": 0.85368,
        "recall_at_1": 0.70587,
        "recall_at_3": 0.87518,
        "recall_at_5": 0.91976,
        "recall_at_10": 0.95996,
        "recall_at_20": 0.97959,
        "recall_at_100": 0.99709,
        "recall_at_1000": 0.99976,
        "precision_at_1": 0.8119,
        "precision_at_3": 0.37493,
        "precision_at_5": 0.24664,
        "precision_at_10": 0.13498,
        "precision_at_20": 0.07159,
        "precision_at_100": 0.01533,
        "precision_at_1000": 0.00157,
        "mrr_at_1": 0.8118,
        "mrr_at_3": 0.866133,
        "mrr_at_5": 0.872698,
        "mrr_at_10": 0.876009,
        "mrr_at_20": 0.876614,
        "mrr_at_100": 0.876837,
        "mrr_at_1000": 0.876841,
        "nauc_ndcg_at_1_max": 0.412548,
        "nauc_ndcg_at_1_std": -0.357265,
        "nauc_ndcg_at_1_diff1": 0.765052,
        "nauc_ndcg_at_3_max": 0.404704,
        "nauc_ndcg_at_3_std": -0.430197,
        "nauc_ndcg_at_3_diff1": 0.749998,
        "nauc_ndcg_at_5_max": 0.409364,
        "nauc_ndcg_at_5_std": -0.440851,
        "nauc_ndcg_at_5_diff1": 0.754498,
        "nauc_ndcg_at_10_max": 0.410728,
        "nauc_ndcg_at_10_std": -0.426508,
        "nauc_ndcg_at_10_diff1": 0.753198,
        "nauc_ndcg_at_20_max": 0.413008,
        "nauc_ndcg_at_20_std": -0.41278,
        "nauc_ndcg_at_20_diff1": 0.752466,
        "nauc_ndcg_at_100_max": 0.413471,
        "nauc_ndcg_at_100_std": -0.398417,
        "nauc_ndcg_at_100_diff1": 0.752453,
        "nauc_ndcg_at_1000_max": 0.413462,
        "nauc_ndcg_at_1000_std": -0.39583,
        "nauc_ndcg_at_1000_diff1": 0.751986,
        "nauc_map_at_1_max": 0.308198,
        "nauc_map_at_1_std": -0.387955,
        "nauc_map_at_1_diff1": 0.788882,
        "nauc_map_at_3_max": 0.376831,
        "nauc_map_at_3_std": -0.453951,
        "nauc_map_at_3_diff1": 0.764348,
        "nauc_map_at_5_max": 0.390057,
        "nauc_map_at_5_std": -0.452229,
        "nauc_map_at_5_diff1": 0.762079,
        "nauc_map_at_10_max": 0.396286,
        "nauc_map_at_10_std": -0.437519,
        "nauc_map_at_10_diff1": 0.758105,
        "nauc_map_at_20_max": 0.400231,
        "nauc_map_at_20_std": -0.425976,
        "nauc_map_at_20_diff1": 0.756682,
        "nauc_map_at_100_max": 0.401584,
        "nauc_map_at_100_std": -0.418073,
        "nauc_map_at_100_diff1": 0.755901,
        "nauc_map_at_1000_max": 0.401678,
        "nauc_map_at_1000_std": -0.417576,
        "nauc_map_at_1000_diff1": 0.755815,
        "nauc_recall_at_1_max": 0.308198,
        "nauc_recall_at_1_std": -0.387955,
        "nauc_recall_at_1_diff1": 0.788882,
        "nauc_recall_at_3_max": 0.354496,
        "nauc_recall_at_3_std": -0.533206,
        "nauc_recall_at_3_diff1": 0.727091,
        "nauc_recall_at_5_max": 0.36771,
        "nauc_recall_at_5_std": -0.589987,
        "nauc_recall_at_5_diff1": 0.719,
        "nauc_recall_at_10_max": 0.377964,
        "nauc_recall_at_10_std": -0.611771,
        "nauc_recall_at_10_diff1": 0.708103,
        "nauc_recall_at_20_max": 0.421849,
        "nauc_recall_at_20_std": -0.577243,
        "nauc_recall_at_20_diff1": 0.703409,
        "nauc_recall_at_100_max": 0.460402,
        "nauc_recall_at_100_std": -0.526955,
        "nauc_recall_at_100_diff1": 0.711036,
        "nauc_recall_at_1000_max": 0.471789,
        "nauc_recall_at_1000_std": 0.66729,
        "nauc_recall_at_1000_diff1": 0.181106,
        "nauc_precision_at_1_max": 0.412548,
        "nauc_precision_at_1_std": -0.357265,
        "nauc_precision_at_1_diff1": 0.765052,
        "nauc_precision_at_3_max": 0.085934,
        "nauc_precision_at_3_std": 0.066223,
        "nauc_precision_at_3_diff1": -0.178924,
        "nauc_precision_at_5_max": 0.018243,
        "nauc_precision_at_5_std": 0.168216,
        "nauc_precision_at_5_diff1": -0.306048,
        "nauc_precision_at_10_max": -0.033062,
        "nauc_precision_at_10_std": 0.268177,
        "nauc_precision_at_10_diff1": -0.389928,
        "nauc_precision_at_20_max": -0.054235,
        "nauc_precision_at_20_std": 0.327258,
        "nauc_precision_at_20_diff1": -0.41662,
        "nauc_precision_at_100_max": -0.079566,
        "nauc_precision_at_100_std": 0.383197,
        "nauc_precision_at_100_diff1": -0.433671,
        "nauc_precision_at_1000_max": -0.085474,
        "nauc_precision_at_1000_std": 0.391768,
        "nauc_precision_at_1000_diff1": -0.437051,
        "nauc_mrr_at_1_max": 0.409967,
        "nauc_mrr_at_1_std": -0.356587,
        "nauc_mrr_at_1_diff1": 0.765241,
        "nauc_mrr_at_3_max": 0.421829,
        "nauc_mrr_at_3_std": -0.380018,
        "nauc_mrr_at_3_diff1": 0.753848,
        "nauc_mrr_at_5_max": 0.421783,
        "nauc_mrr_at_5_std": -0.380764,
        "nauc_mrr_at_5_diff1": 0.75556,
        "nauc_mrr_at_10_max": 0.420886,
        "nauc_mrr_at_10_std": -0.37645,
        "nauc_mrr_at_10_diff1": 0.755875,
        "nauc_mrr_at_20_max": 0.420632,
        "nauc_mrr_at_20_std": -0.375944,
        "nauc_mrr_at_20_diff1": 0.756076,
        "nauc_mrr_at_100_max": 0.420385,
        "nauc_mrr_at_100_std": -0.3759,
        "nauc_mrr_at_100_diff1": 0.756118,
        "nauc_mrr_at_1000_max": 0.420378,
        "nauc_mrr_at_1000_std": -0.375884,
        "nauc_mrr_at_1000_diff1": 0.75612,
        "main_score": 0.88565,
        "hf_subset": "default",
        "languages": [
          "eng-Latn"
        ]
      }
    ]
  },
  "evaluation_time": 115.79108762741089,
  "kg_co2_emissions": null
}