{
  "dataset_revision": "e19b6ffa60b3bc248e0b41f4cc37c26a55c2a67b",
  "task_name": "RuBQRetrieval",
  "mteb_version": "1.18.0",
  "scores": {
    "test": [
      {
        "ndcg_at_1": 0.51182,
        "ndcg_at_3": 0.54381,
        "ndcg_at_5": 0.58433,
        "ndcg_at_10": 0.62057,
        "ndcg_at_20": 0.6405,
        "ndcg_at_100": 0.65868,
        "ndcg_at_1000": 0.66757,
        "map_at_1": 0.35735,
        "map_at_3": 0.48578,
        "map_at_5": 0.51894,
        "map_at_10": 0.53975,
        "map_at_20": 0.54727,
        "map_at_100": 0.55072,
        "map_at_1000": 0.55115,
        "recall_at_1": 0.35735,
        "recall_at_3": 0.5749,
        "recall_at_5": 0.66928,
        "recall_at_10": 0.76349,
        "recall_at_20": 0.83047,
        "recall_at_100": 0.91417,
        "recall_at_1000": 0.97529,
        "precision_at_1": 0.51182,
        "precision_at_3": 0.29846,
        "precision_at_5": 0.21418,
        "precision_at_10": 0.12476,
        "precision_at_20": 0.06844,
        "precision_at_100": 0.0152,
        "precision_at_1000": 0.00163,
        "mrr_at_1": 0.512411,
        "mrr_at_3": 0.60658,
        "mrr_at_5": 0.622212,
        "mrr_at_10": 0.631137,
        "mrr_at_20": 0.634448,
        "mrr_at_100": 0.636006,
        "mrr_at_1000": 0.636166,
        "nauc_ndcg_at_1_max": 0.306206,
        "nauc_ndcg_at_1_std": -0.036794,
        "nauc_ndcg_at_1_diff1": 0.43844,
        "nauc_ndcg_at_3_max": 0.290623,
        "nauc_ndcg_at_3_std": -0.040035,
        "nauc_ndcg_at_3_diff1": 0.33829,
        "nauc_ndcg_at_5_max": 0.313343,
        "nauc_ndcg_at_5_std": -0.026007,
        "nauc_ndcg_at_5_diff1": 0.333283,
        "nauc_ndcg_at_10_max": 0.335011,
        "nauc_ndcg_at_10_std": -0.008611,
        "nauc_ndcg_at_10_diff1": 0.332447,
        "nauc_ndcg_at_20_max": 0.341191,
        "nauc_ndcg_at_20_std": 0.007611,
        "nauc_ndcg_at_20_diff1": 0.337768,
        "nauc_ndcg_at_100_max": 0.34258,
        "nauc_ndcg_at_100_std": 0.018018,
        "nauc_ndcg_at_100_diff1": 0.346794,
        "nauc_ndcg_at_1000_max": 0.336189,
        "nauc_ndcg_at_1000_std": 0.005472,
        "nauc_ndcg_at_1000_diff1": 0.348634,
        "nauc_map_at_1_max": 0.196295,
        "nauc_map_at_1_std": -0.052944,
        "nauc_map_at_1_diff1": 0.412712,
        "nauc_map_at_3_max": 0.26575,
        "nauc_map_at_3_std": -0.043974,
        "nauc_map_at_3_diff1": 0.345762,
        "nauc_map_at_5_max": 0.289669,
        "nauc_map_at_5_std": -0.033464,
        "nauc_map_at_5_diff1": 0.339362,
        "nauc_map_at_10_max": 0.301287,
        "nauc_map_at_10_std": -0.025048,
        "nauc_map_at_10_diff1": 0.338757,
        "nauc_map_at_20_max": 0.304221,
        "nauc_map_at_20_std": -0.019786,
        "nauc_map_at_20_diff1": 0.341171,
        "nauc_map_at_100_max": 0.304519,
        "nauc_map_at_100_std": -0.01793,
        "nauc_map_at_100_diff1": 0.342429,
        "nauc_map_at_1000_max": 0.304237,
        "nauc_map_at_1000_std": -0.018457,
        "nauc_map_at_1000_diff1": 0.342441,
        "nauc_recall_at_1_max": 0.196295,
        "nauc_recall_at_1_std": -0.052944,
        "nauc_recall_at_1_diff1": 0.412712,
        "nauc_recall_at_3_max": 0.253025,
        "nauc_recall_at_3_std": -0.037907,
        "nauc_recall_at_3_diff1": 0.262062,
        "nauc_recall_at_5_max": 0.298676,
        "nauc_recall_at_5_std": -0.011544,
        "nauc_recall_at_5_diff1": 0.235484,
        "nauc_recall_at_10_max": 0.359287,
        "nauc_recall_at_10_std": 0.046221,
        "nauc_recall_at_10_diff1": 0.203881,
        "nauc_recall_at_20_max": 0.398801,
        "nauc_recall_at_20_std": 0.150942,
        "nauc_recall_at_20_diff1": 0.194614,
        "nauc_recall_at_100_max": 0.497599,
        "nauc_recall_at_100_std": 0.416523,
        "nauc_recall_at_100_diff1": 0.230535,
        "nauc_recall_at_1000_max": 0.583078,
        "nauc_recall_at_1000_std": 0.605554,
        "nauc_recall_at_1000_diff1": 0.195833,
        "nauc_precision_at_1_max": 0.306206,
        "nauc_precision_at_1_std": -0.036794,
        "nauc_precision_at_1_diff1": 0.43844,
        "nauc_precision_at_3_max": 0.315975,
        "nauc_precision_at_3_std": 0.011247,
        "nauc_precision_at_3_diff1": 0.137747,
        "nauc_precision_at_5_max": 0.300144,
        "nauc_precision_at_5_std": 0.043786,
        "nauc_precision_at_5_diff1": 0.06084,
        "nauc_precision_at_10_max": 0.274454,
        "nauc_precision_at_10_std": 0.078039,
        "nauc_precision_at_10_diff1": 0.001971,
        "nauc_precision_at_20_max": 0.248305,
        "nauc_precision_at_20_std": 0.116035,
        "nauc_precision_at_20_diff1": -0.0239,
        "nauc_precision_at_100_max": 0.191038,
        "nauc_precision_at_100_std": 0.129475,
        "nauc_precision_at_100_diff1": -0.050269,
        "nauc_precision_at_1000_max": 0.12308,
        "nauc_precision_at_1000_std": 0.071275,
        "nauc_precision_at_1000_diff1": -0.081478,
        "nauc_mrr_at_1_max": 0.309368,
        "nauc_mrr_at_1_std": -0.035855,
        "nauc_mrr_at_1_diff1": 0.437,
        "nauc_mrr_at_3_max": 0.339452,
        "nauc_mrr_at_3_std": -0.027202,
        "nauc_mrr_at_3_diff1": 0.392242,
        "nauc_mrr_at_5_max": 0.344429,
        "nauc_mrr_at_5_std": -0.022418,
        "nauc_mrr_at_5_diff1": 0.391361,
        "nauc_mrr_at_10_max": 0.346462,
        "nauc_mrr_at_10_std": -0.019972,
        "nauc_mrr_at_10_diff1": 0.394797,
        "nauc_mrr_at_20_max": 0.345913,
        "nauc_mrr_at_20_std": -0.018968,
        "nauc_mrr_at_20_diff1": 0.39597,
        "nauc_mrr_at_100_max": 0.345705,
        "nauc_mrr_at_100_std": -0.018441,
        "nauc_mrr_at_100_diff1": 0.396546,
        "nauc_mrr_at_1000_max": 0.345477,
        "nauc_mrr_at_1000_std": -0.018721,
        "nauc_mrr_at_1000_diff1": 0.396543,
        "main_score": 0.62057,
        "hf_subset": "default",
        "languages": [
          "rus-Cyrl"
        ]
      }
    ]
  },
  "evaluation_time": 45.306862115859985,
  "kg_co2_emissions": 0.003906052618508
}