{
  "dataset_revision": "7d94d570960eac2408d3baa7a33f9de4822ae3e4",
  "task_name": "VidoreArxivQARetrieval",
  "mteb_version": "1.38.34",
  "scores": {
    "test": [
      {
        "ndcg_at_1": 0.85,
        "ndcg_at_3": 0.88119,
        "ndcg_at_5": 0.88868,
        "ndcg_at_10": 0.89847,
        "ndcg_at_20": 0.90514,
        "ndcg_at_100": 0.90832,
        "ndcg_at_1000": 0.90905,
        "map_at_1": 0.85,
        "map_at_3": 0.87333,
        "map_at_5": 0.87753,
        "map_at_10": 0.88163,
        "map_at_20": 0.8835,
        "map_at_100": 0.88404,
        "map_at_1000": 0.88406,
        "recall_at_1": 0.85,
        "recall_at_3": 0.904,
        "recall_at_5": 0.922,
        "recall_at_10": 0.952,
        "recall_at_20": 0.978,
        "recall_at_100": 0.994,
        "recall_at_1000": 1.0,
        "cv_recall_at_1": 0.85,
        "cv_recall_at_3": 0.904,
        "cv_recall_at_5": 0.922,
        "cv_recall_at_10": 0.952,
        "cv_recall_at_20": 0.978,
        "cv_recall_at_100": 0.994,
        "cv_recall_at_1000": 1.0,
        "precision_at_1": 0.85,
        "precision_at_3": 0.30133,
        "precision_at_5": 0.1844,
        "precision_at_10": 0.0952,
        "precision_at_20": 0.0489,
        "precision_at_100": 0.00994,
        "precision_at_1000": 0.001,
        "mrr_at_1": 0.85,
        "mrr_at_3": 0.873333,
        "mrr_at_5": 0.877533,
        "mrr_at_10": 0.881629,
        "mrr_at_20": 0.883505,
        "mrr_at_100": 0.884038,
        "mrr_at_1000": 0.88406,
        "nauc_ndcg_at_1_max": 0.796544,
        "nauc_ndcg_at_1_std": 0.067276,
        "nauc_ndcg_at_1_diff1": 0.947869,
        "nauc_ndcg_at_3_max": 0.800927,
        "nauc_ndcg_at_3_std": 0.100073,
        "nauc_ndcg_at_3_diff1": 0.932701,
        "nauc_ndcg_at_5_max": 0.795295,
        "nauc_ndcg_at_5_std": 0.070406,
        "nauc_ndcg_at_5_diff1": 0.930039,
        "nauc_ndcg_at_10_max": 0.789844,
        "nauc_ndcg_at_10_std": 0.033208,
        "nauc_ndcg_at_10_diff1": 0.934864,
        "nauc_ndcg_at_20_max": 0.791247,
        "nauc_ndcg_at_20_std": 0.063458,
        "nauc_ndcg_at_20_diff1": 0.934003,
        "nauc_ndcg_at_100_max": 0.788644,
        "nauc_ndcg_at_100_std": 0.068965,
        "nauc_ndcg_at_100_diff1": 0.935395,
        "nauc_ndcg_at_1000_max": 0.792324,
        "nauc_ndcg_at_1000_std": 0.068141,
        "nauc_ndcg_at_1000_diff1": 0.935984,
        "nauc_map_at_1_max": 0.796544,
        "nauc_map_at_1_std": 0.067276,
        "nauc_map_at_1_diff1": 0.947869,
        "nauc_map_at_3_max": 0.800129,
        "nauc_map_at_3_std": 0.093905,
        "nauc_map_at_3_diff1": 0.936826,
        "nauc_map_at_5_max": 0.797305,
        "nauc_map_at_5_std": 0.078399,
        "nauc_map_at_5_diff1": 0.935528,
        "nauc_map_at_10_max": 0.79582,
        "nauc_map_at_10_std": 0.065223,
        "nauc_map_at_10_diff1": 0.937515,
        "nauc_map_at_20_max": 0.796154,
        "nauc_map_at_20_std": 0.072646,
        "nauc_map_at_20_diff1": 0.937418,
        "nauc_map_at_100_max": 0.795823,
        "nauc_map_at_100_std": 0.073272,
        "nauc_map_at_100_diff1": 0.93767,
        "nauc_map_at_1000_max": 0.79586,
        "nauc_map_at_1000_std": 0.07319,
        "nauc_map_at_1000_diff1": 0.937673,
        "nauc_recall_at_1_max": 0.796544,
        "nauc_recall_at_1_std": 0.067276,
        "nauc_recall_at_1_diff1": 0.947869,
        "nauc_recall_at_3_max": 0.803649,
        "nauc_recall_at_3_std": 0.121265,
        "nauc_recall_at_3_diff1": 0.917523,
        "nauc_recall_at_5_max": 0.784852,
        "nauc_recall_at_5_std": 0.027377,
        "nauc_recall_at_5_diff1": 0.905612,
        "nauc_recall_at_10_max": 0.738873,
        "nauc_recall_at_10_std": -0.233563,
        "nauc_recall_at_10_diff1": 0.920149,
        "nauc_recall_at_20_max": 0.704864,
        "nauc_recall_at_20_std": -0.053349,
        "nauc_recall_at_20_diff1": 0.886682,
        "nauc_recall_at_100_max": 0.282758,
        "nauc_recall_at_100_std": 0.086679,
        "nauc_recall_at_100_diff1": 0.851385,
        "nauc_recall_at_1000_max": NaN,
        "nauc_recall_at_1000_std": NaN,
        "nauc_recall_at_1000_diff1": NaN,
        "nauc_precision_at_1_max": 0.796544,
        "nauc_precision_at_1_std": 0.067276,
        "nauc_precision_at_1_diff1": 0.947869,
        "nauc_precision_at_3_max": 0.803649,
        "nauc_precision_at_3_std": 0.121265,
        "nauc_precision_at_3_diff1": 0.917523,
        "nauc_precision_at_5_max": 0.784852,
        "nauc_precision_at_5_std": 0.027377,
        "nauc_precision_at_5_diff1": 0.905612,
        "nauc_precision_at_10_max": 0.738873,
        "nauc_precision_at_10_std": -0.233563,
        "nauc_precision_at_10_diff1": 0.920149,
        "nauc_precision_at_20_max": 0.704864,
        "nauc_precision_at_20_std": -0.053349,
        "nauc_precision_at_20_diff1": 0.886682,
        "nauc_precision_at_100_max": 0.282758,
        "nauc_precision_at_100_std": 0.086679,
        "nauc_precision_at_100_diff1": 0.851385,
        "nauc_precision_at_1000_max": 1.0,
        "nauc_precision_at_1000_std": 1.0,
        "nauc_precision_at_1000_diff1": 1.0,
        "nauc_cv_recall_at_1_max": 0.796544,
        "nauc_cv_recall_at_1_std": 0.067276,
        "nauc_cv_recall_at_1_diff1": 0.947869,
        "nauc_cv_recall_at_3_max": 0.803649,
        "nauc_cv_recall_at_3_std": 0.121265,
        "nauc_cv_recall_at_3_diff1": 0.917523,
        "nauc_cv_recall_at_5_max": 0.784852,
        "nauc_cv_recall_at_5_std": 0.027377,
        "nauc_cv_recall_at_5_diff1": 0.905612,
        "nauc_cv_recall_at_10_max": 0.738873,
        "nauc_cv_recall_at_10_std": -0.233563,
        "nauc_cv_recall_at_10_diff1": 0.920149,
        "nauc_cv_recall_at_20_max": 0.704864,
        "nauc_cv_recall_at_20_std": -0.053349,
        "nauc_cv_recall_at_20_diff1": 0.886682,
        "nauc_cv_recall_at_100_max": 0.282758,
        "nauc_cv_recall_at_100_std": 0.086679,
        "nauc_cv_recall_at_100_diff1": 0.851385,
        "nauc_cv_recall_at_1000_max": NaN,
        "nauc_cv_recall_at_1000_std": NaN,
        "nauc_cv_recall_at_1000_diff1": NaN,
        "nauc_mrr_at_1_max": 0.796544,
        "nauc_mrr_at_1_std": 0.067276,
        "nauc_mrr_at_1_diff1": 0.947869,
        "nauc_mrr_at_3_max": 0.800129,
        "nauc_mrr_at_3_std": 0.093905,
        "nauc_mrr_at_3_diff1": 0.936826,
        "nauc_mrr_at_5_max": 0.797305,
        "nauc_mrr_at_5_std": 0.078399,
        "nauc_mrr_at_5_diff1": 0.935528,
        "nauc_mrr_at_10_max": 0.79582,
        "nauc_mrr_at_10_std": 0.065223,
        "nauc_mrr_at_10_diff1": 0.937515,
        "nauc_mrr_at_20_max": 0.796154,
        "nauc_mrr_at_20_std": 0.072646,
        "nauc_mrr_at_20_diff1": 0.937418,
        "nauc_mrr_at_100_max": 0.795823,
        "nauc_mrr_at_100_std": 0.073272,
        "nauc_mrr_at_100_diff1": 0.93767,
        "nauc_mrr_at_1000_max": 0.79586,
        "nauc_mrr_at_1000_std": 0.07319,
        "nauc_mrr_at_1000_diff1": 0.937673,
        "main_score": 0.88868,
        "hf_subset": "default",
        "languages": [
          "eng-Latn"
        ]
      }
    ]
  },
  "evaluation_time": 50.164011001586914,
  "kg_co2_emissions": null
}