{
  "dataset_revision": "9ab3ca3ccdd0d43f9cd6d346a363935d127f4f45",
  "task_name": "SpartQA",
  "mteb_version": "1.18.0",
  "scores": {
    "test": [
      {
        "ndcg_at_1": 0.0,
        "ndcg_at_3": 0.00087,
        "ndcg_at_5": 0.00214,
        "ndcg_at_10": 0.00591,
        "ndcg_at_20": 0.01138,
        "ndcg_at_100": 0.02767,
        "ndcg_at_1000": 0.07589,
        "map_at_1": 0.0,
        "map_at_3": 0.00059,
        "map_at_5": 0.00118,
        "map_at_10": 0.00247,
        "map_at_20": 0.00373,
        "map_at_100": 0.00552,
        "map_at_1000": 0.00664,
        "recall_at_1": 0.0,
        "recall_at_3": 0.00148,
        "recall_at_5": 0.00408,
        "recall_at_10": 0.01391,
        "recall_at_20": 0.03228,
        "recall_at_100": 0.11028,
        "recall_at_1000": 0.48256,
        "precision_at_1": 0.0,
        "precision_at_3": 0.00074,
        "precision_at_5": 0.00145,
        "precision_at_10": 0.00267,
        "precision_at_20": 0.00309,
        "precision_at_100": 0.00202,
        "precision_at_1000": 0.00081,
        "mrr_at_1": 0.0,
        "mrr_at_3": 0.000742,
        "mrr_at_5": 0.001855,
        "mrr_at_10": 0.004347,
        "mrr_at_20": 0.006689,
        "mrr_at_100": 0.009842,
        "mrr_at_1000": 0.011262,
        "nauc_ndcg_at_1_max": NaN,
        "nauc_ndcg_at_1_std": NaN,
        "nauc_ndcg_at_1_diff1": NaN,
        "nauc_ndcg_at_3_max": 0.473635,
        "nauc_ndcg_at_3_std": 0.44604,
        "nauc_ndcg_at_3_diff1": 0.207243,
        "nauc_ndcg_at_5_max": 0.430885,
        "nauc_ndcg_at_5_std": 0.603148,
        "nauc_ndcg_at_5_diff1": 0.155539,
        "nauc_ndcg_at_10_max": 0.387445,
        "nauc_ndcg_at_10_std": 0.598409,
        "nauc_ndcg_at_10_diff1": 0.154684,
        "nauc_ndcg_at_20_max": 0.24413,
        "nauc_ndcg_at_20_std": 0.37868,
        "nauc_ndcg_at_20_diff1": 0.062034,
        "nauc_ndcg_at_100_max": 0.14561,
        "nauc_ndcg_at_100_std": 0.240291,
        "nauc_ndcg_at_100_diff1": 0.024096,
        "nauc_ndcg_at_1000_max": 0.03064,
        "nauc_ndcg_at_1000_std": 0.141177,
        "nauc_ndcg_at_1000_diff1": 0.090148,
        "nauc_map_at_1_max": NaN,
        "nauc_map_at_1_std": NaN,
        "nauc_map_at_1_diff1": NaN,
        "nauc_map_at_3_max": 0.488404,
        "nauc_map_at_3_std": 0.429046,
        "nauc_map_at_3_diff1": 0.191199,
        "nauc_map_at_5_max": 0.45013,
        "nauc_map_at_5_std": 0.583884,
        "nauc_map_at_5_diff1": 0.150556,
        "nauc_map_at_10_max": 0.406492,
        "nauc_map_at_10_std": 0.607601,
        "nauc_map_at_10_diff1": 0.165479,
        "nauc_map_at_20_max": 0.309946,
        "nauc_map_at_20_std": 0.453645,
        "nauc_map_at_20_diff1": 0.104683,
        "nauc_map_at_100_max": 0.238653,
        "nauc_map_at_100_std": 0.354426,
        "nauc_map_at_100_diff1": 0.07111,
        "nauc_map_at_1000_max": 0.212324,
        "nauc_map_at_1000_std": 0.328437,
        "nauc_map_at_1000_diff1": 0.081648,
        "nauc_recall_at_1_max": NaN,
        "nauc_recall_at_1_std": NaN,
        "nauc_recall_at_1_diff1": NaN,
        "nauc_recall_at_3_max": 0.492843,
        "nauc_recall_at_3_std": 0.454075,
        "nauc_recall_at_3_diff1": 0.224436,
        "nauc_recall_at_5_max": 0.43648,
        "nauc_recall_at_5_std": 0.633154,
        "nauc_recall_at_5_diff1": 0.140055,
        "nauc_recall_at_10_max": 0.390913,
        "nauc_recall_at_10_std": 0.625282,
        "nauc_recall_at_10_diff1": 0.168422,
        "nauc_recall_at_20_max": 0.223225,
        "nauc_recall_at_20_std": 0.348165,
        "nauc_recall_at_20_diff1": 0.06181,
        "nauc_recall_at_100_max": 0.112255,
        "nauc_recall_at_100_std": 0.188081,
        "nauc_recall_at_100_diff1": 0.027693,
        "nauc_recall_at_1000_max": -0.05461,
        "nauc_recall_at_1000_std": 0.019014,
        "nauc_recall_at_1000_diff1": 0.092958,
        "nauc_precision_at_1_max": NaN,
        "nauc_precision_at_1_std": NaN,
        "nauc_precision_at_1_diff1": NaN,
        "nauc_precision_at_3_max": 0.380144,
        "nauc_precision_at_3_std": 0.429431,
        "nauc_precision_at_3_diff1": 0.215284,
        "nauc_precision_at_5_max": 0.384475,
        "nauc_precision_at_5_std": 0.591633,
        "nauc_precision_at_5_diff1": 0.167798,
        "nauc_precision_at_10_max": 0.355899,
        "nauc_precision_at_10_std": 0.547206,
        "nauc_precision_at_10_diff1": 0.120214,
        "nauc_precision_at_20_max": 0.184054,
        "nauc_precision_at_20_std": 0.311761,
        "nauc_precision_at_20_diff1": 0.007967,
        "nauc_precision_at_100_max": 0.106349,
        "nauc_precision_at_100_std": 0.208464,
        "nauc_precision_at_100_diff1": -0.01504,
        "nauc_precision_at_1000_max": -0.022151,
        "nauc_precision_at_1000_std": 0.106629,
        "nauc_precision_at_1000_diff1": 0.074388,
        "nauc_mrr_at_1_max": NaN,
        "nauc_mrr_at_1_std": NaN,
        "nauc_mrr_at_1_diff1": NaN,
        "nauc_mrr_at_3_max": 0.447052,
        "nauc_mrr_at_3_std": 0.475193,
        "nauc_mrr_at_3_diff1": 0.204725,
        "nauc_mrr_at_5_max": 0.412395,
        "nauc_mrr_at_5_std": 0.58338,
        "nauc_mrr_at_5_diff1": 0.185624,
        "nauc_mrr_at_10_max": 0.378714,
        "nauc_mrr_at_10_std": 0.562182,
        "nauc_mrr_at_10_diff1": 0.138625,
        "nauc_mrr_at_20_max": 0.269395,
        "nauc_mrr_at_20_std": 0.416462,
        "nauc_mrr_at_20_diff1": 0.059981,
        "nauc_mrr_at_100_max": 0.215465,
        "nauc_mrr_at_100_std": 0.339441,
        "nauc_mrr_at_100_diff1": 0.026452,
        "nauc_mrr_at_1000_max": 0.206466,
        "nauc_mrr_at_1000_std": 0.327,
        "nauc_mrr_at_1000_diff1": 0.035881,
        "main_score": 0.00591,
        "hf_subset": "default",
        "languages": [
          "eng-Latn"
        ]
      }
    ]
  },
  "evaluation_time": 7.4927003383636475,
  "kg_co2_emissions": 0.0002866492276124598
}