{
  "dataset_revision": "e3dda5e115e487b39ec7e618c0c6a29137052a55",
  "evaluation_time": 6.533109664916992,
  "kg_co2_emissions": 0.0003129971324787776,
  "mteb_version": "1.12.41",
  "scores": {
    "test": [
      {
        "cosine_pearson": 0.3603592084110347,
        "cosine_spearman": 0.3632880631468979,
        "euclidean_pearson": 0.3695818287967213,
        "euclidean_spearman": 0.36301460697056265,
        "hf_subset": "default",
        "languages": [
          "cmn-Hans"
        ],
        "main_score": 0.3632880631468979,
        "manhattan_pearson": 0.3673975333792613,
        "manhattan_spearman": 0.3609623345917872,
        "pearson": [
          0.36035921040032537,
          2.260045758467315e-304
        ],
        "spearman": [
          0.36328802851460046,
          1.137859868905667e-309
        ]
      }
    ],
    "validation": [
      {
        "cosine_pearson": 0.4011150047578317,
        "cosine_spearman": 0.4055961756187584,
        "euclidean_pearson": 0.39340531228803843,
        "euclidean_spearman": 0.3903339327231043,
        "hf_subset": "default",
        "languages": [
          "cmn-Hans"
        ],
        "main_score": 0.4055961756187584,
        "manhattan_pearson": 0.3897818232042684,
        "manhattan_spearman": 0.38684620591627894,
        "pearson": [
          0.4011150067852472,
          0.0
        ],
        "spearman": [
          0.4055961756114577,
          0.0
        ]
      }
    ]
  },
  "task_name": "BQ"
}