{
  "dataset_revision": "83b690cb666c5a8869e7f213a877bbd24a642d7c",
  "evaluation_time": 15.713961839675903,
  "kg_co2_emissions": 0.0009965731999577844,
  "mteb_version": "1.12.41",
  "scores": {
    "dev": [
      {
        "hf_subset": "default",
        "languages": [
          "eng-Latn"
        ],
        "main_score": 0.43988,
        "map_at_1": 0.24733,
        "map_at_10": 0.36933,
        "map_at_100": 0.3808,
        "map_at_1000": 0.38111,
        "map_at_20": 0.37666,
        "map_at_3": 0.32889,
        "map_at_5": 0.35089,
        "mrr_at_1": 0.25,
        "mrr_at_10": 0.37161005291005267,
        "mrr_at_100": 0.3830232331275672,
        "mrr_at_1000": 0.38333819007180403,
        "mrr_at_20": 0.37889186424170884,
        "mrr_at_3": 0.33088888888888845,
        "mrr_at_5": 0.3535222222222217,
        "nauc_map_at_1000_diff1": 0.34600525206765237,
        "nauc_map_at_1000_max": 0.09876818150581702,
        "nauc_map_at_1000_std": -0.18014520858526648,
        "nauc_map_at_100_diff1": 0.34583105779944445,
        "nauc_map_at_100_max": 0.09871416739486814,
        "nauc_map_at_100_std": -0.18005449820172062,
        "nauc_map_at_10_diff1": 0.34382500578926956,
        "nauc_map_at_10_max": 0.09827784029542867,
        "nauc_map_at_10_std": -0.1839011757841485,
        "nauc_map_at_1_diff1": 0.41700162692637077,
        "nauc_map_at_1_max": 0.0930008661830889,
        "nauc_map_at_1_std": -0.16905942764907658,
        "nauc_map_at_20_diff1": 0.3437498851010616,
        "nauc_map_at_20_max": 0.09906256493647836,
        "nauc_map_at_20_std": -0.18247316640226413,
        "nauc_map_at_3_diff1": 0.35812916187758626,
        "nauc_map_at_3_max": 0.08926301063406909,
        "nauc_map_at_3_std": -0.18785093814614084,
        "nauc_map_at_5_diff1": 0.3465229903434164,
        "nauc_map_at_5_max": 0.09736467758615062,
        "nauc_map_at_5_std": -0.1859121034070221,
        "nauc_mrr_at_1000_diff1": 0.3406465793225237,
        "nauc_mrr_at_1000_max": 0.09440692630550829,
        "nauc_mrr_at_1000_std": -0.17308290808201762,
        "nauc_mrr_at_100_diff1": 0.3404779710240438,
        "nauc_mrr_at_100_max": 0.09435619510853875,
        "nauc_mrr_at_100_std": -0.17300068421965542,
        "nauc_mrr_at_10_diff1": 0.3386890728565912,
        "nauc_mrr_at_10_max": 0.09384448547146837,
        "nauc_mrr_at_10_std": -0.17731595948908543,
        "nauc_mrr_at_1_diff1": 0.4074821625597645,
        "nauc_mrr_at_1_max": 0.08104940541865881,
        "nauc_mrr_at_1_std": -0.16232340321196514,
        "nauc_mrr_at_20_diff1": 0.3385513255804597,
        "nauc_mrr_at_20_max": 0.09488278133807655,
        "nauc_mrr_at_20_std": -0.17531292953786223,
        "nauc_mrr_at_3_diff1": 0.35490195295130633,
        "nauc_mrr_at_3_max": 0.0872780524140627,
        "nauc_mrr_at_3_std": -0.17970882578622174,
        "nauc_mrr_at_5_diff1": 0.34168678711699674,
        "nauc_mrr_at_5_max": 0.09369561228660049,
        "nauc_mrr_at_5_std": -0.17751531875612606,
        "nauc_ndcg_at_1000_diff1": 0.327027438044126,
        "nauc_ndcg_at_1000_max": 0.10665989513181395,
        "nauc_ndcg_at_1000_std": -0.17131514893577252,
        "nauc_ndcg_at_100_diff1": 0.3223035510424781,
        "nauc_ndcg_at_100_max": 0.10674853170891693,
        "nauc_ndcg_at_100_std": -0.16778352367188507,
        "nauc_ndcg_at_10_diff1": 0.3100992327065235,
        "nauc_ndcg_at_10_max": 0.10591750186963236,
        "nauc_ndcg_at_10_std": -0.18706744825725,
        "nauc_ndcg_at_1_diff1": 0.41700162692637077,
        "nauc_ndcg_at_1_max": 0.0930008661830889,
        "nauc_ndcg_at_1_std": -0.16905942764907658,
        "nauc_ndcg_at_20_diff1": 0.30698324278218936,
        "nauc_ndcg_at_20_max": 0.10895941326218538,
        "nauc_ndcg_at_20_std": -0.18207995281225337,
        "nauc_ndcg_at_3_diff1": 0.33882660222068534,
        "nauc_ndcg_at_3_max": 0.08822226677154904,
        "nauc_ndcg_at_3_std": -0.19408954120658756,
        "nauc_ndcg_at_5_diff1": 0.31826247373071576,
        "nauc_ndcg_at_5_max": 0.10313286930544117,
        "nauc_ndcg_at_5_std": -0.19144940960239823,
        "nauc_precision_at_1000_diff1": 0.06984126984127063,
        "nauc_precision_at_1000_max": 0.4176003734827234,
        "nauc_precision_at_1000_std": 0.35073140367257927,
        "nauc_precision_at_100_diff1": 0.14355742296918803,
        "nauc_precision_at_100_max": 0.1994353296874302,
        "nauc_precision_at_100_std": 0.05369555229499278,
        "nauc_precision_at_10_diff1": 0.18884304932735402,
        "nauc_precision_at_10_max": 0.13621748878923728,
        "nauc_precision_at_10_std": -0.1963587443946188,
        "nauc_precision_at_1_diff1": 0.41700162692637077,
        "nauc_precision_at_1_max": 0.0930008661830889,
        "nauc_precision_at_1_std": -0.16905942764907658,
        "nauc_precision_at_20_diff1": 0.12861693635624355,
        "nauc_precision_at_20_max": 0.16202711070328232,
        "nauc_precision_at_20_std": -0.17245659974784108,
        "nauc_precision_at_3_diff1": 0.2858595922210512,
        "nauc_precision_at_3_max": 0.08541590482088737,
        "nauc_precision_at_3_std": -0.21122925209835144,
        "nauc_precision_at_5_diff1": 0.2351867379620336,
        "nauc_precision_at_5_max": 0.12191782704916912,
        "nauc_precision_at_5_std": -0.20742369883663905,
        "nauc_recall_at_1000_diff1": 0.06984126984127204,
        "nauc_recall_at_1000_max": 0.4176003734827264,
        "nauc_recall_at_1000_std": 0.35073140367258154,
        "nauc_recall_at_100_diff1": 0.1435574229691874,
        "nauc_recall_at_100_max": 0.19943532968743066,
        "nauc_recall_at_100_std": 0.0536955522949933,
        "nauc_recall_at_10_diff1": 0.18884304932735455,
        "nauc_recall_at_10_max": 0.1362174887892376,
        "nauc_recall_at_10_std": -0.1963587443946187,
        "nauc_recall_at_1_diff1": 0.41700162692637077,
        "nauc_recall_at_1_max": 0.0930008661830889,
        "nauc_recall_at_1_std": -0.16905942764907658,
        "nauc_recall_at_20_diff1": 0.12861693635624424,
        "nauc_recall_at_20_max": 0.16202711070328168,
        "nauc_recall_at_20_std": -0.1724565997478422,
        "nauc_recall_at_3_diff1": 0.28585959222105145,
        "nauc_recall_at_3_max": 0.08541590482088775,
        "nauc_recall_at_3_std": -0.21122925209835156,
        "nauc_recall_at_5_diff1": 0.23518673796203377,
        "nauc_recall_at_5_max": 0.12191782704916909,
        "nauc_recall_at_5_std": -0.20742369883663916,
        "ndcg_at_1": 0.24733,
        "ndcg_at_10": 0.43988,
        "ndcg_at_100": 0.49409,
        "ndcg_at_1000": 0.50225,
        "ndcg_at_20": 0.4662,
        "ndcg_at_3": 0.35617,
        "ndcg_at_5": 0.39548,
        "precision_at_1": 0.24733,
        "precision_at_10": 0.06667,
        "precision_at_100": 0.00916,
        "precision_at_1000": 0.00098,
        "precision_at_20": 0.0385,
        "precision_at_3": 0.14511,
        "precision_at_5": 0.106,
        "recall_at_1": 0.24733,
        "recall_at_10": 0.66667,
        "recall_at_100": 0.916,
        "recall_at_1000": 0.98,
        "recall_at_20": 0.77,
        "recall_at_3": 0.43533,
        "recall_at_5": 0.53
      }
    ],
    "test": [
      {
        "hf_subset": "default",
        "languages": [
          "eng-Latn"
        ],
        "main_score": 0.46716,
        "map_at_1": 0.28067,
        "map_at_10": 0.39839,
        "map_at_100": 0.40905,
        "map_at_1000": 0.40931,
        "map_at_20": 0.40491,
        "map_at_3": 0.35756,
        "map_at_5": 0.38146,
        "mrr_at_1": 0.2753333333333333,
        "mrr_at_10": 0.39578835978835997,
        "mrr_at_100": 0.4062409908085388,
        "mrr_at_1000": 0.40650442294224354,
        "mrr_at_20": 0.40215069693808086,
        "mrr_at_3": 0.3542222222222219,
        "mrr_at_5": 0.379122222222222,
        "nauc_map_at_1000_diff1": 0.45105130455770365,
        "nauc_map_at_1000_max": 0.007688336552223188,
        "nauc_map_at_1000_std": -0.25600023839016145,