{
    "dataset_revision": "f8c2fcf00f625baaa80f62ec5bd9e1fff3b8ae88",
    "task_name": "SCIDOCS",
    "evaluation_time": null,
    "mteb_version": null,
    "scores": {
        "test": [
            {
                "hf_subset": "default",
                "languages": [
                    "eng-Latn"
                ],
                "ndcg_at_1": 0.237,
                "ndcg_at_3": 0.19346,
                "ndcg_at_5": 0.17045,
                "ndcg_at_10": 0.20347,
                "ndcg_at_20": 0.23237,
                "ndcg_at_100": 0.27923,
                "ndcg_at_1000": 0.32891999999999993,
                "map_at_1": 0.04813,
                "map_at_3": 0.08688000000000001,
                "map_at_5": 0.1041,
                "map_at_10": 0.12108,
                "map_at_20": 0.13187,
                "map_at_100": 0.14113,
                "map_at_1000": 0.14383,
                "recall_at_1": 0.04813,
                "recall_at_3": 0.11022,
                "recall_at_5": 0.15242,
                "recall_at_10": 0.21308,
                "recall_at_20": 0.281,
                "recall_at_100": 0.43335,
                "recall_at_1000": 0.67672,
                "precision_at_1": 0.237,
                "precision_at_3": 0.18099999999999997,
                "precision_at_5": 0.15,
                "precision_at_10": 0.1048,
                "precision_at_20": 0.0691,
                "precision_at_100": 0.021330000000000002,
                "precision_at_1000": 0.00333,
                "mrr_at_1": 0.237,
                "mrr_at_3": 0.3135,
                "mrr_at_5": 0.3365000000000001,
                "mrr_at_10": 0.349399,
                "mrr_at_20": 0.35542900000000005,
                "mrr_at_100": 0.359342,
                "mrr_at_1000": 0.359943,
                "nauc_ndcg_at_1_max": 0.20214499999999996,
                "nauc_ndcg_at_1_std": 0.07246,
                "nauc_ndcg_at_1_diff1": 0.268353,
                "nauc_ndcg_at_3_max": 0.233459,
                "nauc_ndcg_at_3_std": 0.109732,
                "nauc_ndcg_at_3_diff1": 0.21061800000000003,
                "nauc_ndcg_at_5_max": 0.245147,
                "nauc_ndcg_at_5_std": 0.13309,
                "nauc_ndcg_at_5_diff1": 0.20097500000000001,
                "nauc_ndcg_at_10_max": 0.270937,
                "nauc_ndcg_at_10_std": 0.164516,
                "nauc_ndcg_at_10_diff1": 0.199585,
                "nauc_ndcg_at_20_max": 0.285036,
                "nauc_ndcg_at_20_std": 0.191956,
                "nauc_ndcg_at_20_diff1": 0.19508200000000003,
                "nauc_ndcg_at_100_max": 0.307317,
                "nauc_ndcg_at_100_std": 0.232169,
                "nauc_ndcg_at_100_diff1": 0.197085,
                "nauc_ndcg_at_1000_max": 0.303307,
                "nauc_ndcg_at_1000_std": 0.247664,
                "nauc_ndcg_at_1000_diff1": 0.190469,
                "nauc_map_at_1_max": 0.203702,
                "nauc_map_at_1_std": 0.072192,
                "nauc_map_at_1_diff1": 0.270193,
                "nauc_map_at_3_max": 0.230558,
                "nauc_map_at_3_std": 0.09412,
                "nauc_map_at_3_diff1": 0.213691,
                "nauc_map_at_5_max": 0.23763,
                "nauc_map_at_5_std": 0.11227999999999999,
                "nauc_map_at_5_diff1": 0.204299,
                "nauc_map_at_10_max": 0.256655,
                "nauc_map_at_10_std": 0.140481,
                "nauc_map_at_10_diff1": 0.197937,
                "nauc_map_at_20_max": 0.265994,
                "nauc_map_at_20_std": 0.158204,
                "nauc_map_at_20_diff1": 0.19476499999999997,
                "nauc_map_at_100_max": 0.274895,
                "nauc_map_at_100_std": 0.17262,
                "nauc_map_at_100_diff1": 0.194661,
                "nauc_map_at_1000_max": 0.275301,
                "nauc_map_at_1000_std": 0.174927,
                "nauc_map_at_1000_diff1": 0.194691,
                "nauc_recall_at_1_max": 0.203702,
                "nauc_recall_at_1_std": 0.072192,
                "nauc_recall_at_1_diff1": 0.270193,
                "nauc_recall_at_3_max": 0.23647600000000002,
                "nauc_recall_at_3_std": 0.119176,
                "nauc_recall_at_3_diff1": 0.181657,
                "nauc_recall_at_5_max": 0.248053,
                "nauc_recall_at_5_std": 0.155205,
                "nauc_recall_at_5_diff1": 0.164924,
                "nauc_recall_at_10_max": 0.279864,
                "nauc_recall_at_10_std": 0.201496,
                "nauc_recall_at_10_diff1": 0.160154,
                "nauc_recall_at_20_max": 0.290157,
                "nauc_recall_at_20_std": 0.243741,
                "nauc_recall_at_20_diff1": 0.141748,
                "nauc_recall_at_100_max": 0.312453,
                "nauc_recall_at_100_std": 0.321617,
                "nauc_recall_at_100_diff1": 0.129714,
                "nauc_recall_at_1000_max": 0.256486,
                "nauc_recall_at_1000_std": 0.371526,
                "nauc_recall_at_1000_diff1": 0.060907,
                "nauc_precision_at_1_max": 0.20214499999999996,
                "nauc_precision_at_1_std": 0.07246,
                "nauc_precision_at_1_diff1": 0.268353,
                "nauc_precision_at_3_max": 0.238245,
                "nauc_precision_at_3_std": 0.122589,
                "nauc_precision_at_3_diff1": 0.181928,
                "nauc_precision_at_5_max": 0.253681,
                "nauc_precision_at_5_std": 0.159477,
                "nauc_precision_at_5_diff1": 0.16693100000000002,
                "nauc_precision_at_10_max": 0.282682,
                "nauc_precision_at_10_std": 0.202673,
                "nauc_precision_at_10_diff1": 0.158977,
                "nauc_precision_at_20_max": 0.293989,
                "nauc_precision_at_20_std": 0.245769,
                "nauc_precision_at_20_diff1": 0.141994,
                "nauc_precision_at_100_max": 0.31418,
                "nauc_precision_at_100_std": 0.320978,
                "nauc_precision_at_100_diff1": 0.127682,
                "nauc_precision_at_1000_max": 0.255011,
                "nauc_precision_at_1000_std": 0.36477399999999993,
                "nauc_precision_at_1000_diff1": 0.055335,
                "nauc_mrr_at_1_max": 0.20214499999999996,
                "nauc_mrr_at_1_std": 0.07246,
                "nauc_mrr_at_1_diff1": 0.268353,
                "nauc_mrr_at_3_max": 0.22792500000000002,
                "nauc_mrr_at_3_std": 0.106945,
                "nauc_mrr_at_3_diff1": 0.23630800000000002,
                "nauc_mrr_at_5_max": 0.234278,
                "nauc_mrr_at_5_std": 0.118634,
                "nauc_mrr_at_5_diff1": 0.230875,
                "nauc_mrr_at_10_max": 0.240918,
                "nauc_mrr_at_10_std": 0.124753,
                "nauc_mrr_at_10_diff1": 0.23353,
                "nauc_mrr_at_20_max": 0.24078,
                "nauc_mrr_at_20_std": 0.125849,
                "nauc_mrr_at_20_diff1": 0.233351,
                "nauc_mrr_at_100_max": 0.240858,
                "nauc_mrr_at_100_std": 0.125772,
                "nauc_mrr_at_100_diff1": 0.234778,
                "nauc_mrr_at_1000_max": 0.24058799999999997,
                "nauc_mrr_at_1000_std": 0.12549,
                "nauc_mrr_at_1000_diff1": 0.234713,
                "main_score": 0.20347
            }
        ]
    }
}