{
    "dataset_revision": "None",
    "task_name": "CQADupstackWordpressRetrieval",
    "evaluation_time": null,
    "mteb_version": null,
    "scores": {
        "test": [
            {
                "hf_subset": "default",
                "languages": [
                    "eng-Latn"
                ],
                "map_at_1": 0.15662,
                "map_at_10": 0.23594,
                "map_at_100": 0.24593999999999996,
                "map_at_1000": 0.24694,
                "map_at_3": 0.20925000000000002,
                "map_at_5": 0.22817999999999997,
                "mrr_at_1": 0.17375,
                "mrr_at_10": 0.25734,
                "mrr_at_100": 0.26586,
                "mrr_at_1000": 0.26671,
                "mrr_at_3": 0.23044,
                "mrr_at_5": 0.24975000000000003,
                "ndcg_at_1": 0.17375,
                "ndcg_at_10": 0.28186,
                "ndcg_at_100": 0.33436,
                "ndcg_at_1000": 0.36203,
                "ndcg_at_3": 0.23152,
                "ndcg_at_5": 0.26397,
                "precision_at_1": 0.17375,
                "precision_at_10": 0.04677,
                "precision_at_100": 0.00786,
                "precision_at_1000": 0.00109,
                "precision_at_3": 0.10351,
                "precision_at_5": 0.07985,
                "recall_at_1": 0.15662,
                "recall_at_10": 0.40066,
                "recall_at_100": 0.65006,
                "recall_at_1000": 0.8594000000000002,
                "recall_at_3": 0.274,
                "recall_at_5": 0.35002,
                "main_score": 0.28186
            }
        ]
    }
}