{
    "dataset_revision": "None",
    "task_name": "SCIDOCS",
    "evaluation_time": null,
    "mteb_version": null,
    "scores": {
        "test": [
            {
                "hf_subset": "default",
                "languages": [
                    "eng-Latn"
                ],
                "map_at_1": 0.03473,
                "map_at_10": 0.08944,
                "map_at_100": 0.1121,
                "map_at_1000": 0.11601,
                "map_at_3": 0.061669999999999996,
                "map_at_5": 0.07438,
                "mrr_at_1": 0.171,
                "mrr_at_10": 0.26487,
                "mrr_at_100": 0.27888,
                "mrr_at_1000": 0.27961,
                "mrr_at_3": 0.2325,
                "mrr_at_5": 0.2491,
                "ndcg_at_1": 0.171,
                "ndcg_at_10": 0.15615,
                "ndcg_at_100": 0.24667000000000003,
                "ndcg_at_1000": 0.31467,
                "ndcg_at_3": 0.14035,
                "ndcg_at_5": 0.12443,
                "precision_at_1": 0.171,
                "precision_at_10": 0.084,
                "precision_at_100": 0.02149,
                "precision_at_1000": 0.00378,
                "precision_at_3": 0.132,
                "precision_at_5": 0.1106,
                "recall_at_1": 0.03473,
                "recall_at_10": 0.17087,
                "recall_at_100": 0.43642,
                "recall_at_1000": 0.767,
                "recall_at_3": 0.08037999999999998,
                "recall_at_5": 0.11232000000000002,
                "main_score": 0.15615
            }
        ]
    }
}