{
    "dataset_revision": "90fceea13679c63fe563ded68f3b6f06e50061de",
    "task_name": "CQADupstackMathematicaRetrieval",
    "evaluation_time": null,
    "mteb_version": null,
    "scores": {
        "test": [
            {
                "hf_subset": "default",
                "languages": [
                    "eng-Latn"
                ],
                "map_at_1": 0.15768,
                "map_at_10": 0.24811,
                "map_at_100": 0.26065,
                "map_at_1000": 0.26187,
                "map_at_3": 0.21736,
                "map_at_5": 0.23283,
                "mrr_at_1": 0.19527,
                "mrr_at_10": 0.29179,
                "mrr_at_100": 0.30154,
                "mrr_at_1000": 0.30216,
                "mrr_at_3": 0.26223,
                "mrr_at_5": 0.27734,
                "ndcg_at_1": 0.19527,
                "ndcg_at_10": 0.30786,
                "ndcg_at_100": 0.36644,
                "ndcg_at_1000": 0.3944099999999999,
                "ndcg_at_3": 0.24958,
                "ndcg_at_5": 0.27392,
                "precision_at_1": 0.19527,
                "precision_at_10": 0.05995,
                "precision_at_100": 0.0103,
                "precision_at_1000": 0.0014100000000000002,
                "precision_at_3": 0.12521,
                "precision_at_5": 0.09129,
                "recall_at_1": 0.15768,
                "recall_at_10": 0.44824,
                "recall_at_100": 0.70186,
                "recall_at_1000": 0.89934,
                "recall_at_3": 0.28607,
                "recall_at_5": 0.34836,
                "main_score": 0.30786
            }
        ]
    }
}