{
  "dataset_revision": "2c7d2df57801a591f6b1e3aaf042e7a04ec7d9f2",
  "task_name": "PpcPC",
  "mteb_version": "1.18.0",
  "scores": {
    "test": [
      {
        "similarity_accuracy": 0.604,
        "similarity_accuracy_threshold": 0.94459,
        "similarity_f1": 0.752809,
        "similarity_f1_threshold": 0.94459,
        "similarity_precision": 0.604208,
        "similarity_recall": 0.998344,
        "similarity_ap": 0.652934,
        "cosine_accuracy": 0.604,
        "cosine_accuracy_threshold": 0.94459,
        "cosine_f1": 0.752809,
        "cosine_f1_threshold": 0.94459,
        "cosine_precision": 0.604208,
        "cosine_recall": 0.998344,
        "cosine_ap": 0.652816,
        "manhattan_accuracy": 0.622,
        "manhattan_accuracy_threshold": 2726.016602,
        "manhattan_f1": 0.752339,
        "manhattan_f1_threshold": 5324.15332,
        "manhattan_precision": 0.603604,
        "manhattan_recall": 0.998344,
        "manhattan_ap": 0.657947,
        "euclidean_accuracy": 0.606,
        "euclidean_accuracy_threshold": 315.620605,
        "euclidean_f1": 0.752339,
        "euclidean_f1_threshold": 842.823792,
        "euclidean_precision": 0.603604,
        "euclidean_recall": 0.998344,
        "euclidean_ap": 0.649051,
        "dot_accuracy": 0.603,
        "dot_accuracy_threshold": 320744.875,
        "dot_f1": 0.752339,
        "dot_f1_threshold": 320744.875,
        "dot_precision": 0.603604,
        "dot_recall": 0.998344,
        "dot_ap": 0.578682,
        "max_accuracy": 0.622,
        "max_f1": 0.752809,
        "max_precision": 0.604208,
        "max_recall": 0.998344,
        "max_ap": 0.657947,
        "main_score": 0.657947,
        "hf_subset": "default",
        "languages": [
          "pol-Latn"
        ]
      }
    ]
  },
  "evaluation_time": 1.4576795101165771,
  "kg_co2_emissions": 9.205849574821337e-05
}