{
    "dataset_revision": "None",
    "task_name": "PAWSX",
    "evaluation_time": null,
    "mteb_version": null,
    "scores": {
        "test": [
            {
                "hf_subset": "default",
                "languages": [
                    "cmn-Hans"
                ],
                "cos_sim_pearson": 13.050279647770473,
                "cos_sim_spearman": 14.227909232579874,
                "euclidean_pearson": 16.372629300358096,
                "euclidean_spearman": 14.68140021547196,
                "manhattan_pearson": 16.266960163157336,
                "manhattan_spearman": 14.627750758965616,
                "cosine_pearson": 13.050279647770473,
                "cosine_spearman": 14.227909232579874,
                "main_score": 14.227909232579874
            }
        ]
    }
}