{
  "dataset_revision": "431886eaecc48f067a3975b70d0949ea2862463c",
  "task_name": "Touche2020Retrieval.v3",
  "mteb_version": "1.34.7",
  "scores": {
    "test": [
      {
        "ndcg_at_1": 0.66327,
        "ndcg_at_3": 0.6191,
        "ndcg_at_5": 0.59131,
        "ndcg_at_10": 0.52388,
        "ndcg_at_20": 0.47394,
        "ndcg_at_100": 0.56418,
        "ndcg_at_1000": 0.68421,
        "map_at_1": 0.02687,
        "map_at_3": 0.07165,
        "map_at_5": 0.10533,
        "map_at_10": 0.15877,
        "map_at_20": 0.22596,
        "map_at_100": 0.32992,
        "map_at_1000": 0.36142,
        "recall_at_1": 0.02687,
        "recall_at_3": 0.0785,
        "recall_at_5": 0.11996,
        "recall_at_10": 0.19549,
        "recall_at_20": 0.30932,
        "recall_at_100": 0.60372,
        "recall_at_1000": 0.89402,
        "precision_at_1": 0.73469,
        "precision_at_3": 0.69388,
        "precision_at_5": 0.64898,
        "precision_at_10": 0.54286,
        "precision_at_20": 0.44694,
        "precision_at_100": 0.1898,
        "precision_at_1000": 0.03129,
        "mrr_at_1": 0.734694,
        "mrr_at_3": 0.840136,
        "mrr_at_5": 0.840136,
        "mrr_at_10": 0.843537,
        "mrr_at_20": 0.843537,
        "mrr_at_100": 0.843537,
        "mrr_at_1000": 0.843537,
        "nauc_ndcg_at_1_max": 0.271407,
        "nauc_ndcg_at_1_std": 0.068724,
        "nauc_ndcg_at_1_diff1": 0.267749,
        "nauc_ndcg_at_3_max": 0.338,
        "nauc_ndcg_at_3_std": 0.077466,
        "nauc_ndcg_at_3_diff1": 0.235187,
        "nauc_ndcg_at_5_max": 0.36087,
        "nauc_ndcg_at_5_std": 0.133469,
        "nauc_ndcg_at_5_diff1": 0.316395,
        "nauc_ndcg_at_10_max": 0.375949,
        "nauc_ndcg_at_10_std": 0.137882,
        "nauc_ndcg_at_10_diff1": 0.216238,
        "nauc_ndcg_at_20_max": 0.305457,
        "nauc_ndcg_at_20_std": 0.01874,
        "nauc_ndcg_at_20_diff1": 0.153433,
        "nauc_ndcg_at_100_max": 0.185942,
        "nauc_ndcg_at_100_std": 0.129778,
        "nauc_ndcg_at_100_diff1": 0.171869,
        "nauc_ndcg_at_1000_max": 0.367077,
        "nauc_ndcg_at_1000_std": 0.326178,
        "nauc_ndcg_at_1000_diff1": 0.139453,
        "nauc_map_at_1_max": 0.053385,
        "nauc_map_at_1_std": -0.171969,
        "nauc_map_at_1_diff1": 0.151587,
        "nauc_map_at_3_max": 0.08273,
        "nauc_map_at_3_std": -0.227813,
        "nauc_map_at_3_diff1": 0.178592,
        "nauc_map_at_5_max": 0.11339,
        "nauc_map_at_5_std": -0.199417,
        "nauc_map_at_5_diff1": 0.217231,
        "nauc_map_at_10_max": 0.186731,
        "nauc_map_at_10_std": -0.188978,
        "nauc_map_at_10_diff1": 0.166649,
        "nauc_map_at_20_max": 0.194933,
        "nauc_map_at_20_std": -0.148665,
        "nauc_map_at_20_diff1": 0.149144,
        "nauc_map_at_100_max": 0.165679,
        "nauc_map_at_100_std": -0.007226,
        "nauc_map_at_100_diff1": 0.143547,
        "nauc_map_at_1000_max": 0.197878,
        "nauc_map_at_1000_std": 0.043369,
        "nauc_map_at_1000_diff1": 0.133096,
        "nauc_recall_at_1_max": 0.053385,
        "nauc_recall_at_1_std": -0.171969,
        "nauc_recall_at_1_diff1": 0.151587,
        "nauc_recall_at_3_max": 0.02356,
        "nauc_recall_at_3_std": -0.254546,
        "nauc_recall_at_3_diff1": 0.171709,
        "nauc_recall_at_5_max": 0.066587,
        "nauc_recall_at_5_std": -0.207852,
        "nauc_recall_at_5_diff1": 0.216689,
        "nauc_recall_at_10_max": 0.137601,
        "nauc_recall_at_10_std": -0.194293,
        "nauc_recall_at_10_diff1": 0.13315,
        "nauc_recall_at_20_max": 0.154492,
        "nauc_recall_at_20_std": -0.145526,
        "nauc_recall_at_20_diff1": 0.118423,
        "nauc_recall_at_100_max": 0.019163,
        "nauc_recall_at_100_std": 0.125203,
        "nauc_recall_at_100_diff1": 0.103256,
        "nauc_recall_at_1000_max": 0.303062,
        "nauc_recall_at_1000_std": 0.68292,
        "nauc_recall_at_1000_diff1": -0.105655,
        "nauc_precision_at_1_max": 0.197988,
        "nauc_precision_at_1_std": 0.099536,
        "nauc_precision_at_1_diff1": 0.253198,
        "nauc_precision_at_3_max": 0.261949,
        "nauc_precision_at_3_std": 0.055907,
        "nauc_precision_at_3_diff1": 0.279891,
        "nauc_precision_at_5_max": 0.283251,
        "nauc_precision_at_5_std": 0.149109,
        "nauc_precision_at_5_diff1": 0.363269,
        "nauc_precision_at_10_max": 0.324626,
        "nauc_precision_at_10_std": 0.123665,
        "nauc_precision_at_10_diff1": 0.177533,
        "nauc_precision_at_20_max": 0.235738,
        "nauc_precision_at_20_std": 0.133774,
        "nauc_precision_at_20_diff1": 0.067995,
        "nauc_precision_at_100_max": 0.096709,
        "nauc_precision_at_100_std": 0.539413,
        "nauc_precision_at_100_diff1": -0.063797,
        "nauc_precision_at_1000_max": 0.143928,
        "nauc_precision_at_1000_std": 0.325675,
        "nauc_precision_at_1000_diff1": -0.191639,
        "nauc_mrr_at_1_max": 0.197988,
        "nauc_mrr_at_1_std": 0.099536,
        "nauc_mrr_at_1_diff1": 0.253198,
        "nauc_mrr_at_3_max": 0.246205,
        "nauc_mrr_at_3_std": 0.161344,
        "nauc_mrr_at_3_diff1": 0.291633,
        "nauc_mrr_at_5_max": 0.246205,
        "nauc_mrr_at_5_std": 0.161344,
        "nauc_mrr_at_5_diff1": 0.291633,
        "nauc_mrr_at_10_max": 0.238827,
        "nauc_mrr_at_10_std": 0.141084,
        "nauc_mrr_at_10_diff1": 0.27452,
        "nauc_mrr_at_20_max": 0.238827,
        "nauc_mrr_at_20_std": 0.141084,
        "nauc_mrr_at_20_diff1": 0.27452,
        "nauc_mrr_at_100_max": 0.238827,
        "nauc_mrr_at_100_std": 0.141084,
        "nauc_mrr_at_100_diff1": 0.27452,
        "nauc_mrr_at_1000_max": 0.238827,
        "nauc_mrr_at_1000_std": 0.141084,
        "nauc_mrr_at_1000_diff1": 0.27452,
        "main_score": 0.52388,
        "hf_subset": "default",
        "languages": [
          "eng-Latn"
        ]
      }
    ]
  },
  "evaluation_time": 977.0123665332794,
  "kg_co2_emissions": null
}