{
  "dataset_revision": "20a6d6f312dd54037fe07a32d58e5e168867909d",
  "task_name": "SICK-R",
  "mteb_version": "1.18.0",
  "scores": {
    "test": [
      {
        "pearson": 0.843233,
        "spearman": 0.810025,
        "cosine_pearson": 0.843233,
        "cosine_spearman": 0.810025,
        "manhattan_pearson": 0.81487,
        "manhattan_spearman": 0.809398,
        "euclidean_pearson": 0.815015,
        "euclidean_spearman": 0.810025,
        "main_score": 0.810025,
        "hf_subset": "default",
        "languages": [
          "eng-Latn"
        ]
      }
    ]
  },
  "evaluation_time": 8.217295408248901,
  "kg_co2_emissions": 0.0005897337967676161
}