{
  "dataset_revision": "099ee143c7fdfa6bd7965be8c801cb161c313b29",
  "task_name": "TwitterHjerneRetrieval",
  "mteb_version": "1.18.0",
  "scores": {
    "train": [
      {
        "ndcg_at_1": 0.14103,
        "ndcg_at_3": 0.29248,
        "ndcg_at_5": 0.2486,
        "ndcg_at_10": 0.21387,
        "ndcg_at_20": 0.22046,
        "ndcg_at_100": 0.1703,
        "ndcg_at_1000": 0.14646,
        "map_at_1": 0.04487,
        "map_at_3": 0.21261,
        "map_at_5": 0.23104,
        "map_at_10": 0.23866,
        "map_at_20": 0.29355,
        "map_at_100": 0.29538,
        "map_at_1000": 0.29538,
        "recall_at_1": 0.04487,
        "recall_at_3": 0.48718,
        "recall_at_5": 0.51389,
        "recall_at_10": 0.54274,
        "recall_at_20": 0.9765,
        "recall_at_100": 1.0,
        "recall_at_1000": 1.0,
        "precision_at_1": 0.14103,
        "precision_at_3": 0.08547,
        "precision_at_5": 0.07179,
        "precision_at_10": 0.04487,
        "precision_at_20": 0.02628,
        "precision_at_100": 0.00615,
        "precision_at_1000": 0.00062,
        "mrr_at_1": 0.692308,
        "mrr_at_3": 0.74359,
        "mrr_at_5": 0.751923,
        "mrr_at_10": 0.764133,
        "mrr_at_20": 0.7661,
        "mrr_at_100": 0.766728,
        "mrr_at_1000": 0.766828,
        "nauc_ndcg_at_1_max": 0.228386,
        "nauc_ndcg_at_1_std": 0.231009,
        "nauc_ndcg_at_1_diff1": 0.005168,
        "nauc_ndcg_at_3_max": 0.447967,
        "nauc_ndcg_at_3_std": 0.260618,
        "nauc_ndcg_at_3_diff1": 0.023697,
        "nauc_ndcg_at_5_max": 0.415901,
        "nauc_ndcg_at_5_std": 0.256336,
        "nauc_ndcg_at_5_diff1": 0.072899,
        "nauc_ndcg_at_10_max": 0.316547,
        "nauc_ndcg_at_10_std": 0.222258,
        "nauc_ndcg_at_10_diff1": 0.049238,
        "nauc_ndcg_at_20_max": 0.258259,
        "nauc_ndcg_at_20_std": 0.191534,
        "nauc_ndcg_at_20_diff1": 0.012122,
        "nauc_ndcg_at_100_max": 0.217862,
        "nauc_ndcg_at_100_std": 0.18961,
        "nauc_ndcg_at_100_diff1": -0.007044,
        "nauc_ndcg_at_1000_max": 0.212099,
        "nauc_ndcg_at_1000_std": 0.18702,
        "nauc_ndcg_at_1000_diff1": -0.009191,
        "nauc_map_at_1_max": 0.24266,
        "nauc_map_at_1_std": 0.203461,
        "nauc_map_at_1_diff1": 0.005523,
        "nauc_map_at_3_max": 0.536062,
        "nauc_map_at_3_std": 0.258896,
        "nauc_map_at_3_diff1": 0.008082,
        "nauc_map_at_5_max": 0.517068,
        "nauc_map_at_5_std": 0.270177,
        "nauc_map_at_5_diff1": 0.094051,
        "nauc_map_at_10_max": 0.467948,
        "nauc_map_at_10_std": 0.264074,
        "nauc_map_at_10_diff1": 0.083206,
        "nauc_map_at_20_max": 0.470461,
        "nauc_map_at_20_std": 0.259014,
        "nauc_map_at_20_diff1": 0.079117,
        "nauc_map_at_100_max": 0.465419,
        "nauc_map_at_100_std": 0.265622,
        "nauc_map_at_100_diff1": 0.074342,
        "nauc_map_at_1000_max": 0.465419,
        "nauc_map_at_1000_std": 0.265622,
        "nauc_map_at_1000_diff1": 0.074342,
        "nauc_recall_at_1_max": 0.24266,
        "nauc_recall_at_1_std": 0.203461,
        "nauc_recall_at_1_diff1": 0.005523,
        "nauc_recall_at_3_max": 0.657146,
        "nauc_recall_at_3_std": 0.136416,
        "nauc_recall_at_3_diff1": 0.098038,
        "nauc_recall_at_5_max": 0.606235,
        "nauc_recall_at_5_std": 0.248973,
        "nauc_recall_at_5_diff1": 0.215499,
        "nauc_recall_at_10_max": 0.424093,
        "nauc_recall_at_10_std": 0.213268,
        "nauc_recall_at_10_diff1": 0.188096,
        "nauc_recall_at_20_max": 0.412059,
        "nauc_recall_at_20_std": -0.342369,
        "nauc_recall_at_20_diff1": 0.372908,
        "nauc_recall_at_100_max": NaN,
        "nauc_recall_at_100_std": NaN,
        "nauc_recall_at_100_diff1": NaN,
        "nauc_recall_at_1000_max": NaN,
        "nauc_recall_at_1000_std": NaN,
        "nauc_recall_at_1000_diff1": NaN,
        "nauc_precision_at_1_max": 0.228386,
        "nauc_precision_at_1_std": 0.231009,
        "nauc_precision_at_1_diff1": 0.005168,
        "nauc_precision_at_3_max": 0.386266,
        "nauc_precision_at_3_std": 0.237142,
        "nauc_precision_at_3_diff1": -0.003326,
        "nauc_precision_at_5_max": 0.366785,
        "nauc_precision_at_5_std": 0.266156,
        "nauc_precision_at_5_diff1": 0.081887,
        "nauc_precision_at_10_max": 0.245036,
        "nauc_precision_at_10_std": 0.219735,
        "nauc_precision_at_10_diff1": 0.056293,
        "nauc_precision_at_20_max": 0.148773,
        "nauc_precision_at_20_std": 0.177569,
        "nauc_precision_at_20_diff1": -0.009776,
        "nauc_precision_at_100_max": 0.08779,
        "nauc_precision_at_100_std": 0.190223,
        "nauc_precision_at_100_diff1": -0.046776,
        "nauc_precision_at_1000_max": 0.08779,
        "nauc_precision_at_1000_std": 0.190223,
        "nauc_precision_at_1000_diff1": -0.046776,
        "nauc_mrr_at_1_max": 0.85762,
        "nauc_mrr_at_1_std": 0.362396,
        "nauc_mrr_at_1_diff1": 0.594514,
        "nauc_mrr_at_3_max": 0.833443,
        "nauc_mrr_at_3_std": 0.376848,
        "nauc_mrr_at_3_diff1": 0.577802,
        "nauc_mrr_at_5_max": 0.840797,
        "nauc_mrr_at_5_std": 0.411199,
        "nauc_mrr_at_5_diff1": 0.571526,
        "nauc_mrr_at_10_max": 0.838788,
        "nauc_mrr_at_10_std": 0.412424,
        "nauc_mrr_at_10_diff1": 0.570055,
        "nauc_mrr_at_20_max": 0.839722,
        "nauc_mrr_at_20_std": 0.407571,
        "nauc_mrr_at_20_diff1": 0.57363,
        "nauc_mrr_at_100_max": 0.840309,
        "nauc_mrr_at_100_std": 0.40726,
        "nauc_mrr_at_100_diff1": 0.572733,
        "nauc_mrr_at_1000_max": 0.840231,
        "nauc_mrr_at_1000_std": 0.406972,
        "nauc_mrr_at_1000_diff1": 0.572742,
        "main_score": 0.21387,
        "hf_subset": "default",
        "languages": [
          "dan-Latn"
        ]
      }
    ]
  },
  "evaluation_time": 1.0083260536193848,
  "kg_co2_emissions": 6.0719378565733014e-05
}