{
  "dataset_revision": "f69691c650464e62546d7f2a4536f8f87c891e38",
  "task_name": "LegalBenchCorporateLobbying",
  "mteb_version": "2.12.16",
  "scores": {
    "test": [
      {
        "ndcg_at_1": 0.86176,
        "ndcg_at_3": 0.92248,
        "ndcg_at_5": 0.92475,
        "ndcg_at_10": 0.93245,
        "ndcg_at_20": 0.93245,
        "ndcg_at_100": 0.933,
        "ndcg_at_1000": 0.93338,
        "map_at_1": 0.86176,
        "map_at_3": 0.90784,
        "map_at_5": 0.90902,
        "map_at_10": 0.91225,
        "map_at_20": 0.91225,
        "map_at_100": 0.91232,
        "map_at_1000": 0.91234,
        "recall_at_1": 0.86176,
        "recall_at_3": 0.96471,
        "recall_at_5": 0.97059,
        "recall_at_10": 0.99412,
        "recall_at_20": 0.99412,
        "recall_at_100": 0.99706,
        "recall_at_1000": 1.0,
        "accuracy": 0.86176,
        "precision_at_1": 0.86176,
        "precision_at_3": 0.32157,
        "precision_at_5": 0.19412,
        "precision_at_10": 0.09941,
        "precision_at_20": 0.04971,
        "precision_at_100": 0.00997,
        "precision_at_1000": 0.001,
        "mrr_at_1": 0.861765,
        "mrr_at_3": 0.907843,
        "mrr_at_5": 0.90902,
        "mrr_at_10": 0.912249,
        "mrr_at_20": 0.912249,
        "mrr_at_100": 0.912323,
        "mrr_at_1000": 0.912337,
        "nauc_ndcg_at_1_max": 0.492786,
        "nauc_ndcg_at_1_std": -0.250871,
        "nauc_ndcg_at_1_diff1": 0.903127,
        "nauc_ndcg_at_3_max": 0.59766,
        "nauc_ndcg_at_3_std": -0.314193,
        "nauc_ndcg_at_3_diff1": 0.887969,
        "nauc_ndcg_at_5_max": 0.591518,
        "nauc_ndcg_at_5_std": -0.269992,
        "nauc_ndcg_at_5_diff1": 0.888801,
        "nauc_ndcg_at_10_max": 0.557595,
        "nauc_ndcg_at_10_std": -0.277732,
        "nauc_ndcg_at_10_diff1": 0.893812,
        "nauc_ndcg_at_20_max": 0.557595,
        "nauc_ndcg_at_20_std": -0.277732,
        "nauc_ndcg_at_20_diff1": 0.893812,
        "nauc_ndcg_at_100_max": 0.559276,
        "nauc_ndcg_at_100_std": -0.265411,
        "nauc_ndcg_at_100_diff1": 0.894019,
        "nauc_ndcg_at_1000_max": 0.556686,
        "nauc_ndcg_at_1000_std": -0.272846,
        "nauc_ndcg_at_1000_diff1": 0.894164,
        "nauc_map_at_1_max": 0.492786,
        "nauc_map_at_1_std": -0.250871,
        "nauc_map_at_1_diff1": 0.903127,
        "nauc_map_at_3_max": 0.564371,
        "nauc_map_at_3_std": -0.288451,
        "nauc_map_at_3_diff1": 0.892387,
        "nauc_map_at_5_max": 0.561294,
        "nauc_map_at_5_std": -0.269151,
        "nauc_map_at_5_diff1": 0.892803,
        "nauc_map_at_10_max": 0.549512,
        "nauc_map_at_10_std": -0.272992,
        "nauc_map_at_10_diff1": 0.894899,
        "nauc_map_at_20_max": 0.549512,
        "nauc_map_at_20_std": -0.272992,
        "nauc_map_at_20_diff1": 0.894899,
        "nauc_map_at_100_max": 0.549677,
        "nauc_map_at_100_std": -0.271726,
        "nauc_map_at_100_diff1": 0.894922,
        "nauc_map_at_1000_max": 0.549604,
        "nauc_map_at_1000_std": -0.271934,
        "nauc_map_at_1000_diff1": 0.894926,
        "nauc_recall_at_1_max": 0.492786,
        "nauc_recall_at_1_std": -0.250871,
        "nauc_recall_at_1_diff1": 0.903127,
        "nauc_recall_at_3_max": 0.837185,
        "nauc_recall_at_3_std": -0.506108,
        "nauc_recall_at_3_diff1": 0.856637,
        "nauc_recall_at_5_max": 0.845472,
        "nauc_recall_at_5_std": -0.259337,
        "nauc_recall_at_5_diff1": 0.855742,
        "nauc_recall_at_10_max": 0.679038,
        "nauc_recall_at_10_std": -0.369981,
        "nauc_recall_at_10_diff1": 0.869281,
        "nauc_recall_at_20_max": 0.679038,
        "nauc_recall_at_20_std": -0.369981,
        "nauc_recall_at_20_diff1": 0.869281,
        "nauc_recall_at_100_max": 1.0,
        "nauc_recall_at_100_std": 1.0,
        "nauc_recall_at_100_diff1": 0.869281,
        "nauc_recall_at_1000_max": NaN,
        "nauc_recall_at_1000_std": NaN,
        "nauc_recall_at_1000_diff1": NaN,
        "nauc_precision_at_1_max": 0.492786,
        "nauc_precision_at_1_std": -0.250871,
        "nauc_precision_at_1_diff1": 0.903127,
        "nauc_precision_at_3_max": 0.837185,
        "nauc_precision_at_3_std": -0.506108,
        "nauc_precision_at_3_diff1": 0.856637,
        "nauc_precision_at_5_max": 0.845472,
        "nauc_precision_at_5_std": -0.259337,
        "nauc_precision_at_5_diff1": 0.855742,
        "nauc_precision_at_10_max": 0.679038,
        "nauc_precision_at_10_std": -0.369981,
        "nauc_precision_at_10_diff1": 0.869281,
        "nauc_precision_at_20_max": 0.679038,
        "nauc_precision_at_20_std": -0.369981,
        "nauc_precision_at_20_diff1": 0.869281,
        "nauc_precision_at_100_max": 1.0,
        "nauc_precision_at_100_std": 1.0,
        "nauc_precision_at_100_diff1": 0.869281,
        "nauc_precision_at_1000_max": 1.0,
        "nauc_precision_at_1000_std": 1.0,
        "nauc_precision_at_1000_diff1": 1.0,
        "nauc_mrr_at_1_max": 0.492786,
        "nauc_mrr_at_1_std": -0.250871,
        "nauc_mrr_at_1_diff1": 0.903127,
        "nauc_mrr_at_3_max": 0.564371,
        "nauc_mrr_at_3_std": -0.288451,
        "nauc_mrr_at_3_diff1": 0.892387,
        "nauc_mrr_at_5_max": 0.561294,
        "nauc_mrr_at_5_std": -0.269151,
        "nauc_mrr_at_5_diff1": 0.892803,
        "nauc_mrr_at_10_max": 0.549512,
        "nauc_mrr_at_10_std": -0.272992,
        "nauc_mrr_at_10_diff1": 0.894899,
        "nauc_mrr_at_20_max": 0.549512,
        "nauc_mrr_at_20_std": -0.272992,
        "nauc_mrr_at_20_diff1": 0.894899,
        "nauc_mrr_at_100_max": 0.549677,
        "nauc_mrr_at_100_std": -0.271726,
        "nauc_mrr_at_100_diff1": 0.894922,
        "nauc_mrr_at_1000_max": 0.549604,
        "nauc_mrr_at_1000_std": -0.271934,
        "nauc_mrr_at_1000_diff1": 0.894926,
        "hit_rate_at_1": 0.86176,
        "hit_rate_at_3": 0.96471,
        "hit_rate_at_5": 0.97059,
        "hit_rate_at_10": 0.99412,
        "hit_rate_at_20": 0.99412,
        "hit_rate_at_100": 0.99706,
        "hit_rate_at_1000": 1.0,
        "main_score": 0.93245,
        "hf_subset": "default",
        "languages": [
          "eng-Latn"
        ]
      }
    ]
  },
  "evaluation_time": 1.7658774852752686,
  "kg_co2_emissions": null,
  "date": 1780687689.408611
}