{
  "dataset_revision": "a34f9a33db75fa0cbb21bb5cfc3dae8dc8bec93f",
  "task_name": "Touche2020",
  "mteb_version": "1.18.0",
  "scores": {
    "test": [
      {
        "ndcg_at_1": 0.36735,
        "ndcg_at_3": 0.29348,
        "ndcg_at_5": 0.25804,
        "ndcg_at_10": 0.25211,
        "ndcg_at_20": 0.27109,
        "ndcg_at_100": 0.37949,
        "ndcg_at_1000": 0.49156,
        "map_at_1": 0.02752,
        "map_at_3": 0.05288,
        "map_at_5": 0.06954,
        "map_at_10": 0.09969,
        "map_at_20": 0.1307,
        "map_at_100": 0.16807,
        "map_at_1000": 0.18264,
        "recall_at_1": 0.02752,
        "recall_at_3": 0.06438,
        "recall_at_5": 0.09093,
        "recall_at_10": 0.16197,
        "recall_at_20": 0.2543,
        "recall_at_100": 0.49166,
        "recall_at_1000": 0.84189,
        "precision_at_1": 0.38776,
        "precision_at_3": 0.29932,
        "precision_at_5": 0.2449,
        "precision_at_10": 0.22041,
        "precision_at_20": 0.18163,
        "precision_at_100": 0.07939,
        "precision_at_1000": 0.01555,
        "mrr_at_1": 0.387755,
        "mrr_at_3": 0.469388,
        "mrr_at_5": 0.478571,
        "mrr_at_10": 0.504584,
        "mrr_at_20": 0.51096,
        "mrr_at_100": 0.513247,
        "mrr_at_1000": 0.513401,
        "nauc_ndcg_at_1_max": -0.196678,
        "nauc_ndcg_at_1_std": 0.083631,
        "nauc_ndcg_at_1_diff1": -0.137088,
        "nauc_ndcg_at_3_max": -0.211271,
        "nauc_ndcg_at_3_std": 0.054494,
        "nauc_ndcg_at_3_diff1": -0.175733,
        "nauc_ndcg_at_5_max": -0.162084,
        "nauc_ndcg_at_5_std": 0.092329,
        "nauc_ndcg_at_5_diff1": -0.140993,
        "nauc_ndcg_at_10_max": -0.205486,
        "nauc_ndcg_at_10_std": 0.113615,
        "nauc_ndcg_at_10_diff1": -0.116626,
        "nauc_ndcg_at_20_max": -0.260009,
        "nauc_ndcg_at_20_std": 0.144819,
        "nauc_ndcg_at_20_diff1": -0.072169,
        "nauc_ndcg_at_100_max": -0.242826,
        "nauc_ndcg_at_100_std": 0.397064,
        "nauc_ndcg_at_100_diff1": -0.079117,
        "nauc_ndcg_at_1000_max": -0.182868,
        "nauc_ndcg_at_1000_std": 0.451049,
        "nauc_ndcg_at_1000_diff1": -0.112824,
        "nauc_map_at_1_max": -0.11173,
        "nauc_map_at_1_std": 0.040171,
        "nauc_map_at_1_diff1": 0.027808,
        "nauc_map_at_3_max": -0.138309,
        "nauc_map_at_3_std": -0.02522,
        "nauc_map_at_3_diff1": -0.011816,
        "nauc_map_at_5_max": -0.028726,
        "nauc_map_at_5_std": 0.012065,
        "nauc_map_at_5_diff1": 0.006999,
        "nauc_map_at_10_max": -0.038743,
        "nauc_map_at_10_std": 0.023252,
        "nauc_map_at_10_diff1": -0.009942,
        "nauc_map_at_20_max": -0.088119,
        "nauc_map_at_20_std": 0.09368,
        "nauc_map_at_20_diff1": 0.004602,
        "nauc_map_at_100_max": -0.102338,
        "nauc_map_at_100_std": 0.227532,
        "nauc_map_at_100_diff1": -0.000133,
        "nauc_map_at_1000_max": -0.093213,
        "nauc_map_at_1000_std": 0.258568,
        "nauc_map_at_1000_diff1": -0.01121,
        "nauc_recall_at_1_max": -0.11173,
        "nauc_recall_at_1_std": 0.040171,
        "nauc_recall_at_1_diff1": 0.027808,
        "nauc_recall_at_3_max": -0.171455,
        "nauc_recall_at_3_std": -0.010295,
        "nauc_recall_at_3_diff1": -0.041562,
        "nauc_recall_at_5_max": -0.048879,
        "nauc_recall_at_5_std": 0.029468,
        "nauc_recall_at_5_diff1": -0.003517,
        "nauc_recall_at_10_max": -0.150566,
        "nauc_recall_at_10_std": 0.024392,
        "nauc_recall_at_10_diff1": -0.040965,
        "nauc_recall_at_20_max": -0.244906,
        "nauc_recall_at_20_std": 0.123613,
        "nauc_recall_at_20_diff1": -0.014631,
        "nauc_recall_at_100_max": -0.250215,
        "nauc_recall_at_100_std": 0.514313,
        "nauc_recall_at_100_diff1": -0.038239,
        "nauc_recall_at_1000_max": -0.147046,
        "nauc_recall_at_1000_std": 0.78755,
        "nauc_recall_at_1000_diff1": -0.098128,
        "nauc_precision_at_1_max": -0.149817,
        "nauc_precision_at_1_std": 0.077522,
        "nauc_precision_at_1_diff1": -0.071646,
        "nauc_precision_at_3_max": -0.236265,
        "nauc_precision_at_3_std": 0.028014,
        "nauc_precision_at_3_diff1": -0.126392,
        "nauc_precision_at_5_max": -0.141679,
        "nauc_precision_at_5_std": 0.091304,
        "nauc_precision_at_5_diff1": -0.063261,
        "nauc_precision_at_10_max": -0.227103,
        "nauc_precision_at_10_std": 0.173065,
        "nauc_precision_at_10_diff1": -0.080298,
        "nauc_precision_at_20_max": -0.275293,
        "nauc_precision_at_20_std": 0.314101,
        "nauc_precision_at_20_diff1": -0.040198,
        "nauc_precision_at_100_max": -0.120669,
        "nauc_precision_at_100_std": 0.757244,
        "nauc_precision_at_100_diff1": -0.048948,
        "nauc_precision_at_1000_max": 0.274936,
        "nauc_precision_at_1000_std": 0.322462,
        "nauc_precision_at_1000_diff1": -0.02639,
        "nauc_mrr_at_1_max": -0.149817,
        "nauc_mrr_at_1_std": 0.077522,
        "nauc_mrr_at_1_diff1": -0.071646,
        "nauc_mrr_at_3_max": -0.176179,
        "nauc_mrr_at_3_std": 0.083304,
        "nauc_mrr_at_3_diff1": -0.115795,
        "nauc_mrr_at_5_max": -0.186742,
        "nauc_mrr_at_5_std": 0.096234,
        "nauc_mrr_at_5_diff1": -0.100623,
        "nauc_mrr_at_10_max": -0.212051,
        "nauc_mrr_at_10_std": 0.113892,
        "nauc_mrr_at_10_diff1": -0.109906,
        "nauc_mrr_at_20_max": -0.206494,
        "nauc_mrr_at_20_std": 0.112546,
        "nauc_mrr_at_20_diff1": -0.113669,
        "nauc_mrr_at_100_max": -0.200366,
        "nauc_mrr_at_100_std": 0.10644,
        "nauc_mrr_at_100_diff1": -0.109412,
        "nauc_mrr_at_1000_max": -0.200383,
        "nauc_mrr_at_1000_std": 0.106138,
        "nauc_mrr_at_1000_diff1": -0.109196,
        "main_score": 0.25211,
        "hf_subset": "default",
        "languages": [
          "eng-Latn"
        ]
      }
    ]
  },
  "evaluation_time": 1565.2995691299438,
  "kg_co2_emissions": 0.1505438984302459
}