{
    "dataset_revision": "abe420fb",
    "task_name": "AppsRetrieval",
    "evaluation_time": 0,
    "kg_co2_emissions": 0,
    "mteb_version": "1.0.0",
    "scores": {
        "test": [
            {
                "hf_subset": "test",
                "languages": [
                    "en"
                ],
                "main_score": 0.18324,
                "ndcg_at_1": 0.23014,
                "map_at_1": 0.05257,
                "recall_at_1": 0.05257,
                "precision_at_1": 0.23014,
                "ndcg_at_3": 0.18712,
                "map_at_3": 0.09741,
                "recall_at_3": 0.11239,
                "precision_at_3": 0.16822,
                "ndcg_at_5": 0.16331,
                "map_at_5": 0.1174,
                "recall_at_5": 0.14635,
                "precision_at_5": 0.13324,
                "ndcg_at_10": 0.18324,
                "map_at_10": 0.12845,
                "recall_at_10": 0.18399,
                "precision_at_10": 0.08413,
                "ndcg_at_20": 0.20225,
                "map_at_20": 0.13492,
                "recall_at_20": 0.23042,
                "precision_at_20": 0.0527,
                "ndcg_at_50": 0.22569,
                "map_at_50": 0.14011,
                "recall_at_50": 0.30174,
                "precision_at_50": 0.02784,
                "ndcg_at_100": 0.24306,
                "map_at_100": 0.14237,
                "recall_at_100": 0.36671,
                "precision_at_100": 0.01698
            }
        ]
    }
}