{
    "dataset_revision": "e9118abd",
    "task_name": "MBPPRetrieval",
    "evaluation_time": 0,
    "kg_co2_emissions": 0,
    "mteb_version": "1.0.0",
    "scores": {
        "test": [
            {
                "hf_subset": "test",
                "languages": [
                    "en"
                ],
                "main_score": 0.76903,
                "ndcg_at_1": 0.59856,
                "map_at_1": 0.59856,
                "recall_at_1": 0.59856,
                "precision_at_1": 0.59856,
                "ndcg_at_3": 0.72945,
                "map_at_3": 0.69764,
                "recall_at_3": 0.82136,
                "precision_at_3": 0.27379,
                "ndcg_at_5": 0.7545,
                "map_at_5": 0.7116,
                "recall_at_5": 0.88193,
                "precision_at_5": 0.17639,
                "ndcg_at_10": 0.76903,
                "map_at_10": 0.71794,
                "recall_at_10": 0.92505,
                "precision_at_10": 0.09251,
                "ndcg_at_20": 0.77879,
                "map_at_20": 0.7207,
                "recall_at_20": 0.96304,
                "precision_at_20": 0.04815,
                "ndcg_at_50": 0.78298,
                "map_at_50": 0.72143,
                "recall_at_50": 0.98357,
                "precision_at_50": 0.01967,
                "ndcg_at_100": 0.78398,
                "map_at_100": 0.72151,
                "recall_at_100": 0.98973,
                "precision_at_100": 0.0099
            }
        ]
    }
}