{
    "dataset_revision": "None",
    "task_name": "PAWSX",
    "evaluation_time": NaN,
    "mteb_version": "unknown",
    "scores": {
        "test": [
            {
                "hf_subset": "default",
                "languages": [
                    "cmn-Hans"
                ],
                "cos_sim_pearson": 13.70522140998517,
                "cos_sim_spearman": 15.07546667334743,
                "euclidean_pearson": 17.49511420225285,
                "euclidean_spearman": 15.093970931789618,
                "manhattan_pearson": 17.44069961390521,
                "manhattan_spearman": 15.076029291596962,
                "cosine_pearson": 13.70522140998517,
                "cosine_spearman": 15.07546667334743,
                "main_score": 15.07546667334743
            }
        ]
    }
}