{
  "dataset_revision": "15d6c030d3336cbb09de97b2cefc46db93262d40",
  "evaluation_time": 39.94100546836853,
  "kg_co2_emissions": 0.0008353163781506996,
  "mteb_version": "1.12.41",
  "scores": {
    "test": [
      {
        "cosine": {
          "accuracy": 0.547244094488189,
          "accuracy_threshold": 0.9567792415618896,
          "ap": 0.526293348958712,
          "f1": 0.6663747810858144,
          "f1_threshold": 0.7254782319068909,
          "precision": 0.5,
          "recall": 0.9986876640419947
        },
        "dot": {
          "accuracy": 0.5,
          "accuracy_threshold": 575.98974609375,
          "ap": 0.4628519577544491,
          "f1": 0.6660831509846827,
          "f1_threshold": 329.006103515625,
          "precision": 0.49967170059093896,
          "recall": 0.9986876640419947
        },
        "euclidean": {
          "accuracy": 0.5459317585301837,
          "accuracy_threshold": 6.433047294616699,
          "ap": 0.5265324527269568,
          "f1": 0.6660831509846827,
          "f1_threshold": 17.503734588623047,
          "precision": 0.49967170059093896,
          "recall": 0.9986876640419947
        },
        "hf_subset": "default",
        "languages": [
          "deu-Latn"
        ],
        "main_score": 0.5265324527269568,
        "manhattan": {
          "accuracy": 0.5465879265091863,
          "accuracy_threshold": 160.9923095703125,
          "ap": 0.5263086417915592,
          "f1": 0.6663747810858144,
          "f1_threshold": 435.4376220703125,
          "precision": 0.5,
          "recall": 0.9986876640419947
        },
        "max": {
          "accuracy": 0.547244094488189,
          "ap": 0.5265324527269568,
          "f1": 0.6663747810858144
        },
        "similarity": {
          "accuracy": 0.547244094488189,
          "accuracy_threshold": 0.9567792415618896,
          "ap": 0.526293348958712,
          "f1": 0.6663747810858144,
          "f1_threshold": 0.7254782319068909,
          "precision": 0.5,
          "recall": 0.9986876640419947
        }
      }
    ]
  },
  "task_name": "FalseFriendsGermanEnglish"
}