{
  "dataset_revision": "f2dc4764024ae93cc42d9c09bc53a31da1af84b2",
  "task_name": "TempReasonL2Context",
  "mteb_version": "1.18.0",
  "scores": {
    "test": [
      {
        "ndcg_at_1": 0.03817,
        "ndcg_at_3": 0.06391,
        "ndcg_at_5": 0.07826,
        "ndcg_at_10": 0.09562,
        "ndcg_at_20": 0.11275,
        "ndcg_at_100": 0.15168,
        "ndcg_at_1000": 0.18753,
        "map_at_1": 0.03817,
        "map_at_3": 0.05735,
        "map_at_5": 0.06527,
        "map_at_10": 0.07242,
        "map_at_20": 0.07707,
        "map_at_100": 0.08217,
        "map_at_1000": 0.08333,
        "recall_at_1": 0.03817,
        "recall_at_3": 0.08301,
        "recall_at_5": 0.11803,
        "recall_at_10": 0.17176,
        "recall_at_20": 0.23995,
        "recall_at_100": 0.45377,
        "recall_at_1000": 0.74727,
        "precision_at_1": 0.03817,
        "precision_at_3": 0.02767,
        "precision_at_5": 0.02361,
        "precision_at_10": 0.01718,
        "precision_at_20": 0.012,
        "precision_at_100": 0.00454,
        "precision_at_1000": 0.00075,
        "mrr_at_1": 0.038169,
        "mrr_at_3": 0.057347,
        "mrr_at_5": 0.065268,
        "mrr_at_10": 0.072423,
        "mrr_at_20": 0.077066,
        "mrr_at_100": 0.082171,
        "mrr_at_1000": 0.083334,
        "nauc_ndcg_at_1_max": 0.156508,
        "nauc_ndcg_at_1_std": -0.025011,
        "nauc_ndcg_at_1_diff1": 0.0549,
        "nauc_ndcg_at_3_max": 0.142237,
        "nauc_ndcg_at_3_std": -0.021308,
        "nauc_ndcg_at_3_diff1": -0.012803,
        "nauc_ndcg_at_5_max": 0.131988,
        "nauc_ndcg_at_5_std": -0.00859,
        "nauc_ndcg_at_5_diff1": -0.010976,
        "nauc_ndcg_at_10_max": 0.114946,
        "nauc_ndcg_at_10_std": 0.003788,
        "nauc_ndcg_at_10_diff1": -0.032836,
        "nauc_ndcg_at_20_max": 0.108201,
        "nauc_ndcg_at_20_std": 0.023545,
        "nauc_ndcg_at_20_diff1": -0.045898,
        "nauc_ndcg_at_100_max": 0.076742,
        "nauc_ndcg_at_100_std": 0.10026,
        "nauc_ndcg_at_100_diff1": -0.071164,
        "nauc_ndcg_at_1000_max": 0.080779,
        "nauc_ndcg_at_1000_std": 0.094807,
        "nauc_ndcg_at_1000_diff1": -0.070605,
        "nauc_map_at_1_max": 0.156508,
        "nauc_map_at_1_std": -0.025011,
        "nauc_map_at_1_diff1": 0.0549,
        "nauc_map_at_3_max": 0.146125,
        "nauc_map_at_3_std": -0.022028,
        "nauc_map_at_3_diff1": -0.000762,
        "nauc_map_at_5_max": 0.138649,
        "nauc_map_at_5_std": -0.013662,
        "nauc_map_at_5_diff1": -0.000692,
        "nauc_map_at_10_max": 0.129461,
        "nauc_map_at_10_std": -0.007048,
        "nauc_map_at_10_diff1": -0.012819,
        "nauc_map_at_20_max": 0.126348,
        "nauc_map_at_20_std": 0.000505,
        "nauc_map_at_20_diff1": -0.018047,
        "nauc_map_at_100_max": 0.11973,
        "nauc_map_at_100_std": 0.014459,
        "nauc_map_at_100_diff1": -0.023745,
        "nauc_map_at_1000_max": 0.119758,
        "nauc_map_at_1000_std": 0.014543,
        "nauc_map_at_1000_diff1": -0.023644,
        "nauc_recall_at_1_max": 0.156508,
        "nauc_recall_at_1_std": -0.025011,
        "nauc_recall_at_1_diff1": 0.0549,
        "nauc_recall_at_3_max": 0.134029,
        "nauc_recall_at_3_std": -0.019837,
        "nauc_recall_at_3_diff1": -0.037143,
        "nauc_recall_at_5_max": 0.120064,
        "nauc_recall_at_5_std": 0.000893,
        "nauc_recall_at_5_diff1": -0.028141,
        "nauc_recall_at_10_max": 0.091213,
        "nauc_recall_at_10_std": 0.021845,
        "nauc_recall_at_10_diff1": -0.064153,
        "nauc_recall_at_20_max": 0.081628,
        "nauc_recall_at_20_std": 0.060582,
        "nauc_recall_at_20_diff1": -0.086864,
        "nauc_recall_at_100_max": 0.003168,
        "nauc_recall_at_100_std": 0.265259,
        "nauc_recall_at_100_diff1": -0.146321,
        "nauc_recall_at_1000_max": -0.006508,
        "nauc_recall_at_1000_std": 0.314209,
        "nauc_recall_at_1000_diff1": -0.183867,
        "nauc_precision_at_1_max": 0.156508,
        "nauc_precision_at_1_std": -0.025011,
        "nauc_precision_at_1_diff1": 0.0549,
        "nauc_precision_at_3_max": 0.134029,
        "nauc_precision_at_3_std": -0.019837,
        "nauc_precision_at_3_diff1": -0.037143,
        "nauc_precision_at_5_max": 0.120064,
        "nauc_precision_at_5_std": 0.000893,
        "nauc_precision_at_5_diff1": -0.028141,
        "nauc_precision_at_10_max": 0.091213,
        "nauc_precision_at_10_std": 0.021845,
        "nauc_precision_at_10_diff1": -0.064153,
        "nauc_precision_at_20_max": 0.081628,
        "nauc_precision_at_20_std": 0.060582,
        "nauc_precision_at_20_diff1": -0.086864,
        "nauc_precision_at_100_max": 0.003168,
        "nauc_precision_at_100_std": 0.265259,
        "nauc_precision_at_100_diff1": -0.146321,
        "nauc_precision_at_1000_max": -0.006508,
        "nauc_precision_at_1000_std": 0.314209,
        "nauc_precision_at_1000_diff1": -0.183867,
        "nauc_mrr_at_1_max": 0.156508,
        "nauc_mrr_at_1_std": -0.025011,
        "nauc_mrr_at_1_diff1": 0.0549,
        "nauc_mrr_at_3_max": 0.146125,
        "nauc_mrr_at_3_std": -0.022028,
        "nauc_mrr_at_3_diff1": -0.000762,
        "nauc_mrr_at_5_max": 0.138649,
        "nauc_mrr_at_5_std": -0.013662,
        "nauc_mrr_at_5_diff1": -0.000692,
        "nauc_mrr_at_10_max": 0.129461,
        "nauc_mrr_at_10_std": -0.007048,
        "nauc_mrr_at_10_diff1": -0.012819,
        "nauc_mrr_at_20_max": 0.126348,
        "nauc_mrr_at_20_std": 0.000505,
        "nauc_mrr_at_20_diff1": -0.018047,
        "nauc_mrr_at_100_max": 0.11973,
        "nauc_mrr_at_100_std": 0.014459,
        "nauc_mrr_at_100_diff1": -0.023745,
        "nauc_mrr_at_1000_max": 0.119758,
        "nauc_mrr_at_1000_std": 0.014543,
        "nauc_mrr_at_1000_diff1": -0.023644,
        "main_score": 0.09562,
        "hf_subset": "default",
        "languages": [
          "eng-Latn"
        ]
      }
    ]
  },
  "evaluation_time": 30.376782655715942,
  "kg_co2_emissions": 0.0009122988169663646
}