{
    "dataset_revision": "d66bd1f72af766a5cc4b0ca5e00c162f89e8cc46",
    "task_name": "SprintDuplicateQuestions",
    "evaluation_time": NaN,
    "mteb_version": "0.0.0",
    "scores": {
        "test": [
            {
                "hf_subset": "default",
                "languages": [
                    "eng-Latn"
                ],
                "cos_sim_accuracy": 99.81386138613861,
                "cos_sim_ap": 95.49398397880566,
                "cos_sim_f1": 90.5050505050505,
                "cos_sim_precision": 91.42857142857143,
                "cos_sim_recall": 89.60000000000001,
                "dot_accuracy": 99.75742574257426,
                "dot_ap": 93.40675781804289,
                "dot_f1": 87.45519713261648,
                "dot_precision": 89.61175236096537,
                "dot_recall": 85.39999999999999,
                "euclidean_accuracy": 99.81485148514851,
                "euclidean_ap": 95.39724876386569,
                "euclidean_f1": 90.5793450881612,
                "euclidean_precision": 91.26903553299492,
                "euclidean_recall": 89.9,
                "manhattan_accuracy": 99.81485148514851,
                "manhattan_ap": 95.46515830873487,
                "manhattan_f1": 90.56974459724951,
                "manhattan_precision": 88.996138996139,
                "manhattan_recall": 92.2,
                "max_accuracy": 99.81485148514851,
                "max_ap": 95.49398397880566,
                "max_f1": 90.5793450881612,
                "main_score": 95.49398397880566
            }
        ]
    }
}