{
  "dataset_revision": "0912bb6c9393c76d62a7c5ee81c4c817ff47c9f4",
  "task_name": "STSES",
  "mteb_version": "1.18.0",
  "scores": {
    "test": [
      {
        "pearson": 0.730359,
        "spearman": 0.707118,
        "cosine_pearson": 0.730359,
        "cosine_spearman": 0.707118,
        "manhattan_pearson": 0.71711,
        "manhattan_spearman": 0.699093,
        "euclidean_pearson": 0.721054,
        "euclidean_spearman": 0.707118,
        "main_score": 0.707118,
        "hf_subset": "default",
        "languages": [
          "spa-Latn"
        ]
      }
    ]
  },
  "evaluation_time": 0.5099132061004639,
  "kg_co2_emissions": 2.5682104798680516e-05
}