{
    "dataset_revision": "8b6510b0b1fa4e4c4f879467980e9be563ec1cdf",
    "task_name": "TwitterURLCorpus",
    "evaluation_time": 0,
    "mteb_version": "0.0.0",
    "scores": {
        "test": [
            {
                "hf_subset": "default",
                "languages": [
                    "eng-Latn"
                ],
                "cos_sim_accuracy": 89.01695967710637,
                "cos_sim_ap": 85.8298270742901,
                "cos_sim_f1": 78.46988128389272,
                "cos_sim_precision": 74.86017897091722,
                "cos_sim_recall": 82.44533415460425,
                "dot_accuracy": 88.19420188613343,
                "dot_ap": 83.82679165901324,
                "dot_f1": 76.55833777304208,
                "dot_precision": 75.6884875846501,
                "dot_recall": 77.44841392054204,
                "euclidean_accuracy": 89.03054294252338,
                "euclidean_ap": 85.89089555185325,
                "euclidean_f1": 78.62997658079624,
                "euclidean_precision": 74.92329149232914,
                "euclidean_recall": 82.72251308900523,
                "manhattan_accuracy": 89.0266620095471,
                "manhattan_ap": 85.86458997929147,
                "manhattan_f1": 78.50685331000291,
                "manhattan_precision": 74.5499861534201,
                "manhattan_recall": 82.90729904527257,
                "max_accuracy": 89.03054294252338,
                "max_ap": 85.89089555185325,
                "max_f1": 78.62997658079624,
                "main_score": 85.89089555185325
            }
        ]
    }
}