{
  "dataset_revision": "f43b4f32987048043a8b31e5e26be4d360c2438f",
  "task_name": "ArmenianParaphrasePC",
  "mteb_version": "1.18.0",
  "scores": {
    "test": [
      {
        "similarity_accuracy": 0.789116,
        "similarity_accuracy_threshold": 0.946366,
        "similarity_f1": 0.857274,
        "similarity_f1_threshold": 0.940792,
        "similarity_precision": 0.806563,
        "similarity_recall": 0.914789,
        "similarity_ap": 0.841361,
        "cosine_accuracy": 0.789116,
        "cosine_accuracy_threshold": 0.946366,
        "cosine_f1": 0.857274,
        "cosine_f1_threshold": 0.940792,
        "cosine_precision": 0.806563,
        "cosine_recall": 0.914789,
        "cosine_ap": 0.841712,
        "manhattan_accuracy": 0.789116,
        "manhattan_accuracy_threshold": 8.050348,
        "manhattan_f1": 0.856882,
        "manhattan_f1_threshold": 8.603266,
        "manhattan_precision": 0.803602,
        "manhattan_recall": 0.917728,
        "manhattan_ap": 0.843939,
        "euclidean_accuracy": 0.789116,
        "euclidean_accuracy_threshold": 0.327518,
        "euclidean_f1": 0.857274,
        "euclidean_f1_threshold": 0.344115,
        "euclidean_precision": 0.806563,
        "euclidean_recall": 0.914789,
        "euclidean_ap": 0.843807,
        "dot_accuracy": 0.789116,
        "dot_accuracy_threshold": 0.946366,
        "dot_f1": 0.857274,
        "dot_f1_threshold": 0.940793,
        "dot_precision": 0.806563,
        "dot_recall": 0.914789,
        "dot_ap": 0.841624,
        "max_accuracy": 0.789116,
        "max_f1": 0.857274,
        "max_precision": 0.806563,
        "max_recall": 0.917728,
        "max_ap": 0.843939,
        "main_score": 0.843939,
        "hf_subset": "default",
        "languages": [
          "hye-Armn"
        ]
      }
    ]
  },
  "evaluation_time": 2.250945806503296,
  "kg_co2_emissions": 0.0001672727931068008
}