{
  "dataset_revision": "43265056790b8f7c59e0139acb4be0a8dad2c8f4",
  "evaluation_time": 4.6598405838012695,
  "kg_co2_emissions": 0.0007058590292206725,
  "mteb_version": "1.14.12",
  "scores": {
    "test": [
      {
        "cosine_pearson": 0.5702644039217557,
        "cosine_spearman": 0.6517297550082504,
        "euclidean_pearson": 0.6175448290391456,
        "euclidean_spearman": 0.6517285277385022,
        "hf_subset": "default",
        "languages": [
          "rus-Cyrl"
        ],
        "main_score": 0.6517297550082504,
        "manhattan_pearson": 0.6164781857280539,
        "manhattan_spearman": 0.6513424890059689,
        "pearson": [
          0.5702643970154385,
          2.1867171617965042e-166
        ],
        "spearman": [
          0.6517278256017222,
          4.660845730407699e-233
        ]
      }
    ]
  },
  "task_name": "RUParaPhraserSTS"
}