{
  "dataset_revision": "c6fffeb9cdd95c1ffa81c62c687b48b56352872b",
  "task_name": "News21InstructionRetrieval",
  "mteb_version": "2.10.8",
  "scores": {
    "test": [
      {
        "ndcg_at_1": 0.4082,
        "ndcg_at_3": 0.39866,
        "ndcg_at_5": 0.404,
        "ndcg_at_10": 0.42258,
        "ndcg_at_20": 0.48124,
        "ndcg_at_100": 0.58025,
        "ndcg_at_1000": 0.64303,
        "map_at_1": 0.03685,
        "map_at_3": 0.07957,
        "map_at_5": 0.11063,
        "map_at_10": 0.17692,
        "map_at_20": 0.26151,
        "map_at_100": 0.38231,
        "map_at_1000": 0.41094,
        "recall_at_1": 0.03685,
        "recall_at_3": 0.08833,
        "recall_at_5": 0.13308,
        "recall_at_10": 0.24035,
        "recall_at_20": 0.41187,
        "recall_at_100": 0.77271,
        "recall_at_1000": 1.0,
        "accuracy": 0.03685,
        "precision_at_1": 0.54688,
        "precision_at_3": 0.51042,
        "precision_at_5": 0.50938,
        "precision_at_10": 0.49062,
        "precision_at_20": 0.42891,
        "precision_at_100": 0.18422,
        "precision_at_1000": 0.0268,
        "mrr_at_1": 0.546875,
        "mrr_at_3": 0.648438,
        "mrr_at_5": 0.663281,
        "mrr_at_10": 0.674392,
        "mrr_at_20": 0.679185,
        "mrr_at_100": 0.679655,
        "mrr_at_1000": 0.679655,
        "nauc_ndcg_at_1_max": 0.157335,
        "nauc_ndcg_at_1_std": -0.125629,
        "nauc_ndcg_at_1_diff1": 0.153516,
        "nauc_ndcg_at_3_max": 0.095235,
        "nauc_ndcg_at_3_std": -0.049231,
        "nauc_ndcg_at_3_diff1": 0.006409,
        "nauc_ndcg_at_5_max": 0.132067,
        "nauc_ndcg_at_5_std": -0.07297,
        "nauc_ndcg_at_5_diff1": -0.009931,
        "nauc_ndcg_at_10_max": 0.072033,
        "nauc_ndcg_at_10_std": -0.056466,
        "nauc_ndcg_at_10_diff1": 0.016637,
        "nauc_ndcg_at_20_max": 0.079198,
        "nauc_ndcg_at_20_std": -0.040869,
        "nauc_ndcg_at_20_diff1": -0.004323,
        "nauc_ndcg_at_100_max": 0.002089,
        "nauc_ndcg_at_100_std": 0.001366,
        "nauc_ndcg_at_100_diff1": -0.057798,
        "nauc_ndcg_at_1000_max": 0.062919,
        "nauc_ndcg_at_1000_std": 0.015109,
        "nauc_ndcg_at_1000_diff1": -0.000928,
        "nauc_map_at_1_max": 0.056955,
        "nauc_map_at_1_std": -0.150984,
        "nauc_map_at_1_diff1": 0.003539,
        "nauc_map_at_3_max": 0.112022,
        "nauc_map_at_3_std": -0.121833,
        "nauc_map_at_3_diff1": -0.041584,
        "nauc_map_at_5_max": 0.169098,
        "nauc_map_at_5_std": -0.077137,
        "nauc_map_at_5_diff1": -0.028934,
        "nauc_map_at_10_max": 0.113354,
        "nauc_map_at_10_std": -0.037668,
        "nauc_map_at_10_diff1": -0.032344,
        "nauc_map_at_20_max": 0.087352,
        "nauc_map_at_20_std": 0.000951,
        "nauc_map_at_20_diff1": -0.073674,
        "nauc_map_at_100_max": 0.038409,
        "nauc_map_at_100_std": 0.063871,
        "nauc_map_at_100_diff1": -0.10893,
        "nauc_map_at_1000_max": 0.073076,
        "nauc_map_at_1000_std": 0.08236,
        "nauc_map_at_1000_diff1": -0.099611,
        "nauc_recall_at_1_max": 0.056955,
        "nauc_recall_at_1_std": -0.150984,
        "nauc_recall_at_1_diff1": 0.003539,
        "nauc_recall_at_3_max": 0.106613,
        "nauc_recall_at_3_std": -0.119424,
        "nauc_recall_at_3_diff1": -0.049515,
        "nauc_recall_at_5_max": 0.155878,
        "nauc_recall_at_5_std": -0.115353,
        "nauc_recall_at_5_diff1": -0.063108,
        "nauc_recall_at_10_max": 0.082861,
        "nauc_recall_at_10_std": -0.07391,
        "nauc_recall_at_10_diff1": 0.01065,
        "nauc_recall_at_20_max": 0.045403,
        "nauc_recall_at_20_std": 0.017785,
        "nauc_recall_at_20_diff1": -0.05387,
        "nauc_recall_at_100_max": -0.070771,
        "nauc_recall_at_100_std": 0.077745,
        "nauc_recall_at_100_diff1": -0.267108,
        "nauc_recall_at_1000_max": NaN,
        "nauc_recall_at_1000_std": NaN,
        "nauc_recall_at_1000_diff1": NaN,
        "nauc_precision_at_1_max": 0.090141,
        "nauc_precision_at_1_std": -0.045744,
        "nauc_precision_at_1_diff1": -0.021094,
        "nauc_precision_at_3_max": 0.155042,
        "nauc_precision_at_3_std": -0.016359,
        "nauc_precision_at_3_diff1": -0.054788,
        "nauc_precision_at_5_max": 0.205131,
        "nauc_precision_at_5_std": -0.010115,
        "nauc_precision_at_5_diff1": -0.08465,
        "nauc_precision_at_10_max": 0.114864,
        "nauc_precision_at_10_std": 0.008891,
        "nauc_precision_at_10_diff1": -0.044581,
        "nauc_precision_at_20_max": 0.111048,
        "nauc_precision_at_20_std": 0.041149,
        "nauc_precision_at_20_diff1": -0.032287,
        "nauc_precision_at_100_max": 0.078171,
        "nauc_precision_at_100_std": 0.181924,
        "nauc_precision_at_100_diff1": -0.034391,
        "nauc_precision_at_1000_max": 0.185331,
        "nauc_precision_at_1000_std": 0.136859,
        "nauc_precision_at_1000_diff1": 0.065526,
        "nauc_mrr_at_1_max": 0.090141,
        "nauc_mrr_at_1_std": -0.045744,
        "nauc_mrr_at_1_diff1": -0.021094,
        "nauc_mrr_at_3_max": 0.089201,
        "nauc_mrr_at_3_std": -0.025528,
        "nauc_mrr_at_3_diff1": -0.011026,
        "nauc_mrr_at_5_max": 0.104929,
        "nauc_mrr_at_5_std": -0.056148,
        "nauc_mrr_at_5_diff1": -0.034658,
        "nauc_mrr_at_10_max": 0.091894,
        "nauc_mrr_at_10_std": -0.054764,
        "nauc_mrr_at_10_diff1": 0.007521,
        "nauc_mrr_at_20_max": 0.093521,
        "nauc_mrr_at_20_std": -0.04826,
        "nauc_mrr_at_20_diff1": 0.000355,
        "nauc_mrr_at_100_max": 0.093557,
        "nauc_mrr_at_100_std": -0.048523,
        "nauc_mrr_at_100_diff1": -0.001269,
        "nauc_mrr_at_1000_max": 0.093557,
        "nauc_mrr_at_1000_std": -0.048523,
        "nauc_mrr_at_1000_diff1": -0.001269,
        "hit_rate_at_1": 0.54688,
        "hit_rate_at_3": 0.76562,
        "hit_rate_at_5": 0.82812,
        "hit_rate_at_10": 0.90625,
        "hit_rate_at_20": 0.96875,
        "hit_rate_at_100": 1.0,
        "hit_rate_at_1000": 1.0,
        "p-MRR": 0.018314,
        "og": {
          "ndcg_at_1": 0.5,
          "ndcg_at_3": 0.52241,
          "ndcg_at_5": 0.52337,
          "ndcg_at_10": 0.53436,
          "ndcg_at_20": 0.57532,
          "ndcg_at_100": 0.6648,
          "ndcg_at_1000": 0.73832,
          "map_at_1": 0.02843,
          "map_at_3": 0.08366,
          "map_at_5": 0.12324,
          "map_at_10": 0.21653,
          "map_at_20": 0.32837,
          "map_at_100": 0.49432,
          "map_at_1000": 0.53329,
          "recall_at_1": 0.02843,
          "recall_at_3": 0.0905,
          "recall_at_5": 0.13806,
          "recall_at_10": 0.25354,
          "recall_at_20": 0.41119,
          "recall_at_100": 0.76107,
          "recall_at_1000": 1.0,
          "accuracy": 0.02843,
          "precision_at_1": 0.6875,
          "precision_at_3": 0.75,
          "precision_at_5": 0.725,
          "precision_at_10": 0.7,
          "precision_at_20": 0.59688,
          "precision_at_100": 0.25625,
          "precision_at_1000": 0.03725,
          "mrr_at_1_max": 0.061723,
          "mrr_at_1_std": -0.079413,
          "mrr_at_1_diff1": -0.117456,
          "mrr_at_3_max": 0.248168,
          "mrr_at_3_std": -0.250511,
          "mrr_at_3_diff1": -0.134985,
          "mrr_at_5_max": 0.260725,
          "mrr_at_5_std": -0.069357,
          "mrr_at_5_diff1": -0.14599,
          "mrr_at_10_max": 0.175499,
          "mrr_at_10_std": -0.075103,
          "mrr_at_10_diff1": -0.091557,
          "mrr_at_20_max": 0.218244,
          "mrr_at_20_std": -0.012885,
          "mrr_at_20_diff1": -0.019559,
          "mrr_at_100_max": 0.189919,
          "mrr_at_100_std": 0.157844,
          "mrr_at_100_diff1": 0.028555,
          "mrr_at_1000_max": 0.357969,
          "mrr_at_1000_std": 0.083767,
          "mrr_at_1000_diff1": 0.132186,
          "mrr_at_1": 0.6875,
          "mrr_at_3": 0.807292,
          "mrr_at_5": 0.807292,