{
  "dataset_revision": "6184bc1440d2dbc7612be22b50686b8826d22b32",
  "evaluation_time": 156.53351068496704,
  "kg_co2_emissions": 0.03231180223213676,
  "mteb_version": "1.12.75",
  "scores": {
    "test": [
      {
        "hf_subset": "default",
        "languages": [
          "eng-Latn"
        ],
        "main_score": 0.416,
        "map_at_1": 0.26087,
        "map_at_10": 0.35877,
        "map_at_100": 0.3708,
        "map_at_1000": 0.37182,
        "map_at_20": 0.36476,
        "map_at_3": 0.3295,
        "map_at_5": 0.34629,
        "mrr_at_1": 0.3219178082191781,
        "mrr_at_10": 0.41217791911285023,
        "mrr_at_100": 0.4205320379730812,
        "mrr_at_1000": 0.42099762152799425,
        "mrr_at_20": 0.41654497654076156,
        "mrr_at_3": 0.38736681887366814,
        "mrr_at_5": 0.4012937595129372,
        "nauc_map_at_1000_diff1": 0.4577282835377777,
        "nauc_map_at_1000_max": 0.3407543476956466,
        "nauc_map_at_1000_std": 0.027442165539290297,
        "nauc_map_at_100_diff1": 0.4577318339609364,
        "nauc_map_at_100_max": 0.3408448326164866,
        "nauc_map_at_100_std": 0.027361795748667664,
        "nauc_map_at_10_diff1": 0.46056878641956556,
        "nauc_map_at_10_max": 0.3373769304707848,
        "nauc_map_at_10_std": 0.016015802191543933,
        "nauc_map_at_1_diff1": 0.5030225185842426,
        "nauc_map_at_1_max": 0.31283537472555395,
        "nauc_map_at_1_std": -0.018248583860512323,
        "nauc_map_at_20_diff1": 0.4585931369378001,
        "nauc_map_at_20_max": 0.3389912785926165,
        "nauc_map_at_20_std": 0.023909068284281246,
        "nauc_map_at_3_diff1": 0.4614756421537088,
        "nauc_map_at_3_max": 0.32913897727771746,
        "nauc_map_at_3_std": 0.0019372391914047472,
        "nauc_map_at_5_diff1": 0.4632096246153571,
        "nauc_map_at_5_max": 0.335384410924804,
        "nauc_map_at_5_std": 0.00699644270030394,
        "nauc_mrr_at_1000_diff1": 0.42876152203498874,
        "nauc_mrr_at_1000_max": 0.34504047088931394,
        "nauc_mrr_at_1000_std": 0.048303600175884365,
        "nauc_mrr_at_100_diff1": 0.42854971373583234,
        "nauc_mrr_at_100_max": 0.3449999117813191,
        "nauc_mrr_at_100_std": 0.04836047743522492,
        "nauc_mrr_at_10_diff1": 0.42884059506044536,
        "nauc_mrr_at_10_max": 0.34380632570350633,
        "nauc_mrr_at_10_std": 0.04347696732609598,
        "nauc_mrr_at_1_diff1": 0.4864014121097174,
        "nauc_mrr_at_1_max": 0.3501028147217878,
        "nauc_mrr_at_1_std": 0.021128899828781893,
        "nauc_mrr_at_20_diff1": 0.42810274355464106,
        "nauc_mrr_at_20_max": 0.344012243074767,
        "nauc_mrr_at_20_std": 0.048145316698988215,
        "nauc_mrr_at_3_diff1": 0.4322944762489673,
        "nauc_mrr_at_3_max": 0.3435650263588302,
        "nauc_mrr_at_3_std": 0.03895891311011085,
        "nauc_mrr_at_5_diff1": 0.4300303842243957,
        "nauc_mrr_at_5_max": 0.3435874527379676,
        "nauc_mrr_at_5_std": 0.0396075790255775,
        "nauc_ndcg_at_1000_diff1": 0.4335633112485701,
        "nauc_ndcg_at_1000_max": 0.3520045409440419,
        "nauc_ndcg_at_1000_std": 0.0715041512634806,
        "nauc_ndcg_at_100_diff1": 0.42914522224099666,
        "nauc_ndcg_at_100_max": 0.3526806826917676,
        "nauc_ndcg_at_100_std": 0.07602924408105624,
        "nauc_ndcg_at_10_diff1": 0.4362549461615577,
        "nauc_ndcg_at_10_max": 0.3393091093004651,
        "nauc_ndcg_at_10_std": 0.03623133937323553,
        "nauc_ndcg_at_1_diff1": 0.4864014121097174,
        "nauc_ndcg_at_1_max": 0.3501028147217878,
        "nauc_ndcg_at_1_std": 0.021128899828781893,
        "nauc_ndcg_at_20_diff1": 0.4298744630679167,
        "nauc_ndcg_at_20_max": 0.3419311918784655,
        "nauc_ndcg_at_20_std": 0.060155941187228563,
        "nauc_ndcg_at_3_diff1": 0.44009863709455915,
        "nauc_ndcg_at_3_max": 0.33585756242137593,
        "nauc_ndcg_at_3_std": 0.025147828869144732,
        "nauc_ndcg_at_5_diff1": 0.44361161970723123,
        "nauc_ndcg_at_5_max": 0.340590380170281,
        "nauc_ndcg_at_5_std": 0.024281137828721707,
        "nauc_precision_at_1000_diff1": -0.11136458711320993,
        "nauc_precision_at_1000_max": -0.011620308455900752,
        "nauc_precision_at_1000_std": 0.13471492239237876,
        "nauc_precision_at_100_diff1": -0.004756699913041191,
        "nauc_precision_at_100_max": 0.1420636116375212,
        "nauc_precision_at_100_std": 0.25289580690743557,
        "nauc_precision_at_10_diff1": 0.2190869402608736,
        "nauc_precision_at_10_max": 0.2890255119366504,
        "nauc_precision_at_10_std": 0.15748918762616584,
        "nauc_precision_at_1_diff1": 0.4864014121097174,
        "nauc_precision_at_1_max": 0.3501028147217878,
        "nauc_precision_at_1_std": 0.021128899828781893,
        "nauc_precision_at_20_diff1": 0.13851137875397043,
        "nauc_precision_at_20_max": 0.242472434200453,
        "nauc_precision_at_20_std": 0.2316416761340632,
        "nauc_precision_at_3_diff1": 0.30744202875684035,
        "nauc_precision_at_3_max": 0.324153315440528,
        "nauc_precision_at_3_std": 0.08468274127302886,
        "nauc_precision_at_5_diff1": 0.29243345436372786,
        "nauc_precision_at_5_max": 0.3310190508707784,
        "nauc_precision_at_5_std": 0.11671302484603731,
        "nauc_recall_at_1000_diff1": 0.3352095250647055,
        "nauc_recall_at_1000_max": 0.487240085669306,
        "nauc_recall_at_1000_std": 0.47535555501168947,
        "nauc_recall_at_100_diff1": 0.3036116482841743,
        "nauc_recall_at_100_max": 0.3883175399994634,
        "nauc_recall_at_100_std": 0.2914010606685284,
        "nauc_recall_at_10_diff1": 0.36703061439996243,
        "nauc_recall_at_10_max": 0.3138839305087207,
        "nauc_recall_at_10_std": 0.06500138509252211,
        "nauc_recall_at_1_diff1": 0.5030225185842426,
        "nauc_recall_at_1_max": 0.31283537472555395,
        "nauc_recall_at_1_std": -0.018248583860512323,
        "nauc_recall_at_20_diff1": 0.336157894969028,
        "nauc_recall_at_20_max": 0.3185685444989437,
        "nauc_recall_at_20_std": 0.14936786119294243,
        "nauc_recall_at_3_diff1": 0.4052548934128965,
        "nauc_recall_at_3_max": 0.31259582347715614,
        "nauc_recall_at_3_std": 0.02331896749977343,
        "nauc_recall_at_5_diff1": 0.39144571648039145,
        "nauc_recall_at_5_max": 0.3140853301025896,
        "nauc_recall_at_5_std": 0.02701673855191671,
        "ndcg_at_1": 0.32192,
        "ndcg_at_10": 0.416,
        "ndcg_at_100": 0.47107,
        "ndcg_at_1000": 0.49193,
        "ndcg_at_20": 0.43469,
        "ndcg_at_3": 0.36837,
        "ndcg_at_5": 0.39056,
        "precision_at_1": 0.32192,
        "precision_at_10": 0.07477,
        "precision_at_100": 0.01199,
        "precision_at_1000": 0.00156,
        "precision_at_20": 0.04389,
        "precision_at_3": 0.17808,
        "precision_at_5": 0.1242,
        "recall_at_1": 0.26087,
        "recall_at_10": 0.53682,
        "recall_at_100": 0.77773,
        "recall_at_1000": 0.91754,
        "recall_at_20": 0.60268,
        "recall_at_3": 0.39955,
        "recall_at_5": 0.4611
      }
    ]
  },
  "task_name": "CQADupstackProgrammersRetrieval"
}