{
  "dataset_revision": "617612fa63afcb60e3b134bed8b7216a99707c37",
  "task_name": "HotpotQAHardNegatives",
  "mteb_version": "1.18.0",
  "scores": {
    "test": [
      {
        "ndcg_at_1": 0.774,
        "ndcg_at_3": 0.66273,
        "ndcg_at_5": 0.69165,
        "ndcg_at_10": 0.71662,
        "ndcg_at_20": 0.73155,
        "ndcg_at_100": 0.75345,
        "ndcg_at_1000": 0.76392,
        "map_at_1": 0.387,
        "map_at_3": 0.59367,
        "map_at_5": 0.61662,
        "map_at_10": 0.63118,
        "map_at_20": 0.63705,
        "map_at_100": 0.64142,
        "map_at_1000": 0.64204,
        "recall_at_1": 0.387,
        "recall_at_3": 0.6445,
        "recall_at_5": 0.7015,
        "recall_at_10": 0.765,
        "recall_at_20": 0.8135,
        "recall_at_100": 0.912,
        "recall_at_1000": 0.9795,
        "precision_at_1": 0.774,
        "precision_at_3": 0.42967,
        "precision_at_5": 0.2806,
        "precision_at_10": 0.153,
        "precision_at_20": 0.08135,
        "precision_at_100": 0.01824,
        "precision_at_1000": 0.00196,
        "mrr_at_1": 0.774,
        "mrr_at_3": 0.829667,
        "mrr_at_5": 0.836367,
        "mrr_at_10": 0.840446,
        "mrr_at_20": 0.841902,
        "mrr_at_100": 0.842396,
        "mrr_at_1000": 0.842414,
        "nauc_ndcg_at_1_max": 0.484309,
        "nauc_ndcg_at_1_std": -0.101398,
        "nauc_ndcg_at_1_diff1": 0.651711,
        "nauc_ndcg_at_3_max": 0.253951,
        "nauc_ndcg_at_3_std": -0.084183,
        "nauc_ndcg_at_3_diff1": 0.192707,
        "nauc_ndcg_at_5_max": 0.258994,
        "nauc_ndcg_at_5_std": -0.086755,
        "nauc_ndcg_at_5_diff1": 0.191223,
        "nauc_ndcg_at_10_max": 0.279309,
        "nauc_ndcg_at_10_std": -0.067877,
        "nauc_ndcg_at_10_diff1": 0.199023,
        "nauc_ndcg_at_20_max": 0.278702,
        "nauc_ndcg_at_20_std": -0.06004,
        "nauc_ndcg_at_20_diff1": 0.205134,
        "nauc_ndcg_at_100_max": 0.276316,
        "nauc_ndcg_at_100_std": -0.046283,
        "nauc_ndcg_at_100_diff1": 0.204903,
        "nauc_ndcg_at_1000_max": 0.284756,
        "nauc_ndcg_at_1000_std": -0.05267,
        "nauc_ndcg_at_1000_diff1": 0.222162,
        "nauc_map_at_1_max": 0.484309,
        "nauc_map_at_1_std": -0.101398,
        "nauc_map_at_1_diff1": 0.651711,
        "nauc_map_at_3_max": 0.205767,
        "nauc_map_at_3_std": -0.08372,
        "nauc_map_at_3_diff1": 0.129199,
        "nauc_map_at_5_max": 0.212367,
        "nauc_map_at_5_std": -0.082257,
        "nauc_map_at_5_diff1": 0.130525,
        "nauc_map_at_10_max": 0.224652,
        "nauc_map_at_10_std": -0.073012,
        "nauc_map_at_10_diff1": 0.137139,
        "nauc_map_at_20_max": 0.224767,
        "nauc_map_at_20_std": -0.071092,
        "nauc_map_at_20_diff1": 0.140135,
        "nauc_map_at_100_max": 0.223425,
        "nauc_map_at_100_std": -0.069782,
        "nauc_map_at_100_diff1": 0.140081,
        "nauc_map_at_1000_max": 0.223714,
        "nauc_map_at_1000_std": -0.069854,
        "nauc_map_at_1000_diff1": 0.140639,
        "nauc_recall_at_1_max": 0.484309,
        "nauc_recall_at_1_std": -0.101398,
        "nauc_recall_at_1_diff1": 0.651711,
        "nauc_recall_at_3_max": 0.191792,
        "nauc_recall_at_3_std": -0.073239,
        "nauc_recall_at_3_diff1": 0.064651,
        "nauc_recall_at_5_max": 0.190813,
        "nauc_recall_at_5_std": -0.074054,
        "nauc_recall_at_5_diff1": 0.046239,
        "nauc_recall_at_10_max": 0.233051,
        "nauc_recall_at_10_std": -0.017399,
        "nauc_recall_at_10_diff1": 0.042287,
        "nauc_recall_at_20_max": 0.219258,
        "nauc_recall_at_20_std": 0.025304,
        "nauc_recall_at_20_diff1": 0.034438,
        "nauc_recall_at_100_max": 0.163326,
        "nauc_recall_at_100_std": 0.23934,
        "nauc_recall_at_100_diff1": -0.118084,
        "nauc_recall_at_1000_max": 0.36697,
        "nauc_recall_at_1000_std": 0.690488,
        "nauc_recall_at_1000_diff1": -0.105805,
        "nauc_precision_at_1_max": 0.484309,
        "nauc_precision_at_1_std": -0.101398,
        "nauc_precision_at_1_diff1": 0.651711,
        "nauc_precision_at_3_max": 0.191792,
        "nauc_precision_at_3_std": -0.073239,
        "nauc_precision_at_3_diff1": 0.064651,
        "nauc_precision_at_5_max": 0.190813,
        "nauc_precision_at_5_std": -0.074054,
        "nauc_precision_at_5_diff1": 0.046239,
        "nauc_precision_at_10_max": 0.233051,
        "nauc_precision_at_10_std": -0.017399,
        "nauc_precision_at_10_diff1": 0.042287,
        "nauc_precision_at_20_max": 0.219258,
        "nauc_precision_at_20_std": 0.025304,
        "nauc_precision_at_20_diff1": 0.034438,
        "nauc_precision_at_100_max": 0.163326,
        "nauc_precision_at_100_std": 0.23934,
        "nauc_precision_at_100_diff1": -0.118084,
        "nauc_precision_at_1000_max": 0.36697,
        "nauc_precision_at_1000_std": 0.690488,
        "nauc_precision_at_1000_diff1": -0.105805,
        "nauc_mrr_at_1_max": 0.484309,
        "nauc_mrr_at_1_std": -0.101398,
        "nauc_mrr_at_1_diff1": 0.651711,
        "nauc_mrr_at_3_max": 0.521015,
        "nauc_mrr_at_3_std": -0.101959,
        "nauc_mrr_at_3_diff1": 0.645663,
        "nauc_mrr_at_5_max": 0.519509,
        "nauc_mrr_at_5_std": -0.115848,
        "nauc_mrr_at_5_diff1": 0.651634,
        "nauc_mrr_at_10_max": 0.517551,
        "nauc_mrr_at_10_std": -0.114007,
        "nauc_mrr_at_10_diff1": 0.650597,
        "nauc_mrr_at_20_max": 0.516156,
        "nauc_mrr_at_20_std": -0.112845,
        "nauc_mrr_at_20_diff1": 0.649871,
        "nauc_mrr_at_100_max": 0.515704,
        "nauc_mrr_at_100_std": -0.112743,
        "nauc_mrr_at_100_diff1": 0.649631,
        "nauc_mrr_at_1000_max": 0.515683,
        "nauc_mrr_at_1000_std": -0.112821,
        "nauc_mrr_at_1000_diff1": 0.649672,
        "main_score": 0.71662,
        "hf_subset": "default",
        "languages": [
          "eng-Latn"
        ]
      }
    ]
  },
  "evaluation_time": 7041.965440273285,
  "kg_co2_emissions": null
}