{
    "dataset_revision": "d3fb88f8f02e40887cd149695127462bbcf29b4a",
    "task_name": "BIOSSES",
    "evaluation_time": -1,
    "mteb_version": "0.0.0",
    "scores": {
        "test": [
            {
                "hf_subset": "default",
                "languages": [
                    "eng-Latn"
                ],
                "cos_sim_pearson": 88.82418607751953,
                "cos_sim_spearman": 86.74535004562274,
                "euclidean_pearson": 86.58792166831103,
                "euclidean_spearman": 86.74535004562274,
                "manhattan_pearson": 86.23957813056677,
                "manhattan_spearman": 86.41522204150452,
                "cosine_pearson": 88.82418607751953,
                "cosine_spearman": 86.74535004562274,
                "main_score": 86.74535004562274
            }
        ]
    }
}