{
  "dataset_revision": "bc5efb7e9d437246ce393ed19d772e08e4a79535",
  "task_name": "CosQA",
  "mteb_version": "1.18.0",
  "scores": {
    "test": [
      {
        "ndcg_at_1": 0.126,
        "ndcg_at_3": 0.19259,
        "ndcg_at_5": 0.24078,
        "ndcg_at_10": 0.28289,
        "ndcg_at_20": 0.31706,
        "ndcg_at_100": 0.3605,
        "ndcg_at_1000": 0.37632,
        "map_at_1": 0.126,
        "map_at_3": 0.175,
        "map_at_5": 0.2015,
        "map_at_10": 0.21931,
        "map_at_20": 0.22884,
        "map_at_100": 0.23502,
        "map_at_1000": 0.23566,
        "recall_at_1": 0.126,
        "recall_at_3": 0.244,
        "recall_at_5": 0.362,
        "recall_at_10": 0.49,
        "recall_at_20": 0.624,
        "recall_at_100": 0.856,
        "recall_at_1000": 0.978,
        "precision_at_1": 0.126,
        "precision_at_3": 0.08133,
        "precision_at_5": 0.0724,
        "precision_at_10": 0.049,
        "precision_at_20": 0.0312,
        "precision_at_100": 0.00856,
        "precision_at_1000": 0.00098,
        "mrr_at_1": 0.12,
        "mrr_at_3": 0.175333,
        "mrr_at_5": 0.193933,
        "mrr_at_10": 0.212271,
        "mrr_at_20": 0.222118,
        "mrr_at_100": 0.228373,
        "mrr_at_1000": 0.228997,
        "nauc_ndcg_at_1_max": 0.102948,
        "nauc_ndcg_at_1_std": -0.131709,
        "nauc_ndcg_at_1_diff1": 0.359892,
        "nauc_ndcg_at_3_max": 0.154776,
        "nauc_ndcg_at_3_std": -0.117827,
        "nauc_ndcg_at_3_diff1": 0.196695,
        "nauc_ndcg_at_5_max": 0.177434,
        "nauc_ndcg_at_5_std": -0.107058,
        "nauc_ndcg_at_5_diff1": 0.161201,
        "nauc_ndcg_at_10_max": 0.177991,
        "nauc_ndcg_at_10_std": -0.08629,
        "nauc_ndcg_at_10_diff1": 0.139192,
        "nauc_ndcg_at_20_max": 0.18454,
        "nauc_ndcg_at_20_std": -0.080871,
        "nauc_ndcg_at_20_diff1": 0.134863,
        "nauc_ndcg_at_100_max": 0.188607,
        "nauc_ndcg_at_100_std": -0.058566,
        "nauc_ndcg_at_100_diff1": 0.147717,
        "nauc_ndcg_at_1000_max": 0.181409,
        "nauc_ndcg_at_1000_std": -0.068948,
        "nauc_ndcg_at_1000_diff1": 0.163049,
        "nauc_map_at_1_max": 0.102948,
        "nauc_map_at_1_std": -0.131709,
        "nauc_map_at_1_diff1": 0.359892,
        "nauc_map_at_3_max": 0.144256,
        "nauc_map_at_3_std": -0.12173,
        "nauc_map_at_3_diff1": 0.232418,
        "nauc_map_at_5_max": 0.158424,
        "nauc_map_at_5_std": -0.115686,
        "nauc_map_at_5_diff1": 0.208879,
        "nauc_map_at_10_max": 0.157862,
        "nauc_map_at_10_std": -0.10564,
        "nauc_map_at_10_diff1": 0.196573,
        "nauc_map_at_20_max": 0.159872,
        "nauc_map_at_20_std": -0.104241,
        "nauc_map_at_20_diff1": 0.195605,
        "nauc_map_at_100_max": 0.161125,
        "nauc_map_at_100_std": -0.099394,
        "nauc_map_at_100_diff1": 0.197764,
        "nauc_map_at_1000_max": 0.160868,
        "nauc_map_at_1000_std": -0.099615,
        "nauc_map_at_1000_diff1": 0.198338,
        "nauc_recall_at_1_max": 0.102948,
        "nauc_recall_at_1_std": -0.131709,
        "nauc_recall_at_1_diff1": 0.359892,
        "nauc_recall_at_3_max": 0.179248,
        "nauc_recall_at_3_std": -0.1084,
        "nauc_recall_at_3_diff1": 0.112763,
        "nauc_recall_at_5_max": 0.220265,
        "nauc_recall_at_5_std": -0.086675,
        "nauc_recall_at_5_diff1": 0.055762,
        "nauc_recall_at_10_max": 0.225353,
        "nauc_recall_at_10_std": -0.037438,
        "nauc_recall_at_10_diff1": 0.009093,
        "nauc_recall_at_20_max": 0.254119,
        "nauc_recall_at_20_std": -0.010668,
        "nauc_recall_at_20_diff1": -0.025058,
        "nauc_recall_at_100_max": 0.345952,
        "nauc_recall_at_100_std": 0.224855,
        "nauc_recall_at_100_diff1": -0.081255,
        "nauc_recall_at_1000_max": 0.56485,
        "nauc_recall_at_1000_std": 0.72184,
        "nauc_recall_at_1000_diff1": -0.023852,
        "nauc_precision_at_1_max": 0.102948,
        "nauc_precision_at_1_std": -0.131709,
        "nauc_precision_at_1_diff1": 0.359892,
        "nauc_precision_at_3_max": 0.179248,
        "nauc_precision_at_3_std": -0.1084,
        "nauc_precision_at_3_diff1": 0.112763,
        "nauc_precision_at_5_max": 0.220265,
        "nauc_precision_at_5_std": -0.086675,
        "nauc_precision_at_5_diff1": 0.055762,
        "nauc_precision_at_10_max": 0.225353,
        "nauc_precision_at_10_std": -0.037438,
        "nauc_precision_at_10_diff1": 0.009093,
        "nauc_precision_at_20_max": 0.254119,
        "nauc_precision_at_20_std": -0.010668,
        "nauc_precision_at_20_diff1": -0.025058,
        "nauc_precision_at_100_max": 0.345952,
        "nauc_precision_at_100_std": 0.224855,
        "nauc_precision_at_100_diff1": -0.081255,
        "nauc_precision_at_1000_max": 0.56485,
        "nauc_precision_at_1000_std": 0.72184,
        "nauc_precision_at_1000_diff1": -0.023852,
        "nauc_mrr_at_1_max": 0.134703,
        "nauc_mrr_at_1_std": -0.161809,
        "nauc_mrr_at_1_diff1": 0.364074,
        "nauc_mrr_at_3_max": 0.134111,
        "nauc_mrr_at_3_std": -0.149901,
        "nauc_mrr_at_3_diff1": 0.221197,
        "nauc_mrr_at_5_max": 0.132968,
        "nauc_mrr_at_5_std": -0.147148,
        "nauc_mrr_at_5_diff1": 0.204013,
        "nauc_mrr_at_10_max": 0.139882,
        "nauc_mrr_at_10_std": -0.137436,
        "nauc_mrr_at_10_diff1": 0.193156,
        "nauc_mrr_at_20_max": 0.145296,
        "nauc_mrr_at_20_std": -0.132688,
        "nauc_mrr_at_20_diff1": 0.193831,
        "nauc_mrr_at_100_max": 0.146882,
        "nauc_mrr_at_100_std": -0.128466,
        "nauc_mrr_at_100_diff1": 0.196439,
        "nauc_mrr_at_1000_max": 0.146535,
        "nauc_mrr_at_1000_std": -0.128792,
        "nauc_mrr_at_1000_diff1": 0.196991,
        "main_score": 0.28289,
        "hf_subset": "default",
        "languages": [
          "eng-Latn",
          "python-Code"
        ]
      }
    ]
  },
  "evaluation_time": 3.8997321128845215,
  "kg_co2_emissions": 0.00020617320584064225
}