{
    "dataset_revision": "6031580fec1f6af667f0bd2da0a551cf4f0b2375",
    "task_name": "STS14",
    "evaluation_time": NaN,
    "mteb_version": "unknown",
    "scores": {
        "test": [
            {
                "hf_subset": "default",
                "languages": [
                    "eng-Latn"
                ],
                "cos_sim_pearson": 76.26381598259717,
                "cos_sim_spearman": 70.78377709313477,
                "euclidean_pearson": 74.82646556532096,
                "euclidean_spearman": 70.78377658155212,
                "manhattan_pearson": 74.81784766108225,
                "manhattan_spearman": 70.79351454692176,
                "cosine_pearson": 76.26381598259717,
                "cosine_spearman": 70.78377709313477,
                "main_score": 70.78377709313477
            }
        ]
    }
}