{
  "dataset_revision": "b2a085913606be3c4f2f1a8bff1810e38bade8fa",
  "task_name": "HagridRetrieval",
  "mteb_version": "1.18.0",
  "scores": {
    "dev": [
      {
        "ndcg_at_1": 0.98185,
        "ndcg_at_3": 0.98694,
        "ndcg_at_5": 0.98694,
        "ndcg_at_10": 0.98766,
        "ndcg_at_20": 0.98766,
        "ndcg_at_100": 0.98858,
        "ndcg_at_1000": 0.98886,
        "map_at_1": 0.98185,
        "map_at_3": 0.98589,
        "map_at_5": 0.98589,
        "map_at_10": 0.98622,
        "map_at_20": 0.98622,
        "map_at_100": 0.98629,
        "map_at_1000": 0.9863,
        "recall_at_1": 0.98185,
        "recall_at_3": 0.98992,
        "recall_at_5": 0.98992,
        "recall_at_10": 0.99194,
        "recall_at_20": 0.99194,
        "recall_at_100": 0.99798,
        "recall_at_1000": 1.0,
        "precision_at_1": 0.98185,
        "precision_at_3": 0.32997,
        "precision_at_5": 0.19798,
        "precision_at_10": 0.09919,
        "precision_at_20": 0.0496,
        "precision_at_100": 0.00998,
        "precision_at_1000": 0.001,
        "mrr_at_1": 0.981855,
        "mrr_at_3": 0.985887,
        "mrr_at_5": 0.985887,
        "mrr_at_10": 0.986223,
        "mrr_at_20": 0.986223,
        "mrr_at_100": 0.986286,
        "mrr_at_1000": 0.986299,
        "nauc_ndcg_at_1_max": 0.858933,
        "nauc_ndcg_at_1_std": -0.275496,
        "nauc_ndcg_at_1_diff1": 0.985463,
        "nauc_ndcg_at_3_max": 0.927648,
        "nauc_ndcg_at_3_std": -0.295457,
        "nauc_ndcg_at_3_diff1": 0.979798,
        "nauc_ndcg_at_5_max": 0.927648,
        "nauc_ndcg_at_5_std": -0.295457,
        "nauc_ndcg_at_5_diff1": 0.979798,
        "nauc_ndcg_at_10_max": 0.923437,
        "nauc_ndcg_at_10_std": -0.302654,
        "nauc_ndcg_at_10_diff1": 0.978622,
        "nauc_ndcg_at_20_max": 0.923437,
        "nauc_ndcg_at_20_std": -0.302654,
        "nauc_ndcg_at_20_diff1": 0.978622,
        "nauc_ndcg_at_100_max": 0.917294,
        "nauc_ndcg_at_100_std": -0.304525,
        "nauc_ndcg_at_100_diff1": 0.976907,
        "nauc_ndcg_at_1000_max": 0.915227,
        "nauc_ndcg_at_1000_std": -0.298054,
        "nauc_ndcg_at_1000_diff1": 0.979599,
        "nauc_map_at_1_max": 0.858933,
        "nauc_map_at_1_std": -0.275496,
        "nauc_map_at_1_diff1": 0.985463,
        "nauc_map_at_3_max": 0.909314,
        "nauc_map_at_3_std": -0.290131,
        "nauc_map_at_3_diff1": 0.981309,
        "nauc_map_at_5_max": 0.909314,
        "nauc_map_at_5_std": -0.290131,
        "nauc_map_at_5_diff1": 0.981309,
        "nauc_map_at_10_max": 0.907102,
        "nauc_map_at_10_std": -0.293017,
        "nauc_map_at_10_diff1": 0.980853,
        "nauc_map_at_20_max": 0.907102,
        "nauc_map_at_20_std": -0.293017,
        "nauc_map_at_20_diff1": 0.980853,
        "nauc_map_at_100_max": 0.906675,
        "nauc_map_at_100_std": -0.293131,
        "nauc_map_at_100_diff1": 0.980765,
        "nauc_map_at_1000_max": 0.906584,
        "nauc_map_at_1000_std": -0.292866,
        "nauc_map_at_1000_diff1": 0.980875,
        "nauc_recall_at_1_max": 0.858933,
        "nauc_recall_at_1_std": -0.275496,
        "nauc_recall_at_1_diff1": 0.985463,
        "nauc_recall_at_3_max": 1.0,
        "nauc_recall_at_3_std": -0.316475,
        "nauc_recall_at_3_diff1": 0.973833,
        "nauc_recall_at_5_max": 1.0,
        "nauc_recall_at_5_std": -0.316475,
        "nauc_recall_at_5_diff1": 0.973833,
        "nauc_recall_at_10_max": 1.0,
        "nauc_recall_at_10_std": -0.352642,
        "nauc_recall_at_10_diff1": 0.967291,
        "nauc_recall_at_20_max": 1.0,
        "nauc_recall_at_20_std": -0.352642,
        "nauc_recall_at_20_diff1": 0.967291,
        "nauc_recall_at_100_max": 1.0,
        "nauc_recall_at_100_std": -0.563437,
        "nauc_recall_at_100_diff1": 0.869164,
        "nauc_recall_at_1000_max": NaN,
        "nauc_recall_at_1000_std": NaN,
        "nauc_recall_at_1000_diff1": NaN,
        "nauc_precision_at_1_max": 0.858933,
        "nauc_precision_at_1_std": -0.275496,
        "nauc_precision_at_1_diff1": 0.985463,
        "nauc_precision_at_3_max": 1.0,
        "nauc_precision_at_3_std": -0.316475,
        "nauc_precision_at_3_diff1": 0.973833,
        "nauc_precision_at_5_max": 1.0,
        "nauc_precision_at_5_std": -0.316475,
        "nauc_precision_at_5_diff1": 0.973833,
        "nauc_precision_at_10_max": 1.0,
        "nauc_precision_at_10_std": -0.352642,
        "nauc_precision_at_10_diff1": 0.967291,
        "nauc_precision_at_20_max": 1.0,
        "nauc_precision_at_20_std": -0.352642,
        "nauc_precision_at_20_diff1": 0.967291,
        "nauc_precision_at_100_max": 1.0,
        "nauc_precision_at_100_std": -0.563437,
        "nauc_precision_at_100_diff1": 0.869164,
        "nauc_precision_at_1000_max": 1.0,
        "nauc_precision_at_1000_std": 1.0,
        "nauc_precision_at_1000_diff1": 1.0,
        "nauc_mrr_at_1_max": 0.858933,
        "nauc_mrr_at_1_std": -0.275496,
        "nauc_mrr_at_1_diff1": 0.985463,
        "nauc_mrr_at_3_max": 0.909314,
        "nauc_mrr_at_3_std": -0.290131,
        "nauc_mrr_at_3_diff1": 0.981309,
        "nauc_mrr_at_5_max": 0.909314,
        "nauc_mrr_at_5_std": -0.290131,
        "nauc_mrr_at_5_diff1": 0.981309,
        "nauc_mrr_at_10_max": 0.907102,
        "nauc_mrr_at_10_std": -0.293017,
        "nauc_mrr_at_10_diff1": 0.980853,
        "nauc_mrr_at_20_max": 0.907102,
        "nauc_mrr_at_20_std": -0.293017,
        "nauc_mrr_at_20_diff1": 0.980853,
        "nauc_mrr_at_100_max": 0.90668,
        "nauc_mrr_at_100_std": -0.293152,
        "nauc_mrr_at_100_diff1": 0.980766,
        "nauc_mrr_at_1000_max": 0.906587,
        "nauc_mrr_at_1000_std": -0.292884,
        "nauc_mrr_at_1000_diff1": 0.980877,
        "main_score": 0.98766,
        "hf_subset": "default",
        "languages": [
          "eng-Latn"
        ]
      }
    ]
  },
  "evaluation_time": 0.8509566783905029,
  "kg_co2_emissions": 3.849572626867446e-05
}