{
  "dataset_revision": "ec0fa4fe99da2ff19ca1214b7966684033a58814",
  "task_name": "NFCorpus",
  "mteb_version": "1.18.0",
  "scores": {
    "test": [
      {
        "ndcg_at_1": 0.31734,
        "ndcg_at_3": 0.31234,
        "ndcg_at_5": 0.30237,
        "ndcg_at_10": 0.29212,
        "ndcg_at_20": 0.27978,
        "ndcg_at_100": 0.2874,
        "ndcg_at_1000": 0.3814,
        "map_at_1": 0.0311,
        "map_at_3": 0.06894,
        "map_at_5": 0.08249,
        "map_at_10": 0.1015,
        "map_at_20": 0.11546,
        "map_at_100": 0.1351,
        "map_at_1000": 0.15034,
        "recall_at_1": 0.0311,
        "recall_at_3": 0.09276,
        "recall_at_5": 0.116,
        "recall_at_10": 0.16094,
        "recall_at_20": 0.2012,
        "recall_at_100": 0.3169,
        "recall_at_1000": 0.65398,
        "precision_at_1": 0.32817,
        "precision_at_3": 0.3065,
        "precision_at_5": 0.27368,
        "precision_at_10": 0.22848,
        "precision_at_20": 0.1743,
        "precision_at_100": 0.07972,
        "precision_at_1000": 0.02127,
        "mrr_at_1": 0.328173,
        "mrr_at_3": 0.422085,
        "mrr_at_5": 0.440196,
        "mrr_at_10": 0.452784,
        "mrr_at_20": 0.457652,
        "mrr_at_100": 0.459746,
        "mrr_at_1000": 0.460265,
        "nauc_ndcg_at_1_max": 0.306792,
        "nauc_ndcg_at_1_std": 0.297472,
        "nauc_ndcg_at_1_diff1": 0.027413,
        "nauc_ndcg_at_3_max": 0.347292,
        "nauc_ndcg_at_3_std": 0.289897,
        "nauc_ndcg_at_3_diff1": -0.024085,
        "nauc_ndcg_at_5_max": 0.349985,
        "nauc_ndcg_at_5_std": 0.288079,
        "nauc_ndcg_at_5_diff1": -0.022473,
        "nauc_ndcg_at_10_max": 0.332436,
        "nauc_ndcg_at_10_std": 0.290173,
        "nauc_ndcg_at_10_diff1": -0.042043,
        "nauc_ndcg_at_20_max": 0.315529,
        "nauc_ndcg_at_20_std": 0.290804,
        "nauc_ndcg_at_20_diff1": -0.062927,
        "nauc_ndcg_at_100_max": 0.332214,
        "nauc_ndcg_at_100_std": 0.304017,
        "nauc_ndcg_at_100_diff1": -0.075215,
        "nauc_ndcg_at_1000_max": 0.366003,
        "nauc_ndcg_at_1000_std": 0.368463,
        "nauc_ndcg_at_1000_diff1": -0.050287,
        "nauc_map_at_1_max": 0.100314,
        "nauc_map_at_1_std": 0.002158,
        "nauc_map_at_1_diff1": 0.084007,
        "nauc_map_at_3_max": 0.14769,
        "nauc_map_at_3_std": -0.055461,
        "nauc_map_at_3_diff1": 0.050749,
        "nauc_map_at_5_max": 0.189128,
        "nauc_map_at_5_std": -0.01222,
        "nauc_map_at_5_diff1": 0.063915,
        "nauc_map_at_10_max": 0.21555,
        "nauc_map_at_10_std": 0.039282,
        "nauc_map_at_10_diff1": 0.024686,
        "nauc_map_at_20_max": 0.229416,
        "nauc_map_at_20_std": 0.089423,
        "nauc_map_at_20_diff1": 0.00164,
        "nauc_map_at_100_max": 0.259518,
        "nauc_map_at_100_std": 0.165968,
        "nauc_map_at_100_diff1": -0.025051,
        "nauc_map_at_1000_max": 0.270407,
        "nauc_map_at_1000_std": 0.209023,
        "nauc_map_at_1000_diff1": -0.035218,
        "nauc_recall_at_1_max": 0.100314,
        "nauc_recall_at_1_std": 0.002158,
        "nauc_recall_at_1_diff1": 0.084007,
        "nauc_recall_at_3_max": 0.128911,
        "nauc_recall_at_3_std": -0.109113,
        "nauc_recall_at_3_diff1": 0.049257,
        "nauc_recall_at_5_max": 0.169908,
        "nauc_recall_at_5_std": -0.061284,
        "nauc_recall_at_5_diff1": 0.057162,
        "nauc_recall_at_10_max": 0.153514,
        "nauc_recall_at_10_std": -0.012507,
        "nauc_recall_at_10_diff1": -0.003032,
        "nauc_recall_at_20_max": 0.157517,
        "nauc_recall_at_20_std": 0.066763,
        "nauc_recall_at_20_diff1": -0.032708,
        "nauc_recall_at_100_max": 0.192903,
        "nauc_recall_at_100_std": 0.206379,
        "nauc_recall_at_100_diff1": -0.118888,
        "nauc_recall_at_1000_max": 0.087288,
        "nauc_recall_at_1000_std": 0.181637,
        "nauc_recall_at_1000_diff1": -0.000417,
        "nauc_precision_at_1_max": 0.327178,
        "nauc_precision_at_1_std": 0.305429,
        "nauc_precision_at_1_diff1": 0.037594,
        "nauc_precision_at_3_max": 0.355971,
        "nauc_precision_at_3_std": 0.326749,
        "nauc_precision_at_3_diff1": -0.058142,
        "nauc_precision_at_5_max": 0.349842,
        "nauc_precision_at_5_std": 0.342307,
        "nauc_precision_at_5_diff1": -0.063955,
        "nauc_precision_at_10_max": 0.323738,
        "nauc_precision_at_10_std": 0.379611,
        "nauc_precision_at_10_diff1": -0.108526,
        "nauc_precision_at_20_max": 0.277848,
        "nauc_precision_at_20_std": 0.411329,
        "nauc_precision_at_20_diff1": -0.137079,
        "nauc_precision_at_100_max": 0.195427,
        "nauc_precision_at_100_std": 0.420622,
        "nauc_precision_at_100_diff1": -0.137437,
        "nauc_precision_at_1000_max": 0.07707,
        "nauc_precision_at_1000_std": 0.313706,
        "nauc_precision_at_1000_diff1": -0.082932,
        "nauc_mrr_at_1_max": 0.327178,
        "nauc_mrr_at_1_std": 0.305429,
        "nauc_mrr_at_1_diff1": 0.037594,
        "nauc_mrr_at_3_max": 0.340651,
        "nauc_mrr_at_3_std": 0.295574,
        "nauc_mrr_at_3_diff1": 0.0062,
        "nauc_mrr_at_5_max": 0.343693,
        "nauc_mrr_at_5_std": 0.303334,
        "nauc_mrr_at_5_diff1": -0.004392,
        "nauc_mrr_at_10_max": 0.344643,
        "nauc_mrr_at_10_std": 0.31208,
        "nauc_mrr_at_10_diff1": -0.002705,
        "nauc_mrr_at_20_max": 0.350787,
        "nauc_mrr_at_20_std": 0.313915,
        "nauc_mrr_at_20_diff1": -0.003754,
        "nauc_mrr_at_100_max": 0.34983,
        "nauc_mrr_at_100_std": 0.313914,
        "nauc_mrr_at_100_diff1": -0.003528,
        "nauc_mrr_at_1000_max": 0.349477,
        "nauc_mrr_at_1000_std": 0.313675,
        "nauc_mrr_at_1000_diff1": -0.00301,
        "main_score": 0.29212,
        "hf_subset": "default",
        "languages": [
          "eng-Latn"
        ]
      }
    ]
  },
  "evaluation_time": 8.060169458389282,
  "kg_co2_emissions": 0.0007113007444935311
}