{
  "dataset_revision": "ef1661775d746e0844b299164773db733bdc0bf6",
  "task_name": "SwednRetrieval",
  "mteb_version": "1.18.0",
  "scores": {
    "test": [
      {
        "ndcg_at_1": 0.24707,
        "ndcg_at_3": 0.22403,
        "ndcg_at_5": 0.24844,
        "ndcg_at_10": 0.27081,
        "ndcg_at_20": 0.29096,
        "ndcg_at_100": 0.3252,
        "ndcg_at_1000": 0.37499,
        "map_at_1": 0.12354,
        "map_at_3": 0.19124,
        "map_at_5": 0.20699,
        "map_at_10": 0.21782,
        "map_at_20": 0.2243,
        "map_at_100": 0.22986,
        "map_at_1000": 0.23174,
        "recall_at_1": 0.12354,
        "recall_at_3": 0.2251,
        "recall_at_5": 0.27344,
        "recall_at_10": 0.33008,
        "recall_at_20": 0.39502,
        "recall_at_100": 0.54736,
        "recall_at_1000": 0.88672,
        "precision_at_1": 0.24707,
        "precision_at_3": 0.15007,
        "precision_at_5": 0.10938,
        "precision_at_10": 0.06602,
        "precision_at_20": 0.0395,
        "precision_at_100": 0.01095,
        "precision_at_1000": 0.00177,
        "mrr_at_1": 0.24707,
        "mrr_at_3": 0.289714,
        "mrr_at_5": 0.30236,
        "mrr_at_10": 0.310658,
        "mrr_at_20": 0.315793,
        "mrr_at_100": 0.319586,
        "mrr_at_1000": 0.320578,
        "nauc_ndcg_at_1_max": 0.053023,
        "nauc_ndcg_at_1_std": 0.023277,
        "nauc_ndcg_at_1_diff1": 0.575954,
        "nauc_ndcg_at_3_max": 0.042168,
        "nauc_ndcg_at_3_std": 0.039521,
        "nauc_ndcg_at_3_diff1": 0.504943,
        "nauc_ndcg_at_5_max": 0.039574,
        "nauc_ndcg_at_5_std": 0.047076,
        "nauc_ndcg_at_5_diff1": 0.492491,
        "nauc_ndcg_at_10_max": 0.0378,
        "nauc_ndcg_at_10_std": 0.069032,
        "nauc_ndcg_at_10_diff1": 0.481263,
        "nauc_ndcg_at_20_max": 0.038676,
        "nauc_ndcg_at_20_std": 0.089881,
        "nauc_ndcg_at_20_diff1": 0.473432,
        "nauc_ndcg_at_100_max": 0.052078,
        "nauc_ndcg_at_100_std": 0.10667,
        "nauc_ndcg_at_100_diff1": 0.461229,
        "nauc_ndcg_at_1000_max": 0.050582,
        "nauc_ndcg_at_1000_std": 0.087714,
        "nauc_ndcg_at_1000_diff1": 0.473791,
        "nauc_map_at_1_max": 0.053023,
        "nauc_map_at_1_std": 0.023277,
        "nauc_map_at_1_diff1": 0.575954,
        "nauc_map_at_3_max": 0.046382,
        "nauc_map_at_3_std": 0.035253,
        "nauc_map_at_3_diff1": 0.510323,
        "nauc_map_at_5_max": 0.04445,
        "nauc_map_at_5_std": 0.038641,
        "nauc_map_at_5_diff1": 0.506807,
        "nauc_map_at_10_max": 0.044222,
        "nauc_map_at_10_std": 0.053555,
        "nauc_map_at_10_diff1": 0.499259,
        "nauc_map_at_20_max": 0.044301,
        "nauc_map_at_20_std": 0.062651,
        "nauc_map_at_20_diff1": 0.496884,
        "nauc_map_at_100_max": 0.046395,
        "nauc_map_at_100_std": 0.066097,
        "nauc_map_at_100_diff1": 0.494546,
        "nauc_map_at_1000_max": 0.046531,
        "nauc_map_at_1000_std": 0.065325,
        "nauc_map_at_1000_diff1": 0.494871,
        "nauc_recall_at_1_max": 0.053023,
        "nauc_recall_at_1_std": 0.023277,
        "nauc_recall_at_1_diff1": 0.575954,
        "nauc_recall_at_3_max": 0.03706,
        "nauc_recall_at_3_std": 0.048544,
        "nauc_recall_at_3_diff1": 0.468838,
        "nauc_recall_at_5_max": 0.031462,
        "nauc_recall_at_5_std": 0.062344,
        "nauc_recall_at_5_diff1": 0.439883,
        "nauc_recall_at_10_max": 0.025606,
        "nauc_recall_at_10_std": 0.109287,
        "nauc_recall_at_10_diff1": 0.404962,
        "nauc_recall_at_20_max": 0.029,
        "nauc_recall_at_20_std": 0.166654,
        "nauc_recall_at_20_diff1": 0.385355,
        "nauc_recall_at_100_max": 0.080707,
        "nauc_recall_at_100_std": 0.235744,
        "nauc_recall_at_100_diff1": 0.317475,
        "nauc_recall_at_1000_max": 0.109551,
        "nauc_recall_at_1000_std": 0.176065,
        "nauc_recall_at_1000_diff1": 0.332498,
        "nauc_precision_at_1_max": 0.053023,
        "nauc_precision_at_1_std": 0.023277,
        "nauc_precision_at_1_diff1": 0.575954,
        "nauc_precision_at_3_max": 0.03706,
        "nauc_precision_at_3_std": 0.048544,
        "nauc_precision_at_3_diff1": 0.468838,
        "nauc_precision_at_5_max": 0.031462,
        "nauc_precision_at_5_std": 0.062344,
        "nauc_precision_at_5_diff1": 0.439883,
        "nauc_precision_at_10_max": 0.025606,
        "nauc_precision_at_10_std": 0.109287,
        "nauc_precision_at_10_diff1": 0.404962,
        "nauc_precision_at_20_max": 0.029,
        "nauc_precision_at_20_std": 0.166654,
        "nauc_precision_at_20_diff1": 0.385355,
        "nauc_precision_at_100_max": 0.080707,
        "nauc_precision_at_100_std": 0.235744,
        "nauc_precision_at_100_diff1": 0.317475,
        "nauc_precision_at_1000_max": 0.109551,
        "nauc_precision_at_1000_std": 0.176065,
        "nauc_precision_at_1000_diff1": 0.332498,
        "nauc_mrr_at_1_max": 0.053023,
        "nauc_mrr_at_1_std": 0.023277,
        "nauc_mrr_at_1_diff1": 0.575954,
        "nauc_mrr_at_3_max": 0.041036,
        "nauc_mrr_at_3_std": 0.035648,
        "nauc_mrr_at_3_diff1": 0.529886,
        "nauc_mrr_at_5_max": 0.040221,
        "nauc_mrr_at_5_std": 0.041495,
        "nauc_mrr_at_5_diff1": 0.516688,
        "nauc_mrr_at_10_max": 0.039412,
        "nauc_mrr_at_10_std": 0.044728,
        "nauc_mrr_at_10_diff1": 0.515769,
        "nauc_mrr_at_20_max": 0.039644,
        "nauc_mrr_at_20_std": 0.047641,
        "nauc_mrr_at_20_diff1": 0.513224,
        "nauc_mrr_at_100_max": 0.041613,
        "nauc_mrr_at_100_std": 0.048438,
        "nauc_mrr_at_100_diff1": 0.512448,
        "nauc_mrr_at_1000_max": 0.041335,
        "nauc_mrr_at_1000_std": 0.048048,
        "nauc_mrr_at_1000_diff1": 0.512832,
        "main_score": 0.27081,
        "hf_subset": "default",
        "languages": [
          "swe-Latn"
        ]
      }
    ]
  },
  "evaluation_time": 5.207634210586548,
  "kg_co2_emissions": 0.00036519417971182545
}