{
  "dataset_revision": "f2dc4764024ae93cc42d9c09bc53a31da1af84b2",
  "task_name": "TempReasonL2Context",
  "mteb_version": "1.18.0",
  "scores": {
    "test": [
      {
        "ndcg_at_1": 0.04577,
        "ndcg_at_3": 0.08067,
        "ndcg_at_5": 0.0952,
        "ndcg_at_10": 0.11279,
        "ndcg_at_20": 0.13227,
        "ndcg_at_100": 0.17011,
        "ndcg_at_1000": 0.20764,
        "map_at_1": 0.04577,
        "map_at_3": 0.07149,
        "map_at_5": 0.07962,
        "map_at_10": 0.08686,
        "map_at_20": 0.0922,
        "map_at_100": 0.09734,
        "map_at_1000": 0.09853,
        "recall_at_1": 0.04577,
        "recall_at_3": 0.10747,
        "recall_at_5": 0.14249,
        "recall_at_10": 0.19696,
        "recall_at_20": 0.27404,
        "recall_at_100": 0.47953,
        "recall_at_1000": 0.78766,
        "precision_at_1": 0.04577,
        "precision_at_3": 0.03582,
        "precision_at_5": 0.0285,
        "precision_at_10": 0.0197,
        "precision_at_20": 0.0137,
        "precision_at_100": 0.0048,
        "precision_at_1000": 0.00079,
        "mrr_at_1": 0.045766,
        "mrr_at_3": 0.07149,
        "mrr_at_5": 0.079615,
        "mrr_at_10": 0.086864,
        "mrr_at_20": 0.092206,
        "mrr_at_100": 0.097339,
        "mrr_at_1000": 0.098531,
        "nauc_ndcg_at_1_max": 0.090099,
        "nauc_ndcg_at_1_std": 0.023044,
        "nauc_ndcg_at_1_diff1": 0.019267,
        "nauc_ndcg_at_3_max": 0.093021,
        "nauc_ndcg_at_3_std": 0.042292,
        "nauc_ndcg_at_3_diff1": -0.009771,
        "nauc_ndcg_at_5_max": 0.089821,
        "nauc_ndcg_at_5_std": 0.059765,
        "nauc_ndcg_at_5_diff1": -0.031299,
        "nauc_ndcg_at_10_max": 0.074952,
        "nauc_ndcg_at_10_std": 0.08341,
        "nauc_ndcg_at_10_diff1": -0.056139,
        "nauc_ndcg_at_20_max": 0.062138,
        "nauc_ndcg_at_20_std": 0.118766,
        "nauc_ndcg_at_20_diff1": -0.068658,
        "nauc_ndcg_at_100_max": 0.044655,
        "nauc_ndcg_at_100_std": 0.158357,
        "nauc_ndcg_at_100_diff1": -0.083229,
        "nauc_ndcg_at_1000_max": 0.045132,
        "nauc_ndcg_at_1000_std": 0.13935,
        "nauc_ndcg_at_1000_diff1": -0.076102,
        "nauc_map_at_1_max": 0.090099,
        "nauc_map_at_1_std": 0.023044,
        "nauc_map_at_1_diff1": 0.019267,
        "nauc_map_at_3_max": 0.092334,
        "nauc_map_at_3_std": 0.038217,
        "nauc_map_at_3_diff1": -0.004608,
        "nauc_map_at_5_max": 0.09087,
        "nauc_map_at_5_std": 0.050201,
        "nauc_map_at_5_diff1": -0.0189,
        "nauc_map_at_10_max": 0.083462,
        "nauc_map_at_10_std": 0.062242,
        "nauc_map_at_10_diff1": -0.032033,
        "nauc_map_at_20_max": 0.078543,
        "nauc_map_at_20_std": 0.075232,
        "nauc_map_at_20_diff1": -0.036916,
        "nauc_map_at_100_max": 0.075534,
        "nauc_map_at_100_std": 0.083423,
        "nauc_map_at_100_diff1": -0.039969,
        "nauc_map_at_1000_max": 0.0757,
        "nauc_map_at_1000_std": 0.082592,
        "nauc_map_at_1000_diff1": -0.039621,
        "nauc_recall_at_1_max": 0.090099,
        "nauc_recall_at_1_std": 0.023044,
        "nauc_recall_at_1_diff1": 0.019267,
        "nauc_recall_at_3_max": 0.094419,
        "nauc_recall_at_3_std": 0.050505,
        "nauc_recall_at_3_diff1": -0.019975,
        "nauc_recall_at_5_max": 0.087375,
        "nauc_recall_at_5_std": 0.077654,
        "nauc_recall_at_5_diff1": -0.054596,
        "nauc_recall_at_10_max": 0.058959,
        "nauc_recall_at_10_std": 0.12034,
        "nauc_recall_at_10_diff1": -0.097539,
        "nauc_recall_at_20_max": 0.033101,
        "nauc_recall_at_20_std": 0.194424,
        "nauc_recall_at_20_diff1": -0.120135,
        "nauc_recall_at_100_max": -0.017787,
        "nauc_recall_at_100_std": 0.301189,
        "nauc_recall_at_100_diff1": -0.158119,
        "nauc_recall_at_1000_max": -0.066749,
        "nauc_recall_at_1000_std": 0.271527,
        "nauc_recall_at_1000_diff1": -0.163486,
        "nauc_precision_at_1_max": 0.090099,
        "nauc_precision_at_1_std": 0.023044,
        "nauc_precision_at_1_diff1": 0.019267,
        "nauc_precision_at_3_max": 0.094419,
        "nauc_precision_at_3_std": 0.050505,
        "nauc_precision_at_3_diff1": -0.019975,
        "nauc_precision_at_5_max": 0.087375,
        "nauc_precision_at_5_std": 0.077654,
        "nauc_precision_at_5_diff1": -0.054596,
        "nauc_precision_at_10_max": 0.058959,
        "nauc_precision_at_10_std": 0.12034,
        "nauc_precision_at_10_diff1": -0.097539,
        "nauc_precision_at_20_max": 0.033101,
        "nauc_precision_at_20_std": 0.194424,
        "nauc_precision_at_20_diff1": -0.120135,
        "nauc_precision_at_100_max": -0.017787,
        "nauc_precision_at_100_std": 0.301189,
        "nauc_precision_at_100_diff1": -0.158119,
        "nauc_precision_at_1000_max": -0.066749,
        "nauc_precision_at_1000_std": 0.271527,
        "nauc_precision_at_1000_diff1": -0.163486,
        "nauc_mrr_at_1_max": 0.090099,
        "nauc_mrr_at_1_std": 0.023044,
        "nauc_mrr_at_1_diff1": 0.019267,
        "nauc_mrr_at_3_max": 0.092334,
        "nauc_mrr_at_3_std": 0.038217,
        "nauc_mrr_at_3_diff1": -0.004608,
        "nauc_mrr_at_5_max": 0.09087,
        "nauc_mrr_at_5_std": 0.050201,
        "nauc_mrr_at_5_diff1": -0.0189,
        "nauc_mrr_at_10_max": 0.083462,
        "nauc_mrr_at_10_std": 0.062242,
        "nauc_mrr_at_10_diff1": -0.032033,
        "nauc_mrr_at_20_max": 0.078485,
        "nauc_mrr_at_20_std": 0.075254,
        "nauc_mrr_at_20_diff1": -0.036878,
        "nauc_mrr_at_100_max": 0.075536,
        "nauc_mrr_at_100_std": 0.08342,
        "nauc_mrr_at_100_diff1": -0.03998,
        "nauc_mrr_at_1000_max": 0.075702,
        "nauc_mrr_at_1000_std": 0.08259,
        "nauc_mrr_at_1000_diff1": -0.039633,
        "main_score": 0.11279,
        "hf_subset": "default",
        "languages": [
          "eng-Latn"
        ]
      }
    ]
  },
  "evaluation_time": 50.682781457901,
  "kg_co2_emissions": 0.0025275720614120474
}