{
  "dataset_revision": "db8f169f3894c14a00251061f957b2063eef2bd5",
  "task_name": "StackOverflowQA",
  "mteb_version": "2.3.11",
  "scores": {
    "test": [
      {
        "ndcg_at_1": 0.87513,
        "ndcg_at_3": 0.91341,
        "ndcg_at_5": 0.91792,
        "ndcg_at_10": 0.92337,
        "ndcg_at_20": 0.92657,
        "ndcg_at_100": 0.92876,
        "ndcg_at_1000": 0.92969,
        "map_at_1": 0.87513,
        "map_at_3": 0.90455,
        "map_at_5": 0.90703,
        "map_at_10": 0.90934,
        "map_at_20": 0.91023,
        "map_at_100": 0.91051,
        "map_at_1000": 0.91055,
        "recall_at_1": 0.87513,
        "recall_at_3": 0.93882,
        "recall_at_5": 0.94985,
        "recall_at_10": 0.9664,
        "recall_at_20": 0.97894,
        "recall_at_100": 0.99097,
        "recall_at_1000": 0.9985,
        "accuracy": 0.87513,
        "precision_at_1": 0.87513,
        "precision_at_3": 0.31294,
        "precision_at_5": 0.18997,
        "precision_at_10": 0.09664,
        "precision_at_20": 0.04895,
        "precision_at_100": 0.00991,
        "precision_at_1000": 0.001,
        "mrr_at_1": 0.875125,
        "mrr_at_3": 0.904547,
        "mrr_at_5": 0.907029,
        "mrr_at_10": 0.909338,
        "mrr_at_20": 0.910231,
        "mrr_at_100": 0.910514,
        "mrr_at_1000": 0.910548,
        "nauc_ndcg_at_1_max": 0.810977,
        "nauc_ndcg_at_1_std": -0.103613,
        "nauc_ndcg_at_1_diff1": 0.920841,
        "nauc_ndcg_at_3_max": 0.821371,
        "nauc_ndcg_at_3_std": -0.124398,
        "nauc_ndcg_at_3_diff1": 0.908335,
        "nauc_ndcg_at_5_max": 0.81958,
        "nauc_ndcg_at_5_std": -0.118236,
        "nauc_ndcg_at_5_diff1": 0.907361,
        "nauc_ndcg_at_10_max": 0.824833,
        "nauc_ndcg_at_10_std": -0.104741,
        "nauc_ndcg_at_10_diff1": 0.910918,
        "nauc_ndcg_at_20_max": 0.824424,
        "nauc_ndcg_at_20_std": -0.097656,
        "nauc_ndcg_at_20_diff1": 0.910596,
        "nauc_ndcg_at_100_max": 0.823552,
        "nauc_ndcg_at_100_std": -0.099249,
        "nauc_ndcg_at_100_diff1": 0.911198,
        "nauc_ndcg_at_1000_max": 0.822002,
        "nauc_ndcg_at_1000_std": -0.10486,
        "nauc_ndcg_at_1000_diff1": 0.91127,
        "nauc_map_at_1_max": 0.810977,
        "nauc_map_at_1_std": -0.103613,
        "nauc_map_at_1_diff1": 0.920841,
        "nauc_map_at_3_max": 0.818388,
        "nauc_map_at_3_std": -0.117983,
        "nauc_map_at_3_diff1": 0.911425,
        "nauc_map_at_5_max": 0.817529,
        "nauc_map_at_5_std": -0.114201,
        "nauc_map_at_5_diff1": 0.911054,
        "nauc_map_at_10_max": 0.819481,
        "nauc_map_at_10_std": -0.109773,
        "nauc_map_at_10_diff1": 0.912502,
        "nauc_map_at_20_max": 0.819325,
        "nauc_map_at_20_std": -0.108035,
        "nauc_map_at_20_diff1": 0.912418,
        "nauc_map_at_100_max": 0.819218,
        "nauc_map_at_100_std": -0.108177,
        "nauc_map_at_100_diff1": 0.912441,
        "nauc_map_at_1000_max": 0.819168,
        "nauc_map_at_1000_std": -0.108379,
        "nauc_map_at_1000_diff1": 0.912448,
        "nauc_recall_at_1_max": 0.810977,
        "nauc_recall_at_1_std": -0.103613,
        "nauc_recall_at_1_diff1": 0.920841,
        "nauc_recall_at_3_max": 0.834404,
        "nauc_recall_at_3_std": -0.152732,
        "nauc_recall_at_3_diff1": 0.895181,
        "nauc_recall_at_5_max": 0.829484,
        "nauc_recall_at_5_std": -0.139218,
        "nauc_recall_at_5_diff1": 0.888296,
        "nauc_recall_at_10_max": 0.868464,
        "nauc_recall_at_10_std": -0.050374,
        "nauc_recall_at_10_diff1": 0.902078,
        "nauc_recall_at_20_max": 0.889078,
        "nauc_recall_at_20_std": 0.071432,
        "nauc_recall_at_20_diff1": 0.893304,
        "nauc_recall_at_100_max": 0.93802,
        "nauc_recall_at_100_std": 0.220993,
        "nauc_recall_at_100_diff1": 0.902882,
        "nauc_recall_at_1000_max": 0.956437,
        "nauc_recall_at_1000_std": -0.107555,
        "nauc_recall_at_1000_diff1": 0.86931,
        "nauc_precision_at_1_max": 0.810977,
        "nauc_precision_at_1_std": -0.103613,
        "nauc_precision_at_1_diff1": 0.920841,
        "nauc_precision_at_3_max": 0.834404,
        "nauc_precision_at_3_std": -0.152732,
        "nauc_precision_at_3_diff1": 0.895181,
        "nauc_precision_at_5_max": 0.829484,
        "nauc_precision_at_5_std": -0.139218,
        "nauc_precision_at_5_diff1": 0.888296,
        "nauc_precision_at_10_max": 0.868464,
        "nauc_precision_at_10_std": -0.050374,
        "nauc_precision_at_10_diff1": 0.902078,
        "nauc_precision_at_20_max": 0.889078,
        "nauc_precision_at_20_std": 0.071432,
        "nauc_precision_at_20_diff1": 0.893304,
        "nauc_precision_at_100_max": 0.93802,
        "nauc_precision_at_100_std": 0.220993,
        "nauc_precision_at_100_diff1": 0.902882,
        "nauc_precision_at_1000_max": 0.956437,
        "nauc_precision_at_1000_std": -0.107555,
        "nauc_precision_at_1000_diff1": 0.86931,
        "nauc_mrr_at_1_max": 0.810977,
        "nauc_mrr_at_1_std": -0.103613,
        "nauc_mrr_at_1_diff1": 0.920841,
        "nauc_mrr_at_3_max": 0.818388,
        "nauc_mrr_at_3_std": -0.117983,
        "nauc_mrr_at_3_diff1": 0.911425,
        "nauc_mrr_at_5_max": 0.817529,
        "nauc_mrr_at_5_std": -0.114201,
        "nauc_mrr_at_5_diff1": 0.911054,
        "nauc_mrr_at_10_max": 0.819481,
        "nauc_mrr_at_10_std": -0.109773,
        "nauc_mrr_at_10_diff1": 0.912502,
        "nauc_mrr_at_20_max": 0.819325,
        "nauc_mrr_at_20_std": -0.108035,
        "nauc_mrr_at_20_diff1": 0.912418,
        "nauc_mrr_at_100_max": 0.819218,
        "nauc_mrr_at_100_std": -0.108177,
        "nauc_mrr_at_100_diff1": 0.912441,
        "nauc_mrr_at_1000_max": 0.819168,
        "nauc_mrr_at_1000_std": -0.108379,
        "nauc_mrr_at_1000_diff1": 0.912448,
        "cv_recall_at_1": 0.87513,
        "cv_recall_at_3": 0.93882,
        "cv_recall_at_5": 0.94985,
        "cv_recall_at_10": 0.9664,
        "cv_recall_at_20": 0.97894,
        "cv_recall_at_100": 0.99097,
        "cv_recall_at_1000": 0.9985,
        "main_score": 0.92337,
        "hf_subset": "default",
        "languages": [
          "eng-Latn"
        ]
      }
    ]
  },
  "evaluation_time": 135.24737238883972,
  "kg_co2_emissions": null
}