{
  "dataset_revision": "4106e6bcc72e0698d714ea8b101355e3e238431a",
  "task_name": "AILACasedocs",
  "mteb_version": "1.18.0",
  "scores": {
    "test": [
      {
        "ndcg_at_1": 0.32,
        "ndcg_at_3": 0.29292,
        "ndcg_at_5": 0.29734,
        "ndcg_at_10": 0.33094,
        "ndcg_at_20": 0.35665,
        "ndcg_at_100": 0.47468,
        "ndcg_at_1000": 0.49177,
        "map_at_1": 0.11287,
        "map_at_3": 0.16968,
        "map_at_5": 0.19999,
        "map_at_10": 0.23023,
        "map_at_20": 0.24565,
        "map_at_100": 0.2752,
        "map_at_1000": 0.27786,
        "recall_at_1": 0.11287,
        "recall_at_3": 0.20312,
        "recall_at_5": 0.27158,
        "recall_at_10": 0.38959,
        "recall_at_20": 0.46826,
        "recall_at_100": 0.91782,
        "recall_at_1000": 1.0,
        "precision_at_1": 0.32,
        "precision_at_3": 0.24,
        "precision_at_5": 0.2,
        "precision_at_10": 0.146,
        "precision_at_20": 0.093,
        "precision_at_100": 0.0354,
        "precision_at_1000": 0.0039,
        "mrr_at_1": 0.32,
        "mrr_at_3": 0.383333,
        "mrr_at_5": 0.397333,
        "mrr_at_10": 0.413937,
        "mrr_at_20": 0.421053,
        "mrr_at_100": 0.426856,
        "mrr_at_1000": 0.427005,
        "nauc_ndcg_at_1_max": 0.162153,
        "nauc_ndcg_at_1_std": -0.244086,
        "nauc_ndcg_at_1_diff1": 0.336295,
        "nauc_ndcg_at_3_max": 0.212092,
        "nauc_ndcg_at_3_std": -0.192662,
        "nauc_ndcg_at_3_diff1": 0.30098,
        "nauc_ndcg_at_5_max": 0.244318,
        "nauc_ndcg_at_5_std": -0.158125,
        "nauc_ndcg_at_5_diff1": 0.348036,
        "nauc_ndcg_at_10_max": 0.145244,
        "nauc_ndcg_at_10_std": -0.233521,
        "nauc_ndcg_at_10_diff1": 0.307086,
        "nauc_ndcg_at_20_max": 0.148682,
        "nauc_ndcg_at_20_std": -0.229503,
        "nauc_ndcg_at_20_diff1": 0.281541,
        "nauc_ndcg_at_100_max": 0.181514,
        "nauc_ndcg_at_100_std": -0.170235,
        "nauc_ndcg_at_100_diff1": 0.248115,
        "nauc_ndcg_at_1000_max": 0.195163,
        "nauc_ndcg_at_1000_std": -0.18419,
        "nauc_ndcg_at_1000_diff1": 0.257906,
        "nauc_map_at_1_max": 0.16613,
        "nauc_map_at_1_std": -0.039843,
        "nauc_map_at_1_diff1": 0.219064,
        "nauc_map_at_3_max": 0.158519,
        "nauc_map_at_3_std": -0.164262,
        "nauc_map_at_3_diff1": 0.281434,
        "nauc_map_at_5_max": 0.210027,
        "nauc_map_at_5_std": -0.168091,
        "nauc_map_at_5_diff1": 0.360382,
        "nauc_map_at_10_max": 0.164107,
        "nauc_map_at_10_std": -0.214759,
        "nauc_map_at_10_diff1": 0.328061,
        "nauc_map_at_20_max": 0.165863,
        "nauc_map_at_20_std": -0.204358,
        "nauc_map_at_20_diff1": 0.308038,
        "nauc_map_at_100_max": 0.181167,
        "nauc_map_at_100_std": -0.182528,
        "nauc_map_at_100_diff1": 0.291558,
        "nauc_map_at_1000_max": 0.184228,
        "nauc_map_at_1000_std": -0.181063,
        "nauc_map_at_1000_diff1": 0.291421,
        "nauc_recall_at_1_max": 0.16613,
        "nauc_recall_at_1_std": -0.039843,
        "nauc_recall_at_1_diff1": 0.219064,
        "nauc_recall_at_3_max": 0.136971,
        "nauc_recall_at_3_std": -0.209643,
        "nauc_recall_at_3_diff1": 0.335563,
        "nauc_recall_at_5_max": 0.2088,
        "nauc_recall_at_5_std": -0.154772,
        "nauc_recall_at_5_diff1": 0.457669,
        "nauc_recall_at_10_max": -0.000919,
        "nauc_recall_at_10_std": -0.298446,
        "nauc_recall_at_10_diff1": 0.265943,
        "nauc_recall_at_20_max": 0.010208,
        "nauc_recall_at_20_std": -0.260261,
        "nauc_recall_at_20_diff1": 0.186159,
        "nauc_recall_at_100_max": -0.041114,
        "nauc_recall_at_100_std": 0.21943,
        "nauc_recall_at_100_diff1": -0.075947,
        "nauc_recall_at_1000_max": NaN,
        "nauc_recall_at_1000_std": NaN,
        "nauc_recall_at_1000_diff1": NaN,
        "nauc_precision_at_1_max": 0.162153,
        "nauc_precision_at_1_std": -0.244086,
        "nauc_precision_at_1_diff1": 0.336295,
        "nauc_precision_at_3_max": 0.2131,
        "nauc_precision_at_3_std": -0.228693,
        "nauc_precision_at_3_diff1": 0.268061,
        "nauc_precision_at_5_max": 0.298015,
        "nauc_precision_at_5_std": -0.17202,
        "nauc_precision_at_5_diff1": 0.326529,
        "nauc_precision_at_10_max": 0.178708,
        "nauc_precision_at_10_std": -0.139447,
        "nauc_precision_at_10_diff1": 0.141876,
        "nauc_precision_at_20_max": 0.19023,
        "nauc_precision_at_20_std": -0.053431,
        "nauc_precision_at_20_diff1": 0.038127,
        "nauc_precision_at_100_max": 0.208442,
        "nauc_precision_at_100_std": 0.112535,
        "nauc_precision_at_100_diff1": -0.103698,
        "nauc_precision_at_1000_max": 0.21499,
        "nauc_precision_at_1000_std": 0.118151,
        "nauc_precision_at_1000_diff1": -0.105849,
        "nauc_mrr_at_1_max": 0.162153,
        "nauc_mrr_at_1_std": -0.244086,
        "nauc_mrr_at_1_diff1": 0.336295,
        "nauc_mrr_at_3_max": 0.181768,
        "nauc_mrr_at_3_std": -0.233982,
        "nauc_mrr_at_3_diff1": 0.301122,
        "nauc_mrr_at_5_max": 0.191508,
        "nauc_mrr_at_5_std": -0.212957,
        "nauc_mrr_at_5_diff1": 0.318246,
        "nauc_mrr_at_10_max": 0.164645,
        "nauc_mrr_at_10_std": -0.230079,
        "nauc_mrr_at_10_diff1": 0.301457,
        "nauc_mrr_at_20_max": 0.174057,
        "nauc_mrr_at_20_std": -0.224179,
        "nauc_mrr_at_20_diff1": 0.297675,
        "nauc_mrr_at_100_max": 0.170854,
        "nauc_mrr_at_100_std": -0.227737,
        "nauc_mrr_at_100_diff1": 0.297192,
        "nauc_mrr_at_1000_max": 0.170683,
        "nauc_mrr_at_1000_std": -0.228161,
        "nauc_mrr_at_1000_diff1": 0.297577,
        "main_score": 0.33094,
        "hf_subset": "default",
        "languages": [
          "eng-Latn"
        ]
      }
    ]
  },
  "evaluation_time": 6.548011064529419,
  "kg_co2_emissions": 0.0005973287910982196
}