{
    "dataset_revision": "None",
    "task_name": "LCQMC",
    "evaluation_time": NaN,
    "mteb_version": "0.0.0",
    "scores": {
        "test": [
            {
                "hf_subset": "default",
                "languages": [
                    "cmn-Hans"
                ],
                "cos_sim_pearson": 74.00327736048256,
                "cos_sim_spearman": 79.5459672237356,
                "euclidean_pearson": 79.18300205389669,
                "euclidean_spearman": 79.21872988987533,
                "manhattan_pearson": 79.1715470733081,
                "manhattan_spearman": 79.20756273498812,
                "cosine_pearson": 74.00327736048256,
                "cosine_spearman": 79.5459672237356,
                "main_score": 79.5459672237356
            }
        ]
    }
}