{
  "dataset_revision": "f20b30211b7ba3fc64a02bd83998fe75f3023719",
  "evaluation_time": 48.856266021728516,
  "kg_co2_emissions": 0.0024396764289239654,
  "mteb_version": "1.14.15",
  "scores": {
    "test": [
      {
        "cv_recall_at_1": 0.05714,
        "cv_recall_at_10": 0.32857,
        "cv_recall_at_100": 0.82857,
        "cv_recall_at_1000": 0.92857,
        "cv_recall_at_20": 0.42857,
        "cv_recall_at_3": 0.21429,
        "cv_recall_at_5": 0.25714,
        "hf_subset": "default",
        "languages": [
          "eng-Latn"
        ],
        "main_score": 0.05714,
        "map_at_1": 0.0034,
        "map_at_10": 0.02576,
        "map_at_100": 0.03978,
        "map_at_1000": 0.05493,
        "map_at_20": 0.03064,
        "map_at_3": 0.01869,
        "map_at_5": 0.02113,
        "mrr_at_1": 0.05714285714285714,
        "mrr_at_10": 0.13811224489795917,
        "mrr_at_100": 0.15481026098175557,
        "mrr_at_1000": 0.15540293268689695,
        "mrr_at_20": 0.14453640866234851,
        "mrr_at_3": 0.11904761904761903,
        "mrr_at_5": 0.12904761904761905,
        "nauc_cv_recall_at_1000_diff1": 0.3250233426704011,
        "nauc_cv_recall_at_1000_max": 0.5178338001867403,
        "nauc_cv_recall_at_1000_std": 0.41979458450046614,
        "nauc_cv_recall_at_100_diff1": 0.2480250164581965,
        "nauc_cv_recall_at_100_max": 0.16017939433838027,
        "nauc_cv_recall_at_100_std": -0.25469058591178406,
        "nauc_cv_recall_at_10_diff1": 0.20894158847376343,
        "nauc_cv_recall_at_10_max": -0.22182676386060418,
        "nauc_cv_recall_at_10_std": -0.021202489484402707,
        "nauc_cv_recall_at_1_diff1": 0.02877649584115919,
        "nauc_cv_recall_at_1_max": -0.37121008854306425,
        "nauc_cv_recall_at_1_std": -0.10665414542527499,
        "nauc_cv_recall_at_20_diff1": 0.2775116063138348,
        "nauc_cv_recall_at_20_max": -0.14557103064066837,
        "nauc_cv_recall_at_20_std": -0.05860724233983273,
        "nauc_cv_recall_at_3_diff1": 0.04433972848648046,
        "nauc_cv_recall_at_3_max": -0.1783013575675978,
        "nauc_cv_recall_at_3_std": 0.03145966565690577,
        "nauc_cv_recall_at_5_diff1": 0.12487029427634606,
        "nauc_cv_recall_at_5_max": -0.15344705931183328,
        "nauc_cv_recall_at_5_std": 0.0022620678205289243,
        "nauc_map_at_1000_diff1": 0.07064052981421685,
        "nauc_map_at_1000_max": 0.10893439165358526,
        "nauc_map_at_1000_std": 0.2594425908007169,
        "nauc_map_at_100_diff1": 0.11180908869756326,
        "nauc_map_at_100_max": 0.0583910182980585,
        "nauc_map_at_100_std": 0.15620665798602207,
        "nauc_map_at_10_diff1": 0.23337557947628296,
        "nauc_map_at_10_max": 0.19545848163109872,
        "nauc_map_at_10_std": 0.3058484554673932,
        "nauc_map_at_1_diff1": 0.03310535203382501,
        "nauc_map_at_1_max": -0.4152872237099679,
        "nauc_map_at_1_std": -0.1476473614064577,
        "nauc_map_at_20_diff1": 0.16596914352240405,
        "nauc_map_at_20_max": 0.12155720389886997,
        "nauc_map_at_20_std": 0.2084185288808791,
        "nauc_map_at_3_diff1": 0.24348159628721855,
        "nauc_map_at_3_max": 0.34019214062540615,
        "nauc_map_at_3_std": 0.4225647314615298,
        "nauc_map_at_5_diff1": 0.23151839000643834,
        "nauc_map_at_5_max": 0.2634841162107679,
        "nauc_map_at_5_std": 0.3618011632078601,
        "nauc_mrr_at_1000_diff1": 0.1405305593700328,
        "nauc_mrr_at_1000_max": -0.2089145695484459,
        "nauc_mrr_at_1000_std": -0.05177701386273645,
        "nauc_mrr_at_100_diff1": 0.1415118004000153,
        "nauc_mrr_at_100_max": -0.2098330215505498,
        "nauc_mrr_at_100_std": -0.0544561696447737,
        "nauc_mrr_at_10_diff1": 0.13216517524688678,
        "nauc_mrr_at_10_max": -0.22624372701579457,
        "nauc_mrr_at_10_std": -0.042196133528094655,
        "nauc_mrr_at_1_diff1": 0.02877649584115919,
        "nauc_mrr_at_1_max": -0.37121008854306425,
        "nauc_mrr_at_1_std": -0.10665414542527499,
        "nauc_mrr_at_20_diff1": 0.14039013523945934,
        "nauc_mrr_at_20_max": -0.2166135758167373,
        "nauc_mrr_at_20_std": -0.04792270315611715,
        "nauc_mrr_at_3_diff1": 0.08143587217535873,
        "nauc_mrr_at_3_max": -0.22245551382304038,
        "nauc_mrr_at_3_std": -0.027098085093282404,
        "nauc_mrr_at_5_diff1": 0.11450602283027038,
        "nauc_mrr_at_5_max": -0.21294021831938734,
        "nauc_mrr_at_5_std": -0.03738728464515645,
        "nauc_ndcg_at_1000_diff1": -0.011239897229559231,
        "nauc_ndcg_at_1000_max": 0.1653934473174364,
        "nauc_ndcg_at_1000_std": 0.3523500951223262,
        "nauc_ndcg_at_100_diff1": 0.09794834731261129,
        "nauc_ndcg_at_100_max": -0.058779239122531274,
        "nauc_ndcg_at_100_std": 0.03765439665884526,
        "nauc_ndcg_at_10_diff1": 0.20278213147534785,
        "nauc_ndcg_at_10_max": -0.040527423437567475,
        "nauc_ndcg_at_10_std": 0.09245772878275937,
        "nauc_ndcg_at_1_diff1": 0.02877649584115919,
        "nauc_ndcg_at_1_max": -0.37121008854306425,
        "nauc_ndcg_at_1_std": -0.10665414542527499,
        "nauc_ndcg_at_20_diff1": 0.1675356650180565,
        "nauc_ndcg_at_20_max": -0.07137288141079189,
        "nauc_ndcg_at_20_std": 0.05738030266367963,
        "nauc_ndcg_at_3_diff1": 0.15729358640455918,
        "nauc_ndcg_at_3_max": -0.07193084004808746,
        "nauc_ndcg_at_3_std": 0.06204888392718325,
        "nauc_ndcg_at_5_diff1": 0.17017067968308694,
        "nauc_ndcg_at_5_max": -0.05711790309490263,
        "nauc_ndcg_at_5_std": 0.04676034324619543,
        "nauc_precision_at_1000_diff1": -0.013357959961868402,
        "nauc_precision_at_1000_max": 0.1908404829996824,
        "nauc_precision_at_1000_std": 0.31797710782756067,
        "nauc_precision_at_100_diff1": 0.03661135145606019,
        "nauc_precision_at_100_max": -0.21306519924715814,
        "nauc_precision_at_100_std": -0.09530095731425864,
        "nauc_precision_at_10_diff1": 0.12416440954647864,
        "nauc_precision_at_10_max": -0.2534996762514478,
        "nauc_precision_at_10_std": -0.07168066537167238,
        "nauc_precision_at_1_diff1": 0.02877649584115919,
        "nauc_precision_at_1_max": -0.37121008854306425,
        "nauc_precision_at_1_std": -0.10665414542527499,
        "nauc_precision_at_20_diff1": 0.014498693860598212,
        "nauc_precision_at_20_max": -0.2749068214359883,
        "nauc_precision_at_20_std": -0.13569640729689272,
        "nauc_precision_at_3_diff1": 0.1180940942599191,
        "nauc_precision_at_3_max": -0.13954692288577814,
        "nauc_precision_at_3_std": 0.004452083160772013,
        "nauc_precision_at_5_diff1": 0.11595856516499572,
        "nauc_precision_at_5_max": -0.16472654547319307,
        "nauc_precision_at_5_std": -0.06840850234609366,
        "nauc_recall_at_1000_diff1": -0.0840125139173467,
        "nauc_recall_at_1000_max": 0.14031404610353343,
        "nauc_recall_at_1000_std": 0.22433619738903807,
        "nauc_recall_at_100_diff1": 0.08614180159080556,
        "nauc_recall_at_100_max": 0.013345664221895162,
        "nauc_recall_at_100_std": 0.02011451087100268,
        "nauc_recall_at_10_diff1": 0.28218002296146444,
        "nauc_recall_at_10_max": 0.19385504393934488,
        "nauc_recall_at_10_std": 0.29404925935355747,
        "nauc_recall_at_1_diff1": 0.03310535203382501,
        "nauc_recall_at_1_max": -0.4152872237099679,
        "nauc_recall_at_1_std": -0.1476473614064577,
        "nauc_recall_at_20_diff1": 0.2650123838356677,
        "nauc_recall_at_20_max": 0.06107624770402346,
        "nauc_recall_at_20_std": 0.09480875438600599,
        "nauc_recall_at_3_diff1": 0.3113949785689051,
        "nauc_recall_at_3_max": 0.4104849399734885,
        "nauc_recall_at_3_std": 0.4975212483665035,
        "nauc_recall_at_5_diff1": 0.29197416962992,
        "nauc_recall_at_5_max": 0.31684624449405374,
        "nauc_recall_at_5_std": 0.4175941139875167,
        "ndcg_at_1": 0.05714,