{
  "dataset_revision": "c26703e6600d97c579ee2985f16cf307db13ed85",
  "task_name": "BrightSustainableLivingLongRetrieval",
  "mteb_version": "2.10.12",
  "scores": {
    "long": [
      {
        "ndcg_at_1": 0.21296,
        "ndcg_at_3": 0.30093,
        "ndcg_at_5": 0.31837,
        "ndcg_at_10": 0.33236,
        "ndcg_at_20": 0.34143,
        "ndcg_at_100": 0.36468,
        "ndcg_at_1000": 0.41377,
        "map_at_1": 0.18009,
        "map_at_3": 0.26528,
        "map_at_5": 0.27972,
        "map_at_10": 0.28608,
        "map_at_20": 0.289,
        "map_at_100": 0.29202,
        "map_at_1000": 0.29349,
        "recall_at_1": 0.18009,
        "recall_at_3": 0.35787,
        "recall_at_5": 0.40324,
        "recall_at_10": 0.44722,
        "recall_at_20": 0.48148,
        "recall_at_100": 0.60648,
        "recall_at_1000": 1.0,
        "accuracy": 0.18009,
        "precision_at_1": 0.21296,
        "precision_at_3": 0.14198,
        "precision_at_5": 0.09815,
        "precision_at_10": 0.05463,
        "precision_at_20": 0.02963,
        "precision_at_100": 0.00731,
        "precision_at_1000": 0.00119,
        "mrr_at_1": 0.212963,
        "mrr_at_3": 0.294753,
        "mrr_at_5": 0.306327,
        "mrr_at_10": 0.310365,
        "mrr_at_20": 0.311786,
        "mrr_at_100": 0.315269,
        "mrr_at_1000": 0.316539,
        "nauc_ndcg_at_1_max": 0.132977,
        "nauc_ndcg_at_1_std": 0.133933,
        "nauc_ndcg_at_1_diff1": 0.137117,
        "nauc_ndcg_at_3_max": 0.251555,
        "nauc_ndcg_at_3_std": 0.184385,
        "nauc_ndcg_at_3_diff1": 0.078556,
        "nauc_ndcg_at_5_max": 0.253403,
        "nauc_ndcg_at_5_std": 0.195529,
        "nauc_ndcg_at_5_diff1": 0.056313,
        "nauc_ndcg_at_10_max": 0.258565,
        "nauc_ndcg_at_10_std": 0.214918,
        "nauc_ndcg_at_10_diff1": 0.050707,
        "nauc_ndcg_at_20_max": 0.24223,
        "nauc_ndcg_at_20_std": 0.201626,
        "nauc_ndcg_at_20_diff1": 0.043292,
        "nauc_ndcg_at_100_max": 0.233464,
        "nauc_ndcg_at_100_std": 0.227966,
        "nauc_ndcg_at_100_diff1": 0.031124,
        "nauc_ndcg_at_1000_max": 0.237569,
        "nauc_ndcg_at_1000_std": 0.207422,
        "nauc_ndcg_at_1000_diff1": 0.05322,
        "nauc_map_at_1_max": 0.133174,
        "nauc_map_at_1_std": 0.097346,
        "nauc_map_at_1_diff1": 0.127662,
        "nauc_map_at_3_max": 0.231427,
        "nauc_map_at_3_std": 0.161953,
        "nauc_map_at_3_diff1": 0.091306,
        "nauc_map_at_5_max": 0.230438,
        "nauc_map_at_5_std": 0.167412,
        "nauc_map_at_5_diff1": 0.086291,
        "nauc_map_at_10_max": 0.237276,
        "nauc_map_at_10_std": 0.179505,
        "nauc_map_at_10_diff1": 0.083352,
        "nauc_map_at_20_max": 0.232057,
        "nauc_map_at_20_std": 0.175661,
        "nauc_map_at_20_diff1": 0.080941,
        "nauc_map_at_100_max": 0.230553,
        "nauc_map_at_100_std": 0.179396,
        "nauc_map_at_100_diff1": 0.078294,
        "nauc_map_at_1000_max": 0.231075,
        "nauc_map_at_1000_std": 0.178315,
        "nauc_map_at_1000_diff1": 0.079213,
        "nauc_recall_at_1_max": 0.133174,
        "nauc_recall_at_1_std": 0.097346,
        "nauc_recall_at_1_diff1": 0.127662,
        "nauc_recall_at_3_max": 0.293678,
        "nauc_recall_at_3_std": 0.186768,
        "nauc_recall_at_3_diff1": 0.037084,
        "nauc_recall_at_5_max": 0.304626,
        "nauc_recall_at_5_std": 0.212474,
        "nauc_recall_at_5_diff1": -0.003236,
        "nauc_recall_at_10_max": 0.310328,
        "nauc_recall_at_10_std": 0.26237,
        "nauc_recall_at_10_diff1": -0.016667,
        "nauc_recall_at_20_max": 0.255893,
        "nauc_recall_at_20_std": 0.216318,
        "nauc_recall_at_20_diff1": -0.042109,
        "nauc_recall_at_100_max": 0.200395,
        "nauc_recall_at_100_std": 0.357774,
        "nauc_recall_at_100_diff1": -0.117501,
        "nauc_recall_at_1000_max": NaN,
        "nauc_recall_at_1000_std": NaN,
        "nauc_recall_at_1000_diff1": NaN,
        "nauc_precision_at_1_max": 0.132977,
        "nauc_precision_at_1_std": 0.133933,
        "nauc_precision_at_1_diff1": 0.137117,
        "nauc_precision_at_3_max": 0.312614,
        "nauc_precision_at_3_std": 0.273876,
        "nauc_precision_at_3_diff1": 0.048029,
        "nauc_precision_at_5_max": 0.282973,
        "nauc_precision_at_5_std": 0.257128,
        "nauc_precision_at_5_diff1": 0.042104,
        "nauc_precision_at_10_max": 0.303321,
        "nauc_precision_at_10_std": 0.311973,
        "nauc_precision_at_10_diff1": 0.029621,
        "nauc_precision_at_20_max": 0.24251,
        "nauc_precision_at_20_std": 0.265697,
        "nauc_precision_at_20_diff1": 0.009705,
        "nauc_precision_at_100_max": 0.214487,
        "nauc_precision_at_100_std": 0.362651,
        "nauc_precision_at_100_diff1": -0.015359,
        "nauc_precision_at_1000_max": 0.101545,
        "nauc_precision_at_1000_std": 0.250014,
        "nauc_precision_at_1000_diff1": 0.153012,
        "nauc_mrr_at_1_max": 0.132977,
        "nauc_mrr_at_1_std": 0.133933,
        "nauc_mrr_at_1_diff1": 0.137117,
        "nauc_mrr_at_3_max": 0.222092,
        "nauc_mrr_at_3_std": 0.214635,
        "nauc_mrr_at_3_diff1": 0.071453,
        "nauc_mrr_at_5_max": 0.222602,
        "nauc_mrr_at_5_std": 0.21537,
        "nauc_mrr_at_5_diff1": 0.059025,
        "nauc_mrr_at_10_max": 0.219743,
        "nauc_mrr_at_10_std": 0.217263,
        "nauc_mrr_at_10_diff1": 0.057637,
        "nauc_mrr_at_20_max": 0.216989,
        "nauc_mrr_at_20_std": 0.213865,
        "nauc_mrr_at_20_diff1": 0.057123,
        "nauc_mrr_at_100_max": 0.21521,
        "nauc_mrr_at_100_std": 0.215231,
        "nauc_mrr_at_100_diff1": 0.055299,
        "nauc_mrr_at_1000_max": 0.215364,
        "nauc_mrr_at_1000_std": 0.214242,
        "nauc_mrr_at_1000_diff1": 0.055774,
        "hit_rate_at_1": 0.21296,
        "hit_rate_at_3": 0.39815,
        "hit_rate_at_5": 0.43519,
        "hit_rate_at_10": 0.47222,
        "hit_rate_at_20": 0.5,
        "hit_rate_at_100": 0.62963,
        "hit_rate_at_1000": 1.0,
        "main_score": 0.18009,
        "hf_subset": "default",
        "languages": [
          "eng-Latn"
        ]
      }
    ]
  },
  "evaluation_time": 16.315029859542847,
  "kg_co2_emissions": null,
  "date": 1774540194.149343
}