{
    "dataset_revision": "eb19e04e",
    "task_name": "ClosedDataset 4 (French)Retrieval",
    "evaluation_time": 0,
    "kg_co2_emissions": 0,
    "mteb_version": "1.0.0",
    "scores": {
        "test": [
            {
                "hf_subset": "test",
                "languages": [
                    "en"
                ],
                "main_score": 0.66649,
                "ndcg_at_1": 0.54519,
                "map_at_1": 0.54519,
                "recall_at_1": 0.54519,
                "precision_at_1": 0.54519,
                "ndcg_at_3": 0.62745,
                "map_at_3": 0.60749,
                "recall_at_3": 0.68513,
                "precision_at_3": 0.22846,
                "ndcg_at_5": 0.64844,
                "map_at_5": 0.61917,
                "recall_at_5": 0.73591,
                "precision_at_5": 0.14723,
                "ndcg_at_10": 0.66649,
                "map_at_10": 0.62652,
                "recall_at_10": 0.79227,
                "precision_at_10": 0.07925,
                "ndcg_at_20": 0.67789,
                "map_at_20": 0.62964,
                "recall_at_20": 0.83746,
                "precision_at_20": 0.04189,
                "ndcg_at_50": 0.68761,
                "map_at_50": 0.63123,
                "recall_at_50": 0.88605,
                "precision_at_50": 0.01773,
                "ndcg_at_100": 0.69292,
                "map_at_100": 0.6317,
                "recall_at_100": 0.91885,
                "precision_at_100": 0.00919
            }
        ]
    }
}