{
  "dataset_revision": "53e9a6fb88b48b7513e9d2cc2218e3415f4e45f8",
  "task_name": "GermanHealthcare1Retrieval",
  "mteb_version": "1.38.43",
  "scores": {
    "test": [
      {
        "ndcg_at_1": 0.15484,
        "ndcg_at_3": 0.1989,
        "ndcg_at_5": 0.22425,
        "ndcg_at_10": 0.25016,
        "ndcg_at_20": 0.26734,
        "ndcg_at_100": 0.31491,
        "ndcg_at_1000": 0.3533,
        "map_at_1": 0.15484,
        "map_at_3": 0.18746,
        "map_at_5": 0.20133,
        "map_at_10": 0.21173,
        "map_at_20": 0.21633,
        "map_at_100": 0.22253,
        "map_at_1000": 0.22411,
        "recall_at_1": 0.15484,
        "recall_at_3": 0.23226,
        "recall_at_5": 0.29462,
        "recall_at_10": 0.37634,
        "recall_at_20": 0.44516,
        "recall_at_100": 0.70753,
        "recall_at_1000": 1.0,
        "precision_at_1": 0.15484,
        "precision_at_3": 0.07742,
        "precision_at_5": 0.05892,
        "precision_at_10": 0.03763,
        "precision_at_20": 0.02226,
        "precision_at_100": 0.00708,
        "precision_at_1000": 0.001,
        "mrr_at_1": 0.154839,
        "mrr_at_3": 0.187455,
        "mrr_at_5": 0.201326,
        "mrr_at_10": 0.21173,
        "mrr_at_20": 0.216329,
        "mrr_at_100": 0.222527,
        "mrr_at_1000": 0.224108,
        "nauc_ndcg_at_1_max": 0.320934,
        "nauc_ndcg_at_1_std": -0.059213,
        "nauc_ndcg_at_1_diff1": 0.450633,
        "nauc_ndcg_at_3_max": 0.300955,
        "nauc_ndcg_at_3_std": 0.000844,
        "nauc_ndcg_at_3_diff1": 0.395862,
        "nauc_ndcg_at_5_max": 0.303408,
        "nauc_ndcg_at_5_std": 0.006505,
        "nauc_ndcg_at_5_diff1": 0.368599,
        "nauc_ndcg_at_10_max": 0.303147,
        "nauc_ndcg_at_10_std": 0.003326,
        "nauc_ndcg_at_10_diff1": 0.352681,
        "nauc_ndcg_at_20_max": 0.300529,
        "nauc_ndcg_at_20_std": 0.005211,
        "nauc_ndcg_at_20_diff1": 0.334275,
        "nauc_ndcg_at_100_max": 0.293077,
        "nauc_ndcg_at_100_std": -0.005223,
        "nauc_ndcg_at_100_diff1": 0.332515,
        "nauc_ndcg_at_1000_max": 0.299604,
        "nauc_ndcg_at_1000_std": -0.005643,
        "nauc_ndcg_at_1000_diff1": 0.356897,
        "nauc_map_at_1_max": 0.320934,
        "nauc_map_at_1_std": -0.059213,
        "nauc_map_at_1_diff1": 0.450633,
        "nauc_map_at_3_max": 0.307021,
        "nauc_map_at_3_std": -0.01061,
        "nauc_map_at_3_diff1": 0.410116,
        "nauc_map_at_5_max": 0.308372,
        "nauc_map_at_5_std": -0.006997,
        "nauc_map_at_5_diff1": 0.394648,
        "nauc_map_at_10_max": 0.309587,
        "nauc_map_at_10_std": -0.007906,
        "nauc_map_at_10_diff1": 0.387871,
        "nauc_map_at_20_max": 0.308211,
        "nauc_map_at_20_std": -0.007906,
        "nauc_map_at_20_diff1": 0.382204,
        "nauc_map_at_100_max": 0.306087,
        "nauc_map_at_100_std": -0.010295,
        "nauc_map_at_100_diff1": 0.382109,
        "nauc_map_at_1000_max": 0.30639,
        "nauc_map_at_1000_std": -0.010344,
        "nauc_map_at_1000_diff1": 0.383059,
        "nauc_recall_at_1_max": 0.320934,
        "nauc_recall_at_1_std": -0.059213,
        "nauc_recall_at_1_diff1": 0.450633,
        "nauc_recall_at_3_max": 0.285018,
        "nauc_recall_at_3_std": 0.029222,
        "nauc_recall_at_3_diff1": 0.359011,
        "nauc_recall_at_5_max": 0.291477,
        "nauc_recall_at_5_std": 0.038189,
        "nauc_recall_at_5_diff1": 0.302999,
        "nauc_recall_at_10_max": 0.285626,
        "nauc_recall_at_10_std": 0.026916,
        "nauc_recall_at_10_diff1": 0.263037,
        "nauc_recall_at_20_max": 0.280366,
        "nauc_recall_at_20_std": 0.03639,
        "nauc_recall_at_20_diff1": 0.203443,
        "nauc_recall_at_100_max": 0.244956,
        "nauc_recall_at_100_std": -0.002074,
        "nauc_recall_at_100_diff1": 0.142352,
        "nauc_recall_at_1000_max": NaN,
        "nauc_recall_at_1000_std": NaN,
        "nauc_recall_at_1000_diff1": NaN,
        "nauc_precision_at_1_max": 0.320934,
        "nauc_precision_at_1_std": -0.059213,
        "nauc_precision_at_1_diff1": 0.450633,
        "nauc_precision_at_3_max": 0.285018,
        "nauc_precision_at_3_std": 0.029222,
        "nauc_precision_at_3_diff1": 0.359011,
        "nauc_precision_at_5_max": 0.291477,
        "nauc_precision_at_5_std": 0.038189,
        "nauc_precision_at_5_diff1": 0.302999,
        "nauc_precision_at_10_max": 0.285626,
        "nauc_precision_at_10_std": 0.026916,
        "nauc_precision_at_10_diff1": 0.263037,
        "nauc_precision_at_20_max": 0.280366,
        "nauc_precision_at_20_std": 0.03639,
        "nauc_precision_at_20_diff1": 0.203443,
        "nauc_precision_at_100_max": 0.244956,
        "nauc_precision_at_100_std": -0.002074,
        "nauc_precision_at_100_diff1": 0.142352,
        "nauc_precision_at_1000_max": 1.0,
        "nauc_precision_at_1000_std": 1.0,
        "nauc_precision_at_1000_diff1": 1.0,
        "nauc_mrr_at_1_max": 0.320934,
        "nauc_mrr_at_1_std": -0.059213,
        "nauc_mrr_at_1_diff1": 0.450633,
        "nauc_mrr_at_3_max": 0.307021,
        "nauc_mrr_at_3_std": -0.01061,
        "nauc_mrr_at_3_diff1": 0.410116,
        "nauc_mrr_at_5_max": 0.308372,
        "nauc_mrr_at_5_std": -0.006997,
        "nauc_mrr_at_5_diff1": 0.394648,
        "nauc_mrr_at_10_max": 0.309587,
        "nauc_mrr_at_10_std": -0.007906,
        "nauc_mrr_at_10_diff1": 0.387871,
        "nauc_mrr_at_20_max": 0.308211,
        "nauc_mrr_at_20_std": -0.007906,
        "nauc_mrr_at_20_diff1": 0.382204,
        "nauc_mrr_at_100_max": 0.306101,
        "nauc_mrr_at_100_std": -0.010289,
        "nauc_mrr_at_100_diff1": 0.382123,
        "nauc_mrr_at_1000_max": 0.306405,
        "nauc_mrr_at_1000_std": -0.010338,
        "nauc_mrr_at_1000_diff1": 0.383073,
        "main_score": 0.25016,
        "hf_subset": "default",
        "languages": [
          "deu-Latn"
        ]
      }
    ]
  },
  "evaluation_time": 3.817128896713257,
  "kg_co2_emissions": null
}