{
  "dataset_revision": "4e018aa220029f9d1bd5a31de3650e322e32ea38",
  "task_name": "SCIDOCS-NL.v2",
  "mteb_version": "2.1.17",
  "scores": {
    "test": [
      {
        "ndcg_at_1": 0.088,
        "ndcg_at_3": 0.07573,
        "ndcg_at_5": 0.06785,
        "ndcg_at_10": 0.0832,
        "ndcg_at_20": 0.09757,
        "ndcg_at_100": 0.13237,
        "ndcg_at_1000": 0.18284,
        "map_at_1": 0.01785,
        "map_at_3": 0.03184,
        "map_at_5": 0.03821,
        "map_at_10": 0.04512,
        "map_at_20": 0.04934,
        "map_at_100": 0.05506,
        "map_at_1000": 0.05729,
        "recall_at_1": 0.01785,
        "recall_at_3": 0.0442,
        "recall_at_5": 0.0625,
        "recall_at_10": 0.09093,
        "recall_at_20": 0.12432,
        "recall_at_100": 0.23737,
        "recall_at_1000": 0.48788,
        "accuracy": 0.01785,
        "precision_at_1": 0.088,
        "precision_at_3": 0.07267,
        "precision_at_5": 0.0618,
        "precision_at_10": 0.0449,
        "precision_at_20": 0.0307,
        "precision_at_100": 0.0117,
        "precision_at_1000": 0.0024,
        "mrr_at_1": 0.088,
        "mrr_at_3": 0.128333,
        "mrr_at_5": 0.139983,
        "mrr_at_10": 0.148322,
        "mrr_at_20": 0.154219,
        "mrr_at_100": 0.159181,
        "mrr_at_1000": 0.160184,
        "nauc_ndcg_at_1_max": 0.314532,
        "nauc_ndcg_at_1_std": 0.267861,
        "nauc_ndcg_at_1_diff1": 0.314264,
        "nauc_ndcg_at_3_max": 0.314274,
        "nauc_ndcg_at_3_std": 0.27351,
        "nauc_ndcg_at_3_diff1": 0.263731,
        "nauc_ndcg_at_5_max": 0.328453,
        "nauc_ndcg_at_5_std": 0.290054,
        "nauc_ndcg_at_5_diff1": 0.219874,
        "nauc_ndcg_at_10_max": 0.327936,
        "nauc_ndcg_at_10_std": 0.323405,
        "nauc_ndcg_at_10_diff1": 0.200042,
        "nauc_ndcg_at_20_max": 0.350165,
        "nauc_ndcg_at_20_std": 0.354837,
        "nauc_ndcg_at_20_diff1": 0.187672,
        "nauc_ndcg_at_100_max": 0.35942,
        "nauc_ndcg_at_100_std": 0.412793,
        "nauc_ndcg_at_100_diff1": 0.163672,
        "nauc_ndcg_at_1000_max": 0.378725,
        "nauc_ndcg_at_1000_std": 0.456232,
        "nauc_ndcg_at_1000_diff1": 0.15025,
        "nauc_map_at_1_max": 0.317188,
        "nauc_map_at_1_std": 0.26975,
        "nauc_map_at_1_diff1": 0.314651,
        "nauc_map_at_3_max": 0.34233,
        "nauc_map_at_3_std": 0.280045,
        "nauc_map_at_3_diff1": 0.286904,
        "nauc_map_at_5_max": 0.360887,
        "nauc_map_at_5_std": 0.303416,
        "nauc_map_at_5_diff1": 0.246753,
        "nauc_map_at_10_max": 0.361115,
        "nauc_map_at_10_std": 0.333882,
        "nauc_map_at_10_diff1": 0.226441,
        "nauc_map_at_20_max": 0.370664,
        "nauc_map_at_20_std": 0.3535,
        "nauc_map_at_20_diff1": 0.216329,
        "nauc_map_at_100_max": 0.372419,
        "nauc_map_at_100_std": 0.374553,
        "nauc_map_at_100_diff1": 0.204779,
        "nauc_map_at_1000_max": 0.37456,
        "nauc_map_at_1000_std": 0.380003,
        "nauc_map_at_1000_diff1": 0.202919,
        "nauc_recall_at_1_max": 0.317188,
        "nauc_recall_at_1_std": 0.26975,
        "nauc_recall_at_1_diff1": 0.314651,
        "nauc_recall_at_3_max": 0.316318,
        "nauc_recall_at_3_std": 0.274233,
        "nauc_recall_at_3_diff1": 0.250591,
        "nauc_recall_at_5_max": 0.331869,
        "nauc_recall_at_5_std": 0.29612,
        "nauc_recall_at_5_diff1": 0.175873,
        "nauc_recall_at_10_max": 0.316038,
        "nauc_recall_at_10_std": 0.341094,
        "nauc_recall_at_10_diff1": 0.145122,
        "nauc_recall_at_20_max": 0.353652,
        "nauc_recall_at_20_std": 0.391587,
        "nauc_recall_at_20_diff1": 0.127451,
        "nauc_recall_at_100_max": 0.347528,
        "nauc_recall_at_100_std": 0.475745,
        "nauc_recall_at_100_diff1": 0.086839,
        "nauc_recall_at_1000_max": 0.369621,
        "nauc_recall_at_1000_std": 0.545231,
        "nauc_recall_at_1000_diff1": 0.047729,
        "nauc_precision_at_1_max": 0.314532,
        "nauc_precision_at_1_std": 0.267861,
        "nauc_precision_at_1_diff1": 0.314264,
        "nauc_precision_at_3_max": 0.316001,
        "nauc_precision_at_3_std": 0.276785,
        "nauc_precision_at_3_diff1": 0.249164,
        "nauc_precision_at_5_max": 0.331832,
        "nauc_precision_at_5_std": 0.299216,
        "nauc_precision_at_5_diff1": 0.173493,
        "nauc_precision_at_10_max": 0.316172,
        "nauc_precision_at_10_std": 0.342768,
        "nauc_precision_at_10_diff1": 0.142592,
        "nauc_precision_at_20_max": 0.354207,
        "nauc_precision_at_20_std": 0.394589,
        "nauc_precision_at_20_diff1": 0.125718,
        "nauc_precision_at_100_max": 0.347953,
        "nauc_precision_at_100_std": 0.477999,
        "nauc_precision_at_100_diff1": 0.085089,
        "nauc_precision_at_1000_max": 0.367001,
        "nauc_precision_at_1000_std": 0.543881,
        "nauc_precision_at_1000_diff1": 0.046772,
        "nauc_mrr_at_1_max": 0.314532,
        "nauc_mrr_at_1_std": 0.267861,
        "nauc_mrr_at_1_diff1": 0.314264,
        "nauc_mrr_at_3_max": 0.284916,
        "nauc_mrr_at_3_std": 0.257829,
        "nauc_mrr_at_3_diff1": 0.257111,
        "nauc_mrr_at_5_max": 0.28281,
        "nauc_mrr_at_5_std": 0.257544,
        "nauc_mrr_at_5_diff1": 0.238366,
        "nauc_mrr_at_10_max": 0.282746,
        "nauc_mrr_at_10_std": 0.265515,
        "nauc_mrr_at_10_diff1": 0.228419,
        "nauc_mrr_at_20_max": 0.289663,
        "nauc_mrr_at_20_std": 0.270204,
        "nauc_mrr_at_20_diff1": 0.227827,
        "nauc_mrr_at_100_max": 0.291812,
        "nauc_mrr_at_100_std": 0.275212,
        "nauc_mrr_at_100_diff1": 0.226908,
        "nauc_mrr_at_1000_max": 0.291627,
        "nauc_mrr_at_1000_std": 0.275176,
        "nauc_mrr_at_1000_diff1": 0.226938,
        "cv_recall_at_1": 0.088,
        "cv_recall_at_3": 0.184,
        "cv_recall_at_5": 0.236,
        "cv_recall_at_10": 0.3,
        "cv_recall_at_20": 0.381,
        "cv_recall_at_100": 0.575,
        "cv_recall_at_1000": 0.847,
        "main_score": 0.0832,
        "hf_subset": "default",
        "languages": [
          "nld-Latn"
        ]
      }
    ]
  },
  "evaluation_time": 290.040652513504,
  "kg_co2_emissions": null
}