{
  "dataset_revision": "6184bc1440d2dbc7612be22b50686b8826d22b32",
  "task_name": "CQADupstackProgrammersRetrieval",
  "mteb_version": "1.18.0",
  "scores": {
    "test": [
      {
        "ndcg_at_1": 0.08904,
        "ndcg_at_3": 0.11636,
        "ndcg_at_5": 0.1331,
        "ndcg_at_10": 0.15342,
        "ndcg_at_20": 0.16897,
        "ndcg_at_100": 0.20516,
        "ndcg_at_1000": 0.23976,
        "map_at_1": 0.07482,
        "map_at_3": 0.1019,
        "map_at_5": 0.1117,
        "map_at_10": 0.12004,
        "map_at_20": 0.12439,
        "map_at_100": 0.1296,
        "map_at_1000": 0.13095,
        "recall_at_1": 0.07482,
        "recall_at_3": 0.1349,
        "recall_at_5": 0.17616,
        "recall_at_10": 0.23727,
        "recall_at_20": 0.2943,
        "recall_at_100": 0.4716,
        "recall_at_1000": 0.71558,
        "precision_at_1": 0.08904,
        "precision_at_3": 0.05594,
        "precision_at_5": 0.04452,
        "precision_at_10": 0.03082,
        "precision_at_20": 0.01952,
        "precision_at_100": 0.0068,
        "precision_at_1000": 0.00117,
        "mrr_at_1": 0.089041,
        "mrr_at_3": 0.120053,
        "mrr_at_5": 0.130898,
        "mrr_at_10": 0.140644,
        "mrr_at_20": 0.145263,
        "mrr_at_100": 0.15002,
        "mrr_at_1000": 0.151041,
        "nauc_ndcg_at_1_max": 0.241425,
        "nauc_ndcg_at_1_std": 0.090111,
        "nauc_ndcg_at_1_diff1": 0.412739,
        "nauc_ndcg_at_3_max": 0.203058,
        "nauc_ndcg_at_3_std": 0.08169,
        "nauc_ndcg_at_3_diff1": 0.313433,
        "nauc_ndcg_at_5_max": 0.184362,
        "nauc_ndcg_at_5_std": 0.081163,
        "nauc_ndcg_at_5_diff1": 0.285264,
        "nauc_ndcg_at_10_max": 0.185138,
        "nauc_ndcg_at_10_std": 0.061573,
        "nauc_ndcg_at_10_diff1": 0.266183,
        "nauc_ndcg_at_20_max": 0.186549,
        "nauc_ndcg_at_20_std": 0.090116,
        "nauc_ndcg_at_20_diff1": 0.271208,
        "nauc_ndcg_at_100_max": 0.186639,
        "nauc_ndcg_at_100_std": 0.10672,
        "nauc_ndcg_at_100_diff1": 0.239895,
        "nauc_ndcg_at_1000_max": 0.198981,
        "nauc_ndcg_at_1000_std": 0.112386,
        "nauc_ndcg_at_1000_diff1": 0.246989,
        "nauc_map_at_1_max": 0.242413,
        "nauc_map_at_1_std": 0.059117,
        "nauc_map_at_1_diff1": 0.418717,
        "nauc_map_at_3_max": 0.210927,
        "nauc_map_at_3_std": 0.067872,
        "nauc_map_at_3_diff1": 0.333045,
        "nauc_map_at_5_max": 0.198164,
        "nauc_map_at_5_std": 0.070747,
        "nauc_map_at_5_diff1": 0.314839,
        "nauc_map_at_10_max": 0.199849,
        "nauc_map_at_10_std": 0.062301,
        "nauc_map_at_10_diff1": 0.30605,
        "nauc_map_at_20_max": 0.199974,
        "nauc_map_at_20_std": 0.073595,
        "nauc_map_at_20_diff1": 0.307427,
        "nauc_map_at_100_max": 0.199712,
        "nauc_map_at_100_std": 0.077718,
        "nauc_map_at_100_diff1": 0.301751,
        "nauc_map_at_1000_max": 0.200447,
        "nauc_map_at_1000_std": 0.077939,
        "nauc_map_at_1000_diff1": 0.302128,
        "nauc_recall_at_1_max": 0.242413,
        "nauc_recall_at_1_std": 0.059117,
        "nauc_recall_at_1_diff1": 0.418717,
        "nauc_recall_at_3_max": 0.173819,
        "nauc_recall_at_3_std": 0.072754,
        "nauc_recall_at_3_diff1": 0.267734,
        "nauc_recall_at_5_max": 0.147318,
        "nauc_recall_at_5_std": 0.076859,
        "nauc_recall_at_5_diff1": 0.224212,
        "nauc_recall_at_10_max": 0.148546,
        "nauc_recall_at_10_std": 0.038911,
        "nauc_recall_at_10_diff1": 0.186185,
        "nauc_recall_at_20_max": 0.154781,
        "nauc_recall_at_20_std": 0.106277,
        "nauc_recall_at_20_diff1": 0.201978,
        "nauc_recall_at_100_max": 0.147194,
        "nauc_recall_at_100_std": 0.150843,
        "nauc_recall_at_100_diff1": 0.099087,
        "nauc_recall_at_1000_max": 0.203242,
        "nauc_recall_at_1000_std": 0.205377,
        "nauc_recall_at_1000_diff1": 0.103034,
        "nauc_precision_at_1_max": 0.241425,
        "nauc_precision_at_1_std": 0.090111,
        "nauc_precision_at_1_diff1": 0.412739,
        "nauc_precision_at_3_max": 0.183379,
        "nauc_precision_at_3_std": 0.107157,
        "nauc_precision_at_3_diff1": 0.259983,
        "nauc_precision_at_5_max": 0.152505,
        "nauc_precision_at_5_std": 0.106877,
        "nauc_precision_at_5_diff1": 0.216393,
        "nauc_precision_at_10_max": 0.164714,
        "nauc_precision_at_10_std": 0.074716,
        "nauc_precision_at_10_diff1": 0.176882,
        "nauc_precision_at_20_max": 0.165451,
        "nauc_precision_at_20_std": 0.147447,
        "nauc_precision_at_20_diff1": 0.190908,
        "nauc_precision_at_100_max": 0.169421,
        "nauc_precision_at_100_std": 0.171807,
        "nauc_precision_at_100_diff1": 0.068926,
        "nauc_precision_at_1000_max": 0.140368,
        "nauc_precision_at_1000_std": 0.104884,
        "nauc_precision_at_1000_diff1": 0.004815,
        "nauc_mrr_at_1_max": 0.241425,
        "nauc_mrr_at_1_std": 0.090111,
        "nauc_mrr_at_1_diff1": 0.412739,
        "nauc_mrr_at_3_max": 0.210633,
        "nauc_mrr_at_3_std": 0.101433,
        "nauc_mrr_at_3_diff1": 0.326971,
        "nauc_mrr_at_5_max": 0.201835,
        "nauc_mrr_at_5_std": 0.09695,
        "nauc_mrr_at_5_diff1": 0.311425,
        "nauc_mrr_at_10_max": 0.201187,
        "nauc_mrr_at_10_std": 0.087445,
        "nauc_mrr_at_10_diff1": 0.299983,
        "nauc_mrr_at_20_max": 0.202323,
        "nauc_mrr_at_20_std": 0.095364,
        "nauc_mrr_at_20_diff1": 0.302248,
        "nauc_mrr_at_100_max": 0.200463,
        "nauc_mrr_at_100_std": 0.096442,
        "nauc_mrr_at_100_diff1": 0.296947,
        "nauc_mrr_at_1000_max": 0.200926,
        "nauc_mrr_at_1000_std": 0.096711,
        "nauc_mrr_at_1000_diff1": 0.297115,
        "main_score": 0.15342,
        "hf_subset": "default",
        "languages": [
          "eng-Latn"
        ]
      }
    ]
  },
  "evaluation_time": 2952.173353910446,
  "kg_co2_emissions": 0.28737673569278815
}