{
  "dataset_revision": "3d3d27aa7af8941408cefc3991ada5d12a4273d1",
  "task_name": "SNLHierarchicalClusteringP2P",
  "mteb_version": "1.18.0",
  "scores": {
    "test": [
      {
        "v_measures": {
          "Level 0": [
            0.462189,
            0.469781,
            0.42761,
            0.47447,
            0.437342,
            0.449485,
            0.465461,
            0.425008,
            0.471261,
            0.45709
          ],
          "Level 1": [
            0.646299,
            0.657133,
            0.649321,
            0.663915,
            0.657812,
            0.65217,
            0.657567,
            0.665707,
            0.666215,
            0.658448
          ],
          "Level 2": [
            0.709784,
            0.703298,
            0.70577,
            0.708713,
            0.70393,
            0.711974,
            0.706512,
            0.710244,
            0.705667,
            0.708039
          ],
          "Level 3": [
            0.702848,
            0.712414,
            0.721842,
            0.716708,
            0.717064,
            0.724653,
            0.720971,
            0.709218,
            0.718187,
            0.720228
          ],
          "Level 4": [
            0.394529,
            0.389674,
            0.39119,
            0.389232,
            0.364719,
            0.38794,
            0.392076,
            0.387718,
            0.381411,
            0.399372
          ]
        },
        "v_measure": 0.584604,
        "v_measure_std": 0.137133,
        "main_score": 0.584604,
        "hf_subset": "default",
        "languages": [
          "nob-Latn"
        ]
      }
    ]
  },
  "evaluation_time": 1117.2478020191193,
  "kg_co2_emissions": 0.056837755111483854
}