{
    "dataset_revision": "a0d554a64d88156834ff5ae9920b964011b16384",
    "task_name": "STS12",
    "evaluation_time": -1,
    "mteb_version": "0.0.0",
    "scores": {
        "test": [
            {
                "hf_subset": "default",
                "languages": [
                    "eng-Latn"
                ],
                "cos_sim_pearson": 66.95372527615659,
                "cos_sim_spearman": 66.96821894433991,
                "euclidean_pearson": 64.675348002074,
                "euclidean_spearman": 66.96821894433991,
                "manhattan_pearson": 64.5965887073831,
                "manhattan_spearman": 66.88569076794741,
                "cosine_pearson": 66.95372527615659,
                "cosine_spearman": 66.96821894433991,
                "main_score": 66.96821894433991
            }
        ]
    }
}