{
  "dataset_revision": "c6fffeb9cdd95c1ffa81c62c687b48b56352872b",
  "task_name": "News21InstructionRetrieval",
  "mteb_version": "2.12.16",
  "scores": {
    "test": [
      {
        "ndcg_at_1": 0.39258,
        "ndcg_at_3": 0.42655,
        "ndcg_at_5": 0.41317,
        "ndcg_at_10": 0.42421,
        "ndcg_at_20": 0.4657,
        "ndcg_at_100": 0.56036,
        "ndcg_at_1000": 0.63401,
        "map_at_1": 0.03516,
        "map_at_3": 0.08481,
        "map_at_5": 0.11428,
        "map_at_10": 0.175,
        "map_at_20": 0.25156,
        "map_at_100": 0.34915,
        "map_at_1000": 0.38009,
        "recall_at_1": 0.03516,
        "recall_at_3": 0.09814,
        "recall_at_5": 0.14043,
        "recall_at_10": 0.24427,
        "recall_at_20": 0.40175,
        "recall_at_100": 0.71281,
        "recall_at_1000": 1.0,
        "accuracy": 0.03516,
        "precision_at_1": 0.57812,
        "precision_at_3": 0.56771,
        "precision_at_5": 0.525,
        "precision_at_10": 0.47031,
        "precision_at_20": 0.40234,
        "precision_at_100": 0.16641,
        "precision_at_1000": 0.0268,
        "mrr_at_1": 0.578125,
        "mrr_at_3": 0.697917,
        "mrr_at_5": 0.708073,
        "mrr_at_10": 0.715557,
        "mrr_at_20": 0.716859,
        "mrr_at_100": 0.718197,
        "mrr_at_1000": 0.718197,
        "nauc_ndcg_at_1_max": 0.184539,
        "nauc_ndcg_at_1_std": 0.0185,
        "nauc_ndcg_at_1_diff1": 0.208988,
        "nauc_ndcg_at_3_max": 0.201495,
        "nauc_ndcg_at_3_std": -0.059831,
        "nauc_ndcg_at_3_diff1": 0.173134,
        "nauc_ndcg_at_5_max": 0.163997,
        "nauc_ndcg_at_5_std": -0.06693,
        "nauc_ndcg_at_5_diff1": 0.158551,
        "nauc_ndcg_at_10_max": 0.21629,
        "nauc_ndcg_at_10_std": -0.046837,
        "nauc_ndcg_at_10_diff1": 0.186379,
        "nauc_ndcg_at_20_max": 0.327977,
        "nauc_ndcg_at_20_std": 0.045233,
        "nauc_ndcg_at_20_diff1": 0.152871,
        "nauc_ndcg_at_100_max": 0.352987,
        "nauc_ndcg_at_100_std": 0.072147,
        "nauc_ndcg_at_100_diff1": 0.137248,
        "nauc_ndcg_at_1000_max": 0.226231,
        "nauc_ndcg_at_1000_std": 0.075162,
        "nauc_ndcg_at_1000_diff1": 0.141635,
        "nauc_map_at_1_max": 0.393878,
        "nauc_map_at_1_std": -0.065307,
        "nauc_map_at_1_diff1": 0.288138,
        "nauc_map_at_3_max": 0.384986,
        "nauc_map_at_3_std": -0.063052,
        "nauc_map_at_3_diff1": 0.099828,
        "nauc_map_at_5_max": 0.400314,
        "nauc_map_at_5_std": -0.055999,
        "nauc_map_at_5_diff1": 0.086331,
        "nauc_map_at_10_max": 0.377314,
        "nauc_map_at_10_std": -0.020258,
        "nauc_map_at_10_diff1": 0.086172,
        "nauc_map_at_20_max": 0.372034,
        "nauc_map_at_20_std": 0.054416,
        "nauc_map_at_20_diff1": 0.067131,
        "nauc_map_at_100_max": 0.338339,
        "nauc_map_at_100_std": 0.142373,
        "nauc_map_at_100_diff1": 0.028323,
        "nauc_map_at_1000_max": 0.292715,
        "nauc_map_at_1000_std": 0.174025,
        "nauc_map_at_1000_diff1": 0.025984,
        "nauc_recall_at_1_max": 0.393878,
        "nauc_recall_at_1_std": -0.065307,
        "nauc_recall_at_1_diff1": 0.288138,
        "nauc_recall_at_3_max": 0.307631,
        "nauc_recall_at_3_std": -0.115944,
        "nauc_recall_at_3_diff1": 0.048136,
        "nauc_recall_at_5_max": 0.294212,
        "nauc_recall_at_5_std": -0.146152,
        "nauc_recall_at_5_diff1": 0.025823,
        "nauc_recall_at_10_max": 0.297423,
        "nauc_recall_at_10_std": -0.094741,
        "nauc_recall_at_10_diff1": 0.066622,
        "nauc_recall_at_20_max": 0.312617,
        "nauc_recall_at_20_std": 0.04654,
        "nauc_recall_at_20_diff1": 0.026379,
        "nauc_recall_at_100_max": 0.456353,
        "nauc_recall_at_100_std": 0.116543,
        "nauc_recall_at_100_diff1": -0.005536,
        "nauc_recall_at_1000_max": NaN,
        "nauc_recall_at_1000_std": NaN,
        "nauc_recall_at_1000_diff1": NaN,
        "nauc_precision_at_1_max": 0.109192,
        "nauc_precision_at_1_std": 0.001266,
        "nauc_precision_at_1_diff1": 0.260819,
        "nauc_precision_at_3_max": 0.078228,
        "nauc_precision_at_3_std": 0.002385,
        "nauc_precision_at_3_diff1": 0.055459,
        "nauc_precision_at_5_max": 0.019059,
        "nauc_precision_at_5_std": 0.028895,
        "nauc_precision_at_5_diff1": 0.067769,
        "nauc_precision_at_10_max": -0.027276,
        "nauc_precision_at_10_std": 0.088951,
        "nauc_precision_at_10_diff1": 0.041749,
        "nauc_precision_at_20_max": -0.019495,
        "nauc_precision_at_20_std": 0.205037,
        "nauc_precision_at_20_diff1": 0.003646,
        "nauc_precision_at_100_max": -0.121107,
        "nauc_precision_at_100_std": 0.241077,
        "nauc_precision_at_100_diff1": -0.058053,
        "nauc_precision_at_1000_max": -0.268745,
        "nauc_precision_at_1000_std": 0.138624,
        "nauc_precision_at_1000_diff1": -0.053526,
        "nauc_mrr_at_1_max": 0.109192,
        "nauc_mrr_at_1_std": 0.001266,
        "nauc_mrr_at_1_diff1": 0.260819,
        "nauc_mrr_at_3_max": 0.061951,
        "nauc_mrr_at_3_std": 0.002306,
        "nauc_mrr_at_3_diff1": 0.199509,
        "nauc_mrr_at_5_max": 0.040576,
        "nauc_mrr_at_5_std": -0.013483,
        "nauc_mrr_at_5_diff1": 0.192083,
        "nauc_mrr_at_10_max": 0.039541,
        "nauc_mrr_at_10_std": -0.004666,
        "nauc_mrr_at_10_diff1": 0.211172,
        "nauc_mrr_at_20_max": 0.034099,
        "nauc_mrr_at_20_std": -0.010358,
        "nauc_mrr_at_20_diff1": 0.206702,
        "nauc_mrr_at_100_max": 0.040488,
        "nauc_mrr_at_100_std": -0.010511,
        "nauc_mrr_at_100_diff1": 0.206336,
        "nauc_mrr_at_1000_max": 0.040488,
        "nauc_mrr_at_1000_std": -0.010511,
        "nauc_mrr_at_1000_diff1": 0.206336,
        "hit_rate_at_1": 0.57812,
        "hit_rate_at_3": 0.82812,
        "hit_rate_at_5": 0.875,
        "hit_rate_at_10": 0.9375,
        "hit_rate_at_20": 0.95312,
        "hit_rate_at_100": 1.0,
        "hit_rate_at_1000": 1.0,
        "p-MRR": 0.012787,
        "og": {
          "ndcg_at_1": 0.48047,
          "ndcg_at_3": 0.53911,
          "ndcg_at_5": 0.52312,
          "ndcg_at_10": 0.52205,
          "ndcg_at_20": 0.54534,
          "ndcg_at_100": 0.63565,
          "ndcg_at_1000": 0.72068,
          "map_at_1": 0.03066,
          "map_at_3": 0.08829,
          "map_at_5": 0.13111,
          "map_at_10": 0.21214,
          "map_at_20": 0.30988,
          "map_at_100": 0.44424,
          "map_at_1000": 0.48721,
          "recall_at_1": 0.03066,
          "recall_at_3": 0.09563,
          "recall_at_5": 0.14437,
          "recall_at_10": 0.24994,
          "recall_at_20": 0.39705,
          "recall_at_100": 0.70038,
          "recall_at_1000": 1.0,
          "accuracy": 0.03066,
          "precision_at_1": 0.75,
          "precision_at_3": 0.78125,
          "precision_at_5": 0.7375,
          "precision_at_10": 0.66563,
          "precision_at_20": 0.55625,
          "precision_at_100": 0.23125,
          "precision_at_1000": 0.03725,
          "mrr_at_1": 0.75,
          "mrr_at_3": 0.838542,
          "mrr_at_5": 0.838542,
          "mrr_at_10": 0.84592,
          "mrr_at_20": 0.84592,
          "mrr_at_100": 0.84592,
          "mrr_at_1000": 0.84592,
          "nauc_ndcg_at_1_max": 0.120819,
          "nauc_ndcg_at_1_std": -0.192197,
          "nauc_ndcg_at_1_diff1": 0.172822,
          "nauc_ndcg_at_3_max": 0.218365,
          "nauc_ndcg_at_3_std": -0.205242,
          "nauc_ndcg_at_3_diff1": 0.104267,
          "nauc_ndcg_at_5_max": 0.202645,
          "nauc_ndcg_at_5_std": -0.160387,
          "nauc_ndcg_at_5_diff1": 0.077834,
          "nauc_ndcg_at_10_max": 0.336307,
          "nauc_ndcg_at_10_std": -0.147328,
          "nauc_ndcg_at_10_diff1": 0.082526,
          "nauc_ndcg_at_20_max": 0.468849,
          "nauc_ndcg_at_20_std": -0.015287,
          "nauc_ndcg_at_20_diff1": 0.04024,
          "nauc_ndcg_at_100_max": 0.499787,