{
    "dataset_revision": "None",
    "task_name": "CmedqaRetrieval",
    "evaluation_time": null,
    "mteb_version": null,
    "scores": {
        "dev": [
            {
                "hf_subset": "default",
                "languages": [
                    "cmn-Hans"
                ],
                "map_at_1": 0.13085,
                "map_at_10": 0.19389,
                "map_at_100": 0.20761,
                "map_at_1000": 0.20944,
                "map_at_3": 0.17273,
                "map_at_5": 0.1837,
                "mrr_at_1": 0.20955,
                "mrr_at_10": 0.26742,
                "mrr_at_100": 0.27724,
                "mrr_at_1000": 0.27819,
                "mrr_at_3": 0.24881,
                "mrr_at_5": 0.25833,
                "ndcg_at_1": 0.20955,
                "ndcg_at_10": 0.23905,
                "ndcg_at_100": 0.30167,
                "ndcg_at_1000": 0.34202,
                "ndcg_at_3": 0.20854,
                "ndcg_at_5": 0.21918000000000004,
                "precision_at_1": 0.20955,
                "precision_at_10": 0.05479,
                "precision_at_100": 0.01065,
                "precision_at_1000": 0.00159,
                "precision_at_3": 0.11960999999999998,
                "precision_at_5": 0.08647,
                "recall_at_1": 0.13085,
                "recall_at_10": 0.30202,
                "recall_at_100": 0.56579,
                "recall_at_1000": 0.8464100000000001,
                "recall_at_3": 0.20751,
                "recall_at_5": 0.24317,
                "main_score": 0.23905
            }
        ]
    }
}