{
    "dataset_revision": "6d1ba47164174a496b7fa5d3569dae26a6813b80",
    "task_name": "STS22",
    "evaluation_time": null,
    "mteb_version": null,
    "scores": {
        "test": [
            {
                "hf_subset": "en",
                "languages": [
                    "eng-Latn"
                ],
                "cos_sim_pearson": 0.663630120343016,
                "cos_sim_spearman": 0.6581094140725656,
                "euclidean_pearson": 0.6790672012385122,
                "euclidean_spearman": 0.6781659181369036,
                "manhattan_pearson": 0.6802538312923561,
                "manhattan_spearman": 0.676187327404364,
                "cosine_pearson": 0.663630120343016,
                "cosine_spearman": 0.6581094140725656,
                "main_score": 0.6581094140725656
            },
            {
                "hf_subset": "de",
                "languages": [
                    "deu-Latn"
                ],
                "cos_sim_pearson": 0.2918452426712489,
                "cos_sim_spearman": 0.3751420703956064,
                "euclidean_pearson": 0.28026224447990933,
                "euclidean_spearman": 0.38801236403431266,
                "manhattan_pearson": 0.2871522521219943,
                "manhattan_spearman": 0.39336233734574066,
                "cosine_pearson": 0.2918452426712489,
                "cosine_spearman": 0.3751420703956064,
                "main_score": 0.3751420703956064
            },
            {
                "hf_subset": "es",
                "languages": [
                    "spa-Latn"
                ],
                "cos_sim_pearson": 0.5685918041778831,
                "cos_sim_spearman": 0.5978915219131012,
                "euclidean_pearson": 0.6296361204638707,
                "euclidean_spearman": 0.6117669127090527,
                "manhattan_pearson": 0.6376244034298364,
                "manhattan_spearman": 0.6186264089685531,
                "cosine_pearson": 0.5685918041778831,
                "cosine_spearman": 0.5978915219131012,
                "main_score": 0.5978915219131012
            },
            {
                "hf_subset": "pl",
                "languages": [
                    "pol-Latn"
                ],
                "cos_sim_pearson": 0.16606738041913963,
                "cos_sim_spearman": 0.2797916734937851,
                "euclidean_pearson": 0.09681469291321503,
                "euclidean_spearman": 0.2808837519161265,
                "manhattan_pearson": 0.10511180494241913,
                "manhattan_spearman": 0.28551302212661084,
                "cosine_pearson": 0.16606738041913963,
                "cosine_spearman": 0.2797916734937851,
                "main_score": 0.2797916734937851
            },
            {
                "hf_subset": "tr",
                "languages": [
                    "tur-Latn"
                ],
                "cos_sim_pearson": 0.25299512638088834,
                "cos_sim_spearman": 0.42327041603893045,
                "euclidean_pearson": 0.3869543224122062,
                "euclidean_spearman": 0.42644563764765225,
                "manhattan_pearson": 0.3985979335053606,
                "manhattan_spearman": 0.42769358737309715,
                "cosine_pearson": 0.25299512638088834,
                "cosine_spearman": 0.42327041603893045,
                "main_score": 0.42327041603893045
            },
            {
                "hf_subset": "ar",
                "languages": [
                    "ara-Arab"
                ],
                "cos_sim_pearson": 0.4792303842321097,
                "cos_sim_spearman": 0.55000760154319,
                "euclidean_pearson": 0.5409534510237817,
                "euclidean_spearman": 0.5617458441411606,
                "manhattan_pearson": 0.5636191319845462,
                "manhattan_spearman": 0.5834526441198397,
                "cosine_pearson": 0.4792303842321097,
                "cosine_spearman": 0.55000760154319,
                "main_score": 0.55000760154319
            },
            {
                "hf_subset": "ru",
                "languages": [
                    "rus-Cyrl"
                ],
                "cos_sim_pearson": 0.3174285655159483,
                "cos_sim_spearman": 0.4313787302806463,
                "euclidean_pearson": 0.31905579993088135,
                "euclidean_spearman": 0.3988503520134319,
                "manhattan_pearson": 0.3243242118943698,
                "manhattan_spearman": 0.40111072487991256,
                "cosine_pearson": 0.3174285655159483,
                "cosine_spearman": 0.4313787302806463,
                "main_score": 0.4313787302806463
            },
            {
                "hf_subset": "zh",
                "languages": [
                    "cmn-Hans"
                ],
                "cos_sim_pearson": 0.4744633750616152,
                "cos_sim_spearman": 0.5408303328409781,
                "euclidean_pearson": 0.5144465879168015,
                "euclidean_spearman": 0.531381741726486,
                "manhattan_pearson": 0.5675523385117588,
                "manhattan_spearman": 0.5834517911003165,
                "cosine_pearson": 0.4744633750616152,
                "cosine_spearman": 0.5408303328409781,
                "main_score": 0.5408303328409781
            },
            {
                "hf_subset": "fr",
                "languages": [
                    "fra-Latn"
                ],
                "cos_sim_pearson": 0.7936983311049037,
                "cos_sim_spearman": 0.8125208121596035,
                "euclidean_pearson": 0.7908412465916279,
                "euclidean_spearman": 0.7963170247237287,
                "manhattan_pearson": 0.7976857988012227,
                "manhattan_spearman": 0.8019933344030764,
                "cosine_pearson": 0.7936983311049037,
                "cosine_spearman": 0.8125208121596035,
                "main_score": 0.8125208121596035
            },
            {
                "hf_subset": "de-en",
                "languages": [
                    "deu-Latn",
                    "eng-Latn"
                ],
                "cos_sim_pearson": 0.500853725529063,
                "cos_sim_spearman": 0.5165609511820319,
                "euclidean_pearson": 0.5624581721122985,
                "euclidean_spearman": 0.5784579505485162,
                "manhattan_pearson": 0.571786287928604,
                "manhattan_spearman": 0.5886831656741897,
                "cosine_pearson": 0.500853725529063,
                "cosine_spearman": 0.5165609511820319,
                "main_score": 0.5165609511820319
            },
            {
                "hf_subset": "es-en",
                "languages": [
                    "spa-Latn",
                    "eng-Latn"
                ],
                "cos_sim_pearson": 0.6932518691946098,
                "cos_sim_spearman": 0.7358536905137812,
                "euclidean_pearson": 0.7335933015959281,
                "euclidean_spearman": 0.7472443890443692,
                "manhattan_pearson": 0.7389491090838782,
                "manhattan_spearman": 0.7501810348241496,
                "cosine_pearson": 0.6932518691946098,
                "cosine_spearman": 0.7358536905137812,
                "main_score": 0.7358536905137812
            },
            {
                "hf_subset": "it",
                "languages": [
                    "ita-Latn"
                ],
                "cos_sim_pearson": 0.6563185657261381,
                "cos_sim_spearman": 0.6886805244265339,
                "euclidean_pearson": 0.658069214967351,
                "euclidean_spearman": 0.6758006300921988,
                "manhattan_pearson": 0.6642691541820066,
                "manhattan_spearman": 0.6820501753012335,
                "cosine_pearson": 0.6563185657261381,
                "cosine_spearman": 0.6886805244265339,