{
    "dataset_revision": "cd540c506dae1cf9e9a59c3e06f42030d54e7301",
    "task_name": "CmedqaRetrieval",
    "evaluation_time": null,
    "mteb_version": null,
    "scores": {
        "dev": [
            {
                "hf_subset": "default",
                "languages": [
                    "cmn-Hans"
                ],
                "map_at_1": 0.26875,
                "map_at_10": 0.3999599999999999,
                "map_at_100": 0.41899000000000003,
                "map_at_1000": 0.42,
                "map_at_3": 0.35414,
                "map_at_5": 0.38019,
                "mrr_at_1": 0.40635,
                "mrr_at_10": 0.48827,
                "mrr_at_100": 0.49805,
                "mrr_at_1000": 0.49845,
                "mrr_at_3": 0.46145,
                "mrr_at_5": 0.47694,
                "ndcg_at_1": 0.40635,
                "ndcg_at_10": 0.4678,
                "ndcg_at_100": 0.53987,
                "ndcg_at_1000": 0.55684,
                "ndcg_at_3": 0.41018,
                "ndcg_at_5": 0.43559,
                "precision_at_1": 0.40635,
                "precision_at_10": 0.10427999999999998,
                "precision_at_100": 0.01625,
                "precision_at_1000": 0.00184,
                "precision_at_3": 0.23139000000000004,
                "precision_at_5": 0.17004000000000002,
                "recall_at_1": 0.26875,
                "recall_at_10": 0.57887,
                "recall_at_100": 0.87408,
                "recall_at_1000": 0.98721,
                "recall_at_3": 0.40812,
                "recall_at_5": 0.48397,
                "main_score": 0.4678
            }
        ]
    }
}