{
    "dataset_revision": "d3fb88f8f02e40887cd149695127462bbcf29b4a",
    "task_name": "BIOSSES",
    "evaluation_time": null,
    "mteb_version": null,
    "scores": {
        "test": [
            {
                "hf_subset": "default",
                "languages": [
                    "eng-Latn"
                ],
                "cos_sim_pearson": 0.7037283775714532,
                "cos_sim_spearman": 0.6528702977793742,
                "euclidean_pearson": 0.6881678452970543,
                "euclidean_spearman": 0.6610212250382912,
                "manhattan_pearson": 0.7006439132928513,
                "manhattan_spearman": 0.6610212250382912,
                "cosine_pearson": 0.7037283775714532,
                "cosine_spearman": 0.6528702977793742,
                "main_score": 0.6528702977793742
            }
        ]
    }
}