{
  "dataset_revision": "1de08520a7b361e92ffa2a2201ebd41942c54675",
  "mteb_dataset_name": "ScalaDaClassification",
  "mteb_version": "1.0.3.dev0",
  "test": {
    "accuracy": 0.582470703125,
    "accuracy_stderr": 0.027084824936702227,
    "ap": 0.5490221258107331,
    "ap_stderr": 0.01820393167138743,
    "evaluation_time": 39.67,
    "f1": 0.5779247790857116,
    "f1_stderr": 0.02950672798814728,
    "main_score": 0.582470703125
  }
}