{
  "dataset_revision": "1851bc536f8bdab29e03e29191c4586b1d8d7c5a",
  "task_name": "Quail",
  "mteb_version": "1.36.10",
  "scores": {
    "test": [
      {
        "ndcg_at_1": 0.02574,
        "ndcg_at_3": 0.03873,
        "ndcg_at_5": 0.04931,
        "ndcg_at_10": 0.06286,
        "ndcg_at_20": 0.07608,
        "ndcg_at_100": 0.10105,
        "ndcg_at_1000": 0.13263,
        "map_at_1": 0.02574,
        "map_at_3": 0.03548,
        "map_at_5": 0.04125,
        "map_at_10": 0.04683,
        "map_at_20": 0.05048,
        "map_at_100": 0.05374,
        "map_at_1000": 0.05472,
        "recall_at_1": 0.02574,
        "recall_at_3": 0.04816,
        "recall_at_5": 0.07426,
        "recall_at_10": 0.11618,
        "recall_at_20": 0.16838,
        "recall_at_100": 0.30588,
        "recall_at_1000": 0.56691,
        "precision_at_1": 0.02574,
        "precision_at_3": 0.01605,
        "precision_at_5": 0.01485,
        "precision_at_10": 0.01162,
        "precision_at_20": 0.00842,
        "precision_at_100": 0.00306,
        "precision_at_1000": 0.00057,
        "mrr_at_1": 0.025735,
        "mrr_at_3": 0.0356,
        "mrr_at_5": 0.041299,
        "mrr_at_10": 0.046866,
        "mrr_at_20": 0.050507,
        "mrr_at_100": 0.053771,
        "mrr_at_1000": 0.054743,
        "nauc_ndcg_at_1_max": 0.098931,
        "nauc_ndcg_at_1_std": 0.050776,
        "nauc_ndcg_at_1_diff1": 0.139174,
        "nauc_ndcg_at_3_max": 0.100019,
        "nauc_ndcg_at_3_std": 0.054877,
        "nauc_ndcg_at_3_diff1": 0.075954,
        "nauc_ndcg_at_5_max": 0.102306,
        "nauc_ndcg_at_5_std": 0.027812,
        "nauc_ndcg_at_5_diff1": 0.107941,
        "nauc_ndcg_at_10_max": 0.102592,
        "nauc_ndcg_at_10_std": 0.035234,
        "nauc_ndcg_at_10_diff1": 0.078293,
        "nauc_ndcg_at_20_max": 0.099525,
        "nauc_ndcg_at_20_std": 0.042355,
        "nauc_ndcg_at_20_diff1": 0.071632,
        "nauc_ndcg_at_100_max": 0.093701,
        "nauc_ndcg_at_100_std": 0.038248,
        "nauc_ndcg_at_100_diff1": 0.067275,
        "nauc_ndcg_at_1000_max": 0.093234,
        "nauc_ndcg_at_1000_std": 0.039699,
        "nauc_ndcg_at_1000_diff1": 0.064545,
        "nauc_map_at_1_max": 0.098931,
        "nauc_map_at_1_std": 0.050776,
        "nauc_map_at_1_diff1": 0.139174,
        "nauc_map_at_3_max": 0.101228,
        "nauc_map_at_3_std": 0.054767,
        "nauc_map_at_3_diff1": 0.08889,
        "nauc_map_at_5_max": 0.102756,
        "nauc_map_at_5_std": 0.036898,
        "nauc_map_at_5_diff1": 0.106902,
        "nauc_map_at_10_max": 0.104001,
        "nauc_map_at_10_std": 0.040319,
        "nauc_map_at_10_diff1": 0.090925,
        "nauc_map_at_20_max": 0.103223,
        "nauc_map_at_20_std": 0.043341,
        "nauc_map_at_20_diff1": 0.08767,
        "nauc_map_at_100_max": 0.102337,
        "nauc_map_at_100_std": 0.04251,
        "nauc_map_at_100_diff1": 0.085369,
        "nauc_map_at_1000_max": 0.102211,
        "nauc_map_at_1000_std": 0.042534,
        "nauc_map_at_1000_diff1": 0.085208,
        "nauc_recall_at_1_max": 0.098931,
        "nauc_recall_at_1_std": 0.050776,
        "nauc_recall_at_1_diff1": 0.139174,
        "nauc_recall_at_3_max": 0.097023,
        "nauc_recall_at_3_std": 0.054924,
        "nauc_recall_at_3_diff1": 0.047882,
        "nauc_recall_at_5_max": 0.10135,
        "nauc_recall_at_5_std": 0.011118,
        "nauc_recall_at_5_diff1": 0.112529,
        "nauc_recall_at_10_max": 0.09968,
        "nauc_recall_at_10_std": 0.02854,
        "nauc_recall_at_10_diff1": 0.060104,
        "nauc_recall_at_20_max": 0.093243,
        "nauc_recall_at_20_std": 0.042529,
        "nauc_recall_at_20_diff1": 0.051734,
        "nauc_recall_at_100_max": 0.080499,
        "nauc_recall_at_100_std": 0.033148,
        "nauc_recall_at_100_diff1": 0.050863,
        "nauc_recall_at_1000_max": 0.080167,
        "nauc_recall_at_1000_std": 0.039432,
        "nauc_recall_at_1000_diff1": 0.041415,
        "nauc_precision_at_1_max": 0.098931,
        "nauc_precision_at_1_std": 0.050776,
        "nauc_precision_at_1_diff1": 0.139174,
        "nauc_precision_at_3_max": 0.097023,
        "nauc_precision_at_3_std": 0.054924,
        "nauc_precision_at_3_diff1": 0.047882,
        "nauc_precision_at_5_max": 0.10135,
        "nauc_precision_at_5_std": 0.011118,
        "nauc_precision_at_5_diff1": 0.112529,
        "nauc_precision_at_10_max": 0.09968,
        "nauc_precision_at_10_std": 0.02854,
        "nauc_precision_at_10_diff1": 0.060104,
        "nauc_precision_at_20_max": 0.093243,
        "nauc_precision_at_20_std": 0.042529,
        "nauc_precision_at_20_diff1": 0.051734,
        "nauc_precision_at_100_max": 0.080499,
        "nauc_precision_at_100_std": 0.033148,
        "nauc_precision_at_100_diff1": 0.050863,
        "nauc_precision_at_1000_max": 0.080167,
        "nauc_precision_at_1000_std": 0.039432,
        "nauc_precision_at_1000_diff1": 0.041415,
        "nauc_mrr_at_1_max": 0.098931,
        "nauc_mrr_at_1_std": 0.050776,
        "nauc_mrr_at_1_diff1": 0.139174,
        "nauc_mrr_at_3_max": 0.099783,
        "nauc_mrr_at_3_std": 0.053482,
        "nauc_mrr_at_3_diff1": 0.086606,
        "nauc_mrr_at_5_max": 0.102542,
        "nauc_mrr_at_5_std": 0.036912,
        "nauc_mrr_at_5_diff1": 0.106794,
        "nauc_mrr_at_10_max": 0.103947,
        "nauc_mrr_at_10_std": 0.040442,
        "nauc_mrr_at_10_diff1": 0.090955,
        "nauc_mrr_at_20_max": 0.103191,
        "nauc_mrr_at_20_std": 0.043422,
        "nauc_mrr_at_20_diff1": 0.087701,
        "nauc_mrr_at_100_max": 0.102303,
        "nauc_mrr_at_100_std": 0.042579,
        "nauc_mrr_at_100_diff1": 0.085396,
        "nauc_mrr_at_1000_max": 0.102177,
        "nauc_mrr_at_1000_std": 0.042602,
        "nauc_mrr_at_1000_diff1": 0.085235,
        "main_score": 0.06286,
        "hf_subset": "default",
        "languages": [
          "eng-Latn"
        ]
      }
    ]
  },
  "evaluation_time": 85.98220658302307,
  "kg_co2_emissions": null,
  "mteb_dataset_name": "Quail"
}