{
  "dataset_revision": "9ab3ca3ccdd0d43f9cd6d346a363935d127f4f45",
  "task_name": "SpartQA",
  "mteb_version": "1.36.10",
  "scores": {
    "test": [
      {
        "ndcg_at_1": 0.00083,
        "ndcg_at_3": 0.0064,
        "ndcg_at_5": 0.01128,
        "ndcg_at_10": 0.02515,
        "ndcg_at_20": 0.03811,
        "ndcg_at_100": 0.07194,
        "ndcg_at_1000": 0.1171,
        "map_at_1": 0.00046,
        "map_at_3": 0.00427,
        "map_at_5": 0.00655,
        "map_at_10": 0.01164,
        "map_at_20": 0.01491,
        "map_at_100": 0.01909,
        "map_at_1000": 0.02036,
        "recall_at_1": 0.00046,
        "recall_at_3": 0.00937,
        "recall_at_5": 0.01994,
        "recall_at_10": 0.05843,
        "recall_at_20": 0.10545,
        "recall_at_100": 0.27258,
        "recall_at_1000": 0.60184,
        "precision_at_1": 0.00083,
        "precision_at_3": 0.00547,
        "precision_at_5": 0.00696,
        "precision_at_10": 0.00963,
        "precision_at_20": 0.00833,
        "precision_at_100": 0.0043,
        "precision_at_1000": 0.00102,
        "mrr_at_1": 0.000835,
        "mrr_at_3": 0.007327,
        "mrr_at_5": 0.011292,
        "mrr_at_10": 0.019274,
        "mrr_at_20": 0.02368,
        "mrr_at_100": 0.029038,
        "mrr_at_1000": 0.030348,
        "nauc_ndcg_at_1_max": 0.286152,
        "nauc_ndcg_at_1_std": 0.199647,
        "nauc_ndcg_at_1_diff1": -0.328321,
        "nauc_ndcg_at_3_max": 0.323258,
        "nauc_ndcg_at_3_std": 0.247138,
        "nauc_ndcg_at_3_diff1": 0.286071,
        "nauc_ndcg_at_5_max": 0.261053,
        "nauc_ndcg_at_5_std": 0.229524,
        "nauc_ndcg_at_5_diff1": 0.254762,
        "nauc_ndcg_at_10_max": 0.15632,
        "nauc_ndcg_at_10_std": 0.213376,
        "nauc_ndcg_at_10_diff1": 0.165195,
        "nauc_ndcg_at_20_max": 0.105978,
        "nauc_ndcg_at_20_std": 0.197394,
        "nauc_ndcg_at_20_diff1": 0.134852,
        "nauc_ndcg_at_100_max": 0.206619,
        "nauc_ndcg_at_100_std": 0.164876,
        "nauc_ndcg_at_100_diff1": 0.184818,
        "nauc_ndcg_at_1000_max": 0.220776,
        "nauc_ndcg_at_1000_std": 0.28436,
        "nauc_ndcg_at_1000_diff1": 0.272612,
        "nauc_map_at_1_max": 0.211054,
        "nauc_map_at_1_std": 0.519788,
        "nauc_map_at_1_diff1": -0.396778,
        "nauc_map_at_3_max": 0.32847,
        "nauc_map_at_3_std": 0.26141,
        "nauc_map_at_3_diff1": 0.271135,
        "nauc_map_at_5_max": 0.269968,
        "nauc_map_at_5_std": 0.243932,
        "nauc_map_at_5_diff1": 0.254172,
        "nauc_map_at_10_max": 0.181386,
        "nauc_map_at_10_std": 0.22516,
        "nauc_map_at_10_diff1": 0.175452,
        "nauc_map_at_20_max": 0.142759,
        "nauc_map_at_20_std": 0.215787,
        "nauc_map_at_20_diff1": 0.156038,
        "nauc_map_at_100_max": 0.172714,
        "nauc_map_at_100_std": 0.203048,
        "nauc_map_at_100_diff1": 0.168117,
        "nauc_map_at_1000_max": 0.175621,
        "nauc_map_at_1000_std": 0.210956,
        "nauc_map_at_1000_diff1": 0.176123,
        "nauc_recall_at_1_max": 0.211054,
        "nauc_recall_at_1_std": 0.519788,
        "nauc_recall_at_1_diff1": -0.396778,
        "nauc_recall_at_3_max": 0.319389,
        "nauc_recall_at_3_std": 0.241588,
        "nauc_recall_at_3_diff1": 0.322723,
        "nauc_recall_at_5_max": 0.235736,
        "nauc_recall_at_5_std": 0.219448,
        "nauc_recall_at_5_diff1": 0.268094,
        "nauc_recall_at_10_max": 0.115634,
        "nauc_recall_at_10_std": 0.208053,
        "nauc_recall_at_10_diff1": 0.148531,
        "nauc_recall_at_20_max": 0.064434,
        "nauc_recall_at_20_std": 0.182465,
        "nauc_recall_at_20_diff1": 0.107946,
        "nauc_recall_at_100_max": 0.214472,
        "nauc_recall_at_100_std": 0.116232,
        "nauc_recall_at_100_diff1": 0.172574,
        "nauc_recall_at_1000_max": 0.220245,
        "nauc_recall_at_1000_std": 0.313559,
        "nauc_recall_at_1000_diff1": 0.308862,
        "nauc_precision_at_1_max": 0.286152,
        "nauc_precision_at_1_std": 0.199647,
        "nauc_precision_at_1_diff1": -0.328321,
        "nauc_precision_at_3_max": 0.308849,
        "nauc_precision_at_3_std": 0.231188,
        "nauc_precision_at_3_diff1": 0.294387,
        "nauc_precision_at_5_max": 0.262303,
        "nauc_precision_at_5_std": 0.215848,
        "nauc_precision_at_5_diff1": 0.244218,
        "nauc_precision_at_10_max": 0.155381,
        "nauc_precision_at_10_std": 0.203273,
        "nauc_precision_at_10_diff1": 0.165742,
        "nauc_precision_at_20_max": 0.093919,
        "nauc_precision_at_20_std": 0.188736,
        "nauc_precision_at_20_diff1": 0.134553,
        "nauc_precision_at_100_max": 0.22905,
        "nauc_precision_at_100_std": 0.152452,
        "nauc_precision_at_100_diff1": 0.221351,
        "nauc_precision_at_1000_max": 0.105717,
        "nauc_precision_at_1000_std": 0.31674,
        "nauc_precision_at_1000_diff1": 0.274619,
        "nauc_mrr_at_1_max": 0.286152,
        "nauc_mrr_at_1_std": 0.199647,
        "nauc_mrr_at_1_diff1": -0.328321,
        "nauc_mrr_at_3_max": 0.326088,
        "nauc_mrr_at_3_std": 0.235797,
        "nauc_mrr_at_3_diff1": 0.251714,
        "nauc_mrr_at_5_max": 0.288741,
        "nauc_mrr_at_5_std": 0.22906,
        "nauc_mrr_at_5_diff1": 0.231636,
        "nauc_mrr_at_10_max": 0.214369,
        "nauc_mrr_at_10_std": 0.216018,
        "nauc_mrr_at_10_diff1": 0.184099,
        "nauc_mrr_at_20_max": 0.182161,
        "nauc_mrr_at_20_std": 0.208219,
        "nauc_mrr_at_20_diff1": 0.168072,
        "nauc_mrr_at_100_max": 0.204577,
        "nauc_mrr_at_100_std": 0.201589,
        "nauc_mrr_at_100_diff1": 0.177539,
        "nauc_mrr_at_1000_max": 0.207396,
        "nauc_mrr_at_1000_std": 0.205665,
        "nauc_mrr_at_1000_diff1": 0.181836,
        "main_score": 0.02515,
        "hf_subset": "default",
        "languages": [
          "eng-Latn"
        ]
      }
    ]
  },
  "evaluation_time": 28.788853645324707,
  "kg_co2_emissions": null,
  "mteb_dataset_name": "SpartQA"
}