{
  "dataset_revision": "3a309e201f3c2c4b13bd4a367a8f37eee2ec1d21",
  "task_name": "ClimateFEVERHardNegatives",
  "mteb_version": "1.18.0",
  "scores": {
    "test": [
      {
        "ndcg_at_1": 0.107,
        "ndcg_at_3": 0.10962,
        "ndcg_at_5": 0.1203,
        "ndcg_at_10": 0.14332,
        "ndcg_at_20": 0.16322,
        "ndcg_at_100": 0.21184,
        "ndcg_at_1000": 0.26411,
        "map_at_1": 0.05292,
        "map_at_3": 0.08043,
        "map_at_5": 0.0873,
        "map_at_10": 0.09639,
        "map_at_20": 0.10198,
        "map_at_100": 0.10956,
        "map_at_1000": 0.11195,
        "recall_at_1": 0.05292,
        "recall_at_3": 0.11097,
        "recall_at_5": 0.13733,
        "recall_at_10": 0.18993,
        "recall_at_20": 0.24707,
        "recall_at_100": 0.43725,
        "recall_at_1000": 0.74105,
        "precision_at_1": 0.107,
        "precision_at_3": 0.081,
        "precision_at_5": 0.0628,
        "precision_at_10": 0.0465,
        "precision_at_20": 0.0317,
        "precision_at_100": 0.01217,
        "precision_at_1000": 0.00218,
        "mrr_at_1": 0.107,
        "mrr_at_3": 0.157167,
        "mrr_at_5": 0.169867,
        "mrr_at_10": 0.183027,
        "mrr_at_20": 0.190073,
        "mrr_at_100": 0.195999,
        "mrr_at_1000": 0.196972,
        "nauc_ndcg_at_1_max": 0.262416,
        "nauc_ndcg_at_1_std": 0.069713,
        "nauc_ndcg_at_1_diff1": 0.199677,
        "nauc_ndcg_at_3_max": 0.2709,
        "nauc_ndcg_at_3_std": 0.04718,
        "nauc_ndcg_at_3_diff1": 0.172832,
        "nauc_ndcg_at_5_max": 0.284022,
        "nauc_ndcg_at_5_std": 0.054251,
        "nauc_ndcg_at_5_diff1": 0.161311,
        "nauc_ndcg_at_10_max": 0.299025,
        "nauc_ndcg_at_10_std": 0.08338,
        "nauc_ndcg_at_10_diff1": 0.126493,
        "nauc_ndcg_at_20_max": 0.307771,
        "nauc_ndcg_at_20_std": 0.095968,
        "nauc_ndcg_at_20_diff1": 0.11632,
        "nauc_ndcg_at_100_max": 0.32483,
        "nauc_ndcg_at_100_std": 0.128275,
        "nauc_ndcg_at_100_diff1": 0.096439,
        "nauc_ndcg_at_1000_max": 0.340924,
        "nauc_ndcg_at_1000_std": 0.140459,
        "nauc_ndcg_at_1000_diff1": 0.100182,
        "nauc_map_at_1_max": 0.253787,
        "nauc_map_at_1_std": 0.029474,
        "nauc_map_at_1_diff1": 0.298101,
        "nauc_map_at_3_max": 0.258923,
        "nauc_map_at_3_std": 0.030336,
        "nauc_map_at_3_diff1": 0.217072,
        "nauc_map_at_5_max": 0.272826,
        "nauc_map_at_5_std": 0.036375,
        "nauc_map_at_5_diff1": 0.206415,
        "nauc_map_at_10_max": 0.281962,
        "nauc_map_at_10_std": 0.052109,
        "nauc_map_at_10_diff1": 0.183058,
        "nauc_map_at_20_max": 0.287542,
        "nauc_map_at_20_std": 0.060564,
        "nauc_map_at_20_diff1": 0.177247,
        "nauc_map_at_100_max": 0.293105,
        "nauc_map_at_100_std": 0.0693,
        "nauc_map_at_100_diff1": 0.171776,
        "nauc_map_at_1000_max": 0.295153,
        "nauc_map_at_1000_std": 0.071235,
        "nauc_map_at_1000_diff1": 0.171682,
        "nauc_recall_at_1_max": 0.253787,
        "nauc_recall_at_1_std": 0.029474,
        "nauc_recall_at_1_diff1": 0.298101,
        "nauc_recall_at_3_max": 0.243206,
        "nauc_recall_at_3_std": 0.028646,
        "nauc_recall_at_3_diff1": 0.152264,
        "nauc_recall_at_5_max": 0.270462,
        "nauc_recall_at_5_std": 0.044966,
        "nauc_recall_at_5_diff1": 0.126745,
        "nauc_recall_at_10_max": 0.282937,
        "nauc_recall_at_10_std": 0.089634,
        "nauc_recall_at_10_diff1": 0.059719,
        "nauc_recall_at_20_max": 0.283665,
        "nauc_recall_at_20_std": 0.107988,
        "nauc_recall_at_20_diff1": 0.035528,
        "nauc_recall_at_100_max": 0.293613,
        "nauc_recall_at_100_std": 0.175643,
        "nauc_recall_at_100_diff1": -0.022314,
        "nauc_recall_at_1000_max": 0.344058,
        "nauc_recall_at_1000_std": 0.229754,
        "nauc_recall_at_1000_diff1": -0.048938,
        "nauc_precision_at_1_max": 0.262416,
        "nauc_precision_at_1_std": 0.069713,
        "nauc_precision_at_1_diff1": 0.199677,
        "nauc_precision_at_3_max": 0.306423,
        "nauc_precision_at_3_std": 0.086896,
        "nauc_precision_at_3_diff1": 0.093389,
        "nauc_precision_at_5_max": 0.33177,
        "nauc_precision_at_5_std": 0.100751,
        "nauc_precision_at_5_diff1": 0.075617,
        "nauc_precision_at_10_max": 0.354816,
        "nauc_precision_at_10_std": 0.174022,
        "nauc_precision_at_10_diff1": 0.013379,
        "nauc_precision_at_20_max": 0.363884,
        "nauc_precision_at_20_std": 0.194833,
        "nauc_precision_at_20_diff1": 0.005179,
        "nauc_precision_at_100_max": 0.316193,
        "nauc_precision_at_100_std": 0.243288,
        "nauc_precision_at_100_diff1": -0.050169,
        "nauc_precision_at_1000_max": 0.241152,
        "nauc_precision_at_1000_std": 0.236825,
        "nauc_precision_at_1000_diff1": -0.066774,
        "nauc_mrr_at_1_max": 0.262416,
        "nauc_mrr_at_1_std": 0.069713,
        "nauc_mrr_at_1_diff1": 0.199677,
        "nauc_mrr_at_3_max": 0.276407,
        "nauc_mrr_at_3_std": 0.07246,
        "nauc_mrr_at_3_diff1": 0.139385,
        "nauc_mrr_at_5_max": 0.28633,
        "nauc_mrr_at_5_std": 0.080059,
        "nauc_mrr_at_5_diff1": 0.132825,
        "nauc_mrr_at_10_max": 0.289935,
        "nauc_mrr_at_10_std": 0.091815,
        "nauc_mrr_at_10_diff1": 0.121183,
        "nauc_mrr_at_20_max": 0.291844,
        "nauc_mrr_at_20_std": 0.091893,
        "nauc_mrr_at_20_diff1": 0.120915,
        "nauc_mrr_at_100_max": 0.29213,
        "nauc_mrr_at_100_std": 0.092491,
        "nauc_mrr_at_100_diff1": 0.120738,
        "nauc_mrr_at_1000_max": 0.291838,
        "nauc_mrr_at_1000_std": 0.091994,
        "nauc_mrr_at_1000_diff1": 0.12131,
        "main_score": 0.14332,
        "hf_subset": "default",
        "languages": [
          "eng-Latn"
        ]
      }
    ]
  },
  "evaluation_time": 13.373125791549683,
  "kg_co2_emissions": 0.0007383418021526886
}