{
  "dataset_revision": "76631901a18387f85eaa53e5450019b87ad58ef9",
  "task_name": "T2Reranking",
  "mteb_version": "1.18.0",
  "scores": {
    "dev": [
      {
        "map": 0.585164,
        "mrr": 0.659242,
        "nAUC_map_max": 0.057268,
        "nAUC_map_std": -0.153406,
        "nAUC_map_diff1": -0.096139,
        "nAUC_mrr_max": 0.010207,
        "nAUC_mrr_std": -0.106549,
        "nAUC_mrr_diff1": -0.097505,
        "main_score": 0.585164,
        "hf_subset": "default",
        "languages": [
          "cmn-Hans"
        ]
      }
    ]
  },
  "evaluation_time": 56.68072748184204,
  "kg_co2_emissions": 0.002513381457189521
}