{
    "dataset_revision": "None",
    "task_name": "TRECCOVID",
    "evaluation_time": null,
    "mteb_version": null,
    "scores": {
        "test": [
            {
                "hf_subset": "default",
                "languages": [
                    "eng-Latn"
                ],
                "map_at_1": 0.00222,
                "map_at_10": 0.01925,
                "map_at_100": 0.13151,
                "map_at_1000": 0.33410000000000006,
                "map_at_3": 0.00631,
                "map_at_5": 0.00999,
                "mrr_at_1": 0.82,
                "mrr_at_10": 0.9,
                "mrr_at_100": 0.9,
                "mrr_at_1000": 0.9,
                "mrr_at_3": 0.89,
                "mrr_at_5": 0.9,
                "ndcg_at_1": 0.79,
                "ndcg_at_10": 0.77692,
                "ndcg_at_100": 0.6489,
                "ndcg_at_1000": 0.59749,
                "ndcg_at_3": 0.7929600000000001,
                "ndcg_at_5": 0.7863,
                "precision_at_1": 0.82,
                "precision_at_10": 0.8219999999999998,
                "precision_at_100": 0.6751999999999999,
                "precision_at_1000": 0.26512,
                "precision_at_3": 0.83333,
                "precision_at_5": 0.8320000000000001,
                "recall_at_1": 0.00222,
                "recall_at_10": 0.021640000000000003,
                "recall_at_100": 0.16608,
                "recall_at_1000": 0.569,
                "recall_at_3": 0.00658,
                "recall_at_5": 0.01084,
                "main_score": 0.77692
            }
        ]
    }
}