{
    "dataset_revision": "e185fbe320c72810689fc5848eb6114e1ef5ec69",
    "task_name": "StackOverflowDupQuestions",
    "evaluation_time": null,
    "mteb_version": null,
    "scores": {
        "test": [
            {
                "hf_subset": "default",
                "languages": [
                    "eng-Latn"
                ],
                "main_score": 0.4160577705014483,
                "map": 0.4160577705014483,
                "mrr": 0.42046595153212807,
                "nAUC_map_diff1": 0.2943561330470343,
                "nAUC_map_max": 0.23041089610073773,
                "nAUC_map_std": 0.04187983544965867,
                "nAUC_mrr_diff1": 0.2824912241668722,
                "nAUC_mrr_max": 0.23844594928925575,
                "nAUC_mrr_std": 0.053001270513501536
            }
        ]
    }
}