{
  "dataset_revision": "d6fc5fdcdc0940892c84461e8cfcb908baa717e4",
  "task_name": "LibriTTST2ARetrieval",
  "mteb_version": "2.1.13",
  "scores": {
    "test": [
      {
        "ndcg_at_1": 0.00213,
        "ndcg_at_3": 0.00332,
        "ndcg_at_5": 0.00427,
        "ndcg_at_10": 0.00645,
        "ndcg_at_20": 0.00816,
        "ndcg_at_100": 0.01636,
        "ndcg_at_1000": 0.05174,
        "map_at_1": 0.00213,
        "map_at_3": 0.00306,
        "map_at_5": 0.00358,
        "map_at_10": 0.00447,
        "map_at_20": 0.00493,
        "map_at_100": 0.00591,
        "map_at_1000": 0.00681,
        "recall_at_1": 0.00213,
        "recall_at_3": 0.00405,
        "recall_at_5": 0.0064,
        "recall_at_10": 0.01322,
        "recall_at_20": 0.02005,
        "recall_at_100": 0.06654,
        "recall_at_1000": 0.37129,
        "accuracy": 0.00213,
        "precision_at_1": 0.00213,
        "precision_at_3": 0.00135,
        "precision_at_5": 0.00128,
        "precision_at_10": 0.00132,
        "precision_at_20": 0.001,
        "precision_at_100": 0.00067,
        "precision_at_1000": 0.00037,
        "mrr_at_1": 0.002133,
        "mrr_at_3": 0.003057,
        "mrr_at_5": 0.003579,
        "mrr_at_10": 0.004468,
        "mrr_at_20": 0.004927,
        "mrr_at_100": 0.005913,
        "mrr_at_1000": 0.006813,
        "nauc_ndcg_at_1_max": -0.016019,
        "nauc_ndcg_at_1_std": 0.449213,
        "nauc_ndcg_at_1_diff1": -0.12475,
        "nauc_ndcg_at_3_max": 0.010548,
        "nauc_ndcg_at_3_std": 0.348232,
        "nauc_ndcg_at_3_diff1": -0.086578,
        "nauc_ndcg_at_5_max": -0.061266,
        "nauc_ndcg_at_5_std": 0.331447,
        "nauc_ndcg_at_5_diff1": -0.052778,
        "nauc_ndcg_at_10_max": -0.07516,
        "nauc_ndcg_at_10_std": 0.280399,
        "nauc_ndcg_at_10_diff1": 0.01637,
        "nauc_ndcg_at_20_max": -0.085815,
        "nauc_ndcg_at_20_std": 0.221443,
        "nauc_ndcg_at_20_diff1": 0.067131,
        "nauc_ndcg_at_100_max": -0.10637,
        "nauc_ndcg_at_100_std": 0.20062,
        "nauc_ndcg_at_100_diff1": 0.059799,
        "nauc_ndcg_at_1000_max": -0.13634,
        "nauc_ndcg_at_1000_std": 0.210426,
        "nauc_ndcg_at_1000_diff1": 0.039081,
        "nauc_map_at_1_max": -0.016019,
        "nauc_map_at_1_std": 0.449213,
        "nauc_map_at_1_diff1": -0.12475,
        "nauc_map_at_3_max": 0.007651,
        "nauc_map_at_3_std": 0.366574,
        "nauc_map_at_3_diff1": -0.096873,
        "nauc_map_at_5_max": -0.038508,
        "nauc_map_at_5_std": 0.352849,
        "nauc_map_at_5_diff1": -0.071493,
        "nauc_map_at_10_max": -0.049443,
        "nauc_map_at_10_std": 0.31801,
        "nauc_map_at_10_diff1": -0.026658,
        "nauc_map_at_20_max": -0.054373,
        "nauc_map_at_20_std": 0.289015,
        "nauc_map_at_20_diff1": 0.001339,
        "nauc_map_at_100_max": -0.06397,
        "nauc_map_at_100_std": 0.272637,
        "nauc_map_at_100_diff1": 0.010102,
        "nauc_map_at_1000_max": -0.071336,
        "nauc_map_at_1000_std": 0.266324,
        "nauc_map_at_1000_diff1": 0.011271,
        "nauc_recall_at_1_max": -0.016019,
        "nauc_recall_at_1_std": 0.449213,
        "nauc_recall_at_1_diff1": -0.12475,
        "nauc_recall_at_3_max": 0.016364,
        "nauc_recall_at_3_std": 0.307881,
        "nauc_recall_at_3_diff1": -0.062958,
        "nauc_recall_at_5_max": -0.104353,
        "nauc_recall_at_5_std": 0.295328,
        "nauc_recall_at_5_diff1": -0.020333,
        "nauc_recall_at_10_max": -0.106426,
        "nauc_recall_at_10_std": 0.236994,
        "nauc_recall_at_10_diff1": 0.067367,
        "nauc_recall_at_20_max": -0.117086,
        "nauc_recall_at_20_std": 0.154531,
        "nauc_recall_at_20_diff1": 0.130086,
        "nauc_recall_at_100_max": -0.127003,
        "nauc_recall_at_100_std": 0.16959,
        "nauc_recall_at_100_diff1": 0.075206,
        "nauc_recall_at_1000_max": -0.154723,
        "nauc_recall_at_1000_std": 0.207546,
        "nauc_recall_at_1000_diff1": 0.036771,
        "nauc_precision_at_1_max": -0.016019,
        "nauc_precision_at_1_std": 0.449213,
        "nauc_precision_at_1_diff1": -0.12475,
        "nauc_precision_at_3_max": 0.016364,
        "nauc_precision_at_3_std": 0.307881,
        "nauc_precision_at_3_diff1": -0.062958,
        "nauc_precision_at_5_max": -0.104353,
        "nauc_precision_at_5_std": 0.295328,
        "nauc_precision_at_5_diff1": -0.020333,
        "nauc_precision_at_10_max": -0.106426,
        "nauc_precision_at_10_std": 0.236994,
        "nauc_precision_at_10_diff1": 0.067367,
        "nauc_precision_at_20_max": -0.117086,
        "nauc_precision_at_20_std": 0.154531,
        "nauc_precision_at_20_diff1": 0.130086,
        "nauc_precision_at_100_max": -0.127003,
        "nauc_precision_at_100_std": 0.16959,
        "nauc_precision_at_100_diff1": 0.075206,
        "nauc_precision_at_1000_max": -0.154723,
        "nauc_precision_at_1000_std": 0.207546,
        "nauc_precision_at_1000_diff1": 0.036771,
        "nauc_mrr_at_1_max": -0.016019,
        "nauc_mrr_at_1_std": 0.449213,
        "nauc_mrr_at_1_diff1": -0.12475,
        "nauc_mrr_at_3_max": 0.007651,
        "nauc_mrr_at_3_std": 0.366574,
        "nauc_mrr_at_3_diff1": -0.096873,
        "nauc_mrr_at_5_max": -0.038508,
        "nauc_mrr_at_5_std": 0.352849,
        "nauc_mrr_at_5_diff1": -0.071493,
        "nauc_mrr_at_10_max": -0.049443,
        "nauc_mrr_at_10_std": 0.31801,
        "nauc_mrr_at_10_diff1": -0.026658,
        "nauc_mrr_at_20_max": -0.054373,
        "nauc_mrr_at_20_std": 0.289015,
        "nauc_mrr_at_20_diff1": 0.001339,
        "nauc_mrr_at_100_max": -0.06397,
        "nauc_mrr_at_100_std": 0.272637,
        "nauc_mrr_at_100_diff1": 0.010102,
        "nauc_mrr_at_1000_max": -0.071336,
        "nauc_mrr_at_1000_std": 0.266324,
        "nauc_mrr_at_1000_diff1": 0.011271,
        "cv_recall_at_1": 0.00213,
        "cv_recall_at_3": 0.00405,
        "cv_recall_at_5": 0.0064,
        "cv_recall_at_10": 0.01322,
        "cv_recall_at_20": 0.02005,
        "cv_recall_at_100": 0.06654,
        "cv_recall_at_1000": 0.37129,
        "main_score": 0.0064,
        "hf_subset": "default",
        "languages": [
          "eng-Latn"
        ]
      }
    ]
  },
  "evaluation_time": 215.54360580444336,
  "kg_co2_emissions": null
}