{
    "dataset_revision": "4e9a0d6e6bd97ab32f23c50c043d751eed2a5f8a",
    "mteb_dataset_name": "AmazonPolarityVNClassification",
    "mteb_version": null,
    "task_name": "AmazonPolarityVNClassification",
    "scores": {
        "test": [
            {
                "accuracy": 0.6651923171904462,
                "accuracy_stderr": 0.03600894690987897,
                "ap": 0.62030024861867,
                "ap_stderr": 0.032532367169692766,
                "evaluation_time": 336.73,
                "f1": 0.6585469638464078,
                "f1_stderr": 0.0405334385205363,
                "main_score": 0.6651923171904462,
                "hf_subset": "default",
                "languages": [
                    "vie-Latn"
                ]
            }
        ]
    },
    "evaluation_time": null
}