{
  "dataset_revision": "cd540c506dae1cf9e9a59c3e06f42030d54e7301",
  "task_name": "CmedqaRetrieval",
  "mteb_version": "1.24.0",
  "scores": {
    "dev": [
      {
        "ndcg_at_1": 0.25006,
        "ndcg_at_3": 0.24628,
        "ndcg_at_5": 0.25819,
        "ndcg_at_10": 0.27761,
        "ndcg_at_20": 0.29677,
        "ndcg_at_100": 0.33581,
        "ndcg_at_1000": 0.37126,
        "map_at_1": 0.15698,
        "map_at_3": 0.20541,
        "map_at_5": 0.21762,
        "map_at_10": 0.22873,
        "map_at_20": 0.2351,
        "map_at_100": 0.24152,
        "map_at_1000": 0.24311,
        "recall_at_1": 0.15698,
        "recall_at_3": 0.2446,
        "recall_at_5": 0.28526,
        "recall_at_10": 0.34365,
        "recall_at_20": 0.40881,
        "recall_at_100": 0.5907,
        "recall_at_1000": 0.83859,
        "precision_at_1": 0.25006,
        "precision_at_3": 0.14037,
        "precision_at_5": 0.10073,
        "precision_at_10": 0.06204,
        "precision_at_20": 0.03741,
        "precision_at_100": 0.01105,
        "precision_at_1000": 0.00157,
        "mrr_at_1": 0.250063,
        "mrr_at_3": 0.291948,
        "mrr_at_5": 0.302451,
        "mrr_at_10": 0.310274,
        "mrr_at_20": 0.314883,
        "mrr_at_100": 0.319129,
        "mrr_at_1000": 0.319927,
        "nauc_ndcg_at_1_max": 0.506413,
        "nauc_ndcg_at_1_std": 0.02789,
        "nauc_ndcg_at_1_diff1": 0.549788,
        "nauc_ndcg_at_3_max": 0.460234,
        "nauc_ndcg_at_3_std": 0.024236,
        "nauc_ndcg_at_3_diff1": 0.463966,
        "nauc_ndcg_at_5_max": 0.445216,
        "nauc_ndcg_at_5_std": 0.022562,
        "nauc_ndcg_at_5_diff1": 0.448705,
        "nauc_ndcg_at_10_max": 0.440061,
        "nauc_ndcg_at_10_std": 0.022047,
        "nauc_ndcg_at_10_diff1": 0.439702,
        "nauc_ndcg_at_20_max": 0.441925,
        "nauc_ndcg_at_20_std": 0.03152,
        "nauc_ndcg_at_20_diff1": 0.429618,
        "nauc_ndcg_at_100_max": 0.454832,
        "nauc_ndcg_at_100_std": 0.061546,
        "nauc_ndcg_at_100_diff1": 0.425316,
        "nauc_ndcg_at_1000_max": 0.464604,
        "nauc_ndcg_at_1000_std": 0.072454,
        "nauc_ndcg_at_1000_diff1": 0.429699,
        "nauc_map_at_1_max": 0.409869,
        "nauc_map_at_1_std": -0.010167,
        "nauc_map_at_1_diff1": 0.514733,
        "nauc_map_at_3_max": 0.434032,
        "nauc_map_at_3_std": -0.001596,
        "nauc_map_at_3_diff1": 0.470762,
        "nauc_map_at_5_max": 0.43786,
        "nauc_map_at_5_std": 0.004839,
        "nauc_map_at_5_diff1": 0.463629,
        "nauc_map_at_10_max": 0.440292,
        "nauc_map_at_10_std": 0.009194,
        "nauc_map_at_10_diff1": 0.458689,
        "nauc_map_at_20_max": 0.443095,
        "nauc_map_at_20_std": 0.014137,
        "nauc_map_at_20_diff1": 0.455462,
        "nauc_map_at_100_max": 0.446524,
        "nauc_map_at_100_std": 0.02022,
        "nauc_map_at_100_diff1": 0.455242,
        "nauc_map_at_1000_max": 0.447181,
        "nauc_map_at_1000_std": 0.02124,
        "nauc_map_at_1000_diff1": 0.45537,
        "nauc_recall_at_1_max": 0.409869,
        "nauc_recall_at_1_std": -0.010167,
        "nauc_recall_at_1_diff1": 0.514733,
        "nauc_recall_at_3_max": 0.383562,
        "nauc_recall_at_3_std": -0.002302,
        "nauc_recall_at_3_diff1": 0.395727,
        "nauc_recall_at_5_max": 0.364543,
        "nauc_recall_at_5_std": 0.007557,
        "nauc_recall_at_5_diff1": 0.35702,
        "nauc_recall_at_10_max": 0.352585,
        "nauc_recall_at_10_std": 0.018667,
        "nauc_recall_at_10_diff1": 0.328336,
        "nauc_recall_at_20_max": 0.345392,
        "nauc_recall_at_20_std": 0.04276,
        "nauc_recall_at_20_diff1": 0.290081,
        "nauc_recall_at_100_max": 0.370779,
        "nauc_recall_at_100_std": 0.162739,
        "nauc_recall_at_100_diff1": 0.241012,
        "nauc_recall_at_1000_max": 0.465619,
        "nauc_recall_at_1000_std": 0.374333,
        "nauc_recall_at_1000_diff1": 0.182888,
        "nauc_precision_at_1_max": 0.506413,
        "nauc_precision_at_1_std": 0.02789,
        "nauc_precision_at_1_diff1": 0.549788,
        "nauc_precision_at_3_max": 0.49742,
        "nauc_precision_at_3_std": 0.067576,
        "nauc_precision_at_3_diff1": 0.398469,
        "nauc_precision_at_5_max": 0.473305,
        "nauc_precision_at_5_std": 0.091296,
        "nauc_precision_at_5_diff1": 0.353106,
        "nauc_precision_at_10_max": 0.445001,
        "nauc_precision_at_10_std": 0.106155,
        "nauc_precision_at_10_diff1": 0.306954,
        "nauc_precision_at_20_max": 0.429891,
        "nauc_precision_at_20_std": 0.138043,
        "nauc_precision_at_20_diff1": 0.259939,
        "nauc_precision_at_100_max": 0.378209,
        "nauc_precision_at_100_std": 0.221652,
        "nauc_precision_at_100_diff1": 0.18106,
        "nauc_precision_at_1000_max": 0.294489,
        "nauc_precision_at_1000_std": 0.243503,
        "nauc_precision_at_1000_diff1": 0.095434,
        "nauc_mrr_at_1_max": 0.506413,
        "nauc_mrr_at_1_std": 0.02789,
        "nauc_mrr_at_1_diff1": 0.549788,
        "nauc_mrr_at_3_max": 0.48854,
        "nauc_mrr_at_3_std": 0.034931,
        "nauc_mrr_at_3_diff1": 0.500641,
        "nauc_mrr_at_5_max": 0.482372,
        "nauc_mrr_at_5_std": 0.036826,
        "nauc_mrr_at_5_diff1": 0.490825,
        "nauc_mrr_at_10_max": 0.480654,
        "nauc_mrr_at_10_std": 0.037565,
        "nauc_mrr_at_10_diff1": 0.487793,
        "nauc_mrr_at_20_max": 0.47993,
        "nauc_mrr_at_20_std": 0.039229,
        "nauc_mrr_at_20_diff1": 0.485328,
        "nauc_mrr_at_100_max": 0.480954,
        "nauc_mrr_at_100_std": 0.041853,
        "nauc_mrr_at_100_diff1": 0.484835,
        "nauc_mrr_at_1000_max": 0.481097,
        "nauc_mrr_at_1000_std": 0.041835,
        "nauc_mrr_at_1000_diff1": 0.485099,
        "main_score": 0.27761,
        "hf_subset": "default",
        "languages": [
          "cmn-Hans"
        ]
      }
    ]
  },
  "evaluation_time": 130.39779353141785,
  "kg_co2_emissions": 0.005778076317462234
}