{
  "dataset_revision": "52027c212ba9765a3e9737c9cbf9a06ae83cbb93",
  "task_name": "bBSARDNLRetrieval",
  "mteb_version": "2.1.17",
  "scores": {
    "test": [
      {
        "ndcg_at_1": 0.03604,
        "ndcg_at_3": 0.0376,
        "ndcg_at_5": 0.04394,
        "ndcg_at_10": 0.04956,
        "ndcg_at_20": 0.05603,
        "ndcg_at_100": 0.07509,
        "ndcg_at_1000": 0.10583,
        "map_at_1": 0.01997,
        "map_at_3": 0.02823,
        "map_at_5": 0.03211,
        "map_at_10": 0.03491,
        "map_at_20": 0.03684,
        "map_at_100": 0.03936,
        "map_at_1000": 0.04034,
        "recall_at_1": 0.01997,
        "recall_at_3": 0.03633,
        "recall_at_5": 0.05171,
        "recall_at_10": 0.0697,
        "recall_at_20": 0.09481,
        "recall_at_100": 0.17978,
        "recall_at_1000": 0.37699,
        "accuracy": 0.01997,
        "precision_at_1": 0.03604,
        "precision_at_3": 0.02402,
        "precision_at_5": 0.02072,
        "precision_at_10": 0.01441,
        "precision_at_20": 0.00991,
        "precision_at_100": 0.00491,
        "precision_at_1000": 0.00123,
        "mrr_at_1": 0.036036,
        "mrr_at_3": 0.047297,
        "mrr_at_5": 0.053604,
        "mrr_at_10": 0.058169,
        "mrr_at_20": 0.0601,
        "mrr_at_100": 0.063268,
        "mrr_at_1000": 0.06429,
        "nauc_ndcg_at_1_max": 0.133743,
        "nauc_ndcg_at_1_std": 0.161621,
        "nauc_ndcg_at_1_diff1": 0.226695,
        "nauc_ndcg_at_3_max": 0.093613,
        "nauc_ndcg_at_3_std": 0.16457,
        "nauc_ndcg_at_3_diff1": 0.2997,
        "nauc_ndcg_at_5_max": 0.135135,
        "nauc_ndcg_at_5_std": 0.124459,
        "nauc_ndcg_at_5_diff1": 0.25891,
        "nauc_ndcg_at_10_max": 0.118216,
        "nauc_ndcg_at_10_std": 0.157811,
        "nauc_ndcg_at_10_diff1": 0.273461,
        "nauc_ndcg_at_20_max": 0.145386,
        "nauc_ndcg_at_20_std": 0.140489,
        "nauc_ndcg_at_20_diff1": 0.262216,
        "nauc_ndcg_at_100_max": 0.136338,
        "nauc_ndcg_at_100_std": 0.147868,
        "nauc_ndcg_at_100_diff1": 0.173513,
        "nauc_ndcg_at_1000_max": 0.100939,
        "nauc_ndcg_at_1000_std": 0.122611,
        "nauc_ndcg_at_1000_diff1": 0.142802,
        "nauc_map_at_1_max": 0.287728,
        "nauc_map_at_1_std": -0.001066,
        "nauc_map_at_1_diff1": 0.126505,
        "nauc_map_at_3_max": 0.183036,
        "nauc_map_at_3_std": 0.091103,
        "nauc_map_at_3_diff1": 0.287708,
        "nauc_map_at_5_max": 0.185016,
        "nauc_map_at_5_std": 0.095762,
        "nauc_map_at_5_diff1": 0.260218,
        "nauc_map_at_10_max": 0.164802,
        "nauc_map_at_10_std": 0.104837,
        "nauc_map_at_10_diff1": 0.273837,
        "nauc_map_at_20_max": 0.169448,
        "nauc_map_at_20_std": 0.105614,
        "nauc_map_at_20_diff1": 0.273256,
        "nauc_map_at_100_max": 0.164961,
        "nauc_map_at_100_std": 0.115535,
        "nauc_map_at_100_diff1": 0.252534,
        "nauc_map_at_1000_max": 0.162772,
        "nauc_map_at_1000_std": 0.112867,
        "nauc_map_at_1000_diff1": 0.248899,
        "nauc_recall_at_1_max": 0.287728,
        "nauc_recall_at_1_std": -0.001066,
        "nauc_recall_at_1_diff1": 0.126505,
        "nauc_recall_at_3_max": 0.107162,
        "nauc_recall_at_3_std": 0.175022,
        "nauc_recall_at_3_diff1": 0.368113,
        "nauc_recall_at_5_max": 0.161196,
        "nauc_recall_at_5_std": 0.143283,
        "nauc_recall_at_5_diff1": 0.292178,
        "nauc_recall_at_10_max": 0.088233,
        "nauc_recall_at_10_std": 0.208761,
        "nauc_recall_at_10_diff1": 0.300493,
        "nauc_recall_at_20_max": 0.1437,
        "nauc_recall_at_20_std": 0.15858,
        "nauc_recall_at_20_diff1": 0.26994,
        "nauc_recall_at_100_max": 0.131885,
        "nauc_recall_at_100_std": 0.145863,
        "nauc_recall_at_100_diff1": 0.052537,
        "nauc_recall_at_1000_max": 0.03922,
        "nauc_recall_at_1000_std": 0.105783,
        "nauc_recall_at_1000_diff1": 0.013268,
        "nauc_precision_at_1_max": 0.133743,
        "nauc_precision_at_1_std": 0.161621,
        "nauc_precision_at_1_diff1": 0.226695,
        "nauc_precision_at_3_max": -0.006043,
        "nauc_precision_at_3_std": 0.244172,
        "nauc_precision_at_3_diff1": 0.3383,
        "nauc_precision_at_5_max": 0.053156,
        "nauc_precision_at_5_std": 0.178615,
        "nauc_precision_at_5_diff1": 0.2594,
        "nauc_precision_at_10_max": 0.057812,
        "nauc_precision_at_10_std": 0.199661,
        "nauc_precision_at_10_diff1": 0.295494,
        "nauc_precision_at_20_max": 0.116104,
        "nauc_precision_at_20_std": 0.112189,
        "nauc_precision_at_20_diff1": 0.228928,
        "nauc_precision_at_100_max": 0.055846,
        "nauc_precision_at_100_std": 0.085215,
        "nauc_precision_at_100_diff1": 0.066508,
        "nauc_precision_at_1000_max": -0.04218,
        "nauc_precision_at_1000_std": -0.038873,
        "nauc_precision_at_1000_diff1": -0.031536,
        "nauc_mrr_at_1_max": 0.133743,
        "nauc_mrr_at_1_std": 0.161621,
        "nauc_mrr_at_1_diff1": 0.226695,
        "nauc_mrr_at_3_max": 0.058892,
        "nauc_mrr_at_3_std": 0.201959,
        "nauc_mrr_at_3_diff1": 0.261364,
        "nauc_mrr_at_5_max": 0.082433,
        "nauc_mrr_at_5_std": 0.156809,
        "nauc_mrr_at_5_diff1": 0.235574,
        "nauc_mrr_at_10_max": 0.084743,
        "nauc_mrr_at_10_std": 0.166073,
        "nauc_mrr_at_10_diff1": 0.237009,
        "nauc_mrr_at_20_max": 0.089791,
        "nauc_mrr_at_20_std": 0.156144,
        "nauc_mrr_at_20_diff1": 0.228887,
        "nauc_mrr_at_100_max": 0.091304,
        "nauc_mrr_at_100_std": 0.155575,
        "nauc_mrr_at_100_diff1": 0.216977,
        "nauc_mrr_at_1000_max": 0.090103,
        "nauc_mrr_at_1000_std": 0.155001,
        "nauc_mrr_at_1000_diff1": 0.215352,
        "cv_recall_at_1": 0.03604,
        "cv_recall_at_3": 0.06306,
        "cv_recall_at_5": 0.09009,
        "cv_recall_at_10": 0.12613,
        "cv_recall_at_20": 0.15766,
        "cv_recall_at_100": 0.2973,
        "cv_recall_at_1000": 0.58559,
        "main_score": 0.04956,
        "hf_subset": "default",
        "languages": [
          "nld-Latn"
        ]
      }
    ]
  },
  "evaluation_time": 1.5489087104797363,
  "kg_co2_emissions": null
}