{
  "dataset_revision": "f5c87ae5a2e7a5106606314eef45255f03151bb3",
  "task_name": "GermanQuAD-Retrieval",
  "mteb_version": "1.18.0",
  "scores": {
    "test": [
      {
        "ndcg_at_1": 0.30762,
        "ndcg_at_3": 0.39058,
        "ndcg_at_5": 0.41754,
        "ndcg_at_10": 0.44692,
        "ndcg_at_20": 0.46744,
        "ndcg_at_100": 0.50284,
        "ndcg_at_1000": 0.51891,
        "map_at_1": 0.30762,
        "map_at_3": 0.37031,
        "map_at_5": 0.38519,
        "map_at_10": 0.39733,
        "map_at_20": 0.40296,
        "map_at_100": 0.40777,
        "map_at_1000": 0.40845,
        "recall_at_1": 0.30762,
        "recall_at_3": 0.44918,
        "recall_at_5": 0.51497,
        "recall_at_10": 0.60572,
        "recall_at_20": 0.68693,
        "recall_at_100": 0.87886,
        "recall_at_1000": 1.0,
        "precision_at_1": 0.30762,
        "precision_at_3": 0.14973,
        "precision_at_5": 0.10299,
        "precision_at_10": 0.06057,
        "precision_at_20": 0.03435,
        "precision_at_100": 0.00879,
        "precision_at_1000": 0.001,
        "mrr_at_1": 0.307623,
        "mrr_at_3": 0.370312,
        "mrr_at_5": 0.385194,
        "mrr_at_10": 0.397328,
        "mrr_at_20": 0.40296,
        "mrr_at_100": 0.407765,
        "mrr_at_1000": 0.408455,
        "nauc_ndcg_at_1_max": 0.141933,
        "nauc_ndcg_at_1_std": 0.003139,
        "nauc_ndcg_at_1_diff1": 0.570021,
        "nauc_ndcg_at_3_max": 0.139975,
        "nauc_ndcg_at_3_std": 0.003371,
        "nauc_ndcg_at_3_diff1": 0.494332,
        "nauc_ndcg_at_5_max": 0.149943,
        "nauc_ndcg_at_5_std": 0.006979,
        "nauc_ndcg_at_5_diff1": 0.479098,
        "nauc_ndcg_at_10_max": 0.151675,
        "nauc_ndcg_at_10_std": 0.006589,
        "nauc_ndcg_at_10_diff1": 0.473798,
        "nauc_ndcg_at_20_max": 0.155408,
        "nauc_ndcg_at_20_std": 0.009833,
        "nauc_ndcg_at_20_diff1": 0.474427,
        "nauc_ndcg_at_100_max": 0.154116,
        "nauc_ndcg_at_100_std": 0.008686,
        "nauc_ndcg_at_100_diff1": 0.480301,
        "nauc_ndcg_at_1000_max": 0.149179,
        "nauc_ndcg_at_1000_std": 0.005903,
        "nauc_ndcg_at_1000_diff1": 0.489258,
        "nauc_map_at_1_max": 0.141933,
        "nauc_map_at_1_std": 0.003139,
        "nauc_map_at_1_diff1": 0.570021,
        "nauc_map_at_3_max": 0.139648,
        "nauc_map_at_3_std": 0.002807,
        "nauc_map_at_3_diff1": 0.511398,
        "nauc_map_at_5_max": 0.14484,
        "nauc_map_at_5_std": 0.004649,
        "nauc_map_at_5_diff1": 0.503504,
        "nauc_map_at_10_max": 0.145194,
        "nauc_map_at_10_std": 0.004585,
        "nauc_map_at_10_diff1": 0.501742,
        "nauc_map_at_20_max": 0.146134,
        "nauc_map_at_20_std": 0.005186,
        "nauc_map_at_20_diff1": 0.502156,
        "nauc_map_at_100_max": 0.145657,
        "nauc_map_at_100_std": 0.004656,
        "nauc_map_at_100_diff1": 0.503026,
        "nauc_map_at_1000_max": 0.145465,
        "nauc_map_at_1000_std": 0.004547,
        "nauc_map_at_1000_diff1": 0.503392,
        "nauc_recall_at_1_max": 0.141933,
        "nauc_recall_at_1_std": 0.003139,
        "nauc_recall_at_1_diff1": 0.570021,
        "nauc_recall_at_3_max": 0.141233,
        "nauc_recall_at_3_std": 0.005188,
        "nauc_recall_at_3_diff1": 0.445985,
        "nauc_recall_at_5_max": 0.167107,
        "nauc_recall_at_5_std": 0.014744,
        "nauc_recall_at_5_diff1": 0.405212,
        "nauc_recall_at_10_max": 0.176454,
        "nauc_recall_at_10_std": 0.013676,
        "nauc_recall_at_10_diff1": 0.379068,
        "nauc_recall_at_20_max": 0.198518,
        "nauc_recall_at_20_std": 0.03286,
        "nauc_recall_at_20_diff1": 0.366186,
        "nauc_recall_at_100_max": 0.243884,
        "nauc_recall_at_100_std": 0.059329,
        "nauc_recall_at_100_diff1": 0.317291,
        "nauc_recall_at_1000_max": NaN,
        "nauc_recall_at_1000_std": NaN,
        "nauc_recall_at_1000_diff1": NaN,
        "nauc_precision_at_1_max": 0.141933,
        "nauc_precision_at_1_std": 0.003139,
        "nauc_precision_at_1_diff1": 0.570021,
        "nauc_precision_at_3_max": 0.141233,
        "nauc_precision_at_3_std": 0.005188,
        "nauc_precision_at_3_diff1": 0.445985,
        "nauc_precision_at_5_max": 0.167107,
        "nauc_precision_at_5_std": 0.014744,
        "nauc_precision_at_5_diff1": 0.405212,
        "nauc_precision_at_10_max": 0.176454,
        "nauc_precision_at_10_std": 0.013676,
        "nauc_precision_at_10_diff1": 0.379068,
        "nauc_precision_at_20_max": 0.198518,
        "nauc_precision_at_20_std": 0.03286,
        "nauc_precision_at_20_diff1": 0.366186,
        "nauc_precision_at_100_max": 0.243884,
        "nauc_precision_at_100_std": 0.059329,
        "nauc_precision_at_100_diff1": 0.317291,
        "nauc_precision_at_1000_max": 1.0,
        "nauc_precision_at_1000_std": 1.0,
        "nauc_precision_at_1000_diff1": 1.0,
        "nauc_mrr_at_1_max": 0.141933,
        "nauc_mrr_at_1_std": 0.003139,
        "nauc_mrr_at_1_diff1": 0.570021,
        "nauc_mrr_at_3_max": 0.139648,
        "nauc_mrr_at_3_std": 0.002807,
        "nauc_mrr_at_3_diff1": 0.511398,
        "nauc_mrr_at_5_max": 0.14484,
        "nauc_mrr_at_5_std": 0.004649,
        "nauc_mrr_at_5_diff1": 0.503504,
        "nauc_mrr_at_10_max": 0.145194,
        "nauc_mrr_at_10_std": 0.004585,
        "nauc_mrr_at_10_diff1": 0.501742,
        "nauc_mrr_at_20_max": 0.146134,
        "nauc_mrr_at_20_std": 0.005186,
        "nauc_mrr_at_20_diff1": 0.502156,
        "nauc_mrr_at_100_max": 0.145657,
        "nauc_mrr_at_100_std": 0.004656,
        "nauc_mrr_at_100_diff1": 0.503026,
        "nauc_mrr_at_1000_max": 0.145465,
        "nauc_mrr_at_1000_std": 0.004547,
        "nauc_mrr_at_1000_diff1": 0.503392,
        "main_score": 0.385194,
        "hf_subset": "default",
        "languages": [
          "deu-Latn"
        ]
      }
    ]
  },
  "evaluation_time": 1.6729860305786133,
  "kg_co2_emissions": 3.8126145778316265e-05
}