{
  "dataset_revision": "45d9176b6fcba33abc58494ee82f18ee7e8ddbae",
  "task_name": "ClimateFEVER-Fa",
  "mteb_version": "1.38.27",
  "scores": {
    "test": [
      {
        "ndcg_at_1": 0.09707,
        "ndcg_at_3": 0.09025,
        "ndcg_at_5": 0.09766,
        "ndcg_at_10": 0.11961,
        "ndcg_at_20": 0.13548,
        "ndcg_at_100": 0.16919,
        "ndcg_at_1000": 0.20487,
        "map_at_1": 0.04313,
        "map_at_3": 0.06263,
        "map_at_5": 0.06911,
        "map_at_10": 0.07761,
        "map_at_20": 0.08202,
        "map_at_100": 0.0872,
        "map_at_1000": 0.08872,
        "recall_at_1": 0.04313,
        "recall_at_3": 0.08451,
        "recall_at_5": 0.1068,
        "recall_at_10": 0.15774,
        "recall_at_20": 0.20419,
        "recall_at_100": 0.33837,
        "recall_at_1000": 0.54613,
        "precision_at_1": 0.09707,
        "precision_at_3": 0.06884,
        "precision_at_5": 0.05316,
        "precision_at_10": 0.04026,
        "precision_at_20": 0.02678,
        "precision_at_100": 0.00918,
        "precision_at_1000": 0.00156,
        "mrr_at_1": 0.097068,
        "mrr_at_3": 0.139197,
        "mrr_at_5": 0.148284,
        "mrr_at_10": 0.161357,
        "mrr_at_20": 0.166728,
        "mrr_at_100": 0.17165,
        "mrr_at_1000": 0.172507,
        "nauc_ndcg_at_1_max": 0.310763,
        "nauc_ndcg_at_1_std": 0.070463,
        "nauc_ndcg_at_1_diff1": 0.228887,
        "nauc_ndcg_at_3_max": 0.331815,
        "nauc_ndcg_at_3_std": 0.108551,
        "nauc_ndcg_at_3_diff1": 0.182815,
        "nauc_ndcg_at_5_max": 0.356817,
        "nauc_ndcg_at_5_std": 0.144472,
        "nauc_ndcg_at_5_diff1": 0.172325,
        "nauc_ndcg_at_10_max": 0.347508,
        "nauc_ndcg_at_10_std": 0.165977,
        "nauc_ndcg_at_10_diff1": 0.154258,
        "nauc_ndcg_at_20_max": 0.351007,
        "nauc_ndcg_at_20_std": 0.183277,
        "nauc_ndcg_at_20_diff1": 0.144707,
        "nauc_ndcg_at_100_max": 0.363087,
        "nauc_ndcg_at_100_std": 0.218547,
        "nauc_ndcg_at_100_diff1": 0.147537,
        "nauc_ndcg_at_1000_max": 0.37111,
        "nauc_ndcg_at_1000_std": 0.245413,
        "nauc_ndcg_at_1000_diff1": 0.154179,
        "nauc_map_at_1_max": 0.357554,
        "nauc_map_at_1_std": 0.054714,
        "nauc_map_at_1_diff1": 0.281127,
        "nauc_map_at_3_max": 0.341687,
        "nauc_map_at_3_std": 0.081459,
        "nauc_map_at_3_diff1": 0.215992,
        "nauc_map_at_5_max": 0.360862,
        "nauc_map_at_5_std": 0.116173,
        "nauc_map_at_5_diff1": 0.202748,
        "nauc_map_at_10_max": 0.35465,
        "nauc_map_at_10_std": 0.129926,
        "nauc_map_at_10_diff1": 0.19219,
        "nauc_map_at_20_max": 0.357455,
        "nauc_map_at_20_std": 0.138534,
        "nauc_map_at_20_diff1": 0.187406,
        "nauc_map_at_100_max": 0.360657,
        "nauc_map_at_100_std": 0.148903,
        "nauc_map_at_100_diff1": 0.185274,
        "nauc_map_at_1000_max": 0.361834,
        "nauc_map_at_1000_std": 0.151796,
        "nauc_map_at_1000_diff1": 0.185832,
        "nauc_recall_at_1_max": 0.357554,
        "nauc_recall_at_1_std": 0.054714,
        "nauc_recall_at_1_diff1": 0.281127,
        "nauc_recall_at_3_max": 0.324475,
        "nauc_recall_at_3_std": 0.106927,
        "nauc_recall_at_3_diff1": 0.152621,
        "nauc_recall_at_5_max": 0.358363,
        "nauc_recall_at_5_std": 0.174443,
        "nauc_recall_at_5_diff1": 0.130771,
        "nauc_recall_at_10_max": 0.321126,
        "nauc_recall_at_10_std": 0.197529,
        "nauc_recall_at_10_diff1": 0.093306,
        "nauc_recall_at_20_max": 0.312417,
        "nauc_recall_at_20_std": 0.217711,
        "nauc_recall_at_20_diff1": 0.07172,
        "nauc_recall_at_100_max": 0.311897,
        "nauc_recall_at_100_std": 0.268722,
        "nauc_recall_at_100_diff1": 0.080491,
        "nauc_recall_at_1000_max": 0.305235,
        "nauc_recall_at_1000_std": 0.337444,
        "nauc_recall_at_1000_diff1": 0.089422,
        "nauc_precision_at_1_max": 0.310763,
        "nauc_precision_at_1_std": 0.070463,
        "nauc_precision_at_1_diff1": 0.228887,
        "nauc_precision_at_3_max": 0.313332,
        "nauc_precision_at_3_std": 0.144615,
        "nauc_precision_at_3_diff1": 0.143517,
        "nauc_precision_at_5_max": 0.359992,
        "nauc_precision_at_5_std": 0.213635,
        "nauc_precision_at_5_diff1": 0.121134,
        "nauc_precision_at_10_max": 0.340498,
        "nauc_precision_at_10_std": 0.245318,
        "nauc_precision_at_10_diff1": 0.099677,
        "nauc_precision_at_20_max": 0.339071,
        "nauc_precision_at_20_std": 0.274279,
        "nauc_precision_at_20_diff1": 0.083217,
        "nauc_precision_at_100_max": 0.329852,
        "nauc_precision_at_100_std": 0.329699,
        "nauc_precision_at_100_diff1": 0.086312,
        "nauc_precision_at_1000_max": 0.280867,
        "nauc_precision_at_1000_std": 0.354337,
        "nauc_precision_at_1000_diff1": 0.080436,
        "nauc_mrr_at_1_max": 0.310763,
        "nauc_mrr_at_1_std": 0.070463,
        "nauc_mrr_at_1_diff1": 0.228887,
        "nauc_mrr_at_3_max": 0.313181,
        "nauc_mrr_at_3_std": 0.113304,
        "nauc_mrr_at_3_diff1": 0.172706,
        "nauc_mrr_at_5_max": 0.325894,
        "nauc_mrr_at_5_std": 0.130044,
        "nauc_mrr_at_5_diff1": 0.168168,
        "nauc_mrr_at_10_max": 0.325302,
        "nauc_mrr_at_10_std": 0.140413,
        "nauc_mrr_at_10_diff1": 0.162261,
        "nauc_mrr_at_20_max": 0.325282,
        "nauc_mrr_at_20_std": 0.143508,
        "nauc_mrr_at_20_diff1": 0.160673,
        "nauc_mrr_at_100_max": 0.326698,
        "nauc_mrr_at_100_std": 0.147355,
        "nauc_mrr_at_100_diff1": 0.162437,
        "nauc_mrr_at_1000_max": 0.32685,
        "nauc_mrr_at_1000_std": 0.147235,
        "nauc_mrr_at_1000_diff1": 0.1629,
        "main_score": 0.11961,
        "hf_subset": "default",
        "languages": [
          "fas-Arab"
        ]
      }
    ]
  },
  "evaluation_time": 35582.88491678238,
  "kg_co2_emissions": null
}