{
    "dataset_revision": "a75ae049398addde9b70f6b268875f5cbce99089",
    "task_name": "SciFact",
    "evaluation_time": null,
    "mteb_version": null,
    "scores": {
        "test": [
            {
                "hf_subset": "default",
                "languages": [
                    "eng-Latn"
                ],
                "map_at_1": 43.333,
                "map_at_10": 52.364,
                "map_at_100": 53.184,
                "map_at_1000": 53.234,
                "map_at_3": 49.832,
                "map_at_5": 51.244,
                "mrr_at_1": 45.333,
                "mrr_at_10": 53.455,
                "mrr_at_100": 54.191,
                "mrr_at_1000": 54.235,
                "mrr_at_3": 51.556000000000004,
                "mrr_at_5": 52.622,
                "ndcg_at_1": 45.333,
                "ndcg_at_10": 56.899,
                "ndcg_at_100": 60.702,
                "ndcg_at_1000": 62.046,
                "ndcg_at_3": 52.451,
                "ndcg_at_5": 54.534000000000006,
                "precision_at_1": 45.333,
                "precision_at_10": 7.8,
                "precision_at_100": 0.987,
                "precision_at_1000": 0.11,
                "precision_at_3": 20.778,
                "precision_at_5": 13.866999999999999,
                "recall_at_1": 43.333,
                "recall_at_10": 69.69999999999999,
                "recall_at_100": 86.9,
                "recall_at_1000": 97.6,
                "recall_at_3": 57.81699999999999,
                "recall_at_5": 62.827999999999996,
                "main_score": 56.899
            }
        ]
    }
}