{
  "dataset_revision": "099ee143c7fdfa6bd7965be8c801cb161c313b29",
  "task_name": "TwitterHjerneRetrieval",
  "mteb_version": "2.7.24",
  "scores": {
    "train": [
      {
        "ndcg_at_1": 0.77922,
        "ndcg_at_3": 0.67935,
        "ndcg_at_5": 0.69395,
        "ndcg_at_10": 0.73547,
        "ndcg_at_20": 0.76516,
        "ndcg_at_100": 0.79461,
        "ndcg_at_1000": 0.80134,
        "map_at_1": 0.24524,
        "map_at_3": 0.50866,
        "map_at_5": 0.60147,
        "map_at_10": 0.64004,
        "map_at_20": 0.6574,
        "map_at_100": 0.6656,
        "map_at_1000": 0.66636,
        "recall_at_1": 0.24524,
        "recall_at_3": 0.54567,
        "recall_at_5": 0.68377,
        "recall_at_10": 0.77619,
        "recall_at_20": 0.85584,
        "recall_at_100": 0.96385,
        "recall_at_1000": 1.0,
        "accuracy": 0.24524,
        "precision_at_1": 0.77922,
        "precision_at_3": 0.5974,
        "precision_at_5": 0.46234,
        "precision_at_10": 0.26753,
        "precision_at_20": 0.1474,
        "precision_at_100": 0.03312,
        "precision_at_1000": 0.0034,
        "mrr_at_1": 0.779221,
        "mrr_at_3": 0.841991,
        "mrr_at_5": 0.848485,
        "mrr_at_10": 0.851783,
        "mrr_at_20": 0.851783,
        "mrr_at_100": 0.852348,
        "mrr_at_1000": 0.85245,
        "nauc_ndcg_at_1_max": 0.663717,
        "nauc_ndcg_at_1_std": 0.080585,
        "nauc_ndcg_at_1_diff1": 0.554772,
        "nauc_ndcg_at_3_max": 0.570568,
        "nauc_ndcg_at_3_std": 0.145222,
        "nauc_ndcg_at_3_diff1": 0.187785,
        "nauc_ndcg_at_5_max": 0.536126,
        "nauc_ndcg_at_5_std": 0.094567,
        "nauc_ndcg_at_5_diff1": 0.210615,
        "nauc_ndcg_at_10_max": 0.592768,
        "nauc_ndcg_at_10_std": 0.198114,
        "nauc_ndcg_at_10_diff1": 0.188643,
        "nauc_ndcg_at_20_max": 0.632694,
        "nauc_ndcg_at_20_std": 0.185682,
        "nauc_ndcg_at_20_diff1": 0.242055,
        "nauc_ndcg_at_100_max": 0.626033,
        "nauc_ndcg_at_100_std": 0.189927,
        "nauc_ndcg_at_100_diff1": 0.272148,
        "nauc_ndcg_at_1000_max": 0.619402,
        "nauc_ndcg_at_1000_std": 0.185615,
        "nauc_ndcg_at_1000_diff1": 0.260086,
        "nauc_map_at_1_max": 0.121661,
        "nauc_map_at_1_std": -0.120284,
        "nauc_map_at_1_diff1": 0.400969,
        "nauc_map_at_3_max": 0.363883,
        "nauc_map_at_3_std": 0.070801,
        "nauc_map_at_3_diff1": 0.172963,
        "nauc_map_at_5_max": 0.498111,
        "nauc_map_at_5_std": 0.105692,
        "nauc_map_at_5_diff1": 0.177121,
        "nauc_map_at_10_max": 0.54406,
        "nauc_map_at_10_std": 0.174487,
        "nauc_map_at_10_diff1": 0.169641,
        "nauc_map_at_20_max": 0.570815,
        "nauc_map_at_20_std": 0.172503,
        "nauc_map_at_20_diff1": 0.196109,
        "nauc_map_at_100_max": 0.568018,
        "nauc_map_at_100_std": 0.17263,
        "nauc_map_at_100_diff1": 0.199302,
        "nauc_map_at_1000_max": 0.567695,
        "nauc_map_at_1000_std": 0.173062,
        "nauc_map_at_1000_diff1": 0.198133,
        "nauc_recall_at_1_max": 0.121661,
        "nauc_recall_at_1_std": -0.120284,
        "nauc_recall_at_1_diff1": 0.400969,
        "nauc_recall_at_3_max": 0.308741,
        "nauc_recall_at_3_std": 0.013793,
        "nauc_recall_at_3_diff1": 0.108243,
        "nauc_recall_at_5_max": 0.440099,
        "nauc_recall_at_5_std": 0.044287,
        "nauc_recall_at_5_diff1": 0.111044,
        "nauc_recall_at_10_max": 0.551902,
        "nauc_recall_at_10_std": 0.249171,
        "nauc_recall_at_10_diff1": 0.047817,
        "nauc_recall_at_20_max": 0.669623,
        "nauc_recall_at_20_std": 0.217544,
        "nauc_recall_at_20_diff1": 0.165667,
        "nauc_recall_at_100_max": 0.76168,
        "nauc_recall_at_100_std": 0.375009,
        "nauc_recall_at_100_diff1": 0.5048,
        "nauc_recall_at_1000_max": NaN,
        "nauc_recall_at_1000_std": NaN,
        "nauc_recall_at_1000_diff1": NaN,
        "nauc_precision_at_1_max": 0.663717,
        "nauc_precision_at_1_std": 0.080585,
        "nauc_precision_at_1_diff1": 0.554772,
        "nauc_precision_at_3_max": 0.592281,
        "nauc_precision_at_3_std": 0.213186,
        "nauc_precision_at_3_diff1": 0.060429,
        "nauc_precision_at_5_max": 0.58559,
        "nauc_precision_at_5_std": 0.2024,
        "nauc_precision_at_5_diff1": 0.042812,
        "nauc_precision_at_10_max": 0.56009,
        "nauc_precision_at_10_std": 0.32378,
        "nauc_precision_at_10_diff1": -0.016059,
        "nauc_precision_at_20_max": 0.553374,
        "nauc_precision_at_20_std": 0.280713,
        "nauc_precision_at_20_diff1": 0.054376,
        "nauc_precision_at_100_max": 0.42169,
        "nauc_precision_at_100_std": 0.261821,
        "nauc_precision_at_100_diff1": 0.035405,
        "nauc_precision_at_1000_max": 0.373218,
        "nauc_precision_at_1000_std": 0.255478,
        "nauc_precision_at_1000_diff1": -0.014204,
        "nauc_mrr_at_1_max": 0.663717,
        "nauc_mrr_at_1_std": 0.080585,
        "nauc_mrr_at_1_diff1": 0.554772,
        "nauc_mrr_at_3_max": 0.672282,
        "nauc_mrr_at_3_std": 0.041814,
        "nauc_mrr_at_3_diff1": 0.532132,
        "nauc_mrr_at_5_max": 0.66326,
        "nauc_mrr_at_5_std": 0.03934,
        "nauc_mrr_at_5_diff1": 0.523881,
        "nauc_mrr_at_10_max": 0.675251,
        "nauc_mrr_at_10_std": 0.07401,
        "nauc_mrr_at_10_diff1": 0.519861,
        "nauc_mrr_at_20_max": 0.675251,
        "nauc_mrr_at_20_std": 0.07401,
        "nauc_mrr_at_20_diff1": 0.519861,
        "nauc_mrr_at_100_max": 0.673918,
        "nauc_mrr_at_100_std": 0.072036,
        "nauc_mrr_at_100_diff1": 0.52268,
        "nauc_mrr_at_1000_max": 0.673675,
        "nauc_mrr_at_1000_std": 0.071345,
        "nauc_mrr_at_1000_diff1": 0.522531,
        "cv_recall_at_1": 0.77922,
        "cv_recall_at_3": 0.92208,
        "cv_recall_at_5": 0.94805,
        "cv_recall_at_10": 0.97403,
        "cv_recall_at_20": 0.97403,
        "cv_recall_at_100": 0.98701,
        "cv_recall_at_1000": 1.0,
        "main_score": 0.73547,
        "hf_subset": "default",
        "languages": [
          "dan-Latn"
        ]
      }
    ]
  },
  "evaluation_time": 0.7753098011016846,
  "kg_co2_emissions": null
}