{
  "dataset_revision": "71bba34b0ece6c56dfcf46d9758a27f7a90f17e9",
  "evaluation_time": 3.6013057231903076,
  "kg_co2_emissions": 0.0005774200745325466,
  "mteb_version": "1.12.75",
  "scores": {
    "test": [
      {
        "cosine_accuracy": 0.7256420709335507,
        "cosine_accuracy_threshold": 0.9352796077728271,
        "cosine_ap": 0.46508891425648136,
        "cosine_f1": 0.5181942544459645,
        "cosine_f1_threshold": 0.82938551902771,
        "cosine_precision": 0.42070191026210574,
        "cosine_recall": 0.6745014245014245,
        "dot_accuracy": 0.7256420709335507,
        "dot_accuracy_threshold": 0.9352790117263794,
        "dot_ap": 0.4650884409047064,
        "dot_f1": 0.5181942544459645,
        "dot_f1_threshold": 0.8293856382369995,
        "dot_precision": 0.42070191026210574,
        "dot_recall": 0.6745014245014245,
        "euclidean_accuracy": 0.7256420709335507,
        "euclidean_accuracy_threshold": 0.35977888107299805,
        "euclidean_ap": 0.46508891425648136,
        "euclidean_f1": 0.5181942544459645,
        "euclidean_f1_threshold": 0.5841480493545532,
        "euclidean_precision": 0.42070191026210574,
        "euclidean_recall": 0.6745014245014245,
        "hf_subset": "default",
        "languages": [
          "pol-Latn"
        ],
        "main_score": 0.46548134427480214,
        "manhattan_accuracy": 0.7268650631879331,
        "manhattan_accuracy_threshold": 7.7205915451049805,
        "manhattan_ap": 0.46548134427480214,
        "manhattan_f1": 0.517756551555229,
        "manhattan_f1_threshold": 13.637739181518555,
        "manhattan_precision": 0.39455020530048523,
        "manhattan_recall": 0.7528490028490028,
        "max_ap": 0.46548134427480214,
        "max_f1": 0.5181942544459645,
        "max_precision": 0.42070191026210574,
        "max_recall": 0.7528490028490028,
        "similarity_accuracy": 0.7256420709335507,
        "similarity_accuracy_threshold": 0.9352796673774719,
        "similarity_ap": 0.46508891425648136,
        "similarity_f1": 0.5181942544459645,
        "similarity_f1_threshold": 0.8293855786323547,
        "similarity_precision": 0.42070191026210574,
        "similarity_recall": 0.6745014245014245
      }
    ]
  },
  "task_name": "SICK-E-PL"
}