{
  "dataset_revision": "942953e674fd0f619ff89897abb806dc3df5dd39",
  "task_name": "NFCorpus-NL.v2",
  "mteb_version": "2.1.8",
  "scores": {
    "test": [
      {
        "ndcg_at_1": 0.21827,
        "ndcg_at_3": 0.20648,
        "ndcg_at_5": 0.18181,
        "ndcg_at_10": 0.16516,
        "ndcg_at_20": 0.15384,
        "ndcg_at_100": 0.15932,
        "ndcg_at_1000": 0.25432,
        "map_at_1": 0.02443,
        "map_at_3": 0.04051,
        "map_at_5": 0.04475,
        "map_at_10": 0.0514,
        "map_at_20": 0.05639,
        "map_at_100": 0.06484,
        "map_at_1000": 0.07446,
        "recall_at_1": 0.02443,
        "recall_at_3": 0.04786,
        "recall_at_5": 0.05462,
        "recall_at_10": 0.07163,
        "recall_at_20": 0.09225,
        "recall_at_100": 0.17419,
        "recall_at_1000": 0.50585,
        "accuracy": 0.02443,
        "precision_at_1": 0.22601,
        "precision_at_3": 0.19711,
        "precision_at_5": 0.15356,
        "precision_at_10": 0.1226,
        "precision_at_20": 0.09303,
        "precision_at_100": 0.04498,
        "precision_at_1000": 0.01693,
        "mrr_at_1": 0.226006,
        "mrr_at_3": 0.294634,
        "mrr_at_5": 0.301909,
        "mrr_at_10": 0.310335,
        "mrr_at_20": 0.315381,
        "mrr_at_100": 0.320011,
        "mrr_at_1000": 0.320994,
        "nauc_ndcg_at_1_max": 0.311994,
        "nauc_ndcg_at_1_std": 0.139766,
        "nauc_ndcg_at_1_diff1": 0.351278,
        "nauc_ndcg_at_3_max": 0.361728,
        "nauc_ndcg_at_3_std": 0.199589,
        "nauc_ndcg_at_3_diff1": 0.302719,
        "nauc_ndcg_at_5_max": 0.394288,
        "nauc_ndcg_at_5_std": 0.212504,
        "nauc_ndcg_at_5_diff1": 0.298698,
        "nauc_ndcg_at_10_max": 0.386599,
        "nauc_ndcg_at_10_std": 0.225733,
        "nauc_ndcg_at_10_diff1": 0.279431,
        "nauc_ndcg_at_20_max": 0.402035,
        "nauc_ndcg_at_20_std": 0.235167,
        "nauc_ndcg_at_20_diff1": 0.278105,
        "nauc_ndcg_at_100_max": 0.408935,
        "nauc_ndcg_at_100_std": 0.229884,
        "nauc_ndcg_at_100_diff1": 0.287336,
        "nauc_ndcg_at_1000_max": 0.441679,
        "nauc_ndcg_at_1000_std": 0.289779,
        "nauc_ndcg_at_1000_diff1": 0.248219,
        "nauc_map_at_1_max": 0.318554,
        "nauc_map_at_1_std": -0.062344,
        "nauc_map_at_1_diff1": 0.561969,
        "nauc_map_at_3_max": 0.280166,
        "nauc_map_at_3_std": 0.014254,
        "nauc_map_at_3_diff1": 0.430115,
        "nauc_map_at_5_max": 0.314603,
        "nauc_map_at_5_std": 0.038011,
        "nauc_map_at_5_diff1": 0.413951,
        "nauc_map_at_10_max": 0.346454,
        "nauc_map_at_10_std": 0.05893,
        "nauc_map_at_10_diff1": 0.393915,
        "nauc_map_at_20_max": 0.357316,
        "nauc_map_at_20_std": 0.073013,
        "nauc_map_at_20_diff1": 0.380358,
        "nauc_map_at_100_max": 0.373724,
        "nauc_map_at_100_std": 0.119408,
        "nauc_map_at_100_diff1": 0.36272,
        "nauc_map_at_1000_max": 0.389053,
        "nauc_map_at_1000_std": 0.161439,
        "nauc_map_at_1000_diff1": 0.343587,
        "nauc_recall_at_1_max": 0.318554,
        "nauc_recall_at_1_std": -0.062344,
        "nauc_recall_at_1_diff1": 0.561969,
        "nauc_recall_at_3_max": 0.241604,
        "nauc_recall_at_3_std": 0.024655,
        "nauc_recall_at_3_diff1": 0.345009,
        "nauc_recall_at_5_max": 0.28219,
        "nauc_recall_at_5_std": 0.045031,
        "nauc_recall_at_5_diff1": 0.334582,
        "nauc_recall_at_10_max": 0.313068,
        "nauc_recall_at_10_std": 0.080676,
        "nauc_recall_at_10_diff1": 0.313035,
        "nauc_recall_at_20_max": 0.317601,
        "nauc_recall_at_20_std": 0.077888,
        "nauc_recall_at_20_diff1": 0.281403,
        "nauc_recall_at_100_max": 0.257999,
        "nauc_recall_at_100_std": 0.134966,
        "nauc_recall_at_100_diff1": 0.183819,
        "nauc_recall_at_1000_max": 0.168597,
        "nauc_recall_at_1000_std": 0.165463,
        "nauc_recall_at_1000_diff1": 0.071431,
        "nauc_precision_at_1_max": 0.324163,
        "nauc_precision_at_1_std": 0.142747,
        "nauc_precision_at_1_diff1": 0.360001,
        "nauc_precision_at_3_max": 0.368214,
        "nauc_precision_at_3_std": 0.251281,
        "nauc_precision_at_3_diff1": 0.258963,
        "nauc_precision_at_5_max": 0.424037,
        "nauc_precision_at_5_std": 0.291448,
        "nauc_precision_at_5_diff1": 0.22916,
        "nauc_precision_at_10_max": 0.387177,
        "nauc_precision_at_10_std": 0.321216,
        "nauc_precision_at_10_diff1": 0.163737,
        "nauc_precision_at_20_max": 0.386695,
        "nauc_precision_at_20_std": 0.358409,
        "nauc_precision_at_20_diff1": 0.137897,
        "nauc_precision_at_100_max": 0.369479,
        "nauc_precision_at_100_std": 0.431914,
        "nauc_precision_at_100_diff1": 0.088157,
        "nauc_precision_at_1000_max": 0.245008,
        "nauc_precision_at_1000_std": 0.314244,
        "nauc_precision_at_1000_diff1": -0.027506,
        "nauc_mrr_at_1_max": 0.324163,
        "nauc_mrr_at_1_std": 0.142747,
        "nauc_mrr_at_1_diff1": 0.360001,
        "nauc_mrr_at_3_max": 0.349589,
        "nauc_mrr_at_3_std": 0.185666,
        "nauc_mrr_at_3_diff1": 0.320713,
        "nauc_mrr_at_5_max": 0.352788,
        "nauc_mrr_at_5_std": 0.189732,
        "nauc_mrr_at_5_diff1": 0.310674,
        "nauc_mrr_at_10_max": 0.353366,
        "nauc_mrr_at_10_std": 0.193696,
        "nauc_mrr_at_10_diff1": 0.310273,
        "nauc_mrr_at_20_max": 0.358595,
        "nauc_mrr_at_20_std": 0.199147,
        "nauc_mrr_at_20_diff1": 0.307611,
        "nauc_mrr_at_100_max": 0.359599,
        "nauc_mrr_at_100_std": 0.199494,
        "nauc_mrr_at_100_diff1": 0.305423,
        "nauc_mrr_at_1000_max": 0.359191,
        "nauc_mrr_at_1000_std": 0.199418,
        "nauc_mrr_at_1000_diff1": 0.305969,
        "cv_recall_at_1": 0.22601,
        "cv_recall_at_3": 0.37771,
        "cv_recall_at_5": 0.40867,
        "cv_recall_at_10": 0.47368,
        "cv_recall_at_20": 0.5418,
        "cv_recall_at_100": 0.73375,
        "cv_recall_at_1000": 0.94737,
        "main_score": 0.16516,
        "hf_subset": "default",
        "languages": [
          "nld-Latn"
        ]
      }
    ]
  },
  "evaluation_time": 10.554526567459106,
  "kg_co2_emissions": null
}