{
  "dataset_revision": "9dcfcdb2aa578dd178330d49bf564248935f7fbe",
  "task_name": "NorQuadRetrieval",
  "mteb_version": "1.18.0",
  "scores": {
    "test": [
      {
        "ndcg_at_1": 0.14453,
        "ndcg_at_3": 0.12206,
        "ndcg_at_5": 0.13335,
        "ndcg_at_10": 0.14721,
        "ndcg_at_20": 0.16081,
        "ndcg_at_100": 0.19203,
        "ndcg_at_1000": 0.24913,
        "map_at_1": 0.07227,
        "map_at_3": 0.09635,
        "map_at_5": 0.10268,
        "map_at_10": 0.10813,
        "map_at_20": 0.11164,
        "map_at_100": 0.11537,
        "map_at_1000": 0.11741,
        "recall_at_1": 0.07227,
        "recall_at_3": 0.11914,
        "recall_at_5": 0.14111,
        "recall_at_10": 0.17627,
        "recall_at_20": 0.22021,
        "recall_at_100": 0.36279,
        "recall_at_1000": 0.74854,
        "precision_at_1": 0.14453,
        "precision_at_3": 0.07943,
        "precision_at_5": 0.05645,
        "precision_at_10": 0.03525,
        "precision_at_20": 0.02202,
        "precision_at_100": 0.00726,
        "precision_at_1000": 0.0015,
        "mrr_at_1": 0.144531,
        "mrr_at_3": 0.178385,
        "mrr_at_5": 0.18654,
        "mrr_at_10": 0.194124,
        "mrr_at_20": 0.199223,
        "mrr_at_100": 0.204527,
        "mrr_at_1000": 0.206189,
        "nauc_ndcg_at_1_max": 0.449894,
        "nauc_ndcg_at_1_std": -0.13692,
        "nauc_ndcg_at_1_diff1": 0.470538,
        "nauc_ndcg_at_3_max": 0.387496,
        "nauc_ndcg_at_3_std": -0.137132,
        "nauc_ndcg_at_3_diff1": 0.351739,
        "nauc_ndcg_at_5_max": 0.378071,
        "nauc_ndcg_at_5_std": -0.136006,
        "nauc_ndcg_at_5_diff1": 0.342027,
        "nauc_ndcg_at_10_max": 0.35202,
        "nauc_ndcg_at_10_std": -0.141116,
        "nauc_ndcg_at_10_diff1": 0.32514,
        "nauc_ndcg_at_20_max": 0.339354,
        "nauc_ndcg_at_20_std": -0.139353,
        "nauc_ndcg_at_20_diff1": 0.311196,
        "nauc_ndcg_at_100_max": 0.338086,
        "nauc_ndcg_at_100_std": -0.127573,
        "nauc_ndcg_at_100_diff1": 0.307672,
        "nauc_ndcg_at_1000_max": 0.357228,
        "nauc_ndcg_at_1000_std": -0.116162,
        "nauc_ndcg_at_1000_diff1": 0.321637,
        "nauc_map_at_1_max": 0.449894,
        "nauc_map_at_1_std": -0.13692,
        "nauc_map_at_1_diff1": 0.470538,
        "nauc_map_at_3_max": 0.407996,
        "nauc_map_at_3_std": -0.137291,
        "nauc_map_at_3_diff1": 0.373352,
        "nauc_map_at_5_max": 0.401303,
        "nauc_map_at_5_std": -0.133591,
        "nauc_map_at_5_diff1": 0.363137,
        "nauc_map_at_10_max": 0.387994,
        "nauc_map_at_10_std": -0.136908,
        "nauc_map_at_10_diff1": 0.355724,
        "nauc_map_at_20_max": 0.384276,
        "nauc_map_at_20_std": -0.136483,
        "nauc_map_at_20_diff1": 0.351493,
        "nauc_map_at_100_max": 0.384207,
        "nauc_map_at_100_std": -0.134831,
        "nauc_map_at_100_diff1": 0.350949,
        "nauc_map_at_1000_max": 0.384747,
        "nauc_map_at_1000_std": -0.133859,
        "nauc_map_at_1000_diff1": 0.350994,
        "nauc_recall_at_1_max": 0.449894,
        "nauc_recall_at_1_std": -0.13692,
        "nauc_recall_at_1_diff1": 0.470538,
        "nauc_recall_at_3_max": 0.353962,
        "nauc_recall_at_3_std": -0.137755,
        "nauc_recall_at_3_diff1": 0.292202,
        "nauc_recall_at_5_max": 0.335961,
        "nauc_recall_at_5_std": -0.136106,
        "nauc_recall_at_5_diff1": 0.276662,
        "nauc_recall_at_10_max": 0.278334,
        "nauc_recall_at_10_std": -0.145317,
        "nauc_recall_at_10_diff1": 0.241493,
        "nauc_recall_at_20_max": 0.24251,
        "nauc_recall_at_20_std": -0.137534,
        "nauc_recall_at_20_diff1": 0.203096,
        "nauc_recall_at_100_max": 0.215655,
        "nauc_recall_at_100_std": -0.077854,
        "nauc_recall_at_100_diff1": 0.169688,
        "nauc_recall_at_1000_max": 0.193666,
        "nauc_recall_at_1000_std": 0.037603,
        "nauc_recall_at_1000_diff1": 0.127581,
        "nauc_precision_at_1_max": 0.449894,
        "nauc_precision_at_1_std": -0.13692,
        "nauc_precision_at_1_diff1": 0.470538,
        "nauc_precision_at_3_max": 0.353962,
        "nauc_precision_at_3_std": -0.137755,
        "nauc_precision_at_3_diff1": 0.292202,
        "nauc_precision_at_5_max": 0.335961,
        "nauc_precision_at_5_std": -0.136106,
        "nauc_precision_at_5_diff1": 0.276662,
        "nauc_precision_at_10_max": 0.278334,
        "nauc_precision_at_10_std": -0.145317,
        "nauc_precision_at_10_diff1": 0.241493,
        "nauc_precision_at_20_max": 0.24251,
        "nauc_precision_at_20_std": -0.137534,
        "nauc_precision_at_20_diff1": 0.203096,
        "nauc_precision_at_100_max": 0.215655,
        "nauc_precision_at_100_std": -0.077854,
        "nauc_precision_at_100_diff1": 0.169688,
        "nauc_precision_at_1000_max": 0.193666,
        "nauc_precision_at_1000_std": 0.037603,
        "nauc_precision_at_1000_diff1": 0.127581,
        "nauc_mrr_at_1_max": 0.449894,
        "nauc_mrr_at_1_std": -0.13692,
        "nauc_mrr_at_1_diff1": 0.470538,
        "nauc_mrr_at_3_max": 0.392704,
        "nauc_mrr_at_3_std": -0.135934,
        "nauc_mrr_at_3_diff1": 0.378853,
        "nauc_mrr_at_5_max": 0.387735,
        "nauc_mrr_at_5_std": -0.137774,
        "nauc_mrr_at_5_diff1": 0.376831,
        "nauc_mrr_at_10_max": 0.375679,
        "nauc_mrr_at_10_std": -0.139961,
        "nauc_mrr_at_10_diff1": 0.3679,
        "nauc_mrr_at_20_max": 0.371306,
        "nauc_mrr_at_20_std": -0.139485,
        "nauc_mrr_at_20_diff1": 0.363379,
        "nauc_mrr_at_100_max": 0.371415,
        "nauc_mrr_at_100_std": -0.138751,
        "nauc_mrr_at_100_diff1": 0.363419,
        "nauc_mrr_at_1000_max": 0.372315,
        "nauc_mrr_at_1000_std": -0.138317,
        "nauc_mrr_at_1000_diff1": 0.364144,
        "main_score": 0.14721,
        "hf_subset": "default",
        "languages": [
          "nob-Latn"
        ]
      }
    ]
  },
  "evaluation_time": 2.092219114303589,
  "kg_co2_emissions": 7.294022988561538e-05
}