{
  "dataset_revision": "ad09ce14c17bce6edae151b7f6ef12e15d91dbf3",
  "task_name": "MultiLongDocReranking",
  "mteb_version": "2.10.0",
  "scores": {
    "test": [
      {
        "ndcg_at_1": 0.325,
        "ndcg_at_3": 0.38286,
        "ndcg_at_5": 0.40545,
        "ndcg_at_10": 0.42676,
        "ndcg_at_20": 0.45703,
        "ndcg_at_100": 0.49961,
        "ndcg_at_1000": 0.51089,
        "map_at_1": 0.325,
        "map_at_3": 0.36833,
        "map_at_5": 0.38083,
        "map_at_10": 0.3898,
        "map_at_20": 0.39806,
        "map_at_100": 0.40389,
        "map_at_1000": 0.40428,
        "recall_at_1": 0.325,
        "recall_at_3": 0.425,
        "recall_at_5": 0.48,
        "recall_at_10": 0.545,
        "recall_at_20": 0.665,
        "recall_at_100": 0.895,
        "recall_at_1000": 0.985,
        "accuracy": 0.325,
        "precision_at_1": 0.325,
        "precision_at_3": 0.14167,
        "precision_at_5": 0.096,
        "precision_at_10": 0.0545,
        "precision_at_20": 0.03325,
        "precision_at_100": 0.00895,
        "precision_at_1000": 0.00099,
        "mrr_at_1": 0.325,
        "mrr_at_3": 0.368333,
        "mrr_at_5": 0.380833,
        "mrr_at_10": 0.389796,
        "mrr_at_20": 0.398064,
        "mrr_at_100": 0.403887,
        "mrr_at_1000": 0.40428,
        "nauc_ndcg_at_1_max": 0.418017,
        "nauc_ndcg_at_1_std": -0.162464,
        "nauc_ndcg_at_1_diff1": 0.718761,
        "nauc_ndcg_at_3_max": 0.388408,
        "nauc_ndcg_at_3_std": -0.155907,
        "nauc_ndcg_at_3_diff1": 0.651894,
        "nauc_ndcg_at_5_max": 0.383867,
        "nauc_ndcg_at_5_std": -0.14471,
        "nauc_ndcg_at_5_diff1": 0.626511,
        "nauc_ndcg_at_10_max": 0.384961,
        "nauc_ndcg_at_10_std": -0.14322,
        "nauc_ndcg_at_10_diff1": 0.618142,
        "nauc_ndcg_at_20_max": 0.399675,
        "nauc_ndcg_at_20_std": -0.116124,
        "nauc_ndcg_at_20_diff1": 0.623015,
        "nauc_ndcg_at_100_max": 0.416423,
        "nauc_ndcg_at_100_std": -0.092239,
        "nauc_ndcg_at_100_diff1": 0.634969,
        "nauc_ndcg_at_1000_max": 0.406523,
        "nauc_ndcg_at_1000_std": -0.114603,
        "nauc_ndcg_at_1000_diff1": 0.636774,
        "nauc_map_at_1_max": 0.418017,
        "nauc_map_at_1_std": -0.162464,
        "nauc_map_at_1_diff1": 0.718761,
        "nauc_map_at_3_max": 0.395246,
        "nauc_map_at_3_std": -0.159333,
        "nauc_map_at_3_diff1": 0.670186,
        "nauc_map_at_5_max": 0.393583,
        "nauc_map_at_5_std": -0.152856,
        "nauc_map_at_5_diff1": 0.656733,
        "nauc_map_at_10_max": 0.393693,
        "nauc_map_at_10_std": -0.152557,
        "nauc_map_at_10_diff1": 0.653936,
        "nauc_map_at_20_max": 0.397732,
        "nauc_map_at_20_std": -0.145334,
        "nauc_map_at_20_diff1": 0.6554,
        "nauc_map_at_100_max": 0.40023,
        "nauc_map_at_100_std": -0.14181,
        "nauc_map_at_100_diff1": 0.656686,
        "nauc_map_at_1000_max": 0.399938,
        "nauc_map_at_1000_std": -0.142428,
        "nauc_map_at_1000_diff1": 0.65668,
        "nauc_recall_at_1_max": 0.418017,
        "nauc_recall_at_1_std": -0.162464,
        "nauc_recall_at_1_diff1": 0.718761,
        "nauc_recall_at_3_max": 0.369022,
        "nauc_recall_at_3_std": -0.145393,
        "nauc_recall_at_3_diff1": 0.598838,
        "nauc_recall_at_5_max": 0.35418,
        "nauc_recall_at_5_std": -0.119125,
        "nauc_recall_at_5_diff1": 0.53382,
        "nauc_recall_at_10_max": 0.358332,
        "nauc_recall_at_10_std": -0.111378,
        "nauc_recall_at_10_diff1": 0.49948,
        "nauc_recall_at_20_max": 0.421976,
        "nauc_recall_at_20_std": 0.021621,
        "nauc_recall_at_20_diff1": 0.500624,
        "nauc_recall_at_100_max": 0.695584,
        "nauc_recall_at_100_std": 0.575164,
        "nauc_recall_at_100_diff1": 0.506666,
        "nauc_recall_at_1000_max": 0.786026,
        "nauc_recall_at_1000_std": 0.956427,
        "nauc_recall_at_1000_diff1": 0.142857,
        "nauc_precision_at_1_max": 0.418017,
        "nauc_precision_at_1_std": -0.162464,
        "nauc_precision_at_1_diff1": 0.718761,
        "nauc_precision_at_3_max": 0.369022,
        "nauc_precision_at_3_std": -0.145393,
        "nauc_precision_at_3_diff1": 0.598838,
        "nauc_precision_at_5_max": 0.35418,
        "nauc_precision_at_5_std": -0.119125,
        "nauc_precision_at_5_diff1": 0.53382,
        "nauc_precision_at_10_max": 0.358332,
        "nauc_precision_at_10_std": -0.111378,
        "nauc_precision_at_10_diff1": 0.49948,
        "nauc_precision_at_20_max": 0.421976,
        "nauc_precision_at_20_std": 0.021621,
        "nauc_precision_at_20_diff1": 0.500624,
        "nauc_precision_at_100_max": 0.695584,
        "nauc_precision_at_100_std": 0.575164,
        "nauc_precision_at_100_diff1": 0.506666,
        "nauc_precision_at_1000_max": 0.786026,
        "nauc_precision_at_1000_std": 0.956427,
        "nauc_precision_at_1000_diff1": 0.142857,
        "nauc_mrr_at_1_max": 0.418017,
        "nauc_mrr_at_1_std": -0.162464,
        "nauc_mrr_at_1_diff1": 0.718761,
        "nauc_mrr_at_3_max": 0.395246,
        "nauc_mrr_at_3_std": -0.159333,
        "nauc_mrr_at_3_diff1": 0.670186,
        "nauc_mrr_at_5_max": 0.393583,
        "nauc_mrr_at_5_std": -0.152856,
        "nauc_mrr_at_5_diff1": 0.656733,
        "nauc_mrr_at_10_max": 0.393693,
        "nauc_mrr_at_10_std": -0.152557,
        "nauc_mrr_at_10_diff1": 0.653936,
        "nauc_mrr_at_20_max": 0.397732,
        "nauc_mrr_at_20_std": -0.145334,
        "nauc_mrr_at_20_diff1": 0.6554,
        "nauc_mrr_at_100_max": 0.40023,
        "nauc_mrr_at_100_std": -0.14181,
        "nauc_mrr_at_100_diff1": 0.656686,
        "nauc_mrr_at_1000_max": 0.399938,
        "nauc_mrr_at_1000_std": -0.142428,
        "nauc_mrr_at_1000_diff1": 0.65668,
        "cv_recall_at_1": 0.325,
        "cv_recall_at_3": 0.425,
        "cv_recall_at_5": 0.48,
        "cv_recall_at_10": 0.545,
        "cv_recall_at_20": 0.665,
        "cv_recall_at_100": 0.895,
        "cv_recall_at_1000": 0.985,
        "main_score": 0.42676,
        "hf_subset": "th",
        "languages": [
          "tha-Thai"
        ]
      }
    ]
  },
  "evaluation_time": 228.55185961723328,
  "kg_co2_emissions": null,
  "date": null
}