{
  "dataset_revision": "7b58f24536063837d644aab9a023c62199b2a612",
  "task_name": "TERRa",
  "mteb_version": "1.18.0",
  "scores": {
    "dev": [
      {
        "similarity_accuracy": 0.530945,
        "similarity_accuracy_threshold": 0.630123,
        "similarity_f1": 0.663755,
        "similarity_f1_threshold": 0.347911,
        "similarity_precision": 0.498361,
        "similarity_recall": 0.993464,
        "similarity_ap": 0.519803,
        "cosine_accuracy": 0.530945,
        "cosine_accuracy_threshold": 0.630123,
        "cosine_f1": 0.663755,
        "cosine_f1_threshold": 0.347911,
        "cosine_precision": 0.498361,
        "cosine_recall": 0.993464,
        "cosine_ap": 0.519803,
        "manhattan_accuracy": 0.530945,
        "manhattan_accuracy_threshold": 21.500236,
        "manhattan_f1": 0.663755,
        "manhattan_f1_threshold": 28.933603,
        "manhattan_precision": 0.498361,
        "manhattan_recall": 0.993464,
        "manhattan_ap": 0.520441,
        "euclidean_accuracy": 0.530945,
        "euclidean_accuracy_threshold": 0.860089,
        "euclidean_f1": 0.663755,
        "euclidean_f1_threshold": 1.14184,
        "euclidean_precision": 0.498361,
        "euclidean_recall": 0.993464,
        "euclidean_ap": 0.519803,
        "dot_accuracy": 0.530945,
        "dot_accuracy_threshold": 0.630123,
        "dot_f1": 0.663755,
        "dot_f1_threshold": 0.347911,
        "dot_precision": 0.498361,
        "dot_recall": 0.993464,
        "dot_ap": 0.519803,
        "max_accuracy": 0.530945,
        "max_f1": 0.663755,
        "max_precision": 0.498361,
        "max_recall": 0.993464,
        "max_ap": 0.520441,
        "main_score": 0.520441,
        "hf_subset": "default",
        "languages": [
          "rus-Cyrl"
        ]
      }
    ]
  },
  "evaluation_time": 91.7839617729187,
  "kg_co2_emissions": null
}