{
    "dataset_revision": "a0d554a64d88156834ff5ae9920b964011b16384",
    "task_name": "STS12",
    "evaluation_time": -1,
    "mteb_version": "0.0.0",
    "scores": {
        "test": [
            {
                "hf_subset": "default",
                "languages": [
                    "eng-Latn"
                ],
                "cosine_pearson": 85.8979872663498,
                "cosine_spearman": 78.63991285161867,
                "euclidean_pearson": 81.20243176386163,
                "euclidean_spearman": 78.64021127260493,
                "main_score": 78.63991285161867,
                "manhattan_pearson": 81.58673652635328,
                "manhattan_spearman": 79.03930665482164,
                "pearson": 85.8979872663498,
                "spearman": 78.63991285161867
            }
        ]
    }
}