{
    "dataset_revision": "9ee918f184421b6bd48b78f6c714d86546106103",
    "task_name": "BIOSSES",
    "evaluation_time": null,
    "mteb_version": null,
    "scores": {
        "test": [
            {
                "hf_subset": "default",
                "languages": [
                    "eng-Latn"
                ],
                "cos_sim_pearson": 87.42754550496836,
                "cos_sim_spearman": 84.84289705838664,
                "euclidean_pearson": 85.59331970450859,
                "euclidean_spearman": 85.8525586184271,
                "manhattan_pearson": 85.41233134466698,
                "manhattan_spearman": 85.52303303767404,
                "cosine_pearson": 87.42754550496836,
                "cosine_spearman": 84.84289705838664,
                "main_score": 84.84289705838664
            }
        ]
    }
}