{
    "dataset_revision": "c0f706b76e590d620bd6618b3ca8efdd34e2d659",
    "task_name": "DBPedia",
    "evaluation_time": null,
    "mteb_version": null,
    "scores": {
        "test": [
            {
                "hf_subset": "default",
                "languages": [
                    "eng-Latn"
                ],
                "map_at_1": 0.01834,
                "map_at_10": 0.044950000000000004,
                "map_at_100": 0.06571,
                "map_at_1000": 0.07219,
                "map_at_3": 0.03011,
                "map_at_5": 0.03741,
                "mrr_at_1": 0.23,
                "mrr_at_10": 0.32813,
                "mrr_at_100": 0.3379,
                "mrr_at_1000": 0.33853,
                "mrr_at_3": 0.29875,
                "mrr_at_5": 0.31625,
                "ndcg_at_1": 0.16375,
                "ndcg_at_10": 0.13153,
                "ndcg_at_100": 0.16036,
                "ndcg_at_1000": 0.22221,
                "ndcg_at_3": 0.14135,
                "ndcg_at_5": 0.13826,
                "precision_at_1": 0.23,
                "precision_at_10": 0.12425000000000001,
                "precision_at_100": 0.04287,
                "precision_at_1000": 0.00995,
                "precision_at_3": 0.17583,
                "precision_at_5": 0.158,
                "recall_at_1": 0.01834,
                "recall_at_10": 0.08285999999999999,
                "recall_at_100": 0.21938,
                "recall_at_1000": 0.43192,
                "recall_at_3": 0.03904,
                "recall_at_5": 0.05821,
                "main_score": 0.13153
            }
        ]
    }
}