{
  "dataset_revision": "71bba34b0ece6c56dfcf46d9758a27f7a90f17e9",
  "task_name": "SICK-E-PL",
  "mteb_version": "1.18.0",
  "scores": {
    "test": [
      {
        "similarity_accuracy": 0.719323,
        "similarity_accuracy_threshold": 0.986478,
        "similarity_f1": 0.493809,
        "similarity_f1_threshold": 0.9042,
        "similarity_precision": 0.378512,
        "similarity_recall": 0.710114,
        "similarity_ap": 0.433641,
        "cosine_accuracy": 0.719323,
        "cosine_accuracy_threshold": 0.986478,
        "cosine_f1": 0.493809,
        "cosine_f1_threshold": 0.9042,
        "cosine_precision": 0.378512,
        "cosine_recall": 0.710114,
        "cosine_ap": 0.433641,
        "manhattan_accuracy": 0.719119,
        "manhattan_accuracy_threshold": 2.590603,
        "manhattan_f1": 0.494537,
        "manhattan_f1_threshold": 7.041351,
        "manhattan_precision": 0.370991,
        "manhattan_recall": 0.741453,
        "manhattan_ap": 0.434108,
        "euclidean_accuracy": 0.719323,
        "euclidean_accuracy_threshold": 0.164452,
        "euclidean_f1": 0.493809,
        "euclidean_f1_threshold": 0.437722,
        "euclidean_precision": 0.378512,
        "euclidean_recall": 0.710114,
        "euclidean_ap": 0.433641,
        "dot_accuracy": 0.719323,
        "dot_accuracy_threshold": 0.986478,
        "dot_f1": 0.493809,
        "dot_f1_threshold": 0.9042,
        "dot_precision": 0.378512,
        "dot_recall": 0.710114,
        "dot_ap": 0.433643,
        "max_accuracy": 0.719323,
        "max_f1": 0.494537,
        "max_precision": 0.378512,
        "max_recall": 0.741453,
        "max_ap": 0.434108,
        "main_score": 0.434108,
        "hf_subset": "default",
        "languages": [
          "pol-Latn"
        ]
      }
    ]
  },
  "evaluation_time": 0.9982302188873291,
  "kg_co2_emissions": 3.873903925939874e-05
}