{
  "dataset_revision": "6e346642246bfb4928c560ee08640dc84d074e8c",
  "task_name": "LEMBSummScreenFDRetrieval",
  "mteb_version": "1.18.0",
  "scores": {
    "validation": [
      {
        "ndcg_at_1": 0.49405,
        "ndcg_at_3": 0.57982,
        "ndcg_at_5": 0.62684,
        "ndcg_at_10": 0.65904,
        "ndcg_at_20": 0.67794,
        "ndcg_at_100": 0.68885,
        "ndcg_at_1000": 0.69082,
        "map_at_1": 0.49405,
        "map_at_3": 0.55903,
        "map_at_5": 0.58537,
        "map_at_10": 0.59837,
        "map_at_20": 0.60361,
        "map_at_100": 0.60528,
        "map_at_1000": 0.60536,
        "recall_at_1": 0.49405,
        "recall_at_3": 0.63988,
        "recall_at_5": 0.75298,
        "recall_at_10": 0.85417,
        "recall_at_20": 0.92857,
        "recall_at_100": 0.98512,
        "recall_at_1000": 1.0,
        "precision_at_1": 0.49405,
        "precision_at_3": 0.21329,
        "precision_at_5": 0.1506,
        "precision_at_10": 0.08542,
        "precision_at_20": 0.04643,
        "precision_at_100": 0.00985,
        "precision_at_1000": 0.001,
        "mrr_at_1": 0.494048,
        "mrr_at_3": 0.559028,
        "mrr_at_5": 0.585367,
        "mrr_at_10": 0.598374,
        "mrr_at_20": 0.603607,
        "mrr_at_100": 0.605276,
        "mrr_at_1000": 0.605357,
        "nauc_ndcg_at_1_max": 0.276502,
        "nauc_ndcg_at_1_std": -0.099518,
        "nauc_ndcg_at_1_diff1": 0.651225,
        "nauc_ndcg_at_3_max": 0.298274,
        "nauc_ndcg_at_3_std": -0.112011,
        "nauc_ndcg_at_3_diff1": 0.612852,
        "nauc_ndcg_at_5_max": 0.305049,
        "nauc_ndcg_at_5_std": -0.103106,
        "nauc_ndcg_at_5_diff1": 0.586857,
        "nauc_ndcg_at_10_max": 0.312855,
        "nauc_ndcg_at_10_std": -0.059326,
        "nauc_ndcg_at_10_diff1": 0.587404,
        "nauc_ndcg_at_20_max": 0.304981,
        "nauc_ndcg_at_20_std": -0.07185,
        "nauc_ndcg_at_20_diff1": 0.590487,
        "nauc_ndcg_at_100_max": 0.299707,
        "nauc_ndcg_at_100_std": -0.078929,
        "nauc_ndcg_at_100_diff1": 0.595976,
        "nauc_ndcg_at_1000_max": 0.296879,
        "nauc_ndcg_at_1000_std": -0.085447,
        "nauc_ndcg_at_1000_diff1": 0.599589,
        "nauc_map_at_1_max": 0.276502,
        "nauc_map_at_1_std": -0.099518,
        "nauc_map_at_1_diff1": 0.651225,
        "nauc_map_at_3_max": 0.289364,
        "nauc_map_at_3_std": -0.110587,
        "nauc_map_at_3_diff1": 0.6202,
        "nauc_map_at_5_max": 0.292437,
        "nauc_map_at_5_std": -0.10583,
        "nauc_map_at_5_diff1": 0.606422,
        "nauc_map_at_10_max": 0.293602,
        "nauc_map_at_10_std": -0.091081,
        "nauc_map_at_10_diff1": 0.606715,
        "nauc_map_at_20_max": 0.29202,
        "nauc_map_at_20_std": -0.093544,
        "nauc_map_at_20_diff1": 0.607713,
        "nauc_map_at_100_max": 0.291189,
        "nauc_map_at_100_std": -0.094295,
        "nauc_map_at_100_diff1": 0.608228,
        "nauc_map_at_1000_max": 0.291096,
        "nauc_map_at_1000_std": -0.094514,
        "nauc_map_at_1000_diff1": 0.608343,
        "nauc_recall_at_1_max": 0.276502,
        "nauc_recall_at_1_std": -0.099518,
        "nauc_recall_at_1_diff1": 0.651225,
        "nauc_recall_at_3_max": 0.328409,
        "nauc_recall_at_3_std": -0.115753,
        "nauc_recall_at_3_diff1": 0.590436,
        "nauc_recall_at_5_max": 0.359304,
        "nauc_recall_at_5_std": -0.089299,
        "nauc_recall_at_5_diff1": 0.50535,
        "nauc_recall_at_10_max": 0.44978,
        "nauc_recall_at_10_std": 0.183546,
        "nauc_recall_at_10_diff1": 0.468164,
        "nauc_recall_at_20_max": 0.457891,
        "nauc_recall_at_20_std": 0.218785,
        "nauc_recall_at_20_diff1": 0.396243,
        "nauc_recall_at_100_max": 0.634961,
        "nauc_recall_at_100_std": 0.687278,
        "nauc_recall_at_100_diff1": 0.166293,
        "nauc_recall_at_1000_max": NaN,
        "nauc_recall_at_1000_std": NaN,
        "nauc_recall_at_1000_diff1": NaN,
        "nauc_precision_at_1_max": 0.276502,
        "nauc_precision_at_1_std": -0.099518,
        "nauc_precision_at_1_diff1": 0.651225,
        "nauc_precision_at_3_max": 0.328409,
        "nauc_precision_at_3_std": -0.115753,
        "nauc_precision_at_3_diff1": 0.590436,
        "nauc_precision_at_5_max": 0.359304,
        "nauc_precision_at_5_std": -0.089299,
        "nauc_precision_at_5_diff1": 0.50535,
        "nauc_precision_at_10_max": 0.44978,
        "nauc_precision_at_10_std": 0.183546,
        "nauc_precision_at_10_diff1": 0.468164,
        "nauc_precision_at_20_max": 0.457891,
        "nauc_precision_at_20_std": 0.218785,
        "nauc_precision_at_20_diff1": 0.396243,
        "nauc_precision_at_100_max": 0.634961,
        "nauc_precision_at_100_std": 0.687278,
        "nauc_precision_at_100_diff1": 0.166293,
        "nauc_precision_at_1000_max": NaN,
        "nauc_precision_at_1000_std": NaN,
        "nauc_precision_at_1000_diff1": NaN,
        "nauc_mrr_at_1_max": 0.276502,
        "nauc_mrr_at_1_std": -0.099518,
        "nauc_mrr_at_1_diff1": 0.651225,
        "nauc_mrr_at_3_max": 0.289364,
        "nauc_mrr_at_3_std": -0.110587,
        "nauc_mrr_at_3_diff1": 0.6202,
        "nauc_mrr_at_5_max": 0.292437,
        "nauc_mrr_at_5_std": -0.10583,
        "nauc_mrr_at_5_diff1": 0.606422,
        "nauc_mrr_at_10_max": 0.293602,
        "nauc_mrr_at_10_std": -0.091081,
        "nauc_mrr_at_10_diff1": 0.606715,
        "nauc_mrr_at_20_max": 0.29202,
        "nauc_mrr_at_20_std": -0.093544,
        "nauc_mrr_at_20_diff1": 0.607713,
        "nauc_mrr_at_100_max": 0.291189,
        "nauc_mrr_at_100_std": -0.094295,
        "nauc_mrr_at_100_diff1": 0.608228,
        "nauc_mrr_at_1000_max": 0.291096,
        "nauc_mrr_at_1000_std": -0.094514,
        "nauc_mrr_at_1000_diff1": 0.608343,
        "main_score": 0.65904,
        "hf_subset": "default",
        "languages": [
          "eng-Latn"
        ]
      }
    ]
  },
  "evaluation_time": 30.442086458206177,
  "kg_co2_emissions": 0.0014144763824483926
}