{
  "dataset_revision": "ef1661775d746e0844b299164773db733bdc0bf6",
  "task_name": "SwednClusteringP2P",
  "mteb_version": "1.18.0",
  "scores": {
    "summaries": [
      {
        "v_measures": {
          "Level 0": [
            0.332498,
            0.397753,
            0.402122,
            0.28356,
            0.378696,
            0.444808,
            0.46197,
            0.213113,
            0.443002,
            0.35199
          ]
        },
        "v_measure": 0.370951,
        "v_measure_std": 0.074208,
        "main_score": 0.370951,
        "hf_subset": "default",
        "languages": [
          "swe-Latn"
        ]
      }
    ],
    "articles": [
      {
        "v_measures": {
          "Level 0": [
            0.491491,
            0.333466,
            0.394176,
            0.390781,
            0.279922,
            0.482334,
            0.341962,
            0.387121,
            0.461733,
            0.337291
          ]
        },
        "v_measure": 0.390028,
        "v_measure_std": 0.066631,
        "main_score": 0.390028,
        "hf_subset": "default",
        "languages": [
          "swe-Latn"
        ]
      }
    ]
  },
  "evaluation_time": 139.92231464385986,
  "kg_co2_emissions": 0.006920108626707593
}