{
    "dataset_revision": "None",
    "task_name": "FiQA2018",
    "evaluation_time": null,
    "mteb_version": null,
    "scores": {
        "test": [
            {
                "hf_subset": "default",
                "languages": [
                    "eng-Latn"
                ],
                "map_at_1": 18.298000000000002,
                "map_at_10": 29.901,
                "map_at_100": 31.528,
                "map_at_1000": 31.713,
                "map_at_3": 25.740000000000002,
                "map_at_5": 28.227999999999998,
                "mrr_at_1": 36.728,
                "mrr_at_10": 45.401,
                "mrr_at_100": 46.27,
                "mrr_at_1000": 46.315,
                "mrr_at_3": 42.978,
                "mrr_at_5": 44.29,
                "ndcg_at_1": 36.728,
                "ndcg_at_10": 37.456,
                "ndcg_at_100": 43.832,
                "ndcg_at_1000": 47,
                "ndcg_at_3": 33.694,
                "ndcg_at_5": 35.085,
                "precision_at_1": 36.728,
                "precision_at_10": 10.386,
                "precision_at_100": 1.701,
                "precision_at_1000": 0.22599999999999998,
                "precision_at_3": 22.479,
                "precision_at_5": 16.605,
                "recall_at_1": 18.298000000000002,
                "recall_at_10": 44.369,
                "recall_at_100": 68.098,
                "recall_at_1000": 87.21900000000001,
                "recall_at_3": 30.215999999999998,
                "recall_at_5": 36.861,
                "main_score": 37.456
            }
        ]
    }
}