{
  "dataset_revision": "7070d1979d9a4943dd49b2e72858eb1e54f6bd5b",
  "task_name": "AVMemeExamV2TRetrieval",
  "mteb_version": "2.13.1",
  "scores": {
    "test": [
      {
        "ndcg_at_1": 0.15444,
        "ndcg_at_3": 0.19772,
        "ndcg_at_5": 0.21407,
        "ndcg_at_10": 0.23477,
        "ndcg_at_20": 0.25485,
        "ndcg_at_100": 0.29752,
        "ndcg_at_1000": 0.34189,
        "map_at_1": 0.15444,
        "map_at_3": 0.1863,
        "map_at_5": 0.1953,
        "map_at_10": 0.20396,
        "map_at_20": 0.20939,
        "map_at_100": 0.21488,
        "map_at_1000": 0.21652,
        "recall_at_1": 0.15444,
        "recall_at_3": 0.23111,
        "recall_at_5": 0.27111,
        "recall_at_10": 0.33444,
        "recall_at_20": 0.41444,
        "recall_at_100": 0.65,
        "recall_at_1000": 1.0,
        "accuracy": 0.15444,
        "precision_at_1": 0.15444,
        "precision_at_3": 0.07704,
        "precision_at_5": 0.05422,
        "precision_at_10": 0.03344,
        "precision_at_20": 0.02072,
        "precision_at_100": 0.0065,
        "precision_at_1000": 0.001,
        "mrr_at_1": 0.155556,
        "mrr_at_3": 0.186667,
        "mrr_at_5": 0.195944,
        "mrr_at_10": 0.204631,
        "mrr_at_20": 0.210059,
        "mrr_at_100": 0.215553,
        "mrr_at_1000": 0.217186,
        "nauc_ndcg_at_1_max": 0.291372,
        "nauc_ndcg_at_1_std": -0.054969,
        "nauc_ndcg_at_1_diff1": 0.580189,
        "nauc_ndcg_at_3_max": 0.290825,
        "nauc_ndcg_at_3_std": -0.049214,
        "nauc_ndcg_at_3_diff1": 0.485552,
        "nauc_ndcg_at_5_max": 0.27456,
        "nauc_ndcg_at_5_std": -0.065339,
        "nauc_ndcg_at_5_diff1": 0.45207,
        "nauc_ndcg_at_10_max": 0.250219,
        "nauc_ndcg_at_10_std": -0.066744,
        "nauc_ndcg_at_10_diff1": 0.423165,
        "nauc_ndcg_at_20_max": 0.251445,
        "nauc_ndcg_at_20_std": -0.071646,
        "nauc_ndcg_at_20_diff1": 0.408862,
        "nauc_ndcg_at_100_max": 0.236827,
        "nauc_ndcg_at_100_std": -0.063946,
        "nauc_ndcg_at_100_diff1": 0.403387,
        "nauc_ndcg_at_1000_max": 0.254174,
        "nauc_ndcg_at_1000_std": -0.062745,
        "nauc_ndcg_at_1000_diff1": 0.435832,
        "nauc_map_at_1_max": 0.291372,
        "nauc_map_at_1_std": -0.054969,
        "nauc_map_at_1_diff1": 0.580189,
        "nauc_map_at_3_max": 0.291177,
        "nauc_map_at_3_std": -0.051318,
        "nauc_map_at_3_diff1": 0.506921,
        "nauc_map_at_5_max": 0.282211,
        "nauc_map_at_5_std": -0.060419,
        "nauc_map_at_5_diff1": 0.487147,
        "nauc_map_at_10_max": 0.271322,
        "nauc_map_at_10_std": -0.060997,
        "nauc_map_at_10_diff1": 0.473976,
        "nauc_map_at_20_max": 0.271714,
        "nauc_map_at_20_std": -0.062583,
        "nauc_map_at_20_diff1": 0.46986,
        "nauc_map_at_100_max": 0.269281,
        "nauc_map_at_100_std": -0.061436,
        "nauc_map_at_100_diff1": 0.469393,
        "nauc_map_at_1000_max": 0.26988,
        "nauc_map_at_1000_std": -0.061205,
        "nauc_map_at_1000_diff1": 0.470735,
        "nauc_recall_at_1_max": 0.291372,
        "nauc_recall_at_1_std": -0.054969,
        "nauc_recall_at_1_diff1": 0.580189,
        "nauc_recall_at_3_max": 0.289852,
        "nauc_recall_at_3_std": -0.043609,
        "nauc_recall_at_3_diff1": 0.431394,
        "nauc_recall_at_5_max": 0.253701,
        "nauc_recall_at_5_std": -0.079017,
        "nauc_recall_at_5_diff1": 0.363736,
        "nauc_recall_at_10_max": 0.192395,
        "nauc_recall_at_10_std": -0.082271,
        "nauc_recall_at_10_diff1": 0.294636,
        "nauc_recall_at_20_max": 0.197427,
        "nauc_recall_at_20_std": -0.096978,
        "nauc_recall_at_20_diff1": 0.250184,
        "nauc_recall_at_100_max": 0.111755,
        "nauc_recall_at_100_std": -0.061625,
        "nauc_recall_at_100_diff1": 0.181129,
        "nauc_recall_at_1000_max": NaN,
        "nauc_recall_at_1000_std": NaN,
        "nauc_recall_at_1000_diff1": NaN,
        "nauc_precision_at_1_max": 0.291372,
        "nauc_precision_at_1_std": -0.054969,
        "nauc_precision_at_1_diff1": 0.580189,
        "nauc_precision_at_3_max": 0.289852,
        "nauc_precision_at_3_std": -0.043609,
        "nauc_precision_at_3_diff1": 0.431394,
        "nauc_precision_at_5_max": 0.253701,
        "nauc_precision_at_5_std": -0.079017,
        "nauc_precision_at_5_diff1": 0.363736,
        "nauc_precision_at_10_max": 0.192395,
        "nauc_precision_at_10_std": -0.082271,
        "nauc_precision_at_10_diff1": 0.294636,
        "nauc_precision_at_20_max": 0.197427,
        "nauc_precision_at_20_std": -0.096978,
        "nauc_precision_at_20_diff1": 0.250184,
        "nauc_precision_at_100_max": 0.111755,
        "nauc_precision_at_100_std": -0.061625,
        "nauc_precision_at_100_diff1": 0.181129,
        "nauc_precision_at_1000_max": NaN,
        "nauc_precision_at_1000_std": NaN,
        "nauc_precision_at_1000_diff1": NaN,
        "nauc_mrr_at_1_max": 0.295183,
        "nauc_mrr_at_1_std": -0.049296,
        "nauc_mrr_at_1_diff1": 0.572401,
        "nauc_mrr_at_3_max": 0.293153,
        "nauc_mrr_at_3_std": -0.047244,
        "nauc_mrr_at_3_diff1": 0.503432,
        "nauc_mrr_at_5_max": 0.283884,
        "nauc_mrr_at_5_std": -0.056931,
        "nauc_mrr_at_5_diff1": 0.483128,
        "nauc_mrr_at_10_max": 0.272938,
        "nauc_mrr_at_10_std": -0.057435,
        "nauc_mrr_at_10_diff1": 0.469948,
        "nauc_mrr_at_20_max": 0.273322,
        "nauc_mrr_at_20_std": -0.059055,
        "nauc_mrr_at_20_diff1": 0.465882,
        "nauc_mrr_at_100_max": 0.270902,
        "nauc_mrr_at_100_std": -0.057894,
        "nauc_mrr_at_100_diff1": 0.465395,
        "nauc_mrr_at_1000_max": 0.271507,
        "nauc_mrr_at_1000_std": -0.057649,
        "nauc_mrr_at_1000_diff1": 0.466716,
        "hit_rate_at_1": 0.15444,
        "hit_rate_at_3": 0.23111,
        "hit_rate_at_5": 0.27111,
        "hit_rate_at_10": 0.33444,
        "hit_rate_at_20": 0.41444,
        "hit_rate_at_100": 0.65,
        "hit_rate_at_1000": 1.0,
        "main_score": 0.23477,
        "hf_subset": "default",
        "languages": [
          "eng-Latn"
        ],
        "mteb_version": "2.13.1"
      }
    ]
  },
  "evaluation_time": 329.47369503974915,
  "kg_co2_emissions": null,
  "date": null
}