{
  "dataset_revision": "b27a0612211af3598bd11fe28af20928f20cce06",
  "evaluation_time": 203.0189344882965,
  "kg_co2_emissions": 0.005910140508731479,
  "mteb_version": "1.14.15",
  "scores": {
    "test": [
      {
        "cv_recall_at_1": 0.82129,
        "cv_recall_at_10": 0.98669,
        "cv_recall_at_100": 0.99925,
        "cv_recall_at_1000": 1.0,
        "cv_recall_at_20": 0.99465,
        "cv_recall_at_3": 0.93819,
        "cv_recall_at_5": 0.96431,
        "hf_subset": "default",
        "languages": [
          "eng-Latn"
        ],
        "main_score": 0.82129,
        "map_at_1": 0.0,
        "map_at_10": 0.10816,
        "map_at_100": 0.37701,
        "map_at_1000": 0.41799,
        "map_at_20": 0.20146,
        "map_at_3": 0.0224,
        "map_at_5": 0.04793,
        "mrr_at_1": 0.00012436264146250465,
        "mrr_at_10": 0.4540992788940842,
        "mrr_at_100": 0.45501323673096583,
        "mrr_at_1000": 0.4550179529254141,
        "mrr_at_20": 0.454862431451057,
        "mrr_at_3": 0.43771504373419984,
        "mrr_at_5": 0.45003316337106025,
        "nauc_cv_recall_at_1000_diff1": NaN,
        "nauc_cv_recall_at_1000_max": NaN,
        "nauc_cv_recall_at_1000_std": NaN,
        "nauc_cv_recall_at_100_diff1": -1.4459792587307416,
        "nauc_cv_recall_at_100_max": 0.07029692258979431,
        "nauc_cv_recall_at_100_std": 0.849445643112594,
        "nauc_cv_recall_at_10_diff1": -0.8959196908488749,
        "nauc_cv_recall_at_10_max": 0.057216189543284925,
        "nauc_cv_recall_at_10_std": 0.47876374054150506,
        "nauc_cv_recall_at_1_diff1": -0.3872644481351318,
        "nauc_cv_recall_at_1_max": 0.005776040280917282,
        "nauc_cv_recall_at_1_std": -0.0344962584505444,
        "nauc_cv_recall_at_20_diff1": -1.1320514988901176,
        "nauc_cv_recall_at_20_max": 0.031360911393269436,
        "nauc_cv_recall_at_20_std": 0.694385873460042,
        "nauc_cv_recall_at_3_diff1": -0.47658959869746137,
        "nauc_cv_recall_at_3_max": 0.02042151353982235,
        "nauc_cv_recall_at_3_std": 0.051111003361605865,
        "nauc_cv_recall_at_5_diff1": -0.6237624914420677,
        "nauc_cv_recall_at_5_max": 0.017759007827034743,
        "nauc_cv_recall_at_5_std": 0.17785734437004397,
        "nauc_map_at_1000_diff1": -0.3508067210659613,
        "nauc_map_at_1000_max": -0.0037437095609902083,
        "nauc_map_at_1000_std": 0.2679282412214861,
        "nauc_map_at_100_diff1": -0.3361896538524185,
        "nauc_map_at_100_max": -0.003963039214018093,
        "nauc_map_at_100_std": 0.24303549498665256,
        "nauc_map_at_10_diff1": -0.30139727002133065,
        "nauc_map_at_10_max": -0.007601168302581498,
        "nauc_map_at_10_std": 0.018017355493674173,
        "nauc_map_at_1_diff1": -0.5746685568283685,
        "nauc_map_at_1_max": -0.5746685568283685,
        "nauc_map_at_1_std": 1.0,
        "nauc_map_at_20_diff1": -0.30329398278703623,
        "nauc_map_at_20_max": -0.005620413096461276,
        "nauc_map_at_20_std": 0.06680044773875277,
        "nauc_map_at_3_diff1": -0.29815024922078176,
        "nauc_map_at_3_max": 0.010389156477145332,
        "nauc_map_at_3_std": -0.015934784321483413,
        "nauc_map_at_5_diff1": -0.3014217185016473,
        "nauc_map_at_5_max": -0.002817914015673862,
        "nauc_map_at_5_std": -0.007859474596856566,
        "nauc_mrr_at_1000_diff1": -0.4366465710619843,
        "nauc_mrr_at_1000_max": 0.009080023375271572,
        "nauc_mrr_at_1000_std": 0.013152408788127727,
        "nauc_mrr_at_100_diff1": -0.4367538763684072,
        "nauc_mrr_at_100_max": 0.00904780207672724,
        "nauc_mrr_at_100_std": 0.013240160723403383,
        "nauc_mrr_at_10_diff1": -0.4419373914329113,
        "nauc_mrr_at_10_max": 0.008840853712674816,
        "nauc_mrr_at_10_std": 0.017706869288019622,
        "nauc_mrr_at_1_diff1": -0.5746685568283684,
        "nauc_mrr_at_1_max": -0.5746685568283684,
        "nauc_mrr_at_1_std": 1.0,
        "nauc_mrr_at_20_diff1": -0.4388664604300942,
        "nauc_mrr_at_20_max": 0.009099981034537932,
        "nauc_mrr_at_20_std": 0.015455373297613016,
        "nauc_mrr_at_3_diff1": -0.4299771253081281,
        "nauc_mrr_at_3_max": 0.006427105982918782,
        "nauc_mrr_at_3_std": 0.004395065499922022,
        "nauc_mrr_at_5_diff1": -0.4396785900517349,
        "nauc_mrr_at_5_max": 0.013471404092158744,
        "nauc_mrr_at_5_std": 0.015353991925779187,
        "nauc_ndcg_at_1000_diff1": -0.4432868295607139,
        "nauc_ndcg_at_1000_max": -0.0005392523031975359,
        "nauc_ndcg_at_1000_std": 0.3570260259476154,
        "nauc_ndcg_at_100_diff1": -0.39972500126075267,
        "nauc_ndcg_at_100_max": -0.0033590656782814003,
        "nauc_ndcg_at_100_std": 0.3261707121177226,
        "nauc_ndcg_at_10_diff1": -0.3370787069888112,
        "nauc_ndcg_at_10_max": -0.012749089169418552,
        "nauc_ndcg_at_10_std": 0.04434440170184914,
        "nauc_ndcg_at_1_diff1": -0.5746685568283684,
        "nauc_ndcg_at_1_max": -0.5746685568283684,
        "nauc_ndcg_at_1_std": 1.0,
        "nauc_ndcg_at_20_diff1": -0.3332313884800208,
        "nauc_ndcg_at_20_max": -0.008541837750435875,
        "nauc_ndcg_at_20_std": 0.09865794756067583,
        "nauc_ndcg_at_3_diff1": -0.37493036906055915,
        "nauc_ndcg_at_3_max": 0.008995017288599397,
        "nauc_ndcg_at_3_std": -0.0016851662907909932,
        "nauc_ndcg_at_5_diff1": -0.35390892568642135,
        "nauc_ndcg_at_5_max": -0.00573866141787439,
        "nauc_ndcg_at_5_std": 0.010027786101389668,
        "nauc_precision_at_1000_diff1": -0.24381544278931963,
        "nauc_precision_at_1000_max": 0.001426515831779095,
        "nauc_precision_at_1000_std": 0.39034317189076634,
        "nauc_precision_at_100_diff1": -0.3683079494584859,
        "nauc_precision_at_100_max": -0.004493826698525805,
        "nauc_precision_at_100_std": 0.4260588759962726,
        "nauc_precision_at_10_diff1": -0.3273693968335476,
        "nauc_precision_at_10_max": -0.01570855583754435,
        "nauc_precision_at_10_std": 0.053016069208916314,
        "nauc_precision_at_1_diff1": -0.5746685568283684,
        "nauc_precision_at_1_max": -0.5746685568283684,
        "nauc_precision_at_1_std": 1.0,
        "nauc_precision_at_20_diff1": -0.32337013588830055,
        "nauc_precision_at_20_max": -0.009338498415085337,
        "nauc_precision_at_20_std": 0.11686519069453193,
        "nauc_precision_at_3_diff1": -0.3733415131179983,
        "nauc_precision_at_3_max": 0.009659817073416338,
        "nauc_precision_at_3_std": 0.0018837165222860062,
        "nauc_precision_at_5_diff1": -0.34777495760474486,
        "nauc_precision_at_5_max": -0.008157199010925395,
        "nauc_precision_at_5_std": 0.013654601322581651,
        "nauc_recall_at_1000_diff1": -0.5464470662075361,
        "nauc_recall_at_1000_max": 0.01923208775116803,
        "nauc_recall_at_1000_std": 0.7078620467024228,
        "nauc_recall_at_100_diff1": -0.3985776440114302,
        "nauc_recall_at_100_max": -0.0017993564776878587,
        "nauc_recall_at_100_std": 0.4265195769087501,
        "nauc_recall_at_10_diff1": -0.3131537633293081,
        "nauc_recall_at_10_max": -0.011377788498504569,
        "nauc_recall_at_10_std": 0.03664206796456721,
        "nauc_recall_at_1_diff1": -0.5746685568283685,
        "nauc_recall_at_1_max": -0.5746685568283685,
        "nauc_recall_at_1_std": 1.0,
        "nauc_recall_at_20_diff1": -0.326186913956167,
        "nauc_recall_at_20_max": -0.006821621063261367,
        "nauc_recall_at_20_std": 0.10013752876651927,
        "nauc_recall_at_3_diff1": -0.30057029551637215,
        "nauc_recall_at_3_max": 0.010915170903748465,
        "nauc_recall_at_3_std": -0.009969127590184295,
        "nauc_recall_at_5_diff1": -0.30602744193852954,
        "nauc_recall_at_5_max": -0.0027455353550025732,
        "nauc_recall_at_5_std": 0.0006834060253033717,
        "ndcg_at_1": 0.00012,
        "ndcg_at_10": 0.55944,
        "ndcg_at_100": 0.58963,