{
  "dataset_revision": "5345895c56a601afe1a98519ce3199be60a27dba",
  "evaluation_time": 11.245116472244263,
  "kg_co2_emissions": 0.0004078537047374885,
  "mteb_version": "1.12.41",
  "scores": {
    "test": [
      {
        "accuracy": 0.89526791927627,
        "f1": 0.8766379236629759,
        "hf_subset": "fr-en",
        "languages": [
          "fra-Latn",
          "eng-Latn"
        ],
        "main_score": 0.8766379236629759,
        "precision": 0.8692989994652466,
        "recall": 0.89526791927627
      },
      {
        "accuracy": 0.89526791927627,
        "f1": 0.8766379236629759,
        "hf_subset": "en-fr",
        "languages": [
          "eng-Latn",
          "fra-Latn"
        ],
        "main_score": 0.8766379236629759,
        "precision": 0.8692989994652466,
        "recall": 0.89526791927627
      }
    ]
  },
  "task_name": "DiaBlaBitextMining"
}