{
    "dataset_revision": "2039188fb5800a9803ba5048df7b76e6fb151fc6",
    "task_name": "MedicalRetrieval",
    "evaluation_time": null,
    "mteb_version": null,
    "scores": {
        "dev": [
            {
                "hf_subset": "default",
                "languages": [
                    "cmn-Hans"
                ],
                "main_score": 56.908,
                "map_at_1": 48.9,
                "map_at_10": 54.25,
                "map_at_100": 54.83,
                "map_at_1000": 54.882,
                "map_at_20": 54.56100000000001,
                "map_at_3": 52.849999999999994,
                "map_at_5": 53.68000000000001,
                "mrr_at_1": 48.8,
                "mrr_at_10": 54.199801587301565,
                "mrr_at_100": 54.77998734976407,
                "mrr_at_1000": 54.83211631195485,
                "mrr_at_20": 54.5113749215181,
                "mrr_at_3": 52.79999999999999,
                "mrr_at_5": 53.62999999999998,
                "nauc_map_at_1000_diff1": 77.0640933059526,
                "nauc_map_at_1000_max": 63.16274968632399,
                "nauc_map_at_1000_std": 18.619837049196065,
                "nauc_map_at_100_diff1": 77.04445583336185,
                "nauc_map_at_100_max": 63.15706393184247,
                "nauc_map_at_100_std": 18.64155998589979,
                "nauc_map_at_10_diff1": 77.22712088218655,
                "nauc_map_at_10_max": 63.30058912930664,
                "nauc_map_at_10_std": 18.160155214919893,
                "nauc_map_at_1_diff1": 80.61224354354235,
                "nauc_map_at_1_max": 62.572123712325435,
                "nauc_map_at_1_std": 14.871521237919676,
                "nauc_map_at_20_diff1": 77.07286173147263,
                "nauc_map_at_20_max": 63.202977088050595,
                "nauc_map_at_20_std": 18.57384319939196,
                "nauc_map_at_3_diff1": 77.7109995359582,
                "nauc_map_at_3_max": 63.78258137206212,
                "nauc_map_at_3_std": 18.042684958317746,
                "nauc_map_at_5_diff1": 77.5173268034033,
                "nauc_map_at_5_max": 63.60896273345633,
                "nauc_map_at_5_std": 18.337375109892935,
                "nauc_mrr_at_1000_diff1": 77.20209036966065,
                "nauc_mrr_at_1000_max": 62.97580811011348,
                "nauc_mrr_at_1000_std": 18.44115737398761,
                "nauc_mrr_at_100_diff1": 77.18226388841661,
                "nauc_mrr_at_100_max": 62.97038456010131,
                "nauc_mrr_at_100_std": 18.463125747032876,
                "nauc_mrr_at_10_diff1": 77.36328933490991,
                "nauc_mrr_at_10_max": 63.11563976266347,
                "nauc_mrr_at_10_std": 17.9835435088557,
                "nauc_mrr_at_1_diff1": 80.86832719436983,
                "nauc_mrr_at_1_max": 62.2229505238464,
                "nauc_mrr_at_1_std": 14.538993917649432,
                "nauc_mrr_at_20_diff1": 77.2097698787093,
                "nauc_mrr_at_20_max": 63.017080064318556,
                "nauc_mrr_at_20_std": 18.39623244159318,
                "nauc_mrr_at_3_diff1": 77.84444444444445,
                "nauc_mrr_at_3_max": 63.60112488521577,
                "nauc_mrr_at_3_std": 17.869513314967858,
                "nauc_mrr_at_5_diff1": 77.65216072112915,
                "nauc_mrr_at_5_max": 63.425697442969195,
                "nauc_mrr_at_5_std": 18.162393013741234,
                "nauc_ndcg_at_1000_diff1": 75.47130124736644,
                "nauc_ndcg_at_1000_max": 62.72720721246217,
                "nauc_ndcg_at_1000_std": 21.168388385323816,
                "nauc_ndcg_at_100_diff1": 74.89812399955154,
                "nauc_ndcg_at_100_max": 62.474891176235936,
                "nauc_ndcg_at_100_std": 21.705385352598352,
                "nauc_ndcg_at_10_diff1": 75.69785924655157,
                "nauc_ndcg_at_10_max": 62.99877901137755,
                "nauc_ndcg_at_10_std": 19.277137244210792,
                "nauc_ndcg_at_1_diff1": 80.61224354354235,
                "nauc_ndcg_at_1_max": 62.572123712325435,
                "nauc_ndcg_at_1_std": 14.871521237919676,
                "nauc_ndcg_at_20_diff1": 75.0990592321159,
                "nauc_ndcg_at_20_max": 62.6109408298258,
                "nauc_ndcg_at_20_std": 20.860473361161567,
                "nauc_ndcg_at_3_diff1": 76.8207938549394,
                "nauc_ndcg_at_3_max": 64.06713431084022,
                "nauc_ndcg_at_3_std": 19.115482194273362,
                "nauc_ndcg_at_5_diff1": 76.46349661203512,
                "nauc_ndcg_at_5_max": 63.75385264512038,
                "nauc_ndcg_at_5_std": 19.66201253273682,
                "nauc_precision_at_1000_diff1": 59.81158632607264,
                "nauc_precision_at_1000_max": 59.760023412349916,
                "nauc_precision_at_1000_std": 62.485193082207935,
                "nauc_precision_at_100_diff1": 62.08543769977759,
                "nauc_precision_at_100_max": 57.926010729102806,
                "nauc_precision_at_100_std": 43.01747151823387,
                "nauc_precision_at_10_diff1": 70.17035828112795,
                "nauc_precision_at_10_max": 61.55881019301375,
                "nauc_precision_at_10_std": 22.977660426034763,
                "nauc_precision_at_1_diff1": 80.61224354354235,
                "nauc_precision_at_1_max": 62.572123712325435,
                "nauc_precision_at_1_std": 14.871521237919676,
                "nauc_precision_at_20_diff1": 66.83361017733561,
                "nauc_precision_at_20_max": 59.54232843146045,
                "nauc_precision_at_20_std": 30.852559940015073,
                "nauc_precision_at_3_diff1": 74.15534470940514,
                "nauc_precision_at_3_max": 64.88848804069414,
                "nauc_precision_at_3_std": 22.362855802878954,
                "nauc_precision_at_5_diff1": 73.13872413328627,
                "nauc_precision_at_5_max": 64.11963501694296,
                "nauc_precision_at_5_std": 23.897642502455515,
                "nauc_recall_at_1000_diff1": 59.81158632607252,
                "nauc_recall_at_1000_max": 59.76002341234993,
                "nauc_recall_at_1000_std": 62.48519308220787,
                "nauc_recall_at_100_diff1": 62.08543769977762,
                "nauc_recall_at_100_max": 57.92601072910286,
                "nauc_recall_at_100_std": 43.01747151823391,
                "nauc_recall_at_10_diff1": 70.170358281128,
                "nauc_recall_at_10_max": 61.55881019301381,
                "nauc_recall_at_10_std": 22.97766042603487,
                "nauc_recall_at_1_diff1": 80.61224354354235,
                "nauc_recall_at_1_max": 62.572123712325435,
                "nauc_recall_at_1_std": 14.871521237919676,
                "nauc_recall_at_20_diff1": 66.83361017733564,
                "nauc_recall_at_20_max": 59.54232843146045,
                "nauc_recall_at_20_std": 30.85255994001517,
                "nauc_recall_at_3_diff1": 74.15534470940513,
                "nauc_recall_at_3_max": 64.88848804069413,
                "nauc_recall_at_3_std": 22.362855802878926,
                "nauc_recall_at_5_diff1": 73.13872413328633,
                "nauc_recall_at_5_max": 64.11963501694305,
                "nauc_recall_at_5_std": 23.897642502455604,
                "ndcg_at_1": 48.9,
                "ndcg_at_10": 56.908,
                "ndcg_at_100": 59.992999999999995,
                "ndcg_at_1000": 61.583,
                "ndcg_at_20": 58.044,
                "ndcg_at_3": 54.051,
                "ndcg_at_5": 55.54,
                "precision_at_1": 48.9,
                "precision_at_10": 6.529999999999999,
                "precision_at_100": 0.803,
                "precision_at_1000": 0.093,
                "precision_at_20": 3.49,
                "precision_at_3": 19.167,
                "precision_at_5": 12.22,
                "recall_at_1": 48.9,
                "recall_at_10": 65.3,
                "recall_at_100": 80.30000000000001,