{
    "dataset_revision": "6d1962c527217f8927fca80f890f14f36b2802af",
    "task_name": "MIRACLReranking",
    "evaluation_time": NaN,
    "mteb_version": "unknown",
    "scores": {
        "dev": [
            {
                "hf_subset": "ru",
                "languages": [
                    "rus-Cyrl"
                ],
                "MAP@1(MIRACL)": 29.729,
                "MAP@10(MIRACL)": 48.713,
                "MAP@100(MIRACL)": 50.792,
                "MAP@1000(MIRACL)": 50.792,
                "MAP@20(MIRACL)": 50.197,
                "MAP@3(MIRACL)": 41.8,
                "MAP@5(MIRACL)": 45.706,
                "NDCG@1(MIRACL)": 49.158,
                "NDCG@10(MIRACL)": 56.550999999999995,
                "NDCG@100(MIRACL)": 60.829,
                "NDCG@1000(MIRACL)": 60.829,
                "NDCG@20(MIRACL)": 59.229,
                "NDCG@3(MIRACL)": 50.397000000000006,
                "NDCG@5(MIRACL)": 53.105000000000004,
                "P@1(MIRACL)": 49.158,
                "P@10(MIRACL)": 14.908,
                "P@100(MIRACL)": 1.9529999999999998,
                "P@1000(MIRACL)": 0.19499999999999998,
                "P@20(MIRACL)": 8.753,
                "P@3(MIRACL)": 31.061,
                "P@5(MIRACL)": 23.785,
                "Recall@1(MIRACL)": 29.729,
                "Recall@10(MIRACL)": 67.223,
                "Recall@100(MIRACL)": 79.952,
                "Recall@1000(MIRACL)": 79.952,
                "Recall@20(MIRACL)": 74.417,
                "Recall@3(MIRACL)": 49.073,
                "Recall@5(MIRACL)": 58.094,
                "main_score": 56.550999999999995,
                "nAUC_MAP@1000_diff1(MIRACL)": 19.222716664871324,
                "nAUC_MAP@1000_max(MIRACL)": 28.91315309273525,
                "nAUC_MAP@1000_std(MIRACL)": 15.773770301363973,
                "nAUC_MAP@100_diff1(MIRACL)": 19.222716664871324,
                "nAUC_MAP@100_max(MIRACL)": 28.91315309273525,
                "nAUC_MAP@100_std(MIRACL)": 15.773770301363973,
                "nAUC_MAP@10_diff1(MIRACL)": 21.16716217839532,
                "nAUC_MAP@10_max(MIRACL)": 26.58073750952478,
                "nAUC_MAP@10_std(MIRACL)": 14.98546699381452,
                "nAUC_MAP@1_diff1(MIRACL)": 37.50928508734578,
                "nAUC_MAP@1_max(MIRACL)": 13.158704351998995,
                "nAUC_MAP@1_std(MIRACL)": 4.422878276220556,
                "nAUC_MAP@20_diff1(MIRACL)": 19.951045759045467,
                "nAUC_MAP@20_max(MIRACL)": 28.25165991244302,
                "nAUC_MAP@20_std(MIRACL)": 15.850363419877105,
                "nAUC_MAP@3_diff1(MIRACL)": 27.774164479669988,
                "nAUC_MAP@3_max(MIRACL)": 20.738889611307496,
                "nAUC_MAP@3_std(MIRACL)": 9.22491952318088,
                "nAUC_MAP@5_diff1(MIRACL)": 23.86089217267443,
                "nAUC_MAP@5_max(MIRACL)": 23.19878810494586,
                "nAUC_MAP@5_std(MIRACL)": 11.851875808858123,
                "nAUC_NDCG@1000_diff1(MIRACL)": 9.459016218726891,
                "nAUC_NDCG@1000_max(MIRACL)": 38.018030050210896,
                "nAUC_NDCG@1000_std(MIRACL)": 20.555997574199246,
                "nAUC_NDCG@100_diff1(MIRACL)": 9.459016218726891,
                "nAUC_NDCG@100_max(MIRACL)": 38.018030050210896,
                "nAUC_NDCG@100_std(MIRACL)": 20.555997574199246,
                "nAUC_NDCG@10_diff1(MIRACL)": 14.2494195957649,
                "nAUC_NDCG@10_max(MIRACL)": 32.87676976986289,
                "nAUC_NDCG@10_std(MIRACL)": 19.469852065776976,
                "nAUC_NDCG@1_diff1(MIRACL)": 23.312659021070818,
                "nAUC_NDCG@1_max(MIRACL)": 31.554119919664593,
                "nAUC_NDCG@1_std(MIRACL)": 17.533789813864466,
                "nAUC_NDCG@20_diff1(MIRACL)": 11.694064829915717,
                "nAUC_NDCG@20_max(MIRACL)": 36.12122229242797,
                "nAUC_NDCG@20_std(MIRACL)": 20.886325245384313,
                "nAUC_NDCG@3_diff1(MIRACL)": 19.70964037059834,
                "nAUC_NDCG@3_max(MIRACL)": 28.271224651385758,
                "nAUC_NDCG@3_std(MIRACL)": 14.182889320426757,
                "nAUC_NDCG@5_diff1(MIRACL)": 17.143482434537635,
                "nAUC_NDCG@5_max(MIRACL)": 28.911278684121744,
                "nAUC_NDCG@5_std(MIRACL)": 15.83019582479379,
                "nAUC_P@1000_diff1(MIRACL)": -28.806220159210838,
                "nAUC_P@1000_max(MIRACL)": 30.19137414854295,
                "nAUC_P@1000_std(MIRACL)": 15.577217138606922,
                "nAUC_P@100_diff1(MIRACL)": -28.8062201592108,
                "nAUC_P@100_max(MIRACL)": 30.191374148543016,
                "nAUC_P@100_std(MIRACL)": 15.577217138606963,
                "nAUC_P@10_diff1(MIRACL)": -23.950963396253567,
                "nAUC_P@10_max(MIRACL)": 32.31620562041691,
                "nAUC_P@10_std(MIRACL)": 22.76652888514141,
                "nAUC_P@1_diff1(MIRACL)": 23.312659021070818,
                "nAUC_P@1_max(MIRACL)": 31.554119919664593,
                "nAUC_P@1_std(MIRACL)": 17.533789813864466,
                "nAUC_P@20_diff1(MIRACL)": -26.522109242426172,
                "nAUC_P@20_max(MIRACL)": 31.490097667881027,
                "nAUC_P@20_std(MIRACL)": 20.51757471839622,
                "nAUC_P@3_diff1(MIRACL)": -8.494670555442749,
                "nAUC_P@3_max(MIRACL)": 33.197306356212295,
                "nAUC_P@3_std(MIRACL)": 18.96447162170764,
                "nAUC_P@5_diff1(MIRACL)": -19.15325386641154,
                "nAUC_P@5_max(MIRACL)": 31.846463690427683,
                "nAUC_P@5_std(MIRACL)": 20.914296846825028,
                "nAUC_Recall@1000_diff1(MIRACL)": -22.62644777038629,
                "nAUC_Recall@1000_max(MIRACL)": 63.09417027858301,
                "nAUC_Recall@1000_std(MIRACL)": 31.96936126619333,
                "nAUC_Recall@100_diff1(MIRACL)": -22.62644777038629,
                "nAUC_Recall@100_max(MIRACL)": 63.09417027858301,
                "nAUC_Recall@100_std(MIRACL)": 31.96936126619333,
                "nAUC_Recall@10_diff1(MIRACL)": 1.389536667314163,
                "nAUC_Recall@10_max(MIRACL)": 36.80168430587649,
                "nAUC_Recall@10_std(MIRACL)": 24.6096121100626,
                "nAUC_Recall@1_diff1(MIRACL)": 37.50928508734578,
                "nAUC_Recall@1_max(MIRACL)": 13.158704351998995,
                "nAUC_Recall@1_std(MIRACL)": 4.422878276220556,
                "nAUC_Recall@20_diff1(MIRACL)": -8.586661617880036,
                "nAUC_Recall@20_max(MIRACL)": 48.977640900606715,
                "nAUC_Recall@20_std(MIRACL)": 30.787733282193763,
                "nAUC_Recall@3_diff1(MIRACL)": 20.85452801657472,
                "nAUC_Recall@3_max(MIRACL)": 20.457796008702196,
                "nAUC_Recall@3_std(MIRACL)": 10.422494162066547,
                "nAUC_Recall@5_diff1(MIRACL)": 11.294860119295114,
                "nAUC_Recall@5_max(MIRACL)": 24.55554040640634,
                "nAUC_Recall@5_std(MIRACL)": 15.07523755007524
            }
        ]
    }
}