{
    "dataset_revision": "7cf24f325c6da6195df55bef3d86b5e0616f3018",
    "task_name": "RuSTSBenchmarkSTS",
    "evaluation_time": null,
    "mteb_version": null,
    "scores": {
        "test": [
            {
                "hf_subset": "default",
                "languages": [
                    "rus-Cyrl"
                ],
                "cosine_pearson": 0.7840381860532755,
                "cosine_spearman": 0.7844128247246345,
                "euclidean_pearson": 0.7703436669125563,
                "euclidean_spearman": 0.7844009017152538,
                "main_score": 0.7844128247246345,
                "manhattan_pearson": 0.77084766201637,
                "manhattan_spearman": 0.7846899044600028,
                "pearson": 0.7840381860532755,
                "spearman": 0.7844128247246345
            }
        ]
    }
}