{
    "dataset_revision": "e077ab4cf4774a1e36d86d593b150422fafd8e8a",
    "task_name": "SICKFr",
    "evaluation_time": null,
    "mteb_version": null,
    "scores": {
        "test": [
            {
                "hf_subset": "default",
                "languages": [
                    "fra-Latn"
                ],
                "cosine_pearson": 81.36950266249254,
                "cosine_spearman": 77.4306890341242,
                "euclidean_pearson": 77.47472965962992,
                "euclidean_spearman": 77.431649040768,
                "main_score": 77.4306890341242,
                "manhattan_pearson": 77.44468465408777,
                "manhattan_spearman": 77.25503240591341,
                "pearson": 81.36950266249254,
                "spearman": 77.4306890341242
            }
        ]
    }
}