{
    "dataset_revision": "b0fddb56ed78048fa8b90373c8a3cfc37b684831",
    "task_name": "STSBenchmark",
    "evaluation_time": -1,
    "mteb_version": "0.0.0",
    "scores": {
        "test": [
            {
                "hf_subset": "default",
                "languages": [
                    "eng-Latn"
                ],
                "cosine_pearson": 84.89952732150343,
                "cosine_spearman": 86.06896054399277,
                "euclidean_pearson": 85.69195853460913,
                "euclidean_spearman": 86.06896054399277,
                "main_score": 86.06896054399277,
                "manhattan_pearson": 85.56550688049849,
                "manhattan_spearman": 85.96422284827248,
                "pearson": 84.89952732150343,
                "spearman": 86.06896054399277
            }
        ]
    }
}