{
    "dataset_revision": "f46a197baaae43b4f621051089b82a364682dfeb",
    "task_name": "CQADupstackAndroidRetrieval",
    "evaluation_time": null,
    "mteb_version": null,
    "scores": {
        "test": [
            {
                "hf_subset": "default",
                "languages": [
                    "eng-Latn"
                ],
                "map_at_1": 0.35423000000000004,
                "map_at_10": 0.47198,
                "map_at_100": 0.48899000000000004,
                "map_at_1000": 0.49004,
                "map_at_3": 0.4311499999999999,
                "map_at_5": 0.45491,
                "mrr_at_1": 0.42918,
                "mrr_at_10": 0.53299,
                "mrr_at_100": 0.54032,
                "mrr_at_1000": 0.54055,
                "mrr_at_3": 0.50453,
                "mrr_at_5": 0.52206,
                "ndcg_at_1": 0.42918,
                "ndcg_at_10": 0.5398,
                "ndcg_at_100": 0.5957,
                "ndcg_at_1000": 0.60879,
                "ndcg_at_3": 0.48224000000000006,
                "ndcg_at_5": 0.50998,
                "precision_at_1": 0.42918,
                "precision_at_10": 0.103,
                "precision_at_100": 0.01687,
                "precision_at_1000": 0.00211,
                "precision_at_3": 0.22842,
                "precision_at_5": 0.16681,
                "recall_at_1": 0.35423000000000004,
                "recall_at_10": 0.66824,
                "recall_at_100": 0.8956399999999999,
                "recall_at_1000": 0.97501,
                "recall_at_3": 0.50365,
                "recall_at_5": 0.57921,
                "main_score": 0.5398
            }
        ]
    }
}