{
  "dataset_revision": "a806e8f492e91cdcfe5a86ff6fa5cefaf2dcf11c",
  "task_name": "WiardOfWikipedia",
  "mteb_version": "2.13.1",
  "scores": {
    "test": [
      {
        "ndcg_at_1": 0.01173,
        "ndcg_at_3": 0.00829,
        "ndcg_at_5": 0.00734,
        "ndcg_at_10": 0.00776,
        "ndcg_at_20": 0.00962,
        "ndcg_at_100": 0.01839,
        "ndcg_at_1000": 0.04875,
        "map_at_1": 0.00168,
        "map_at_3": 0.00239,
        "map_at_5": 0.00269,
        "map_at_10": 0.00313,
        "map_at_20": 0.00345,
        "map_at_100": 0.00417,
        "map_at_1000": 0.00487,
        "recall_at_1": 0.00168,
        "recall_at_3": 0.00317,
        "recall_at_5": 0.00459,
        "recall_at_10": 0.00753,
        "recall_at_20": 0.01132,
        "recall_at_100": 0.03717,
        "recall_at_1000": 0.17302,
        "accuracy": 0.00168,
        "precision_at_1": 0.01173,
        "precision_at_3": 0.0074,
        "precision_at_5": 0.00642,
        "precision_at_10": 0.00527,
        "precision_at_20": 0.00396,
        "precision_at_100": 0.0026,
        "precision_at_1000": 0.00121,
        "mrr_at_1": 0.011729,
        "mrr_at_3": 0.015524,
        "mrr_at_5": 0.017654,
        "mrr_at_10": 0.019956,
        "mrr_at_20": 0.021515,
        "mrr_at_100": 0.024384,
        "mrr_at_1000": 0.025841,
        "nauc_ndcg_at_1_max": -0.019645,
        "nauc_ndcg_at_1_std": -0.180909,
        "nauc_ndcg_at_1_diff1": 0.124817,
        "nauc_ndcg_at_3_max": -0.029857,
        "nauc_ndcg_at_3_std": -0.176225,
        "nauc_ndcg_at_3_diff1": 0.068256,
        "nauc_ndcg_at_5_max": 0.001903,
        "nauc_ndcg_at_5_std": -0.173061,
        "nauc_ndcg_at_5_diff1": 0.026814,
        "nauc_ndcg_at_10_max": 0.011645,
        "nauc_ndcg_at_10_std": -0.161784,
        "nauc_ndcg_at_10_diff1": 0.001987,
        "nauc_ndcg_at_20_max": 0.014687,
        "nauc_ndcg_at_20_std": -0.13977,
        "nauc_ndcg_at_20_diff1": 0.003927,
        "nauc_ndcg_at_100_max": 0.026832,
        "nauc_ndcg_at_100_std": -0.10089,
        "nauc_ndcg_at_100_diff1": -0.027562,
        "nauc_ndcg_at_1000_max": 0.052859,
        "nauc_ndcg_at_1000_std": -0.043976,
        "nauc_ndcg_at_1000_diff1": -0.037146,
        "nauc_map_at_1_max": -0.019645,
        "nauc_map_at_1_std": -0.180909,
        "nauc_map_at_1_diff1": 0.124817,
        "nauc_map_at_3_max": -0.018449,
        "nauc_map_at_3_std": -0.172552,
        "nauc_map_at_3_diff1": 0.084946,
        "nauc_map_at_5_max": -0.000169,
        "nauc_map_at_5_std": -0.171127,
        "nauc_map_at_5_diff1": 0.058139,
        "nauc_map_at_10_max": -0.00132,
        "nauc_map_at_10_std": -0.160539,
        "nauc_map_at_10_diff1": 0.040686,
        "nauc_map_at_20_max": 0.000856,
        "nauc_map_at_20_std": -0.150461,
        "nauc_map_at_20_diff1": 0.035984,
        "nauc_map_at_100_max": 0.012856,
        "nauc_map_at_100_std": -0.139853,
        "nauc_map_at_100_diff1": 0.020477,
        "nauc_map_at_1000_max": 0.021315,
        "nauc_map_at_1000_std": -0.129825,
        "nauc_map_at_1000_diff1": 0.013989,
        "nauc_recall_at_1_max": -0.019645,
        "nauc_recall_at_1_std": -0.180909,
        "nauc_recall_at_1_diff1": 0.124817,
        "nauc_recall_at_3_max": -0.035989,
        "nauc_recall_at_3_std": -0.179574,
        "nauc_recall_at_3_diff1": 0.045175,
        "nauc_recall_at_5_max": 0.01948,
        "nauc_recall_at_5_std": -0.172937,
        "nauc_recall_at_5_diff1": -0.01911,
        "nauc_recall_at_10_max": 0.029474,
        "nauc_recall_at_10_std": -0.155845,
        "nauc_recall_at_10_diff1": -0.042889,
        "nauc_recall_at_20_max": 0.030058,
        "nauc_recall_at_20_std": -0.121002,
        "nauc_recall_at_20_diff1": -0.024787,
        "nauc_recall_at_100_max": 0.035468,
        "nauc_recall_at_100_std": -0.071216,
        "nauc_recall_at_100_diff1": -0.05422,
        "nauc_recall_at_1000_max": 0.063649,
        "nauc_recall_at_1000_std": -0.000217,
        "nauc_recall_at_1000_diff1": -0.051599,
        "nauc_precision_at_1_max": -0.019645,
        "nauc_precision_at_1_std": -0.180909,
        "nauc_precision_at_1_diff1": 0.124817,
        "nauc_precision_at_3_max": -0.035989,
        "nauc_precision_at_3_std": -0.179574,
        "nauc_precision_at_3_diff1": 0.045175,
        "nauc_precision_at_5_max": 0.01948,
        "nauc_precision_at_5_std": -0.172937,
        "nauc_precision_at_5_diff1": -0.01911,
        "nauc_precision_at_10_max": 0.029474,
        "nauc_precision_at_10_std": -0.155845,
        "nauc_precision_at_10_diff1": -0.042889,
        "nauc_precision_at_20_max": 0.030058,
        "nauc_precision_at_20_std": -0.121002,
        "nauc_precision_at_20_diff1": -0.024787,
        "nauc_precision_at_100_max": 0.035213,
        "nauc_precision_at_100_std": -0.070857,
        "nauc_precision_at_100_diff1": -0.054213,
        "nauc_precision_at_1000_max": 0.062817,
        "nauc_precision_at_1000_std": 0.000945,
        "nauc_precision_at_1000_diff1": -0.051379,
        "nauc_mrr_at_1_max": -0.019645,
        "nauc_mrr_at_1_std": -0.180909,
        "nauc_mrr_at_1_diff1": 0.124817,
        "nauc_mrr_at_3_max": -0.036347,
        "nauc_mrr_at_3_std": -0.177487,
        "nauc_mrr_at_3_diff1": 0.072896,
        "nauc_mrr_at_5_max": -0.014689,
        "nauc_mrr_at_5_std": -0.175372,
        "nauc_mrr_at_5_diff1": 0.045756,
        "nauc_mrr_at_10_max": -0.000907,
        "nauc_mrr_at_10_std": -0.172013,
        "nauc_mrr_at_10_diff1": 0.03032,
        "nauc_mrr_at_20_max": -0.000696,
        "nauc_mrr_at_20_std": -0.160974,
        "nauc_mrr_at_20_diff1": 0.030333,
        "nauc_mrr_at_100_max": 0.002084,
        "nauc_mrr_at_100_std": -0.148578,
        "nauc_mrr_at_100_diff1": 0.020654,
        "nauc_mrr_at_1000_max": 0.003236,
        "nauc_mrr_at_1000_std": -0.146031,
        "nauc_mrr_at_1000_diff1": 0.020816,
        "hit_rate_at_1": 0.01173,
        "hit_rate_at_3": 0.02084,
        "hit_rate_at_5": 0.03074,
        "hit_rate_at_10": 0.04874,
        "hit_rate_at_20": 0.07071,
        "hit_rate_at_100": 0.20485,
        "hit_rate_at_1000": 0.6355,
        "main_score": 0.00776,
        "hf_subset": "default",
        "languages": [
          "eng-Latn"
        ]
      }
    ]
  },
  "evaluation_time": 138.9438648223877,
  "kg_co2_emissions": null,
  "date": 1779503806.474473
}