{
  "dataset_revision": "6c3cdf6f102151dbbbbc1d2cf999b305eba44dae",
  "task_name": "FiQA2018-VN",
  "mteb_version": "2.8.1",
  "scores": {
    "test": [
      {
        "ndcg_at_1": 0.06332,
        "ndcg_at_3": 0.06012,
        "ndcg_at_5": 0.06318,
        "ndcg_at_10": 0.07379,
        "ndcg_at_20": 0.08377,
        "ndcg_at_100": 0.11084,
        "ndcg_at_1000": 0.15692,
        "map_at_1": 0.02903,
        "map_at_3": 0.04137,
        "map_at_5": 0.0452,
        "map_at_10": 0.05024,
        "map_at_20": 0.0529,
        "map_at_100": 0.05688,
        "map_at_1000": 0.05852,
        "recall_at_1": 0.02903,
        "recall_at_3": 0.05517,
        "recall_at_5": 0.07001,
        "recall_at_10": 0.10071,
        "recall_at_20": 0.13494,
        "recall_at_100": 0.24949,
        "recall_at_1000": 0.54703,
        "accuracy": 0.02903,
        "precision_at_1": 0.06332,
        "precision_at_3": 0.04134,
        "precision_at_5": 0.03113,
        "precision_at_10": 0.02243,
        "precision_at_20": 0.01478,
        "precision_at_100": 0.00602,
        "precision_at_1000": 0.00137,
        "mrr_at_1": 0.063325,
        "mrr_at_3": 0.083553,
        "mrr_at_5": 0.088039,
        "mrr_at_10": 0.094696,
        "mrr_at_20": 0.098124,
        "mrr_at_100": 0.102342,
        "mrr_at_1000": 0.103777,
        "nauc_ndcg_at_1_max": 0.239518,
        "nauc_ndcg_at_1_std": -0.006435,
        "nauc_ndcg_at_1_diff1": 0.275931,
        "nauc_ndcg_at_3_max": 0.219952,
        "nauc_ndcg_at_3_std": -0.015704,
        "nauc_ndcg_at_3_diff1": 0.182322,
        "nauc_ndcg_at_5_max": 0.192018,
        "nauc_ndcg_at_5_std": -0.026815,
        "nauc_ndcg_at_5_diff1": 0.162912,
        "nauc_ndcg_at_10_max": 0.15503,
        "nauc_ndcg_at_10_std": -0.028063,
        "nauc_ndcg_at_10_diff1": 0.119338,
        "nauc_ndcg_at_20_max": 0.152684,
        "nauc_ndcg_at_20_std": -0.017602,
        "nauc_ndcg_at_20_diff1": 0.096011,
        "nauc_ndcg_at_100_max": 0.136919,
        "nauc_ndcg_at_100_std": 0.017459,
        "nauc_ndcg_at_100_diff1": 0.085997,
        "nauc_ndcg_at_1000_max": 0.129877,
        "nauc_ndcg_at_1000_std": 0.055224,
        "nauc_ndcg_at_1000_diff1": 0.080076,
        "nauc_map_at_1_max": 0.301714,
        "nauc_map_at_1_std": 0.008863,
        "nauc_map_at_1_diff1": 0.293149,
        "nauc_map_at_3_max": 0.226912,
        "nauc_map_at_3_std": -0.019623,
        "nauc_map_at_3_diff1": 0.197185,
        "nauc_map_at_5_max": 0.210067,
        "nauc_map_at_5_std": -0.017888,
        "nauc_map_at_5_diff1": 0.190406,
        "nauc_map_at_10_max": 0.19258,
        "nauc_map_at_10_std": -0.018919,
        "nauc_map_at_10_diff1": 0.163345,
        "nauc_map_at_20_max": 0.192279,
        "nauc_map_at_20_std": -0.013232,
        "nauc_map_at_20_diff1": 0.154595,
        "nauc_map_at_100_max": 0.193967,
        "nauc_map_at_100_std": 2.9e-05,
        "nauc_map_at_100_diff1": 0.152628,
        "nauc_map_at_1000_max": 0.191683,
        "nauc_map_at_1000_std": 0.002356,
        "nauc_map_at_1000_diff1": 0.151704,
        "nauc_recall_at_1_max": 0.301714,
        "nauc_recall_at_1_std": 0.008863,
        "nauc_recall_at_1_diff1": 0.293149,
        "nauc_recall_at_3_max": 0.181838,
        "nauc_recall_at_3_std": -0.050925,
        "nauc_recall_at_3_diff1": 0.114153,
        "nauc_recall_at_5_max": 0.117567,
        "nauc_recall_at_5_std": -0.045241,
        "nauc_recall_at_5_diff1": 0.087713,
        "nauc_recall_at_10_max": 0.079227,
        "nauc_recall_at_10_std": -0.041956,
        "nauc_recall_at_10_diff1": 0.032683,
        "nauc_recall_at_20_max": 0.090217,
        "nauc_recall_at_20_std": -0.018803,
        "nauc_recall_at_20_diff1": -0.0058,
        "nauc_recall_at_100_max": 0.033756,
        "nauc_recall_at_100_std": 0.044375,
        "nauc_recall_at_100_diff1": -0.03757,
        "nauc_recall_at_1000_max": -0.001994,
        "nauc_recall_at_1000_std": 0.164822,
        "nauc_recall_at_1000_diff1": -0.062361,
        "nauc_precision_at_1_max": 0.239518,
        "nauc_precision_at_1_std": -0.006435,
        "nauc_precision_at_1_diff1": 0.275931,
        "nauc_precision_at_3_max": 0.174849,
        "nauc_precision_at_3_std": 0.015834,
        "nauc_precision_at_3_diff1": 0.129445,
        "nauc_precision_at_5_max": 0.178661,
        "nauc_precision_at_5_std": -0.005165,
        "nauc_precision_at_5_diff1": 0.116829,
        "nauc_precision_at_10_max": 0.145601,
        "nauc_precision_at_10_std": 0.002147,
        "nauc_precision_at_10_diff1": 0.071691,
        "nauc_precision_at_20_max": 0.139633,
        "nauc_precision_at_20_std": 0.018945,
        "nauc_precision_at_20_diff1": 0.04461,
        "nauc_precision_at_100_max": 0.153818,
        "nauc_precision_at_100_std": 0.114136,
        "nauc_precision_at_100_diff1": 0.099119,
        "nauc_precision_at_1000_max": 0.155923,
        "nauc_precision_at_1000_std": 0.163613,
        "nauc_precision_at_1000_diff1": 0.093846,
        "nauc_mrr_at_1_max": 0.239518,
        "nauc_mrr_at_1_std": -0.006435,
        "nauc_mrr_at_1_diff1": 0.275931,
        "nauc_mrr_at_3_max": 0.214779,
        "nauc_mrr_at_3_std": -0.01861,
        "nauc_mrr_at_3_diff1": 0.197966,
        "nauc_mrr_at_5_max": 0.198917,
        "nauc_mrr_at_5_std": -0.027443,
        "nauc_mrr_at_5_diff1": 0.180695,
        "nauc_mrr_at_10_max": 0.185795,
        "nauc_mrr_at_10_std": -0.028211,
        "nauc_mrr_at_10_diff1": 0.167535,
        "nauc_mrr_at_20_max": 0.184781,
        "nauc_mrr_at_20_std": -0.02373,
        "nauc_mrr_at_20_diff1": 0.158888,
        "nauc_mrr_at_100_max": 0.18306,
        "nauc_mrr_at_100_std": -0.019324,
        "nauc_mrr_at_100_diff1": 0.159063,
        "nauc_mrr_at_1000_max": 0.182899,
        "nauc_mrr_at_1000_std": -0.019134,
        "nauc_mrr_at_1000_diff1": 0.158969,
        "cv_recall_at_1": 0.06332,
        "cv_recall_at_3": 0.11082,
        "cv_recall_at_5": 0.13193,
        "cv_recall_at_10": 0.17942,
        "cv_recall_at_20": 0.22955,
        "cv_recall_at_100": 0.40106,
        "cv_recall_at_1000": 0.74406,
        "main_score": 0.07379,
        "hf_subset": "default",
        "languages": [
          "vie-Latn"
        ]
      }
    ]
  },
  "evaluation_time": 155.69733452796936,
  "kg_co2_emissions": null
}