{
  "dataset_revision": "d3369206326f66e102b13eecbe3bf1d670f99013",
  "task_name": "HotpotQA-Fa",
  "mteb_version": "1.28.6",
  "scores": {
    "test": [
      {
        "ndcg_at_1": 0.12937,
        "ndcg_at_3": 0.10353,
        "ndcg_at_5": 0.11171,
        "ndcg_at_10": 0.1194,
        "ndcg_at_20": 0.12808,
        "ndcg_at_100": 0.14439,
        "ndcg_at_1000": 0.16643,
        "map_at_1": 0.06469,
        "map_at_3": 0.08171,
        "map_at_5": 0.08601,
        "map_at_10": 0.08902,
        "map_at_20": 0.09129,
        "map_at_100": 0.09339,
        "map_at_1000": 0.09408,
        "recall_at_1": 0.06469,
        "recall_at_3": 0.09858,
        "recall_at_5": 0.11485,
        "recall_at_10": 0.13423,
        "recall_at_20": 0.16219,
        "recall_at_100": 0.23552,
        "recall_at_1000": 0.38488,
        "precision_at_1": 0.12937,
        "precision_at_3": 0.06572,
        "precision_at_5": 0.04594,
        "precision_at_10": 0.02685,
        "precision_at_20": 0.01622,
        "precision_at_100": 0.00471,
        "precision_at_1000": 0.00077,
        "mrr_at_1": 0.129372,
        "mrr_at_3": 0.154738,
        "mrr_at_5": 0.160876,
        "mrr_at_10": 0.165209,
        "mrr_at_20": 0.168468,
        "mrr_at_100": 0.171184,
        "mrr_at_1000": 0.171979,
        "nauc_ndcg_at_1_max": 0.387323,
        "nauc_ndcg_at_1_std": 0.146516,
        "nauc_ndcg_at_1_diff1": 0.508135,
        "nauc_ndcg_at_3_max": 0.37958,
        "nauc_ndcg_at_3_std": 0.167417,
        "nauc_ndcg_at_3_diff1": 0.420485,
        "nauc_ndcg_at_5_max": 0.374432,
        "nauc_ndcg_at_5_std": 0.174828,
        "nauc_ndcg_at_5_diff1": 0.409013,
        "nauc_ndcg_at_10_max": 0.367489,
        "nauc_ndcg_at_10_std": 0.179173,
        "nauc_ndcg_at_10_diff1": 0.395544,
        "nauc_ndcg_at_20_max": 0.364844,
        "nauc_ndcg_at_20_std": 0.186634,
        "nauc_ndcg_at_20_diff1": 0.384673,
        "nauc_ndcg_at_100_max": 0.360318,
        "nauc_ndcg_at_100_std": 0.195713,
        "nauc_ndcg_at_100_diff1": 0.368218,
        "nauc_ndcg_at_1000_max": 0.361404,
        "nauc_ndcg_at_1000_std": 0.208154,
        "nauc_ndcg_at_1000_diff1": 0.360382,
        "nauc_map_at_1_max": 0.387323,
        "nauc_map_at_1_std": 0.146516,
        "nauc_map_at_1_diff1": 0.508135,
        "nauc_map_at_3_max": 0.38677,
        "nauc_map_at_3_std": 0.167507,
        "nauc_map_at_3_diff1": 0.440742,
        "nauc_map_at_5_max": 0.384646,
        "nauc_map_at_5_std": 0.173214,
        "nauc_map_at_5_diff1": 0.433101,
        "nauc_map_at_10_max": 0.380858,
        "nauc_map_at_10_std": 0.175654,
        "nauc_map_at_10_diff1": 0.425485,
        "nauc_map_at_20_max": 0.379976,
        "nauc_map_at_20_std": 0.178379,
        "nauc_map_at_20_diff1": 0.42235,
        "nauc_map_at_100_max": 0.379445,
        "nauc_map_at_100_std": 0.180563,
        "nauc_map_at_100_diff1": 0.41916,
        "nauc_map_at_1000_max": 0.37954,
        "nauc_map_at_1000_std": 0.18133,
        "nauc_map_at_1000_diff1": 0.418719,
        "nauc_recall_at_1_max": 0.387323,
        "nauc_recall_at_1_std": 0.146516,
        "nauc_recall_at_1_diff1": 0.508135,
        "nauc_recall_at_3_max": 0.374114,
        "nauc_recall_at_3_std": 0.176602,
        "nauc_recall_at_3_diff1": 0.3751,
        "nauc_recall_at_5_max": 0.363823,
        "nauc_recall_at_5_std": 0.190336,
        "nauc_recall_at_5_diff1": 0.35562,
        "nauc_recall_at_10_max": 0.34493,
        "nauc_recall_at_10_std": 0.19785,
        "nauc_recall_at_10_diff1": 0.323987,
        "nauc_recall_at_20_max": 0.336588,
        "nauc_recall_at_20_std": 0.21569,
        "nauc_recall_at_20_diff1": 0.29739,
        "nauc_recall_at_100_max": 0.308498,
        "nauc_recall_at_100_std": 0.234466,
        "nauc_recall_at_100_diff1": 0.238267,
        "nauc_recall_at_1000_max": 0.280148,
        "nauc_recall_at_1000_std": 0.263881,
        "nauc_recall_at_1000_diff1": 0.179357,
        "nauc_precision_at_1_max": 0.387323,
        "nauc_precision_at_1_std": 0.146516,
        "nauc_precision_at_1_diff1": 0.508135,
        "nauc_precision_at_3_max": 0.374114,
        "nauc_precision_at_3_std": 0.176602,
        "nauc_precision_at_3_diff1": 0.3751,
        "nauc_precision_at_5_max": 0.363823,
        "nauc_precision_at_5_std": 0.190336,
        "nauc_precision_at_5_diff1": 0.35562,
        "nauc_precision_at_10_max": 0.34493,
        "nauc_precision_at_10_std": 0.19785,
        "nauc_precision_at_10_diff1": 0.323987,
        "nauc_precision_at_20_max": 0.336588,
        "nauc_precision_at_20_std": 0.21569,
        "nauc_precision_at_20_diff1": 0.29739,
        "nauc_precision_at_100_max": 0.308498,
        "nauc_precision_at_100_std": 0.234466,
        "nauc_precision_at_100_diff1": 0.238267,
        "nauc_precision_at_1000_max": 0.280148,
        "nauc_precision_at_1000_std": 0.263881,
        "nauc_precision_at_1000_diff1": 0.179357,
        "nauc_mrr_at_1_max": 0.387323,
        "nauc_mrr_at_1_std": 0.146516,
        "nauc_mrr_at_1_diff1": 0.508135,
        "nauc_mrr_at_3_max": 0.375658,
        "nauc_mrr_at_3_std": 0.159011,
        "nauc_mrr_at_3_diff1": 0.436646,
        "nauc_mrr_at_5_max": 0.371121,
        "nauc_mrr_at_5_std": 0.162132,
        "nauc_mrr_at_5_diff1": 0.42951,
        "nauc_mrr_at_10_max": 0.368888,
        "nauc_mrr_at_10_std": 0.164117,
        "nauc_mrr_at_10_diff1": 0.424889,
        "nauc_mrr_at_20_max": 0.368219,
        "nauc_mrr_at_20_std": 0.16626,
        "nauc_mrr_at_20_diff1": 0.4208,
        "nauc_mrr_at_100_max": 0.367775,
        "nauc_mrr_at_100_std": 0.166975,
        "nauc_mrr_at_100_diff1": 0.418798,
        "nauc_mrr_at_1000_max": 0.367795,
        "nauc_mrr_at_1000_std": 0.167159,
        "nauc_mrr_at_1000_diff1": 0.418615,
        "main_score": 0.1194,
        "hf_subset": "default",
        "languages": [
          "fas-Arab"
        ]
      }
    ]
  },
  "evaluation_time": 5967.759927272797,
  "kg_co2_emissions": null
}