{
  "dataset_revision": "50e79c314a7603ebc92236b66a0973d51a00ed8c",
  "evaluation_time": 1.6449975967407227,
  "kg_co2_emissions": 0.0002743456134736814,
  "mteb_version": "1.12.75",
  "scores": {
    "validation": [
      {
        "cosine_pearson": 0.7945381175326739,
        "cosine_spearman": 0.7612337214130998,
        "euclidean_pearson": 0.7676141790296939,
        "euclidean_spearman": 0.7612336771411515,
        "hf_subset": "default",
        "languages": [
          "jpn-Jpan"
        ],
        "main_score": 0.7612337214130998,
        "manhattan_pearson": 0.7680239335716053,
        "manhattan_spearman": 0.7574683509311161,
        "pearson": [
          0.7945381169284812,
          1.523071e-317
        ],
        "spearman": [
          0.761233674926109,
          5.571414219800208e-276
        ]
      }
    ]
  },
  "task_name": "JSTS"
}