{
  "dataset_revision": "406f09a45cc106a8f7b7fd0c25078883fe58cb1f",
  "mteb_dataset_name": "VieQuADRetrieval",
  "mteb_version": "1.7.52",
  "validation": {
    "evaluation_time": 7.1,
    "map_at_1": 0.10767,
    "map_at_10": 0.19999,
    "map_at_100": 0.2181,
    "map_at_1000": 0.21973,
    "map_at_20": 0.20955,
    "map_at_3": 0.16833,
    "map_at_5": 0.18459,
    "mrr_at_1": 0.21533,
    "mrr_at_10": 0.34246,
    "mrr_at_100": 0.35557,
    "mrr_at_1000": 0.35595,
    "mrr_at_20": 0.35047,
    "mrr_at_3": 0.30705,
    "mrr_at_5": 0.32624,
    "ndcg_at_1": 0.21533,
    "ndcg_at_10": 0.28236,
    "ndcg_at_100": 0.36315,
    "ndcg_at_1000": 0.39454,
    "ndcg_at_20": 0.31265,
    "ndcg_at_3": 0.21906,
    "ndcg_at_5": 0.24765,
    "precision_at_1": 0.21533,
    "precision_at_10": 0.07476,
    "precision_at_100": 0.01392,
    "precision_at_1000": 0.0018,
    "precision_at_20": 0.04714,
    "precision_at_3": 0.15332,
    "precision_at_5": 0.11465,
    "recall_at_1": 0.10767,
    "recall_at_10": 0.37378,
    "recall_at_100": 0.6958,
    "recall_at_1000": 0.90063,
    "recall_at_20": 0.47144,
    "recall_at_3": 0.22998,
    "recall_at_5": 0.28662
  }
}