{
  "dataset_revision": "6c6430d3a6d36f8d2a829195bc5dc94d7e063e53",
  "task_name": "CQADupstackUnixRetrieval",
  "mteb_version": "1.18.0",
  "scores": {
    "test": [
      {
        "ndcg_at_1": 0.14646,
        "ndcg_at_3": 0.17318,
        "ndcg_at_5": 0.18773,
        "ndcg_at_10": 0.20427,
        "ndcg_at_20": 0.2175,
        "ndcg_at_100": 0.24784,
        "ndcg_at_1000": 0.28215,
        "map_at_1": 0.12277,
        "map_at_3": 0.15452,
        "map_at_5": 0.16347,
        "map_at_10": 0.1705,
        "map_at_20": 0.17435,
        "map_at_100": 0.17838,
        "map_at_1000": 0.1797,
        "recall_at_1": 0.12277,
        "recall_at_3": 0.19271,
        "recall_at_5": 0.22968,
        "recall_at_10": 0.27897,
        "recall_at_20": 0.32731,
        "recall_at_100": 0.48299,
        "recall_at_1000": 0.73252,
        "precision_at_1": 0.14646,
        "precision_at_3": 0.0796,
        "precision_at_5": 0.05765,
        "precision_at_10": 0.03554,
        "precision_at_20": 0.02141,
        "precision_at_100": 0.00658,
        "precision_at_1000": 0.00107,
        "mrr_at_1": 0.146455,
        "mrr_at_3": 0.183924,
        "mrr_at_5": 0.193532,
        "mrr_at_10": 0.200877,
        "mrr_at_20": 0.204352,
        "mrr_at_100": 0.208158,
        "mrr_at_1000": 0.209137,
        "nauc_ndcg_at_1_max": 0.368304,
        "nauc_ndcg_at_1_std": 0.046657,
        "nauc_ndcg_at_1_diff1": 0.457733,
        "nauc_ndcg_at_3_max": 0.316092,
        "nauc_ndcg_at_3_std": 0.045643,
        "nauc_ndcg_at_3_diff1": 0.36009,
        "nauc_ndcg_at_5_max": 0.304784,
        "nauc_ndcg_at_5_std": 0.049264,
        "nauc_ndcg_at_5_diff1": 0.348794,
        "nauc_ndcg_at_10_max": 0.300456,
        "nauc_ndcg_at_10_std": 0.053954,
        "nauc_ndcg_at_10_diff1": 0.327871,
        "nauc_ndcg_at_20_max": 0.304724,
        "nauc_ndcg_at_20_std": 0.067837,
        "nauc_ndcg_at_20_diff1": 0.328682,
        "nauc_ndcg_at_100_max": 0.300348,
        "nauc_ndcg_at_100_std": 0.083515,
        "nauc_ndcg_at_100_diff1": 0.317374,
        "nauc_ndcg_at_1000_max": 0.310524,
        "nauc_ndcg_at_1000_std": 0.093439,
        "nauc_ndcg_at_1000_diff1": 0.319104,
        "nauc_map_at_1_max": 0.352458,
        "nauc_map_at_1_std": 0.020587,
        "nauc_map_at_1_diff1": 0.461206,
        "nauc_map_at_3_max": 0.321183,
        "nauc_map_at_3_std": 0.031108,
        "nauc_map_at_3_diff1": 0.383824,
        "nauc_map_at_5_max": 0.315386,
        "nauc_map_at_5_std": 0.03633,
        "nauc_map_at_5_diff1": 0.374467,
        "nauc_map_at_10_max": 0.313081,
        "nauc_map_at_10_std": 0.03921,
        "nauc_map_at_10_diff1": 0.364787,
        "nauc_map_at_20_max": 0.314148,
        "nauc_map_at_20_std": 0.043692,
        "nauc_map_at_20_diff1": 0.364356,
        "nauc_map_at_100_max": 0.314167,
        "nauc_map_at_100_std": 0.046468,
        "nauc_map_at_100_diff1": 0.362819,
        "nauc_map_at_1000_max": 0.314683,
        "nauc_map_at_1000_std": 0.047125,
        "nauc_map_at_1000_diff1": 0.362879,
        "nauc_recall_at_1_max": 0.352458,
        "nauc_recall_at_1_std": 0.020587,
        "nauc_recall_at_1_diff1": 0.461206,
        "nauc_recall_at_3_max": 0.286037,
        "nauc_recall_at_3_std": 0.037028,
        "nauc_recall_at_3_diff1": 0.313577,
        "nauc_recall_at_5_max": 0.256083,
        "nauc_recall_at_5_std": 0.053561,
        "nauc_recall_at_5_diff1": 0.279729,
        "nauc_recall_at_10_max": 0.247841,
        "nauc_recall_at_10_std": 0.065953,
        "nauc_recall_at_10_diff1": 0.230693,
        "nauc_recall_at_20_max": 0.256892,
        "nauc_recall_at_20_std": 0.105495,
        "nauc_recall_at_20_diff1": 0.233732,
        "nauc_recall_at_100_max": 0.229572,
        "nauc_recall_at_100_std": 0.166737,
        "nauc_recall_at_100_diff1": 0.186271,
        "nauc_recall_at_1000_max": 0.283277,
        "nauc_recall_at_1000_std": 0.276402,
        "nauc_recall_at_1000_diff1": 0.150549,
        "nauc_precision_at_1_max": 0.368304,
        "nauc_precision_at_1_std": 0.046657,
        "nauc_precision_at_1_diff1": 0.457733,
        "nauc_precision_at_3_max": 0.308937,
        "nauc_precision_at_3_std": 0.072241,
        "nauc_precision_at_3_diff1": 0.29898,
        "nauc_precision_at_5_max": 0.289404,
        "nauc_precision_at_5_std": 0.085529,
        "nauc_precision_at_5_diff1": 0.273297,
        "nauc_precision_at_10_max": 0.286774,
        "nauc_precision_at_10_std": 0.105599,
        "nauc_precision_at_10_diff1": 0.224506,
        "nauc_precision_at_20_max": 0.29183,
        "nauc_precision_at_20_std": 0.145398,
        "nauc_precision_at_20_diff1": 0.214515,
        "nauc_precision_at_100_max": 0.240191,
        "nauc_precision_at_100_std": 0.195405,
        "nauc_precision_at_100_diff1": 0.119237,
        "nauc_precision_at_1000_max": 0.158728,
        "nauc_precision_at_1000_std": 0.184885,
        "nauc_precision_at_1000_diff1": 0.025196,
        "nauc_mrr_at_1_max": 0.368304,
        "nauc_mrr_at_1_std": 0.046657,
        "nauc_mrr_at_1_diff1": 0.457733,
        "nauc_mrr_at_3_max": 0.331326,
        "nauc_mrr_at_3_std": 0.062535,
        "nauc_mrr_at_3_diff1": 0.374526,
        "nauc_mrr_at_5_max": 0.324868,
        "nauc_mrr_at_5_std": 0.06616,
        "nauc_mrr_at_5_diff1": 0.368145,
        "nauc_mrr_at_10_max": 0.321998,
        "nauc_mrr_at_10_std": 0.066081,
        "nauc_mrr_at_10_diff1": 0.357503,
        "nauc_mrr_at_20_max": 0.323213,
        "nauc_mrr_at_20_std": 0.069204,
        "nauc_mrr_at_20_diff1": 0.358313,
        "nauc_mrr_at_100_max": 0.321617,
        "nauc_mrr_at_100_std": 0.070049,
        "nauc_mrr_at_100_diff1": 0.356822,
        "nauc_mrr_at_1000_max": 0.322078,
        "nauc_mrr_at_1000_std": 0.070182,
        "nauc_mrr_at_1000_diff1": 0.356935,
        "main_score": 0.20427,
        "hf_subset": "default",
        "languages": [
          "eng-Latn"
        ]
      }
    ]
  },
  "evaluation_time": 61.250067472457886,
  "kg_co2_emissions": 0.005735185030813731
}