{
  "dataset_revision": "6e346642246bfb4928c560ee08640dc84d074e8c",
  "task_name": "LEMBNarrativeQARetrieval",
  "mteb_version": "1.18.0",
  "scores": {
    "test": [
      {
        "ndcg_at_1": 0.06728,
        "ndcg_at_3": 0.0896,
        "ndcg_at_5": 0.09871,
        "ndcg_at_10": 0.11101,
        "ndcg_at_20": 0.12423,
        "ndcg_at_100": 0.16849,
        "ndcg_at_1000": 0.23823,
        "map_at_1": 0.06728,
        "map_at_3": 0.08403,
        "map_at_5": 0.08907,
        "map_at_10": 0.09409,
        "map_at_20": 0.0977,
        "map_at_100": 0.10303,
        "map_at_1000": 0.10587,
        "recall_at_1": 0.06728,
        "recall_at_3": 0.10575,
        "recall_at_5": 0.12795,
        "recall_at_10": 0.16624,
        "recall_at_20": 0.21868,
        "recall_at_100": 0.46942,
        "recall_at_1000": 1.0,
        "precision_at_1": 0.06728,
        "precision_at_3": 0.03525,
        "precision_at_5": 0.02559,
        "precision_at_10": 0.01662,
        "precision_at_20": 0.01093,
        "precision_at_100": 0.00469,
        "precision_at_1000": 0.001,
        "mrr_at_1": 0.067279,
        "mrr_at_3": 0.084027,
        "mrr_at_5": 0.089066,
        "mrr_at_10": 0.094094,
        "mrr_at_20": 0.097697,
        "mrr_at_100": 0.103031,
        "mrr_at_1000": 0.105868,
        "nauc_ndcg_at_1_max": 0.267559,
        "nauc_ndcg_at_1_std": -0.008986,
        "nauc_ndcg_at_1_diff1": 0.408928,
        "nauc_ndcg_at_3_max": 0.203202,
        "nauc_ndcg_at_3_std": -0.030026,
        "nauc_ndcg_at_3_diff1": 0.298948,
        "nauc_ndcg_at_5_max": 0.185196,
        "nauc_ndcg_at_5_std": -0.04017,
        "nauc_ndcg_at_5_diff1": 0.275628,
        "nauc_ndcg_at_10_max": 0.167839,
        "nauc_ndcg_at_10_std": -0.047741,
        "nauc_ndcg_at_10_diff1": 0.252283,
        "nauc_ndcg_at_20_max": 0.154055,
        "nauc_ndcg_at_20_std": -0.053405,
        "nauc_ndcg_at_20_diff1": 0.234583,
        "nauc_ndcg_at_100_max": 0.132639,
        "nauc_ndcg_at_100_std": -0.058402,
        "nauc_ndcg_at_100_diff1": 0.219361,
        "nauc_ndcg_at_1000_max": 0.162595,
        "nauc_ndcg_at_1000_std": -0.04807,
        "nauc_ndcg_at_1000_diff1": 0.250767,
        "nauc_map_at_1_max": 0.267559,
        "nauc_map_at_1_std": -0.008986,
        "nauc_map_at_1_diff1": 0.408928,
        "nauc_map_at_3_max": 0.216519,
        "nauc_map_at_3_std": -0.025581,
        "nauc_map_at_3_diff1": 0.321027,
        "nauc_map_at_5_max": 0.205238,
        "nauc_map_at_5_std": -0.031845,
        "nauc_map_at_5_diff1": 0.306218,
        "nauc_map_at_10_max": 0.196305,
        "nauc_map_at_10_std": -0.035602,
        "nauc_map_at_10_diff1": 0.29403,
        "nauc_map_at_20_max": 0.191106,
        "nauc_map_at_20_std": -0.037713,
        "nauc_map_at_20_diff1": 0.287091,
        "nauc_map_at_100_max": 0.187217,
        "nauc_map_at_100_std": -0.039074,
        "nauc_map_at_100_diff1": 0.283565,
        "nauc_map_at_1000_max": 0.188781,
        "nauc_map_at_1000_std": -0.038409,
        "nauc_map_at_1000_diff1": 0.285217,
        "nauc_recall_at_1_max": 0.267559,
        "nauc_recall_at_1_std": -0.008986,
        "nauc_recall_at_1_diff1": 0.408928,
        "nauc_recall_at_3_max": 0.172071,
        "nauc_recall_at_3_std": -0.040444,
        "nauc_recall_at_3_diff1": 0.247547,
        "nauc_recall_at_5_max": 0.140595,
        "nauc_recall_at_5_std": -0.058984,
        "nauc_recall_at_5_diff1": 0.208194,
        "nauc_recall_at_10_max": 0.110148,
        "nauc_recall_at_10_std": -0.072787,
        "nauc_recall_at_10_diff1": 0.168675,
        "nauc_recall_at_20_max": 0.084986,
        "nauc_recall_at_20_std": -0.083043,
        "nauc_recall_at_20_diff1": 0.138584,
        "nauc_recall_at_100_max": 0.028116,
        "nauc_recall_at_100_std": -0.09166,
        "nauc_recall_at_100_diff1": 0.108248,
        "nauc_recall_at_1000_max": NaN,
        "nauc_recall_at_1000_std": NaN,
        "nauc_recall_at_1000_diff1": NaN,
        "nauc_precision_at_1_max": 0.267559,
        "nauc_precision_at_1_std": -0.008986,
        "nauc_precision_at_1_diff1": 0.408928,
        "nauc_precision_at_3_max": 0.172071,
        "nauc_precision_at_3_std": -0.040444,
        "nauc_precision_at_3_diff1": 0.247547,
        "nauc_precision_at_5_max": 0.140595,
        "nauc_precision_at_5_std": -0.058984,
        "nauc_precision_at_5_diff1": 0.208194,
        "nauc_precision_at_10_max": 0.110148,
        "nauc_precision_at_10_std": -0.072787,
        "nauc_precision_at_10_diff1": 0.168675,
        "nauc_precision_at_20_max": 0.084986,
        "nauc_precision_at_20_std": -0.083043,
        "nauc_precision_at_20_diff1": 0.138584,
        "nauc_precision_at_100_max": 0.028116,
        "nauc_precision_at_100_std": -0.09166,
        "nauc_precision_at_100_diff1": 0.108248,
        "nauc_precision_at_1000_max": 1.0,
        "nauc_precision_at_1000_std": 1.0,
        "nauc_precision_at_1000_diff1": 1.0,
        "nauc_mrr_at_1_max": 0.267559,
        "nauc_mrr_at_1_std": -0.008986,
        "nauc_mrr_at_1_diff1": 0.408928,
        "nauc_mrr_at_3_max": 0.216519,
        "nauc_mrr_at_3_std": -0.025581,
        "nauc_mrr_at_3_diff1": 0.321027,
        "nauc_mrr_at_5_max": 0.205238,
        "nauc_mrr_at_5_std": -0.031845,
        "nauc_mrr_at_5_diff1": 0.306218,
        "nauc_mrr_at_10_max": 0.196305,
        "nauc_mrr_at_10_std": -0.035602,
        "nauc_mrr_at_10_diff1": 0.29403,
        "nauc_mrr_at_20_max": 0.191106,
        "nauc_mrr_at_20_std": -0.037713,
        "nauc_mrr_at_20_diff1": 0.287091,
        "nauc_mrr_at_100_max": 0.187217,
        "nauc_mrr_at_100_std": -0.039074,
        "nauc_mrr_at_100_diff1": 0.283565,
        "nauc_mrr_at_1000_max": 0.188781,
        "nauc_mrr_at_1000_std": -0.038409,
        "nauc_mrr_at_1000_diff1": 0.285217,
        "main_score": 0.11101,
        "hf_subset": "default",
        "languages": [
          "eng-Latn"
        ]
      }
    ]
  },
  "evaluation_time": 17.072511434555054,
  "kg_co2_emissions": 0.000597849541677553
}