{
  "dataset_revision": "main",
  "task_name": "MIRACLRetrieval",
  "mteb_version": "1.34.7",
  "scores": {
    "dev": [
      {
        "ndcg_at_1": 0.73003,
        "ndcg_at_3": 0.68613,
        "ndcg_at_5": 0.69092,
        "ndcg_at_10": 0.71945,
        "ndcg_at_20": 0.74537,
        "ndcg_at_100": 0.7716,
        "ndcg_at_1000": 0.77896,
        "map_at_1": 0.38033,
        "map_at_3": 0.55366,
        "map_at_5": 0.59512,
        "map_at_10": 0.62682,
        "map_at_20": 0.64164,
        "map_at_100": 0.65016,
        "map_at_1000": 0.65082,
        "recall_at_1": 0.38033,
        "recall_at_3": 0.61551,
        "recall_at_5": 0.69472,
        "recall_at_10": 0.78386,
        "recall_at_20": 0.85147,
        "recall_at_100": 0.94334,
        "recall_at_1000": 0.98178,
        "precision_at_1": 0.73003,
        "precision_at_3": 0.46006,
        "precision_at_5": 0.33131,
        "precision_at_10": 0.19936,
        "precision_at_20": 0.11322,
        "precision_at_100": 0.02631,
        "precision_at_1000": 0.00278,
        "mrr_at_1": 0.730032,
        "mrr_at_3": 0.804446,
        "mrr_at_5": 0.812034,
        "mrr_at_10": 0.815696,
        "mrr_at_20": 0.817076,
        "mrr_at_100": 0.817517,
        "mrr_at_1000": 0.817553,
        "nauc_ndcg_at_1_max": 0.477475,
        "nauc_ndcg_at_1_std": 0.127497,
        "nauc_ndcg_at_1_diff1": 0.469083,
        "nauc_ndcg_at_3_max": 0.3368,
        "nauc_ndcg_at_3_std": 0.006765,
        "nauc_ndcg_at_3_diff1": 0.297193,
        "nauc_ndcg_at_5_max": 0.303211,
        "nauc_ndcg_at_5_std": -0.010844,
        "nauc_ndcg_at_5_diff1": 0.271488,
        "nauc_ndcg_at_10_max": 0.327445,
        "nauc_ndcg_at_10_std": 0.002585,
        "nauc_ndcg_at_10_diff1": 0.277007,
        "nauc_ndcg_at_20_max": 0.348324,
        "nauc_ndcg_at_20_std": 0.035763,
        "nauc_ndcg_at_20_diff1": 0.294784,
        "nauc_ndcg_at_100_max": 0.373173,
        "nauc_ndcg_at_100_std": 0.071255,
        "nauc_ndcg_at_100_diff1": 0.308134,
        "nauc_ndcg_at_1000_max": 0.376644,
        "nauc_ndcg_at_1000_std": 0.071301,
        "nauc_ndcg_at_1000_diff1": 0.312897,
        "nauc_map_at_1_max": 0.123143,
        "nauc_map_at_1_std": -0.128691,
        "nauc_map_at_1_diff1": 0.344728,
        "nauc_map_at_3_max": 0.204166,
        "nauc_map_at_3_std": -0.122667,
        "nauc_map_at_3_diff1": 0.274365,
        "nauc_map_at_5_max": 0.231589,
        "nauc_map_at_5_std": -0.091127,
        "nauc_map_at_5_diff1": 0.256824,
        "nauc_map_at_10_max": 0.264725,
        "nauc_map_at_10_std": -0.056819,
        "nauc_map_at_10_diff1": 0.259718,
        "nauc_map_at_20_max": 0.278453,
        "nauc_map_at_20_std": -0.038017,
        "nauc_map_at_20_diff1": 0.268053,
        "nauc_map_at_100_max": 0.286705,
        "nauc_map_at_100_std": -0.026255,
        "nauc_map_at_100_diff1": 0.270512,
        "nauc_map_at_1000_max": 0.287018,
        "nauc_map_at_1000_std": -0.026169,
        "nauc_map_at_1000_diff1": 0.270826,
        "nauc_recall_at_1_max": 0.123143,
        "nauc_recall_at_1_std": -0.128691,
        "nauc_recall_at_1_diff1": 0.344728,
        "nauc_recall_at_3_max": 0.160488,
        "nauc_recall_at_3_std": -0.154893,
        "nauc_recall_at_3_diff1": 0.218192,
        "nauc_recall_at_5_max": 0.179462,
        "nauc_recall_at_5_std": -0.105285,
        "nauc_recall_at_5_diff1": 0.166671,
        "nauc_recall_at_10_max": 0.241584,
        "nauc_recall_at_10_std": -0.036698,
        "nauc_recall_at_10_diff1": 0.155372,
        "nauc_recall_at_20_max": 0.2623,
        "nauc_recall_at_20_std": 0.037252,
        "nauc_recall_at_20_diff1": 0.181549,
        "nauc_recall_at_100_max": 0.390876,
        "nauc_recall_at_100_std": 0.2894,
        "nauc_recall_at_100_diff1": 0.229279,
        "nauc_recall_at_1000_max": 0.628426,
        "nauc_recall_at_1000_std": 0.642377,
        "nauc_recall_at_1000_diff1": 0.350133,
        "nauc_precision_at_1_max": 0.477475,
        "nauc_precision_at_1_std": 0.127497,
        "nauc_precision_at_1_diff1": 0.469083,
        "nauc_precision_at_3_max": 0.307155,
        "nauc_precision_at_3_std": 0.180266,
        "nauc_precision_at_3_diff1": 0.007914,
        "nauc_precision_at_5_max": 0.259276,
        "nauc_precision_at_5_std": 0.238897,
        "nauc_precision_at_5_diff1": -0.069073,
        "nauc_precision_at_10_max": 0.248451,
        "nauc_precision_at_10_std": 0.301534,
        "nauc_precision_at_10_diff1": -0.076638,
        "nauc_precision_at_20_max": 0.219147,
        "nauc_precision_at_20_std": 0.324871,
        "nauc_precision_at_20_diff1": -0.067176,
        "nauc_precision_at_100_max": 0.178003,
        "nauc_precision_at_100_std": 0.350036,
        "nauc_precision_at_100_diff1": -0.08538,
        "nauc_precision_at_1000_max": 0.152313,
        "nauc_precision_at_1000_std": 0.329227,
        "nauc_precision_at_1000_diff1": -0.086925,
        "nauc_mrr_at_1_max": 0.477475,
        "nauc_mrr_at_1_std": 0.127497,
        "nauc_mrr_at_1_diff1": 0.469083,
        "nauc_mrr_at_3_max": 0.530429,
        "nauc_mrr_at_3_std": 0.167568,
        "nauc_mrr_at_3_diff1": 0.461227,
        "nauc_mrr_at_5_max": 0.529908,
        "nauc_mrr_at_5_std": 0.17774,
        "nauc_mrr_at_5_diff1": 0.456457,
        "nauc_mrr_at_10_max": 0.527801,
        "nauc_mrr_at_10_std": 0.175085,
        "nauc_mrr_at_10_diff1": 0.455908,
        "nauc_mrr_at_20_max": 0.526215,
        "nauc_mrr_at_20_std": 0.173797,
        "nauc_mrr_at_20_diff1": 0.457801,
        "nauc_mrr_at_100_max": 0.525674,
        "nauc_mrr_at_100_std": 0.172984,
        "nauc_mrr_at_100_diff1": 0.458185,
        "nauc_mrr_at_1000_max": 0.525595,
        "nauc_mrr_at_1000_std": 0.172857,
        "nauc_mrr_at_1000_diff1": 0.45814,
        "main_score": 0.71945,
        "hf_subset": "ru",
        "languages": [
          "rus-Cyrl"
        ]
      }
    ]
  },
  "evaluation_time": 23098.168694734573,
  "kg_co2_emissions": null
}