{
    "dataset_revision": "None",
    "task_name": "TRECCOVID",
    "evaluation_time": null,
    "mteb_version": null,
    "scores": {
        "test": [
            {
                "hf_subset": "default",
                "languages": [
                    "eng-Latn"
                ],
                "map_at_1": 0.00159,
                "map_at_10": 0.00998,
                "map_at_100": 0.05806,
                "map_at_1000": 0.16574999999999998,
                "map_at_3": 0.00391,
                "map_at_5": 0.00596,
                "mrr_at_1": 0.56,
                "mrr_at_10": 0.687,
                "mrr_at_100": 0.68892,
                "mrr_at_1000": 0.68892,
                "mrr_at_3": 0.65667,
                "mrr_at_5": 0.68367,
                "ndcg_at_1": 0.51,
                "ndcg_at_10": 0.451,
                "ndcg_at_100": 0.36834000000000006,
                "ndcg_at_1000": 0.39329000000000003,
                "ndcg_at_3": 0.49457999999999996,
                "ndcg_at_5": 0.48177,
                "precision_at_1": 0.56,
                "precision_at_10": 0.478,
                "precision_at_100": 0.386,
                "precision_at_1000": 0.18285999999999997,
                "precision_at_3": 0.54,
                "precision_at_5": 0.524,
                "recall_at_1": 0.00159,
                "recall_at_10": 0.01251,
                "recall_at_100": 0.09237000000000001,
                "recall_at_1000": 0.38984,
                "recall_at_3": 0.0044,
                "recall_at_5": 0.00708,
                "main_score": 0.451
            }
        ]
    }
}