{
    "dataset_revision": "None",
    "task_name": "HotpotQA-PL",
    "evaluation_time": NaN,
    "mteb_version": "0.0.0",
    "scores": {
        "test": [
            {
                "hf_subset": "default",
                "languages": [
                    "pol-Latn"
                ],
                "map_at_1": 37.711,
                "map_at_10": 57.867999999999995,
                "map_at_100": 58.77,
                "map_at_1000": 58.836999999999996,
                "map_at_3": 54.400999999999996,
                "map_at_5": 56.564,
                "mrr_at_1": 75.449,
                "mrr_at_10": 81.575,
                "mrr_at_100": 81.783,
                "mrr_at_1000": 81.792,
                "mrr_at_3": 80.50399999999999,
                "mrr_at_5": 81.172,
                "ndcg_at_1": 75.422,
                "ndcg_at_10": 66.635,
                "ndcg_at_100": 69.85,
                "ndcg_at_1000": 71.179,
                "ndcg_at_3": 61.648,
                "ndcg_at_5": 64.412,
                "precision_at_1": 75.422,
                "precision_at_10": 13.962,
                "precision_at_100": 1.649,
                "precision_at_1000": 0.183,
                "precision_at_3": 39.172000000000004,
                "precision_at_5": 25.691000000000003,
                "recall_at_1": 37.711,
                "recall_at_10": 69.811,
                "recall_at_100": 82.471,
                "recall_at_1000": 91.29,
                "recall_at_3": 58.757999999999996,
                "recall_at_5": 64.227,
                "main_score": 66.635
            }
        ]
    }
}