{
    "dataset_revision": "None",
    "task_name": "NQ-PL",
    "evaluation_time": null,
    "mteb_version": null,
    "scores": {
        "test": [
            {
                "hf_subset": "default",
                "languages": [
                    "pol-Latn"
                ],
                "map_at_1": 25.476,
                "map_at_10": 38.67,
                "map_at_100": 39.784000000000006,
                "map_at_1000": 39.831,
                "map_at_3": 34.829,
                "map_at_5": 37.025000000000006,
                "mrr_at_1": 28.621000000000002,
                "mrr_at_10": 41.13,
                "mrr_at_100": 42.028,
                "mrr_at_1000": 42.059999999999995,
                "mrr_at_3": 37.877,
                "mrr_at_5": 39.763999999999996,
                "ndcg_at_1": 28.563,
                "ndcg_at_10": 45.654,
                "ndcg_at_100": 50.695,
                "ndcg_at_1000": 51.873999999999995,
                "ndcg_at_3": 38.359,
                "ndcg_at_5": 42.045,
                "precision_at_1": 28.563,
                "precision_at_10": 7.6450000000000005,
                "precision_at_100": 1.052,
                "precision_at_1000": 0.117,
                "precision_at_3": 17.458000000000002,
                "precision_at_5": 12.613,
                "recall_at_1": 25.476,
                "recall_at_10": 64.484,
                "recall_at_100": 86.96199999999999,
                "recall_at_1000": 95.872,
                "recall_at_3": 45.527,
                "recall_at_5": 54.029,
                "main_score": 45.654
            }
        ]
    }
}