{
    "dataset_revision": "None",
    "task_name": "Quora-PL",
    "evaluation_time": NaN,
    "mteb_version": "0.0.0",
    "scores": {
        "test": [
            {
                "hf_subset": "default",
                "languages": [
                    "pol-Latn"
                ],
                "map_at_1": 66.134,
                "map_at_10": 80.19,
                "map_at_100": 80.937,
                "map_at_1000": 80.95599999999999,
                "map_at_3": 77.074,
                "map_at_5": 79.054,
                "mrr_at_1": 75.88000000000001,
                "mrr_at_10": 83.226,
                "mrr_at_100": 83.403,
                "mrr_at_1000": 83.406,
                "mrr_at_3": 82.03200000000001,
                "mrr_at_5": 82.843,
                "ndcg_at_1": 75.94,
                "ndcg_at_10": 84.437,
                "ndcg_at_100": 86.13,
                "ndcg_at_1000": 86.29299999999999,
                "ndcg_at_3": 81.07799999999999,
                "ndcg_at_5": 83.0,
                "precision_at_1": 75.94,
                "precision_at_10": 12.953999999999999,
                "precision_at_100": 1.514,
                "precision_at_1000": 0.156,
                "precision_at_3": 35.61,
                "precision_at_5": 23.652,
                "recall_at_1": 66.134,
                "recall_at_10": 92.991,
                "recall_at_100": 99.003,
                "recall_at_1000": 99.86,
                "recall_at_3": 83.643,
                "recall_at_5": 88.81099999999999,
                "main_score": 84.437
            }
        ]
    }
}