{
    "dataset_revision": "None",
    "task_name": "QuoraRetrieval",
    "evaluation_time": null,
    "mteb_version": null,
    "scores": {
        "test": [
            {
                "hf_subset": "default",
                "languages": [
                    "eng-Latn"
                ],
                "map_at_1": 0.63469,
                "map_at_10": 0.76363,
                "map_at_100": 0.77138,
                "map_at_1000": 0.77169,
                "map_at_3": 0.73303,
                "map_at_5": 0.75139,
                "mrr_at_1": 0.7309,
                "mrr_at_10": 0.80379,
                "mrr_at_100": 0.80632,
                "mrr_at_1000": 0.80637,
                "mrr_at_3": 0.789,
                "mrr_at_5": 0.79832,
                "ndcg_at_1": 0.7314,
                "ndcg_at_10": 0.8099,
                "ndcg_at_100": 0.8308599999999999,
                "ndcg_at_1000": 0.8342100000000001,
                "ndcg_at_3": 0.77263,
                "ndcg_at_5": 0.79175,
                "precision_at_1": 0.7314,
                "precision_at_10": 0.12324,
                "precision_at_100": 0.014690000000000002,
                "precision_at_1000": 0.00155,
                "precision_at_3": 0.33562999999999993,
                "precision_at_5": 0.2226,
                "recall_at_1": 0.63469,
                "recall_at_10": 0.89997,
                "recall_at_100": 0.9787,
                "recall_at_1000": 0.99714,
                "recall_at_3": 0.79451,
                "recall_at_5": 0.84652,
                "main_score": 0.8099
            }
        ]
    }
}