{
  "dataset_revision": "82374b0bbacda6114f39ff9c5b925fa1512ca5d7",
  "evaluation_time": 5114.905699014664,
  "kg_co2_emissions": null,
  "mteb_version": "1.19.2",
  "scores": {
    "test": [
      {
        "hf_subset": "default",
        "languages": [
          "rus-Cyrl"
        ],
        "main_score": 0.13748,
        "map_at_1": 0.0873,
        "map_at_10": 0.11895,
        "map_at_100": 0.12412,
        "map_at_1000": 0.12474,
        "map_at_20": 0.12168,
        "map_at_3": 0.10823,
        "map_at_5": 0.11415,
        "mrr_at_1": 0.0871,
        "mrr_at_10": 0.1188381746031746,
        "mrr_at_100": 0.12400476381534634,
        "mrr_at_1000": 0.12463376096734083,
        "mrr_at_20": 0.12157594398162896,
        "mrr_at_3": 0.10811666666666668,
        "mrr_at_5": 0.11403666666666666,
        "nauc_map_at_1000_diff1": 0.3365453027327383,
        "nauc_map_at_1000_max": 0.22432012444825095,
        "nauc_map_at_1000_std": 0.20160469840455508,
        "nauc_map_at_100_diff1": 0.3369829424957315,
        "nauc_map_at_100_max": 0.22446475092037768,
        "nauc_map_at_100_std": 0.20148995083179488,
        "nauc_map_at_10_diff1": 0.3430999571779901,
        "nauc_map_at_10_max": 0.22536301982306617,
        "nauc_map_at_10_std": 0.19736049143697582,
        "nauc_map_at_1_diff1": 0.426410353105769,
        "nauc_map_at_1_max": 0.24818274496714637,
        "nauc_map_at_1_std": 0.18031417435874744,
        "nauc_map_at_20_diff1": 0.3397852362439211,
        "nauc_map_at_20_max": 0.22559015178813868,
        "nauc_map_at_20_std": 0.20006700553014092,
        "nauc_map_at_3_diff1": 0.3686667441825634,
        "nauc_map_at_3_max": 0.2357942235188482,
        "nauc_map_at_3_std": 0.1954133041693481,
        "nauc_map_at_5_diff1": 0.35470626732086524,
        "nauc_map_at_5_max": 0.22990501200143412,
        "nauc_map_at_5_std": 0.1963598299033195,
        "nauc_mrr_at_1000_diff1": 0.3374237609250784,
        "nauc_mrr_at_1000_max": 0.22420884492308718,
        "nauc_mrr_at_1000_std": 0.20126567965165532,
        "nauc_mrr_at_100_diff1": 0.33786209867310224,
        "nauc_mrr_at_100_max": 0.22435359375620972,
        "nauc_mrr_at_100_std": 0.201150756984768,
        "nauc_mrr_at_10_diff1": 0.3439953687486192,
        "nauc_mrr_at_10_max": 0.22524922276992607,
        "nauc_mrr_at_10_std": 0.197015651920589,
        "nauc_mrr_at_1_diff1": 0.42870917132157227,
        "nauc_mrr_at_1_max": 0.2478407943769626,
        "nauc_mrr_at_1_std": 0.17959643486556823,
        "nauc_mrr_at_20_diff1": 0.3406553342383306,
        "nauc_mrr_at_20_max": 0.22549094042841814,
        "nauc_mrr_at_20_std": 0.1997522580695578,
        "nauc_mrr_at_3_diff1": 0.3696718065225796,
        "nauc_mrr_at_3_max": 0.23569635196755176,
        "nauc_mrr_at_3_std": 0.1950390125000601,
        "nauc_mrr_at_5_diff1": 0.3556342609204071,
        "nauc_mrr_at_5_max": 0.2297942182692602,
        "nauc_mrr_at_5_std": 0.19600926305905167,
        "nauc_ndcg_at_1000_diff1": 0.2732941701598263,
        "nauc_ndcg_at_1000_max": 0.20710370570901807,
        "nauc_ndcg_at_1000_std": 0.2224577423128696,
        "nauc_ndcg_at_100_diff1": 0.2830153432084584,
        "nauc_ndcg_at_100_max": 0.20928846057957504,
        "nauc_ndcg_at_100_std": 0.22135646846113446,
        "nauc_ndcg_at_10_diff1": 0.30716610128998345,
        "nauc_ndcg_at_10_max": 0.21359423817153847,
        "nauc_ndcg_at_10_std": 0.20271588041919456,
        "nauc_ndcg_at_1_diff1": 0.426410353105769,
        "nauc_ndcg_at_1_max": 0.24818274496714637,
        "nauc_ndcg_at_1_std": 0.18031417435874744,
        "nauc_ndcg_at_20_diff1": 0.2977664286935497,
        "nauc_ndcg_at_20_max": 0.21463866765134215,
        "nauc_ndcg_at_20_std": 0.21173454093227914,
        "nauc_ndcg_at_3_diff1": 0.3534080745228557,
        "nauc_ndcg_at_3_max": 0.23314770228073184,
        "nauc_ndcg_at_3_std": 0.19967651056819646,
        "nauc_ndcg_at_5_diff1": 0.3308609680822211,
        "nauc_ndcg_at_5_max": 0.22322279678498724,
        "nauc_ndcg_at_5_std": 0.20084595876671754,
        "nauc_precision_at_1000_diff1": 0.11861780708871764,
        "nauc_precision_at_1000_max": 0.16754766416680686,
        "nauc_precision_at_1000_std": 0.27452146705529257,
        "nauc_precision_at_100_diff1": 0.16891607389848493,
        "nauc_precision_at_100_max": 0.17745105988317728,
        "nauc_precision_at_100_std": 0.2709996391836234,
        "nauc_precision_at_10_diff1": 0.22873247080290277,
        "nauc_precision_at_10_max": 0.1870777498626921,
        "nauc_precision_at_10_std": 0.21373359081680038,
        "nauc_precision_at_1_diff1": 0.426410353105769,
        "nauc_precision_at_1_max": 0.24818274496714637,
        "nauc_precision_at_1_std": 0.18031417435874744,
        "nauc_precision_at_20_diff1": 0.20869457467610028,
        "nauc_precision_at_20_max": 0.19205811318834354,
        "nauc_precision_at_20_std": 0.23895144642330982,
        "nauc_precision_at_3_diff1": 0.3164041200987156,
        "nauc_precision_at_3_max": 0.226896869863769,
        "nauc_precision_at_3_std": 0.21008814770204617,
        "nauc_precision_at_5_diff1": 0.275644460797996,
        "nauc_precision_at_5_max": 0.2073949384611652,
        "nauc_precision_at_5_std": 0.21086701142857248,
        "nauc_recall_at_1000_diff1": 0.11861780708871777,
        "nauc_recall_at_1000_max": 0.16754766416680728,
        "nauc_recall_at_1000_std": 0.27452146705529284,
        "nauc_recall_at_100_diff1": 0.16891607389848484,
        "nauc_recall_at_100_max": 0.17745105988317705,
        "nauc_recall_at_100_std": 0.27099963918362313,
        "nauc_recall_at_10_diff1": 0.22873247080290288,
        "nauc_recall_at_10_max": 0.1870777498626922,
        "nauc_recall_at_10_std": 0.21373359081680032,
        "nauc_recall_at_1_diff1": 0.426410353105769,
        "nauc_recall_at_1_max": 0.24818274496714637,
        "nauc_recall_at_1_std": 0.18031417435874744,
        "nauc_recall_at_20_diff1": 0.2086945746761003,
        "nauc_recall_at_20_max": 0.19205811318834334,
        "nauc_recall_at_20_std": 0.23895144642330993,
        "nauc_recall_at_3_diff1": 0.3164041200987157,
        "nauc_recall_at_3_max": 0.226896869863769,
        "nauc_recall_at_3_std": 0.210088147702046,
        "nauc_recall_at_5_diff1": 0.2756444607979961,
        "nauc_recall_at_5_max": 0.20739493846116516,
        "nauc_recall_at_5_std": 0.21086701142857253,
        "ndcg_at_1": 0.0873,
        "ndcg_at_10": 0.13748,
        "ndcg_at_100": 0.16575,
        "ndcg_at_1000": 0.1855,
        "ndcg_at_20": 0.14752,
        "ndcg_at_3": 0.11518,
        "ndcg_at_5": 0.12582,
        "precision_at_1": 0.0873,
        "precision_at_10": 0.01972,
        "precision_at_100": 0.00337,
        "precision_at_1000": 0.0005,
        "precision_at_20": 0.01186,
        "precision_at_3": 0.0451,
        "precision_at_5": 0.03222,
        "recall_at_1": 0.0873,
        "recall_at_10": 0.1972,
        "recall_at_100": 0.3367,
        "recall_at_1000": 0.4988,
        "recall_at_20": 0.2371,
        "recall_at_3": 0.1353,
        "recall_at_5": 0.1611
      }
    ]
  },
  "task_name": "RiaNewsRetrieval"
}