{
  "dataset_revision": "2e96b8f098fa4b0950fc58eacadeb31c0d0c7fa2",
  "evaluation_time": 206.9095892906189,
  "kg_co2_emissions": null,
  "mteb_version": "1.19.2",
  "scores": {
    "test": [
      {
        "hf_subset": "default",
        "languages": [
          "rus-Cyrl"
        ],
        "main_score": 0.36595660133238134,
        "map": 0.36595660133238134,
        "mrr": 0.4062975243826307,
        "nAUC_map_diff1": 0.15116356452689286,
        "nAUC_map_max": 0.14089754512122496,
        "nAUC_map_std": 0.1053770755205493,
        "nAUC_mrr_diff1": 0.14312377595592476,
        "nAUC_mrr_max": 0.13256306985702837,
        "nAUC_mrr_std": 0.08265205636921726
      }
    ]
  },
  "task_name": "RuBQReranking"
}