{
  "dataset_revision": null,
  "mteb_dataset_name": "SciFact",
  "mteb_version": "1.1.1.dev0",
  "test": {
    "evaluation_time": 201.3,
    "map_at_1": 0.59011,
    "map_at_10": 0.69129,
    "map_at_100": 0.69658,
    "map_at_1000": 0.69683,
    "map_at_3": 0.66199,
    "map_at_5": 0.67847,
    "mrr_at_1": 0.61333,
    "mrr_at_10": 0.69974,
    "mrr_at_100": 0.70373,
    "mrr_at_1000": 0.70396,
    "mrr_at_3": 0.68,
    "mrr_at_5": 0.69133,
    "ndcg_at_1": 0.61333,
    "ndcg_at_10": 0.73638,
    "ndcg_at_100": 0.75815,
    "ndcg_at_1000": 0.7634,
    "ndcg_at_3": 0.68784,
    "ndcg_at_5": 0.71075,
    "precision_at_1": 0.61333,
    "precision_at_10": 0.098,
    "precision_at_100": 0.0109,
    "precision_at_1000": 0.00113,
    "precision_at_3": 0.26556,
    "precision_at_5": 0.17667,
    "recall_at_1": 0.59011,
    "recall_at_10": 0.86489,
    "recall_at_100": 0.96167,
    "recall_at_1000": 1.0,
    "recall_at_3": 0.73617,
    "recall_at_5": 0.79011
  }
}