{
  "dataset_revision": "9935aadbad5c8deec30910489db1b2c7133ae7a7",
  "task_name": "VidoreSyntheticDocQAEnergyRetrieval",
  "mteb_version": "2.6.5",
  "scores": {
    "test": [
      {
        "ndcg_at_1": 0.96,
        "ndcg_at_3": 0.97893,
        "ndcg_at_5": 0.97893,
        "ndcg_at_10": 0.97893,
        "ndcg_at_20": 0.97893,
        "ndcg_at_100": 0.98093,
        "ndcg_at_1000": 0.98093,
        "map_at_1": 0.96,
        "map_at_3": 0.975,
        "map_at_5": 0.975,
        "map_at_10": 0.975,
        "map_at_20": 0.975,
        "map_at_100": 0.97532,
        "map_at_1000": 0.97532,
        "recall_at_1": 0.96,
        "recall_at_3": 0.99,
        "recall_at_5": 0.99,
        "recall_at_10": 0.99,
        "recall_at_20": 0.99,
        "recall_at_100": 1.0,
        "recall_at_1000": 1.0,
        "accuracy": 0.96,
        "precision_at_1": 0.96,
        "precision_at_3": 0.33,
        "precision_at_5": 0.198,
        "precision_at_10": 0.099,
        "precision_at_20": 0.0495,
        "precision_at_100": 0.01,
        "precision_at_1000": 0.001,
        "mrr_at_1": 0.96,
        "mrr_at_3": 0.975,
        "mrr_at_5": 0.975,
        "mrr_at_10": 0.975,
        "mrr_at_20": 0.975,
        "mrr_at_100": 0.975323,
        "mrr_at_1000": 0.975323,
        "nauc_ndcg_at_1_max": 0.407796,
        "nauc_ndcg_at_1_std": -0.88212,
        "nauc_ndcg_at_1_diff1": 1.0,
        "nauc_ndcg_at_3_max": 0.50194,
        "nauc_ndcg_at_3_std": -0.581237,
        "nauc_ndcg_at_3_diff1": 1.0,
        "nauc_ndcg_at_5_max": 0.50194,
        "nauc_ndcg_at_5_std": -0.581237,
        "nauc_ndcg_at_5_diff1": 1.0,
        "nauc_ndcg_at_10_max": 0.50194,
        "nauc_ndcg_at_10_std": -0.581237,
        "nauc_ndcg_at_10_diff1": 1.0,
        "nauc_ndcg_at_20_max": 0.50194,
        "nauc_ndcg_at_20_std": -0.581237,
        "nauc_ndcg_at_20_diff1": 1.0,
        "nauc_ndcg_at_100_max": 0.47884,
        "nauc_ndcg_at_100_std": -0.655064,
        "nauc_ndcg_at_100_diff1": 1.0,
        "nauc_ndcg_at_1000_max": 0.47884,
        "nauc_ndcg_at_1000_std": -0.655064,
        "nauc_ndcg_at_1000_diff1": 1.0,
        "nauc_map_at_1_max": 0.407796,
        "nauc_map_at_1_std": -0.88212,
        "nauc_map_at_1_diff1": 1.0,
        "nauc_map_at_3_max": 0.470682,
        "nauc_map_at_3_std": -0.681139,
        "nauc_map_at_3_diff1": 1.0,
        "nauc_map_at_5_max": 0.470682,
        "nauc_map_at_5_std": -0.681139,
        "nauc_map_at_5_diff1": 1.0,
        "nauc_map_at_10_max": 0.470682,
        "nauc_map_at_10_std": -0.681139,
        "nauc_map_at_10_diff1": 1.0,
        "nauc_map_at_20_max": 0.470682,
        "nauc_map_at_20_std": -0.681139,
        "nauc_map_at_20_diff1": 1.0,
        "nauc_map_at_100_max": 0.467393,
        "nauc_map_at_100_std": -0.691648,
        "nauc_map_at_100_diff1": 1.0,
        "nauc_map_at_1000_max": 0.467393,
        "nauc_map_at_1000_std": -0.691648,
        "nauc_map_at_1000_diff1": 1.0,
        "nauc_recall_at_1_max": 0.407796,
        "nauc_recall_at_1_std": -0.88212,
        "nauc_recall_at_1_diff1": 1.0,
        "nauc_recall_at_3_max": 0.722222,
        "nauc_recall_at_3_std": 0.122782,
        "nauc_recall_at_3_diff1": 1.0,
        "nauc_recall_at_5_max": 0.722222,
        "nauc_recall_at_5_std": 0.122782,
        "nauc_recall_at_5_diff1": 1.0,
        "nauc_recall_at_10_max": 0.722222,
        "nauc_recall_at_10_std": 0.122782,
        "nauc_recall_at_10_diff1": 1.0,
        "nauc_recall_at_20_max": 0.722222,
        "nauc_recall_at_20_std": 0.122782,
        "nauc_recall_at_20_diff1": 1.0,
        "nauc_recall_at_100_max": NaN,
        "nauc_recall_at_100_std": NaN,
        "nauc_recall_at_100_diff1": NaN,
        "nauc_recall_at_1000_max": NaN,
        "nauc_recall_at_1000_std": NaN,
        "nauc_recall_at_1000_diff1": NaN,
        "nauc_precision_at_1_max": 0.407796,
        "nauc_precision_at_1_std": -0.88212,
        "nauc_precision_at_1_diff1": 1.0,
        "nauc_precision_at_3_max": 0.722222,
        "nauc_precision_at_3_std": 0.122782,
        "nauc_precision_at_3_diff1": 1.0,
        "nauc_precision_at_5_max": 0.722222,
        "nauc_precision_at_5_std": 0.122782,
        "nauc_precision_at_5_diff1": 1.0,
        "nauc_precision_at_10_max": 0.722222,
        "nauc_precision_at_10_std": 0.122782,
        "nauc_precision_at_10_diff1": 1.0,
        "nauc_precision_at_20_max": 0.722222,
        "nauc_precision_at_20_std": 0.122782,
        "nauc_precision_at_20_diff1": 1.0,
        "nauc_precision_at_100_max": NaN,
        "nauc_precision_at_100_std": NaN,
        "nauc_precision_at_100_diff1": NaN,
        "nauc_precision_at_1000_max": NaN,
        "nauc_precision_at_1000_std": NaN,
        "nauc_precision_at_1000_diff1": NaN,
        "nauc_mrr_at_1_max": 0.407796,
        "nauc_mrr_at_1_std": -0.88212,
        "nauc_mrr_at_1_diff1": 1.0,
        "nauc_mrr_at_3_max": 0.470682,
        "nauc_mrr_at_3_std": -0.681139,
        "nauc_mrr_at_3_diff1": 1.0,
        "nauc_mrr_at_5_max": 0.470682,
        "nauc_mrr_at_5_std": -0.681139,
        "nauc_mrr_at_5_diff1": 1.0,
        "nauc_mrr_at_10_max": 0.470682,
        "nauc_mrr_at_10_std": -0.681139,
        "nauc_mrr_at_10_diff1": 1.0,
        "nauc_mrr_at_20_max": 0.470682,
        "nauc_mrr_at_20_std": -0.681139,
        "nauc_mrr_at_20_diff1": 1.0,
        "nauc_mrr_at_100_max": 0.467393,
        "nauc_mrr_at_100_std": -0.691648,
        "nauc_mrr_at_100_diff1": 1.0,
        "nauc_mrr_at_1000_max": 0.467393,
        "nauc_mrr_at_1000_std": -0.691648,
        "nauc_mrr_at_1000_diff1": 1.0,
        "cv_recall_at_1": 0.96,
        "cv_recall_at_3": 0.99,
        "cv_recall_at_5": 0.99,
        "cv_recall_at_10": 0.99,
        "cv_recall_at_20": 0.99,
        "cv_recall_at_100": 1.0,
        "cv_recall_at_1000": 1.0,
        "main_score": 0.97893,
        "hf_subset": "default",
        "languages": [
          "eng-Latn"
        ]
      }
    ]
  },
  "evaluation_time": 135.8614046573639,
  "kg_co2_emissions": null
}