{
  "dataset_revision": "5bcb200531714f6154690ad4914e8a71188579c3",
  "task_name": "GTZANAudioReranking",
  "mteb_version": "1.38.33",
  "scores": {
    "test": [
      {
        "map": 0.591956,
        "mrr": 0.711206,
        "mrr@10": 0.711206,
        "nAUC_map_max": 0.087107,
        "nAUC_map_std": 0.144657,
        "nAUC_map_diff1": 0.091867,
        "nAUC_mrr_max": 0.120751,
        "nAUC_mrr_std": -0.055639,
        "nAUC_mrr_diff1": 0.167074,
        "main_score": 0.591956,
        "hf_subset": "default",
        "languages": [
          "eng-Latn"
        ]
      }
    ]
  },
  "evaluation_time": 482.07874727249146,
  "kg_co2_emissions": null
}