{
    "dataset_revision": "7e90230a92c190f1bf69ae9002b8cea547a64cca",
    "task_name": "STS13",
    "evaluation_time": null,
    "mteb_version": null,
    "scores": {
        "test": [
            {
                "hf_subset": "default",
                "languages": [
                    "eng-Latn"
                ],
                "pearson": 0.7789459999999999,
                "spearman": 0.804405,
                "cosine_pearson": 0.7789459999999999,
                "cosine_spearman": 0.804405,
                "manhattan_pearson": 0.7968559999999999,
                "manhattan_spearman": 0.801236,
                "euclidean_pearson": 0.8003149999999999,
                "euclidean_spearman": 0.8044059999999998,
                "main_score": 0.804405
            }
        ]
    }
}