{
  "dataset_revision": "a9f994925551c14503d00d86f1307bac6e2ead6a",
  "evaluation_time": 26.367526054382324,
  "kg_co2_emissions": null,
  "mteb_version": "1.14.15",
  "scores": {
    "test": [
      {
        "accuracy": 0.44527,
        "cv_recall_at_1": 0.44527,
        "cv_recall_at_10": 1.0,
        "cv_recall_at_100": 1.0,
        "cv_recall_at_1000": 1.0,
        "cv_recall_at_20": 1.0,
        "cv_recall_at_3": 1.0,
        "cv_recall_at_5": 1.0,
        "hf_subset": "default",
        "languages": [
          "eng-Latn"
        ],
        "main_score": 0.44527,
        "map_at_1": 0.44527,
        "map_at_10": 0.72264,
        "map_at_100": 0.72264,
        "map_at_1000": 0.72264,
        "map_at_20": 0.72264,
        "map_at_3": 0.72264,
        "map_at_5": 0.72264,
        "mrr_at_1": 0.44527363184079605,
        "mrr_at_10": 0.722636815920398,
        "mrr_at_100": 0.722636815920398,
        "mrr_at_1000": 0.722636815920398,
        "mrr_at_20": 0.722636815920398,
        "mrr_at_3": 0.722636815920398,
        "mrr_at_5": 0.722636815920398,
        "nauc_cv_recall_at_1000_diff1": NaN,
        "nauc_cv_recall_at_1000_max": NaN,
        "nauc_cv_recall_at_1000_std": NaN,
        "nauc_cv_recall_at_100_diff1": NaN,
        "nauc_cv_recall_at_100_max": NaN,
        "nauc_cv_recall_at_100_std": NaN,
        "nauc_cv_recall_at_10_diff1": NaN,
        "nauc_cv_recall_at_10_max": NaN,
        "nauc_cv_recall_at_10_std": NaN,
        "nauc_cv_recall_at_1_diff1": -0.24579477084778362,
        "nauc_cv_recall_at_1_max": -0.2634842900723661,
        "nauc_cv_recall_at_1_std": -0.1715022477183096,
        "nauc_cv_recall_at_20_diff1": NaN,
        "nauc_cv_recall_at_20_max": NaN,
        "nauc_cv_recall_at_20_std": NaN,
        "nauc_cv_recall_at_3_diff1": NaN,
        "nauc_cv_recall_at_3_max": NaN,
        "nauc_cv_recall_at_3_std": NaN,
        "nauc_cv_recall_at_5_diff1": NaN,
        "nauc_cv_recall_at_5_max": NaN,
        "nauc_cv_recall_at_5_std": NaN,
        "nauc_map_at_1000_diff1": -0.2457947708477825,
        "nauc_map_at_1000_max": -0.2634842900723654,
        "nauc_map_at_1000_std": -0.1715022477183098,
        "nauc_map_at_100_diff1": -0.2457947708477825,
        "nauc_map_at_100_max": -0.2634842900723654,
        "nauc_map_at_100_std": -0.1715022477183098,
        "nauc_map_at_10_diff1": -0.2457947708477825,
        "nauc_map_at_10_max": -0.2634842900723654,
        "nauc_map_at_10_std": -0.1715022477183098,
        "nauc_map_at_1_diff1": -0.24579477084778362,
        "nauc_map_at_1_max": -0.2634842900723661,
        "nauc_map_at_1_std": -0.1715022477183096,
        "nauc_map_at_20_diff1": -0.2457947708477825,
        "nauc_map_at_20_max": -0.2634842900723654,
        "nauc_map_at_20_std": -0.1715022477183098,
        "nauc_map_at_3_diff1": -0.2457947708477825,
        "nauc_map_at_3_max": -0.2634842900723654,
        "nauc_map_at_3_std": -0.1715022477183098,
        "nauc_map_at_5_diff1": -0.2457947708477825,
        "nauc_map_at_5_max": -0.2634842900723654,
        "nauc_map_at_5_std": -0.1715022477183098,
        "nauc_mrr_at_1000_diff1": -0.2457947708477825,
        "nauc_mrr_at_1000_max": -0.2634842900723654,
        "nauc_mrr_at_1000_std": -0.1715022477183098,
        "nauc_mrr_at_100_diff1": -0.2457947708477825,
        "nauc_mrr_at_100_max": -0.2634842900723654,
        "nauc_mrr_at_100_std": -0.1715022477183098,
        "nauc_mrr_at_10_diff1": -0.2457947708477825,
        "nauc_mrr_at_10_max": -0.2634842900723654,
        "nauc_mrr_at_10_std": -0.1715022477183098,
        "nauc_mrr_at_1_diff1": -0.24579477084778362,
        "nauc_mrr_at_1_max": -0.2634842900723661,
        "nauc_mrr_at_1_std": -0.1715022477183096,
        "nauc_mrr_at_20_diff1": -0.2457947708477825,
        "nauc_mrr_at_20_max": -0.2634842900723654,
        "nauc_mrr_at_20_std": -0.1715022477183098,
        "nauc_mrr_at_3_diff1": -0.2457947708477825,
        "nauc_mrr_at_3_max": -0.2634842900723654,
        "nauc_mrr_at_3_std": -0.1715022477183098,
        "nauc_mrr_at_5_diff1": -0.2457947708477825,
        "nauc_mrr_at_5_max": -0.2634842900723654,
        "nauc_mrr_at_5_std": -0.1715022477183098,
        "nauc_ndcg_at_1000_diff1": -0.2457947708477851,
        "nauc_ndcg_at_1000_max": -0.2634842900723659,
        "nauc_ndcg_at_1000_std": -0.17150224771830935,
        "nauc_ndcg_at_100_diff1": -0.2457947708477851,
        "nauc_ndcg_at_100_max": -0.2634842900723659,
        "nauc_ndcg_at_100_std": -0.17150224771830935,
        "nauc_ndcg_at_10_diff1": -0.2457947708477851,
        "nauc_ndcg_at_10_max": -0.2634842900723659,
        "nauc_ndcg_at_10_std": -0.17150224771830935,
        "nauc_ndcg_at_1_diff1": -0.24579477084778362,
        "nauc_ndcg_at_1_max": -0.2634842900723661,
        "nauc_ndcg_at_1_std": -0.1715022477183096,
        "nauc_ndcg_at_20_diff1": -0.2457947708477851,
        "nauc_ndcg_at_20_max": -0.2634842900723659,
        "nauc_ndcg_at_20_std": -0.17150224771830935,
        "nauc_ndcg_at_3_diff1": -0.2457947708477851,
        "nauc_ndcg_at_3_max": -0.2634842900723659,
        "nauc_ndcg_at_3_std": -0.17150224771830935,
        "nauc_ndcg_at_5_diff1": -0.2457947708477851,
        "nauc_ndcg_at_5_max": -0.2634842900723659,
        "nauc_ndcg_at_5_std": -0.17150224771830935,
        "nauc_precision_at_1000_diff1": NaN,
        "nauc_precision_at_1000_max": NaN,
        "nauc_precision_at_1000_std": NaN,
        "nauc_precision_at_100_diff1": NaN,
        "nauc_precision_at_100_max": NaN,
        "nauc_precision_at_100_std": NaN,
        "nauc_precision_at_10_diff1": NaN,
        "nauc_precision_at_10_max": NaN,
        "nauc_precision_at_10_std": NaN,
        "nauc_precision_at_1_diff1": -0.24579477084778362,
        "nauc_precision_at_1_max": -0.2634842900723661,
        "nauc_precision_at_1_std": -0.1715022477183096,
        "nauc_precision_at_20_diff1": NaN,
        "nauc_precision_at_20_max": NaN,
        "nauc_precision_at_20_std": NaN,
        "nauc_precision_at_3_diff1": 1.0,
        "nauc_precision_at_3_max": 1.0,
        "nauc_precision_at_3_std": 1.0,
        "nauc_precision_at_5_diff1": NaN,
        "nauc_precision_at_5_max": NaN,
        "nauc_precision_at_5_std": NaN,
        "nauc_recall_at_1000_diff1": NaN,
        "nauc_recall_at_1000_max": NaN,
        "nauc_recall_at_1000_std": NaN,
        "nauc_recall_at_100_diff1": NaN,
        "nauc_recall_at_100_max": NaN,
        "nauc_recall_at_100_std": NaN,
        "nauc_recall_at_10_diff1": NaN,
        "nauc_recall_at_10_max": NaN,
        "nauc_recall_at_10_std": NaN,
        "nauc_recall_at_1_diff1": -0.24579477084778362,
        "nauc_recall_at_1_max": -0.2634842900723661,
        "nauc_recall_at_1_std": -0.1715022477183096,
        "nauc_recall_at_20_diff1": NaN,
        "nauc_recall_at_20_max": NaN,
        "nauc_recall_at_20_std": NaN,
        "nauc_recall_at_3_diff1": NaN,
        "nauc_recall_at_3_max": NaN,
        "nauc_recall_at_3_std": NaN,
        "nauc_recall_at_5_diff1": NaN,
        "nauc_recall_at_5_max": NaN,
        "nauc_recall_at_5_std": NaN,
        "ndcg_at_1": 0.44527,
        "ndcg_at_10": 0.79527,
        "ndcg_at_100": 0.79527,
        "ndcg_at_1000": 0.79527,
        "ndcg_at_20": 0.79527,
        "ndcg_at_3": 0.79527,
        "ndcg_at_5": 0.79527,
        "precision_at_1": 0.44527,
        "precision_at_10": 0.1,
        "precision_at_100": 0.01,
        "precision_at_1000": 0.001,
        "precision_at_20": 0.05,
        "precision_at_3": 0.33333,
        "precision_at_5": 0.2,
        "recall_at_1": 0.44527,
        "recall_at_10": 1.0,
        "recall_at_100": 1.0,
        "recall_at_1000": 1.0,
        "recall_at_20": 1.0,
        "recall_at_3": 1.0,
        "recall_at_5": 1.0
      }
    ]
  },
  "task_name": "BLINKIT2IMultiChoice"
}