{
    "dataset_revision": "681e25c5",
    "task_name": "HC3FinanceRetrieval",
    "evaluation_time": 0,
    "kg_co2_emissions": 0,
    "mteb_version": "1.0.0",
    "scores": {
        "test": [
            {
                "hf_subset": "test",
                "languages": [
                    "en"
                ],
                "main_score": 0.55714,
                "ndcg_at_1": 0.36386,
                "map_at_1": 0.36386,
                "recall_at_1": 0.36386,
                "precision_at_1": 0.36386,
                "ndcg_at_3": 0.48,
                "map_at_3": 0.45181,
                "recall_at_3": 0.56145,
                "precision_at_3": 0.18715,
                "ndcg_at_5": 0.51879,
                "map_at_5": 0.47337,
                "recall_at_5": 0.65542,
                "precision_at_5": 0.13108,
                "ndcg_at_10": 0.55714,
                "map_at_10": 0.4893,
                "recall_at_10": 0.77349,
                "precision_at_10": 0.07735,
                "ndcg_at_20": 0.57856,
                "map_at_20": 0.49522,
                "recall_at_20": 0.85783,
                "precision_at_20": 0.04289,
                "ndcg_at_50": 0.5954,
                "map_at_50": 0.49817,
                "recall_at_50": 0.93976,
                "precision_at_50": 0.0188,
                "ndcg_at_100": 0.5998,
                "map_at_100": 0.49859,
                "recall_at_100": 0.96627,
                "precision_at_100": 0.00966
            }
        ]
    }
}