{
    "dataset_revision": "None",
    "task_name": "ATEC",
    "evaluation_time": -1,
    "mteb_version": "0.0.0",
    "scores": {
        "test": [
            {
                "hf_subset": "default",
                "languages": [
                    "cmn-Hans"
                ],
                "cos_sim_pearson": 57.31078155367183,
                "cos_sim_spearman": 57.59782762324478,
                "manhattan_pearson": 62.525487007985035,
                "manhattan_spearman": 57.591139966303615,
                "euclidean_pearson": 62.53702437760052,
                "euclidean_spearman": 57.597828749091384,
                "main_score": 57.59782762324478
            }
        ]
    }
}