{
    "dataset_revision": "7e90230a92c190f1bf69ae9002b8cea547a64cca",
    "task_name": "STS13",
    "evaluation_time": -1,
    "mteb_version": "0.0.0",
    "scores": {
        "test": [
            {
                "hf_subset": "default",
                "languages": [
                    "eng-Latn"
                ],
                "cos_sim_pearson": 81.59451537860527,
                "cos_sim_spearman": 82.97994638856723,
                "euclidean_pearson": 82.89478688288412,
                "euclidean_spearman": 83.58740751053104,
                "manhattan_pearson": 82.69140840941608,
                "manhattan_spearman": 83.33665956040555,
                "cosine_pearson": 81.59451537860527,
                "cosine_spearman": 82.97994638856723,
                "main_score": 82.97994638856723
            }
        ]
    }
}