{
  "dataset_revision": "c22ab2a51041ffd869aaddef7af8d8215647e41a",
  "mteb_dataset_name": "ArguAna",
  "mteb_version": "1.2.0",
  "test": {
    "evaluation_time": 67.32,
    "map_at_1": 0.03698,
    "map_at_10": 0.08805,
    "map_at_100": 0.10105,
    "map_at_1000": 0.10235,
    "map_at_3": 0.06271,
    "map_at_5": 0.07587,
    "mrr_at_1": 0.0377,
    "mrr_at_10": 0.08842,
    "mrr_at_100": 0.10142,
    "mrr_at_1000": 0.10271,
    "mrr_at_3": 0.06271,
    "mrr_at_5": 0.07611,
    "ndcg_at_1": 0.03698,
    "ndcg_at_10": 0.12496,
    "ndcg_at_100": 0.19714,
    "ndcg_at_1000": 0.23492,
    "ndcg_at_3": 0.07176,
    "ndcg_at_5": 0.09548,
    "precision_at_1": 0.03698,
    "precision_at_10": 0.02468,
    "precision_at_100": 0.00605,
    "precision_at_1000": 0.00091,
    "precision_at_3": 0.03272,
    "precision_at_5": 0.03115,
    "recall_at_1": 0.03698,
    "recall_at_10": 0.2468,
    "recall_at_100": 0.60526,
    "recall_at_1000": 0.90967,
    "recall_at_3": 0.09815,
    "recall_at_5": 0.15576
  }
}