{
    "dataset_revision": "None",
    "task_name": "FiQA2018",
    "evaluation_time": -1,
    "mteb_version": "0.0.0",
    "scores": {
        "test": [
            {
                "hf_subset": "default",
                "languages": [
                    "eng-Latn"
                ],
                "map_at_1": 16.286,
                "map_at_10": 27.499000000000002,
                "map_at_100": 29.176999999999996,
                "map_at_1000": 29.354999999999997,
                "map_at_3": 23.684,
                "map_at_5": 25.544,
                "mrr_at_1": 32.87,
                "mrr_at_10": 41.906,
                "mrr_at_100": 42.739,
                "mrr_at_1000": 42.78,
                "mrr_at_3": 38.992,
                "mrr_at_5": 40.535,
                "ndcg_at_1": 32.87,
                "ndcg_at_10": 35.124,
                "ndcg_at_100": 41.638,
                "ndcg_at_1000": 44.869,
                "ndcg_at_3": 30.975,
                "ndcg_at_5": 32.112,
                "precision_at_1": 32.87,
                "precision_at_10": 10.062,
                "precision_at_100": 1.653,
                "precision_at_1000": 0.22599999999999998,
                "precision_at_3": 20.833,
                "precision_at_5": 15.340000000000002,
                "recall_at_1": 16.286,
                "recall_at_10": 42.734,
                "recall_at_100": 67.582,
                "recall_at_1000": 86.735,
                "recall_at_3": 28.438000000000002,
                "recall_at_5": 33.944,
                "main_score": 35.124
            }
        ]
    }
}