{
    "dataset_revision": "6031580fec1f6af667f0bd2da0a551cf4f0b2375",
    "task_name": "STS14",
    "evaluation_time": NaN,
    "mteb_version": "unknown",
    "scores": {
        "test": [
            {
                "hf_subset": "default",
                "languages": [
                    "eng-Latn"
                ],
                "cos_sim_pearson": 83.98107748125086,
                "cos_sim_spearman": 80.43502071880916,
                "euclidean_pearson": 82.24603130661005,
                "euclidean_spearman": 80.94302742946145,
                "manhattan_pearson": 82.4215619893203,
                "manhattan_spearman": 81.13824893869541,
                "cosine_pearson": 83.98107748125086,
                "cosine_spearman": 80.43502071880916,
                "main_score": 80.43502071880916
            }
        ]
    }
}