{
  "dataset_revision": "1739dc11ffe9b7bfccd7f3d585aeb4c544fc6677",
  "task_name": "BUCC.v2",
  "mteb_version": "1.18.0",
  "scores": {
    "test": [
      {
        "precision": 0.839609,
        "recall": 0.880063,
        "f1": 0.851576,
        "accuracy": 0.880063,
        "main_score": 0.851576,
        "hf_subset": "de-en",
        "languages": [
          "deu-Latn",
          "eng-Latn"
        ]
      },
      {
        "precision": 0.750121,
        "recall": 0.808521,
        "f1": 0.766969,
        "accuracy": 0.808521,
        "main_score": 0.766969,
        "hf_subset": "ru-en",
        "languages": [
          "rus-Cyrl",
          "eng-Latn"
        ]
      },
      {
        "precision": 0.968129,
        "recall": 0.978318,
        "f1": 0.971447,
        "accuracy": 0.978318,
        "main_score": 0.971447,
        "hf_subset": "fr-en",
        "languages": [
          "fra-Latn",
          "eng-Latn"
        ]
      },
      {
        "precision": 0.380658,
        "recall": 0.471827,
        "f1": 0.402341,
        "accuracy": 0.471827,
        "main_score": 0.402341,
        "hf_subset": "zh-en",
        "languages": [
          "cmn-Hans",
          "eng-Latn"
        ]
      }
    ]
  },
  "evaluation_time": 199.94764065742493,
  "kg_co2_emissions": 0.01632914896694766
}