{
  "dataset_revision": "1271c7809071a13532e05f25fb53511ffce77117",
  "task_name": "CovidRetrieval",
  "mteb_version": "1.18.0",
  "scores": {
    "dev": [
      {
        "ndcg_at_1": 0.20443,
        "ndcg_at_3": 0.25929,
        "ndcg_at_5": 0.27995,
        "ndcg_at_10": 0.29788,
        "ndcg_at_20": 0.31243,
        "ndcg_at_100": 0.34022,
        "ndcg_at_1000": 0.36778,
        "map_at_1": 0.20443,
        "map_at_3": 0.24552,
        "map_at_5": 0.25701,
        "map_at_10": 0.26463,
        "map_at_20": 0.26858,
        "map_at_100": 0.27218,
        "map_at_1000": 0.27314,
        "recall_at_1": 0.20443,
        "recall_at_3": 0.29926,
        "recall_at_5": 0.34905,
        "recall_at_10": 0.40358,
        "recall_at_20": 0.46154,
        "recall_at_100": 0.61433,
        "recall_at_1000": 0.83562,
        "precision_at_1": 0.20443,
        "precision_at_3": 0.09975,
        "precision_at_5": 0.06997,
        "precision_at_10": 0.04067,
        "precision_at_20": 0.02323,
        "precision_at_100": 0.00621,
        "precision_at_1000": 0.00085,
        "mrr_at_1": 0.204426,
        "mrr_at_3": 0.245522,
        "mrr_at_5": 0.257165,
        "mrr_at_10": 0.264497,
        "mrr_at_20": 0.268442,
        "mrr_at_100": 0.272065,
        "mrr_at_1000": 0.273008,
        "nauc_ndcg_at_1_max": 0.415159,
        "nauc_ndcg_at_1_std": 0.032808,
        "nauc_ndcg_at_1_diff1": 0.526374,
        "nauc_ndcg_at_3_max": 0.406347,
        "nauc_ndcg_at_3_std": 0.045205,
        "nauc_ndcg_at_3_diff1": 0.438044,
        "nauc_ndcg_at_5_max": 0.401483,
        "nauc_ndcg_at_5_std": 0.045568,
        "nauc_ndcg_at_5_diff1": 0.412842,
        "nauc_ndcg_at_10_max": 0.394412,
        "nauc_ndcg_at_10_std": 0.056156,
        "nauc_ndcg_at_10_diff1": 0.410017,
        "nauc_ndcg_at_20_max": 0.393189,
        "nauc_ndcg_at_20_std": 0.060348,
        "nauc_ndcg_at_20_diff1": 0.401788,
        "nauc_ndcg_at_100_max": 0.392682,
        "nauc_ndcg_at_100_std": 0.064875,
        "nauc_ndcg_at_100_diff1": 0.399104,
        "nauc_ndcg_at_1000_max": 0.391718,
        "nauc_ndcg_at_1000_std": 0.065599,
        "nauc_ndcg_at_1000_diff1": 0.406147,
        "nauc_map_at_1_max": 0.415159,
        "nauc_map_at_1_std": 0.032808,
        "nauc_map_at_1_diff1": 0.526374,
        "nauc_map_at_3_max": 0.408608,
        "nauc_map_at_3_std": 0.040948,
        "nauc_map_at_3_diff1": 0.458865,
        "nauc_map_at_5_max": 0.405301,
        "nauc_map_at_5_std": 0.040817,
        "nauc_map_at_5_diff1": 0.444558,
        "nauc_map_at_10_max": 0.402941,
        "nauc_map_at_10_std": 0.046278,
        "nauc_map_at_10_diff1": 0.443068,
        "nauc_map_at_20_max": 0.402386,
        "nauc_map_at_20_std": 0.047102,
        "nauc_map_at_20_diff1": 0.440778,
        "nauc_map_at_100_max": 0.402337,
        "nauc_map_at_100_std": 0.048004,
        "nauc_map_at_100_diff1": 0.440782,
        "nauc_map_at_1000_max": 0.402312,
        "nauc_map_at_1000_std": 0.048161,
        "nauc_map_at_1000_diff1": 0.441155,
        "nauc_recall_at_1_max": 0.415159,
        "nauc_recall_at_1_std": 0.032808,
        "nauc_recall_at_1_diff1": 0.526374,
        "nauc_recall_at_3_max": 0.400285,
        "nauc_recall_at_3_std": 0.056972,
        "nauc_recall_at_3_diff1": 0.382819,
        "nauc_recall_at_5_max": 0.391078,
        "nauc_recall_at_5_std": 0.057524,
        "nauc_recall_at_5_diff1": 0.327792,
        "nauc_recall_at_10_max": 0.368783,
        "nauc_recall_at_10_std": 0.083963,
        "nauc_recall_at_10_diff1": 0.32179,
        "nauc_recall_at_20_max": 0.365246,
        "nauc_recall_at_20_std": 0.102155,
        "nauc_recall_at_20_diff1": 0.289969,
        "nauc_recall_at_100_max": 0.357628,
        "nauc_recall_at_100_std": 0.128299,
        "nauc_recall_at_100_diff1": 0.254004,
        "nauc_recall_at_1000_max": 0.309213,
        "nauc_recall_at_1000_std": 0.182331,
        "nauc_recall_at_1000_diff1": 0.219176,
        "nauc_precision_at_1_max": 0.415159,
        "nauc_precision_at_1_std": 0.032808,
        "nauc_precision_at_1_diff1": 0.526374,
        "nauc_precision_at_3_max": 0.400285,
        "nauc_precision_at_3_std": 0.056972,
        "nauc_precision_at_3_diff1": 0.382819,
        "nauc_precision_at_5_max": 0.392185,
        "nauc_precision_at_5_std": 0.061383,
        "nauc_precision_at_5_diff1": 0.325434,
        "nauc_precision_at_10_max": 0.368111,
        "nauc_precision_at_10_std": 0.09765,
        "nauc_precision_at_10_diff1": 0.308385,
        "nauc_precision_at_20_max": 0.364614,
        "nauc_precision_at_20_std": 0.115835,
        "nauc_precision_at_20_diff1": 0.276784,
        "nauc_precision_at_100_max": 0.357083,
        "nauc_precision_at_100_std": 0.147337,
        "nauc_precision_at_100_diff1": 0.232757,
        "nauc_precision_at_1000_max": 0.29692,
        "nauc_precision_at_1000_std": 0.21332,
        "nauc_precision_at_1000_diff1": 0.166441,
        "nauc_mrr_at_1_max": 0.415159,
        "nauc_mrr_at_1_std": 0.032808,
        "nauc_mrr_at_1_diff1": 0.526374,
        "nauc_mrr_at_3_max": 0.408608,
        "nauc_mrr_at_3_std": 0.040948,
        "nauc_mrr_at_3_diff1": 0.458865,
        "nauc_mrr_at_5_max": 0.405548,
        "nauc_mrr_at_5_std": 0.041681,
        "nauc_mrr_at_5_diff1": 0.444021,
        "nauc_mrr_at_10_max": 0.402774,
        "nauc_mrr_at_10_std": 0.045558,
        "nauc_mrr_at_10_diff1": 0.443562,
        "nauc_mrr_at_20_max": 0.402219,
        "nauc_mrr_at_20_std": 0.046381,
        "nauc_mrr_at_20_diff1": 0.441273,
        "nauc_mrr_at_100_max": 0.40211,
        "nauc_mrr_at_100_std": 0.0472,
        "nauc_mrr_at_100_diff1": 0.441276,
        "nauc_mrr_at_1000_max": 0.402115,
        "nauc_mrr_at_1000_std": 0.047361,
        "nauc_mrr_at_1000_diff1": 0.441665,
        "main_score": 0.29788,
        "hf_subset": "default",
        "languages": [
          "cmn-Hans"
        ]
      }
    ]
  },
  "evaluation_time": 1558.6031246185303,
  "kg_co2_emissions": 0.14374734499481995
}