{
    "dataset_revision": "d0cc9b60ba66faa3fb21cb9a54ef969af548b312",
    "mteb_dataset_name": "CQADupstackMathematica-VN",
    "mteb_version": null,
    "task_name": "CQADupstackMathematica-VN",
    "scores": {
        "test": [
            {
                "evaluation_time": 111.08,
                "map_at_1": 0.11446,
                "map_at_10": 0.17372,
                "map_at_100": 0.18428,
                "map_at_1000": 0.18553,
                "map_at_20": 0.17952,
                "map_at_3": 0.15416,
                "map_at_5": 0.16377,
                "mrr_at_1": 0.14499,
                "mrr_at_10": 0.20717,
                "mrr_at_100": 0.21714,
                "mrr_at_1000": 0.21797,
                "mrr_at_20": 0.21261,
                "mrr_at_3": 0.18799,
                "mrr_at_5": 0.19737,
                "ndcg_at_1": 0.14499,
                "ndcg_at_10": 0.21439,
                "ndcg_at_100": 0.26912,
                "ndcg_at_1000": 0.30206,
                "ndcg_at_20": 0.23465,
                "ndcg_at_3": 0.17684,
                "ndcg_at_5": 0.19131,
                "precision_at_1": 0.14499,
                "precision_at_10": 0.04009,
                "precision_at_100": 0.00755,
                "precision_at_1000": 0.00117,
                "precision_at_20": 0.02516,
                "precision_at_3": 0.08529,
                "precision_at_5": 0.06226,
                "recall_at_1": 0.11446,
                "recall_at_10": 0.30977,
                "recall_at_100": 0.55949,
                "recall_at_1000": 0.8006,
                "recall_at_20": 0.38463,
                "recall_at_3": 0.20025,
                "recall_at_5": 0.2377,
                "hf_subset": "default",
                "main_score": 0.21439,
                "languages": [
                    "vie-Latn"
                ]
            }
        ]
    },
    "evaluation_time": null
}