{
  "dataset_revision": "ebfcd844eadd3d667efa3c57fc5c8c87f5c2867e",
  "task_name": "AILAStatutes",
  "mteb_version": "1.18.0",
  "scores": {
    "test": [
      {
        "ndcg_at_1": 0.06,
        "ndcg_at_3": 0.07754,
        "ndcg_at_5": 0.07216,
        "ndcg_at_10": 0.1048,
        "ndcg_at_20": 0.15158,
        "ndcg_at_100": 0.36605,
        "ndcg_at_1000": 0.36605,
        "map_at_1": 0.01467,
        "map_at_3": 0.03711,
        "map_at_5": 0.04071,
        "map_at_10": 0.05567,
        "map_at_20": 0.06966,
        "map_at_100": 0.11529,
        "map_at_1000": 0.11529,
        "recall_at_1": 0.01467,
        "recall_at_3": 0.05933,
        "recall_at_5": 0.07633,
        "recall_at_10": 0.13533,
        "recall_at_20": 0.25033,
        "recall_at_100": 1.0,
        "recall_at_1000": 1.0,
        "precision_at_1": 0.06,
        "precision_at_3": 0.08667,
        "precision_at_5": 0.068,
        "precision_at_10": 0.062,
        "precision_at_20": 0.057,
        "precision_at_100": 0.0434,
        "precision_at_1000": 0.00434,
        "mrr_at_1": 0.06,
        "mrr_at_3": 0.106667,
        "mrr_at_5": 0.123667,
        "mrr_at_10": 0.138746,
        "mrr_at_20": 0.156252,
        "mrr_at_100": 0.168251,
        "mrr_at_1000": 0.168251,
        "nauc_ndcg_at_1_max": -0.321259,
        "nauc_ndcg_at_1_std": -0.46427,
        "nauc_ndcg_at_1_diff1": 0.005545,
        "nauc_ndcg_at_3_max": -0.146404,
        "nauc_ndcg_at_3_std": -0.350527,
        "nauc_ndcg_at_3_diff1": -0.161707,
        "nauc_ndcg_at_5_max": -0.085168,
        "nauc_ndcg_at_5_std": -0.317758,
        "nauc_ndcg_at_5_diff1": -0.127825,
        "nauc_ndcg_at_10_max": -0.008015,
        "nauc_ndcg_at_10_std": -0.253781,
        "nauc_ndcg_at_10_diff1": -0.145765,
        "nauc_ndcg_at_20_max": -0.096647,
        "nauc_ndcg_at_20_std": -0.262547,
        "nauc_ndcg_at_20_diff1": -0.153961,
        "nauc_ndcg_at_100_max": -0.064168,
        "nauc_ndcg_at_100_std": -0.258625,
        "nauc_ndcg_at_100_diff1": -0.118299,
        "nauc_ndcg_at_1000_max": -0.064168,
        "nauc_ndcg_at_1000_std": -0.258625,
        "nauc_ndcg_at_1000_diff1": -0.118299,
        "nauc_map_at_1_max": -0.320755,
        "nauc_map_at_1_std": -0.437764,
        "nauc_map_at_1_diff1": 0.124887,
        "nauc_map_at_3_max": -0.221565,
        "nauc_map_at_3_std": -0.384923,
        "nauc_map_at_3_diff1": -0.033855,
        "nauc_map_at_5_max": -0.177525,
        "nauc_map_at_5_std": -0.366834,
        "nauc_map_at_5_diff1": -0.045921,
        "nauc_map_at_10_max": -0.084125,
        "nauc_map_at_10_std": -0.280334,
        "nauc_map_at_10_diff1": -0.075735,
        "nauc_map_at_20_max": -0.119421,
        "nauc_map_at_20_std": -0.275311,
        "nauc_map_at_20_diff1": -0.098519,
        "nauc_map_at_100_max": -0.100384,
        "nauc_map_at_100_std": -0.256962,
        "nauc_map_at_100_diff1": -0.083532,
        "nauc_map_at_1000_max": -0.100384,
        "nauc_map_at_1000_std": -0.256962,
        "nauc_map_at_1000_diff1": -0.083532,
        "nauc_recall_at_1_max": -0.320755,
        "nauc_recall_at_1_std": -0.437764,
        "nauc_recall_at_1_diff1": 0.124887,
        "nauc_recall_at_3_max": -0.123166,
        "nauc_recall_at_3_std": -0.317532,
        "nauc_recall_at_3_diff1": -0.122768,
        "nauc_recall_at_5_max": -0.014283,
        "nauc_recall_at_5_std": -0.273949,
        "nauc_recall_at_5_diff1": -0.152754,
        "nauc_recall_at_10_max": 0.07768,
        "nauc_recall_at_10_std": -0.184626,
        "nauc_recall_at_10_diff1": -0.161972,
        "nauc_recall_at_20_max": -0.094558,
        "nauc_recall_at_20_std": -0.20886,
        "nauc_recall_at_20_diff1": -0.178021,
        "nauc_recall_at_100_max": NaN,
        "nauc_recall_at_100_std": NaN,
        "nauc_recall_at_100_diff1": NaN,
        "nauc_recall_at_1000_max": NaN,
        "nauc_recall_at_1000_std": NaN,
        "nauc_recall_at_1000_diff1": NaN,
        "nauc_precision_at_1_max": -0.321259,
        "nauc_precision_at_1_std": -0.46427,
        "nauc_precision_at_1_diff1": 0.005545,
        "nauc_precision_at_3_max": -0.09186,
        "nauc_precision_at_3_std": -0.311713,
        "nauc_precision_at_3_diff1": -0.198619,
        "nauc_precision_at_5_max": 0.023032,
        "nauc_precision_at_5_std": -0.259669,
        "nauc_precision_at_5_diff1": -0.217267,
        "nauc_precision_at_10_max": 0.118108,
        "nauc_precision_at_10_std": -0.154932,
        "nauc_precision_at_10_diff1": -0.202132,
        "nauc_precision_at_20_max": -0.06492,
        "nauc_precision_at_20_std": -0.188886,
        "nauc_precision_at_20_diff1": -0.209991,
        "nauc_precision_at_100_max": 0.118201,
        "nauc_precision_at_100_std": -0.079014,
        "nauc_precision_at_100_diff1": -0.125483,
        "nauc_precision_at_1000_max": 0.118201,
        "nauc_precision_at_1000_std": -0.079014,
        "nauc_precision_at_1000_diff1": -0.125483,
        "nauc_mrr_at_1_max": -0.321259,
        "nauc_mrr_at_1_std": -0.46427,
        "nauc_mrr_at_1_diff1": 0.005545,
        "nauc_mrr_at_3_max": -0.139953,
        "nauc_mrr_at_3_std": -0.343696,
        "nauc_mrr_at_3_diff1": -0.155816,
        "nauc_mrr_at_5_max": -0.069714,
        "nauc_mrr_at_5_std": -0.311735,
        "nauc_mrr_at_5_diff1": -0.165857,
        "nauc_mrr_at_10_max": -0.085578,
        "nauc_mrr_at_10_std": -0.345407,
        "nauc_mrr_at_10_diff1": -0.175396,
        "nauc_mrr_at_20_max": -0.115807,
        "nauc_mrr_at_20_std": -0.355771,
        "nauc_mrr_at_20_diff1": -0.150182,
        "nauc_mrr_at_100_max": -0.112821,
        "nauc_mrr_at_100_std": -0.346321,
        "nauc_mrr_at_100_diff1": -0.145426,
        "nauc_mrr_at_1000_max": -0.112821,
        "nauc_mrr_at_1000_std": -0.346321,
        "nauc_mrr_at_1000_diff1": -0.145426,
        "main_score": 0.1048,
        "hf_subset": "default",
        "languages": [
          "eng-Latn"
        ]
      }
    ]
  },
  "evaluation_time": 1.5327908992767334,
  "kg_co2_emissions": 0.00011306321610659068
}