{
  "dataset_revision": "82374b0bbacda6114f39ff9c5b925fa1512ca5d7",
  "task_name": "RiaNewsRetrieval",
  "mteb_version": "1.18.0",
  "scores": {
    "test": [
      {
        "ndcg_at_1": 0.0001,
        "ndcg_at_3": 0.0001,
        "ndcg_at_5": 0.00014,
        "ndcg_at_10": 0.00014,
        "ndcg_at_20": 0.00019,
        "ndcg_at_100": 0.00025,
        "ndcg_at_1000": 0.00047,
        "map_at_1": 0.0001,
        "map_at_3": 0.0001,
        "map_at_5": 0.00013,
        "map_at_10": 0.00013,
        "map_at_20": 0.00014,
        "map_at_100": 0.00014,
        "map_at_1000": 0.00015,
        "recall_at_1": 0.0001,
        "recall_at_3": 0.0001,
        "recall_at_5": 0.0002,
        "recall_at_10": 0.0002,
        "recall_at_20": 0.0004,
        "recall_at_100": 0.0007,
        "recall_at_1000": 0.0027,
        "precision_at_1": 0.0001,
        "precision_at_3": 3e-05,
        "precision_at_5": 4e-05,
        "precision_at_10": 2e-05,
        "precision_at_20": 2e-05,
        "precision_at_100": 1e-05,
        "precision_at_1000": 0.0,
        "mrr_at_1": 0.0001,
        "mrr_at_3": 0.0001,
        "mrr_at_5": 0.000125,
        "mrr_at_10": 0.000125,
        "mrr_at_20": 0.000138,
        "mrr_at_100": 0.000145,
        "mrr_at_1000": 0.00015,
        "nauc_ndcg_at_1_max": 1.0,
        "nauc_ndcg_at_1_std": -0.070566,
        "nauc_ndcg_at_1_diff1": 1.0,
        "nauc_ndcg_at_3_max": 1.0,
        "nauc_ndcg_at_3_std": -0.070566,
        "nauc_ndcg_at_3_diff1": 1.0,
        "nauc_ndcg_at_5_max": 0.677727,
        "nauc_ndcg_at_5_std": -0.019681,
        "nauc_ndcg_at_5_diff1": 0.603096,
        "nauc_ndcg_at_10_max": 0.677727,
        "nauc_ndcg_at_10_std": -0.019681,
        "nauc_ndcg_at_10_diff1": 0.603096,
        "nauc_ndcg_at_20_max": 0.484151,
        "nauc_ndcg_at_20_std": 0.011139,
        "nauc_ndcg_at_20_diff1": 0.341069,
        "nauc_ndcg_at_100_max": 0.359149,
        "nauc_ndcg_at_100_std": -0.029656,
        "nauc_ndcg_at_100_diff1": 0.297371,
        "nauc_ndcg_at_1000_max": 0.135411,
        "nauc_ndcg_at_1000_std": 0.004706,
        "nauc_ndcg_at_1000_diff1": 0.177901,
        "nauc_map_at_1_max": 1.0,
        "nauc_map_at_1_std": -0.070566,
        "nauc_map_at_1_diff1": 1.0,
        "nauc_map_at_3_max": 1.0,
        "nauc_map_at_3_std": -0.070566,
        "nauc_map_at_3_diff1": 1.0,
        "nauc_map_at_5_max": 0.785887,
        "nauc_map_at_5_std": -0.036759,
        "nauc_map_at_5_diff1": 0.736303,
        "nauc_map_at_10_max": 0.785887,
        "nauc_map_at_10_std": -0.036759,
        "nauc_map_at_10_diff1": 0.736303,
        "nauc_map_at_20_max": 0.707192,
        "nauc_map_at_20_std": -0.020327,
        "nauc_map_at_20_diff1": 0.627649,
        "nauc_map_at_100_max": 0.667791,
        "nauc_map_at_100_std": -0.030385,
        "nauc_map_at_100_diff1": 0.606672,
        "nauc_map_at_1000_max": 0.643433,
        "nauc_map_at_1000_std": -0.024942,
        "nauc_map_at_1000_diff1": 0.58689,
        "nauc_recall_at_1_max": 1.0,
        "nauc_recall_at_1_std": -0.070566,
        "nauc_recall_at_1_diff1": 1.0,
        "nauc_recall_at_3_max": 1.0,
        "nauc_recall_at_3_std": -0.070566,
        "nauc_recall_at_3_diff1": 1.0,
        "nauc_recall_at_5_max": 0.464717,
        "nauc_recall_at_5_std": 0.013952,
        "nauc_recall_at_5_diff1": 0.340757,
        "nauc_recall_at_10_max": 0.464717,
        "nauc_recall_at_10_std": 0.013952,
        "nauc_recall_at_10_diff1": 0.340757,
        "nauc_recall_at_20_max": 0.188422,
        "nauc_recall_at_20_std": 0.047558,
        "nauc_recall_at_20_diff1": -0.037161,
        "nauc_recall_at_100_max": 0.079037,
        "nauc_recall_at_100_std": -0.038062,
        "nauc_recall_at_100_diff1": 0.032926,
        "nauc_recall_at_1000_max": -0.063878,
        "nauc_recall_at_1000_std": 0.012909,
        "nauc_recall_at_1000_diff1": 0.049469,
        "nauc_precision_at_1_max": 1.0,
        "nauc_precision_at_1_std": -0.070566,
        "nauc_precision_at_1_diff1": 1.0,
        "nauc_precision_at_3_max": 1.0,
        "nauc_precision_at_3_std": -0.070566,
        "nauc_precision_at_3_diff1": 1.0,
        "nauc_precision_at_5_max": 0.464717,
        "nauc_precision_at_5_std": 0.013952,
        "nauc_precision_at_5_diff1": 0.340757,
        "nauc_precision_at_10_max": 0.464717,
        "nauc_precision_at_10_std": 0.013952,
        "nauc_precision_at_10_diff1": 0.340757,
        "nauc_precision_at_20_max": 0.188422,
        "nauc_precision_at_20_std": 0.047558,
        "nauc_precision_at_20_diff1": -0.037161,
        "nauc_precision_at_100_max": 0.079037,
        "nauc_precision_at_100_std": -0.038062,
        "nauc_precision_at_100_diff1": 0.032926,
        "nauc_precision_at_1000_max": -0.063878,
        "nauc_precision_at_1000_std": 0.012909,
        "nauc_precision_at_1000_diff1": 0.049469,
        "nauc_mrr_at_1_max": 1.0,
        "nauc_mrr_at_1_std": -0.070566,
        "nauc_mrr_at_1_diff1": 1.0,
        "nauc_mrr_at_3_max": 1.0,
        "nauc_mrr_at_3_std": -0.070566,
        "nauc_mrr_at_3_diff1": 1.0,
        "nauc_mrr_at_5_max": 0.785887,
        "nauc_mrr_at_5_std": -0.036759,
        "nauc_mrr_at_5_diff1": 0.736303,
        "nauc_mrr_at_10_max": 0.785887,
        "nauc_mrr_at_10_std": -0.036759,
        "nauc_mrr_at_10_diff1": 0.736303,
        "nauc_mrr_at_20_max": 0.707192,
        "nauc_mrr_at_20_std": -0.020327,
        "nauc_mrr_at_20_diff1": 0.627649,
        "nauc_mrr_at_100_max": 0.667791,
        "nauc_mrr_at_100_std": -0.030385,
        "nauc_mrr_at_100_diff1": 0.606672,
        "nauc_mrr_at_1000_max": 0.643433,
        "nauc_mrr_at_1000_std": -0.024942,
        "nauc_mrr_at_1000_diff1": 0.58689,
        "main_score": 0.00014,
        "hf_subset": "default",
        "languages": [
          "rus-Cyrl"
        ]
      }
    ]
  },
  "evaluation_time": 5600.242869853973,
  "kg_co2_emissions": 0.5025962115115248
}