{
  "dataset_revision": "71bba34b0ece6c56dfcf46d9758a27f7a90f17e9",
  "task_name": "SICK-E-PL",
  "mteb_version": "1.18.0",
  "scores": {
    "test": [
      {
        "similarity_accuracy": 0.722381,
        "similarity_accuracy_threshold": 0.737711,
        "similarity_f1": 0.46151,
        "similarity_f1_threshold": 0.314118,
        "similarity_precision": 0.313088,
        "similarity_recall": 0.877493,
        "similarity_ap": 0.403996,
        "cosine_accuracy": 0.722381,
        "cosine_accuracy_threshold": 0.737711,
        "cosine_f1": 0.46151,
        "cosine_f1_threshold": 0.314118,
        "cosine_precision": 0.313088,
        "cosine_recall": 0.877493,
        "cosine_ap": 0.404113,
        "manhattan_accuracy": 0.722381,
        "manhattan_accuracy_threshold": 15.289856,
        "manhattan_f1": 0.460418,
        "manhattan_f1_threshold": 25.662935,
        "manhattan_precision": 0.314975,
        "manhattan_recall": 0.855413,
        "manhattan_ap": 0.404315,
        "euclidean_accuracy": 0.722381,
        "euclidean_accuracy_threshold": 0.724276,
        "euclidean_f1": 0.46151,
        "euclidean_f1_threshold": 1.171223,
        "euclidean_precision": 0.313088,
        "euclidean_recall": 0.877493,
        "euclidean_ap": 0.404534,
        "dot_accuracy": 0.722381,
        "dot_accuracy_threshold": 0.737711,
        "dot_f1": 0.46151,
        "dot_f1_threshold": 0.314119,
        "dot_precision": 0.313088,
        "dot_recall": 0.877493,
        "dot_ap": 0.404569,
        "max_accuracy": 0.722381,
        "max_f1": 0.46151,
        "max_precision": 0.314975,
        "max_recall": 0.877493,
        "max_ap": 0.404569,
        "main_score": 0.404569,
        "hf_subset": "default",
        "languages": [
          "pol-Latn"
        ]
      }
    ]
  },
  "evaluation_time": 1.4269611835479736,
  "kg_co2_emissions": 7.363982129796749e-05
}