{
  "dataset_revision": "27a168819829fe9bcd655c2df245fb19452e8e06",
  "task_name": "FiQA2018",
  "mteb_model_name": "Said-Research/SAID-LAM-v1",
  "mteb_version": "2.1.0",
  "scores": {
    "test": [
      {
        "ndcg_at_1": 0.14198,
        "ndcg_at_3": 0.13195,
        "ndcg_at_5": 0.13899,
        "ndcg_at_10": 0.15334,
        "ndcg_at_20": 0.16861,
        "ndcg_at_100": 0.20272,
        "ndcg_at_1000": 0.24269,
        "map_at_1": 0.07429,
        "map_at_3": 0.09962,
        "map_at_5": 0.10663,
        "map_at_10": 0.11304,
        "map_at_20": 0.1175,
        "map_at_100": 0.12248,
        "map_at_1000": 0.12408,
        "recall_at_1": 0.07429,
        "recall_at_3": 0.1251,
        "recall_at_5": 0.15241,
        "recall_at_10": 0.19251,
        "recall_at_20": 0.24045,
        "recall_at_100": 0.38806,
        "recall_at_1000": 0.64471,
        "accuracy": 0.07429,
        "precision_at_1": 0.14198,
        "precision_at_3": 0.08282,
        "precision_at_5": 0.06111,
        "precision_at_10": 0.04043,
        "precision_at_20": 0.02647,
        "precision_at_100": 0.009,
        "precision_at_1000": 0.00157,
        "mrr_at_1": 0.1419753086419753,
        "mrr_at_3": 0.1787551440329218,
        "mrr_at_5": 0.18924897119341566,
        "mrr_at_10": 0.1985057809131883,
        "mrr_at_20": 0.20333546195313051,
        "mrr_at_100": 0.20818367907173374,
        "mrr_at_1000": 0.20905474739255142,
        "nauc_ndcg_at_1_max": 0.08473391814745666,
        "nauc_ndcg_at_1_std": -0.10329414676568992,
        "nauc_ndcg_at_1_diff1": 0.3942681465655216,
        "nauc_ndcg_at_3_max": 0.08209391033735411,
        "nauc_ndcg_at_3_std": -0.0253859968027653,
        "nauc_ndcg_at_3_diff1": 0.2997761095482964,
        "nauc_ndcg_at_5_max": 0.04274498740767857,
        "nauc_ndcg_at_5_std": -0.02307824263980844,
        "nauc_ndcg_at_5_diff1": 0.2846668056879377,
        "nauc_ndcg_at_10_max": 0.046762066031704255,
        "nauc_ndcg_at_10_std": -0.012190613206163882,
        "nauc_ndcg_at_10_diff1": 0.2765631284979959,
        "nauc_ndcg_at_20_max": 0.04288512748923402,
        "nauc_ndcg_at_20_std": 0.011792172688631294,
        "nauc_ndcg_at_20_diff1": 0.2785803375165742,
        "nauc_ndcg_at_100_max": 0.050621963506216026,
        "nauc_ndcg_at_100_std": 0.027572473318679035,
        "nauc_ndcg_at_100_diff1": 0.27523023451296397,
        "nauc_ndcg_at_1000_max": 0.07422764945100596,
        "nauc_ndcg_at_1000_std": 0.04680166251732867,
        "nauc_ndcg_at_1000_diff1": 0.2700160130772963,
        "nauc_map_at_1_max": 0.06365980096288477,
        "nauc_map_at_1_std": -0.04482942532238706,
        "nauc_map_at_1_diff1": 0.3199619960984925,
        "nauc_map_at_3_max": 0.06347487452085755,
        "nauc_map_at_3_std": -0.016078615135201157,
        "nauc_map_at_3_diff1": 0.3039957310877822,
        "nauc_map_at_5_max": 0.04563165118750479,
        "nauc_map_at_5_std": -0.016772353805647122,
        "nauc_map_at_5_diff1": 0.2958881882693263,
        "nauc_map_at_10_max": 0.047996461007814274,
        "nauc_map_at_10_std": -0.01333739369219736,
        "nauc_map_at_10_diff1": 0.2911389487656678,
        "nauc_map_at_20_max": 0.046941894609671395,
        "nauc_map_at_20_std": -0.00451409568451087,
        "nauc_map_at_20_diff1": 0.291324278340123,
        "nauc_map_at_100_max": 0.04958141306228164,
        "nauc_map_at_100_std": 0.000938486281058303,
        "nauc_map_at_100_diff1": 0.2910168032482581,
        "nauc_map_at_1000_max": 0.05122704716947048,
        "nauc_map_at_1000_std": 0.002302542370525127,
        "nauc_map_at_1000_diff1": 0.2906816411555761,
        "nauc_recall_at_1_max": 0.06365980096288477,
        "nauc_recall_at_1_std": -0.04482942532238706,
        "nauc_recall_at_1_diff1": 0.3199619960984925,
        "nauc_recall_at_3_max": 0.05977836960134868,
        "nauc_recall_at_3_std": 0.014342169834652155,
        "nauc_recall_at_3_diff1": 0.2432126099857725,
        "nauc_recall_at_5_max": 0.000830939636402727,
        "nauc_recall_at_5_std": 0.002301147490035944,
        "nauc_recall_at_5_diff1": 0.22013325657667124,
        "nauc_recall_at_10_max": 0.021421933346419793,
        "nauc_recall_at_10_std": 0.020118022564158095,
        "nauc_recall_at_10_diff1": 0.20651387313912148,
        "nauc_recall_at_20_max": 0.008542312068314063,
        "nauc_recall_at_20_std": 0.07781625150096252,
        "nauc_recall_at_20_diff1": 0.2133231102698522,
        "nauc_recall_at_100_max": 0.009314176104798224,
        "nauc_recall_at_100_std": 0.09286371825526152,
        "nauc_recall_at_100_diff1": 0.18067031985021825,
        "nauc_recall_at_1000_max": 0.06891948896904804,
        "nauc_recall_at_1000_std": 0.1956387573879426,
        "nauc_recall_at_1000_diff1": 0.12465690262327224,
        "nauc_precision_at_1_max": 0.08473391814745666,
        "nauc_precision_at_1_std": -0.10329414676568992,
        "nauc_precision_at_1_diff1": 0.3942681465655216,
        "nauc_precision_at_3_max": 0.09326019142509044,
        "nauc_precision_at_3_std": -0.036909201200163166,
        "nauc_precision_at_3_diff1": 0.31372691821666904,
        "nauc_precision_at_5_max": 0.024928710550673836,
        "nauc_precision_at_5_std": -0.0384976399259772,
        "nauc_precision_at_5_diff1": 0.2724994373708193,
        "nauc_precision_at_10_max": 0.05301435541223018,
        "nauc_precision_at_10_std": -0.008836537180808773,
        "nauc_precision_at_10_diff1": 0.2344420921807957,
        "nauc_precision_at_20_max": 0.05690949093625265,
        "nauc_precision_at_20_std": 0.04797878504527171,
        "nauc_precision_at_20_diff1": 0.2079213519833604,
        "nauc_precision_at_100_max": 0.12159416748752695,
        "nauc_precision_at_100_std": 0.11051083208025926,
        "nauc_precision_at_100_diff1": 0.1525335132173136,
        "nauc_precision_at_1000_max": 0.22560628421222675,
        "nauc_precision_at_1000_std": 0.12839285670759124,
        "nauc_precision_at_1000_diff1": 0.06906452336618203,
        "nauc_mrr_at_1_max": 0.08473391814745666,
        "nauc_mrr_at_1_std": -0.10329414676568992,
        "nauc_mrr_at_1_diff1": 0.3942681465655216,
        "nauc_mrr_at_3_max": 0.09318742427053177,
        "nauc_mrr_at_3_std": -0.05459964745201756,
        "nauc_mrr_at_3_diff1": 0.3254872603184353,
        "nauc_mrr_at_5_max": 0.07396704375008588,
        "nauc_mrr_at_5_std": -0.05669800145497439,
        "nauc_mrr_at_5_diff1": 0.31707999337342707,
        "nauc_mrr_at_10_max": 0.07959511363911054,
        "nauc_mrr_at_10_std": -0.05150669604517929,
        "nauc_mrr_at_10_diff1": 0.3149456613081637,
        "nauc_mrr_at_20_max": 0.08120405556772464,
        "nauc_mrr_at_20_std": -0.04511559037685034,
        "nauc_mrr_at_20_diff1": 0.31591753406496353,
        "nauc_mrr_at_100_max": 0.08215163380269416,
        "nauc_mrr_at_100_std": -0.04403555636679049,
        "nauc_mrr_at_100_diff1": 0.31650421781494475,
        "nauc_mrr_at_1000_max": 0.08219636253518751,
        "nauc_mrr_at_1000_std": -0.04381808948733994,
        "nauc_mrr_at_1000_diff1": 0.3167409314882961,
        "cv_recall_at_1": 0.14198,
        "cv_recall_at_3": 0.22531,
        "cv_recall_at_5": 0.2716,
        "cv_recall_at_10": 0.34105,
        "cv_recall_at_20": 0.41049,
        "cv_recall_at_100": 0.6034,
        "cv_recall_at_1000": 0.82716,
        "main_score": 0.15334,
        "hf_subset": "default",
        "languages": [
          "eng-Latn"
        ]
      }
    ]
  },
  "evaluation_time": 3691.9566070318224,
  "mteb_dataset_name": "FiQA2018",
  "model_revision": "main"
}