{
    "dataset_revision": "2039188fb5800a9803ba5048df7b76e6fb151fc6",
    "task_name": "MedicalRetrieval",
    "evaluation_time": null,
    "mteb_version": null,
    "scores": {
        "dev": [
            {
                "hf_subset": "default",
                "languages": [
                    "cmn-Hans"
                ],
                "map_at_1": 0.537,
                "map_at_10": 0.59184,
                "map_at_100": 0.59754,
                "map_at_1000": 0.598,
                "map_at_3": 0.57833,
                "map_at_5": 0.58548,
                "mrr_at_1": 0.54,
                "mrr_at_10": 0.59352,
                "mrr_at_100": 0.59926,
                "mrr_at_1000": 0.59971,
                "mrr_at_3": 0.58,
                "mrr_at_5": 0.58715,
                "ndcg_at_1": 0.537,
                "ndcg_at_10": 0.62022,
                "ndcg_at_100": 0.65038,
                "ndcg_at_1000": 0.66366,
                "ndcg_at_3": 0.59209,
                "ndcg_at_5": 0.60513,
                "precision_at_1": 0.537,
                "precision_at_10": 0.071,
                "precision_at_100": 0.00856,
                "precision_at_1000": 0.00096,
                "precision_at_3": 0.21067,
                "precision_at_5": 0.1328,
                "recall_at_1": 0.537,
                "recall_at_10": 0.71,
                "recall_at_100": 0.856,
                "recall_at_1000": 0.963,
                "recall_at_3": 0.632,
                "recall_at_5": 0.664,
                "main_score": 0.62022
            }
        ]
    }
}