{
    "dataset_revision": "d80d48c1eb48d3562165c59d59d0034df9fff0bf",
    "task_name": "MTOPDomainClassification",
    "evaluation_time": null,
    "mteb_version": null,
    "scores": {
        "test": [
            {
                "hf_subset": "en",
                "languages": [
                    "eng-Latn"
                ],
                "accuracy": 0.9861149110807114,
                "accuracy_stderr": 0.00469748178253266,
                "f1": 0.984685511007568,
                "f1_stderr": 0.0051636776728259,
                "main_score": 0.9861149110807114
            },
            {
                "hf_subset": "fr",
                "languages": [
                    "fra-Latn"
                ],
                "accuracy": 0.9720325712496085,
                "f1": 0.9705991090368462,
                "f1_weighted": 0.9720748006323806,
                "main_score": 0.9720325712496085
            }
        ]
    }
}