{
  "dataset_revision": "4535eb399017ce24ce41cfcdc7c157bf76bcfa27",
  "task_name": "HiFiTTSA2TRetrieval",
  "mteb_version": "2.4.2",
  "scores": {
    "test": [
      {
        "ndcg_at_1": 0.00667,
        "ndcg_at_3": 0.0121,
        "ndcg_at_5": 0.01612,
        "ndcg_at_10": 0.02437,
        "ndcg_at_20": 0.03018,
        "ndcg_at_100": 0.08376,
        "ndcg_at_1000": 0.16542,
        "map_at_1": 0.00667,
        "map_at_3": 0.01056,
        "map_at_5": 0.01272,
        "map_at_10": 0.01592,
        "map_at_20": 0.01746,
        "map_at_100": 0.02347,
        "map_at_1000": 0.02695,
        "recall_at_1": 0.00667,
        "recall_at_3": 0.01667,
        "recall_at_5": 0.02667,
        "recall_at_10": 0.05333,
        "recall_at_20": 0.07667,
        "recall_at_100": 0.38667,
        "recall_at_1000": 1.0,
        "accuracy": 0.00667,
        "precision_at_1": 0.00667,
        "precision_at_3": 0.00556,
        "precision_at_5": 0.00533,
        "precision_at_10": 0.00533,
        "precision_at_20": 0.00383,
        "precision_at_100": 0.00387,
        "precision_at_1000": 0.001,
        "mrr_at_1": 0.006667,
        "mrr_at_3": 0.010556,
        "mrr_at_5": 0.012722,
        "mrr_at_10": 0.015921,
        "mrr_at_20": 0.017464,
        "mrr_at_100": 0.023473,
        "mrr_at_1000": 0.026948,
        "nauc_ndcg_at_1_max": 0.29246,
        "nauc_ndcg_at_1_std": 0.661926,
        "nauc_ndcg_at_1_diff1": 0.323853,
        "nauc_ndcg_at_3_max": 0.213084,
        "nauc_ndcg_at_3_std": 0.632218,
        "nauc_ndcg_at_3_diff1": 0.067806,
        "nauc_ndcg_at_5_max": 0.142607,
        "nauc_ndcg_at_5_std": 0.51813,
        "nauc_ndcg_at_5_diff1": 0.068471,
        "nauc_ndcg_at_10_max": 0.131617,
        "nauc_ndcg_at_10_std": 0.413526,
        "nauc_ndcg_at_10_diff1": 0.028269,
        "nauc_ndcg_at_20_max": 0.120486,
        "nauc_ndcg_at_20_std": 0.362613,
        "nauc_ndcg_at_20_diff1": -0.031971,
        "nauc_ndcg_at_100_max": 0.148307,
        "nauc_ndcg_at_100_std": 0.262691,
        "nauc_ndcg_at_100_diff1": -0.001773,
        "nauc_ndcg_at_1000_max": 0.13439,
        "nauc_ndcg_at_1000_std": 0.331877,
        "nauc_ndcg_at_1000_diff1": 0.002524,
        "nauc_map_at_1_max": 0.29246,
        "nauc_map_at_1_std": 0.661926,
        "nauc_map_at_1_diff1": 0.323853,
        "nauc_map_at_3_max": 0.226922,
        "nauc_map_at_3_std": 0.647692,
        "nauc_map_at_3_diff1": 0.112027,
        "nauc_map_at_5_max": 0.17276,
        "nauc_map_at_5_std": 0.562223,
        "nauc_map_at_5_diff1": 0.101472,
        "nauc_map_at_10_max": 0.15551,
        "nauc_map_at_10_std": 0.489609,
        "nauc_map_at_10_diff1": 0.080698,
        "nauc_map_at_20_max": 0.148658,
        "nauc_map_at_20_std": 0.456471,
        "nauc_map_at_20_diff1": 0.047998,
        "nauc_map_at_100_max": 0.150879,
        "nauc_map_at_100_std": 0.401845,
        "nauc_map_at_100_diff1": 0.042422,
        "nauc_map_at_1000_max": 0.149291,
        "nauc_map_at_1000_std": 0.414094,
        "nauc_map_at_1000_diff1": 0.043883,
        "nauc_recall_at_1_max": 0.29246,
        "nauc_recall_at_1_std": 0.661926,
        "nauc_recall_at_1_diff1": 0.323853,
        "nauc_recall_at_3_max": 0.187336,
        "nauc_recall_at_3_std": 0.601073,
        "nauc_recall_at_3_diff1": -0.014382,
        "nauc_recall_at_5_max": 0.098035,
        "nauc_recall_at_5_std": 0.45053,
        "nauc_recall_at_5_diff1": 0.024316,
        "nauc_recall_at_10_max": 0.111635,
        "nauc_recall_at_10_std": 0.332556,
        "nauc_recall_at_10_diff1": -0.028324,
        "nauc_recall_at_20_max": 0.099427,
        "nauc_recall_at_20_std": 0.281985,
        "nauc_recall_at_20_diff1": -0.105797,
        "nauc_recall_at_100_max": 0.158724,
        "nauc_recall_at_100_std": 0.198793,
        "nauc_recall_at_100_diff1": -0.01007,
        "nauc_recall_at_1000_max": NaN,
        "nauc_recall_at_1000_std": NaN,
        "nauc_recall_at_1000_diff1": NaN,
        "nauc_precision_at_1_max": 0.29246,
        "nauc_precision_at_1_std": 0.661926,
        "nauc_precision_at_1_diff1": 0.323853,
        "nauc_precision_at_3_max": 0.187336,
        "nauc_precision_at_3_std": 0.601073,
        "nauc_precision_at_3_diff1": -0.014382,
        "nauc_precision_at_5_max": 0.098035,
        "nauc_precision_at_5_std": 0.45053,
        "nauc_precision_at_5_diff1": 0.024316,
        "nauc_precision_at_10_max": 0.111635,
        "nauc_precision_at_10_std": 0.332556,
        "nauc_precision_at_10_diff1": -0.028324,
        "nauc_precision_at_20_max": 0.099427,
        "nauc_precision_at_20_std": 0.281985,
        "nauc_precision_at_20_diff1": -0.105797,
        "nauc_precision_at_100_max": 0.158724,
        "nauc_precision_at_100_std": 0.198793,
        "nauc_precision_at_100_diff1": -0.01007,
        "nauc_precision_at_1000_max": 1.0,
        "nauc_precision_at_1000_std": 1.0,
        "nauc_precision_at_1000_diff1": 1.0,
        "nauc_mrr_at_1_max": 0.29246,
        "nauc_mrr_at_1_std": 0.661926,
        "nauc_mrr_at_1_diff1": 0.323853,
        "nauc_mrr_at_3_max": 0.226922,
        "nauc_mrr_at_3_std": 0.647692,
        "nauc_mrr_at_3_diff1": 0.112027,
        "nauc_mrr_at_5_max": 0.17276,
        "nauc_mrr_at_5_std": 0.562223,
        "nauc_mrr_at_5_diff1": 0.101472,
        "nauc_mrr_at_10_max": 0.15551,
        "nauc_mrr_at_10_std": 0.489609,
        "nauc_mrr_at_10_diff1": 0.080698,
        "nauc_mrr_at_20_max": 0.148658,
        "nauc_mrr_at_20_std": 0.456471,
        "nauc_mrr_at_20_diff1": 0.047998,
        "nauc_mrr_at_100_max": 0.150831,
        "nauc_mrr_at_100_std": 0.40183,
        "nauc_mrr_at_100_diff1": 0.042368,
        "nauc_mrr_at_1000_max": 0.149225,
        "nauc_mrr_at_1000_std": 0.414076,
        "nauc_mrr_at_1000_diff1": 0.043807,
        "cv_recall_at_1": 0.00667,
        "cv_recall_at_3": 0.01667,
        "cv_recall_at_5": 0.02667,
        "cv_recall_at_10": 0.05333,
        "cv_recall_at_20": 0.07667,
        "cv_recall_at_100": 0.38667,
        "cv_recall_at_1000": 1.0,
        "main_score": 0.02667,
        "hf_subset": "default",
        "languages": [
          "eng-Latn"
        ]
      }
    ]
  },
  "evaluation_time": 33.74802875518799,
  "kg_co2_emissions": null
}