{
  "dataset_revision": "cfe15bd2791dde5f8f20aebecf0b4eb3812972d6",
  "evaluation_time": 158.68852162361145,
  "kg_co2_emissions": 0.007269651906656216,
  "mteb_version": "1.14.15",
  "scores": {
    "test": [
      {
        "cv_recall_at_1": 0.48507,
        "cv_recall_at_10": 0.81333,
        "cv_recall_at_100": 0.98617,
        "cv_recall_at_1000": 0.99879,
        "cv_recall_at_20": 0.88484,
        "cv_recall_at_3": 0.65916,
        "cv_recall_at_5": 0.72841,
        "hf_subset": "default",
        "languages": [
          "eng-Latn"
        ],
        "main_score": 0.64261,
        "map_at_1": 0.48483,
        "map_at_10": 0.58882,
        "map_at_100": 0.59672,
        "map_at_1000": 0.59681,
        "map_at_20": 0.59383,
        "map_at_3": 0.56159,
        "map_at_5": 0.57742,
        "mrr_at_1": 0.4850659035027611,
        "mrr_at_10": 0.5891746434825733,
        "mrr_at_100": 0.5969934172480532,
        "mrr_at_1000": 0.5970735366693042,
        "mrr_at_20": 0.5941824396838459,
        "mrr_at_3": 0.5619734773670961,
        "mrr_at_5": 0.5777540408722835,
        "nauc_cv_recall_at_1000_diff1": 0.599671348098061,
        "nauc_cv_recall_at_1000_max": 0.9064908519548733,
        "nauc_cv_recall_at_1000_std": 0.9527854255231701,
        "nauc_cv_recall_at_100_diff1": 0.5550145523970885,
        "nauc_cv_recall_at_100_max": 0.5439958487246855,
        "nauc_cv_recall_at_100_std": 0.031015151553605017,
        "nauc_cv_recall_at_10_diff1": 0.550530059378843,
        "nauc_cv_recall_at_10_max": 0.30803197091565787,
        "nauc_cv_recall_at_10_std": -0.574505539356254,
        "nauc_cv_recall_at_1_diff1": 0.6839797010428267,
        "nauc_cv_recall_at_1_max": 0.3580042474166643,
        "nauc_cv_recall_at_1_std": -0.4123590892454944,
        "nauc_cv_recall_at_20_diff1": 0.5429609528368552,
        "nauc_cv_recall_at_20_max": 0.31555703437867727,
        "nauc_cv_recall_at_20_std": -0.574343507090571,
        "nauc_cv_recall_at_3_diff1": 0.5968018390532642,
        "nauc_cv_recall_at_3_max": 0.33452101105254406,
        "nauc_cv_recall_at_3_std": -0.5066266765182951,
        "nauc_cv_recall_at_5_diff1": 0.5758573634262006,
        "nauc_cv_recall_at_5_max": 0.3209644800051402,
        "nauc_cv_recall_at_5_std": -0.5409947598943486,
        "nauc_map_at_1000_diff1": 0.6470761852855854,
        "nauc_map_at_1000_max": 0.3478793422169201,
        "nauc_map_at_1000_std": -0.4503054186652898,
        "nauc_map_at_100_diff1": 0.6470510278959594,
        "nauc_map_at_100_max": 0.3479090029141925,
        "nauc_map_at_100_std": -0.4502432101642587,
        "nauc_map_at_10_diff1": 0.6449714516130512,
        "nauc_map_at_10_max": 0.34642886661614364,
        "nauc_map_at_10_std": -0.4540494645319725,
        "nauc_map_at_1_diff1": 0.684129679671402,
        "nauc_map_at_1_max": 0.35843763486119545,
        "nauc_map_at_1_std": -0.4127438695255756,
        "nauc_map_at_20_diff1": 0.6461342628839903,
        "nauc_map_at_20_max": 0.34728020898852974,
        "nauc_map_at_20_std": -0.45229873507458124,
        "nauc_map_at_3_diff1": 0.6473369032000201,
        "nauc_map_at_3_max": 0.34888299283464197,
        "nauc_map_at_3_std": -0.4497135252356914,
        "nauc_map_at_5_diff1": 0.6450238500557585,
        "nauc_map_at_5_max": 0.3467077244546871,
        "nauc_map_at_5_std": -0.4538776471227325,
        "nauc_mrr_at_1000_diff1": 0.646964296155922,
        "nauc_mrr_at_1000_max": 0.3475647804209402,
        "nauc_mrr_at_1000_std": -0.4498171536020441,
        "nauc_mrr_at_100_diff1": 0.6469398562825283,
        "nauc_mrr_at_100_max": 0.3475931637601928,
        "nauc_mrr_at_100_std": -0.4497523175365915,
        "nauc_mrr_at_10_diff1": 0.6447782565191073,
        "nauc_mrr_at_10_max": 0.3461781562749248,
        "nauc_mrr_at_10_std": -0.4533278430469292,
        "nauc_mrr_at_1_diff1": 0.6839797010428267,
        "nauc_mrr_at_1_max": 0.3580042474166643,
        "nauc_mrr_at_1_std": -0.4123590892454944,
        "nauc_mrr_at_20_diff1": 0.6459979123806396,
        "nauc_mrr_at_20_max": 0.34701486458897474,
        "nauc_mrr_at_20_std": -0.4516061231596086,
        "nauc_mrr_at_3_diff1": 0.6471506339344092,
        "nauc_mrr_at_3_max": 0.3485404675191535,
        "nauc_mrr_at_3_std": -0.4492027572141309,
        "nauc_mrr_at_5_diff1": 0.644906200075121,
        "nauc_mrr_at_5_max": 0.3464726851066688,
        "nauc_mrr_at_5_std": -0.4532808186256899,
        "nauc_ndcg_at_1000_diff1": 0.6410593546706154,
        "nauc_ndcg_at_1000_max": 0.3470288290406771,
        "nauc_ndcg_at_1000_std": -0.45415103221595754,
        "nauc_ndcg_at_100_diff1": 0.6404151218981687,
        "nauc_ndcg_at_100_max": 0.3481023750514198,
        "nauc_ndcg_at_100_std": -0.45161709683530843,
        "nauc_ndcg_at_10_diff1": 0.6294741091467397,
        "nauc_ndcg_at_10_max": 0.34022109399584205,
        "nauc_ndcg_at_10_std": -0.4737385403161452,
        "nauc_ndcg_at_1_diff1": 0.6836651895067801,
        "nauc_ndcg_at_1_max": 0.35830950659588134,
        "nauc_ndcg_at_1_std": -0.41235147492407015,
        "nauc_ndcg_at_20_diff1": 0.6333706163933078,
        "nauc_ndcg_at_20_max": 0.34318021156093415,
        "nauc_ndcg_at_20_std": -0.4675887140399896,
        "nauc_ndcg_at_3_diff1": 0.6354618853204943,
        "nauc_ndcg_at_3_max": 0.3455543430941983,
        "nauc_ndcg_at_3_std": -0.4629283537580861,
        "nauc_ndcg_at_5_diff1": 0.6305422439342515,
        "nauc_ndcg_at_5_max": 0.34135641042037973,
        "nauc_ndcg_at_5_std": -0.4717895510329777,
        "nauc_precision_at_1000_diff1": -0.2410716508410845,
        "nauc_precision_at_1000_max": 0.08358981805463418,
        "nauc_precision_at_1000_std": 0.6723426447337194,
        "nauc_precision_at_100_diff1": 0.1600766048446016,
        "nauc_precision_at_100_max": 0.30907611021996606,
        "nauc_precision_at_100_std": 0.3164237222555443,
        "nauc_precision_at_10_diff1": 0.5402742496810556,
        "nauc_precision_at_10_max": 0.3038471771643499,
        "nauc_precision_at_10_std": -0.561258224393101,
        "nauc_precision_at_1_diff1": 0.6836651895067801,
        "nauc_precision_at_1_max": 0.35830950659588134,
        "nauc_precision_at_1_std": -0.41235147492407015,
        "nauc_precision_at_20_diff1": 0.5134101830333084,
        "nauc_precision_at_20_max": 0.30616975885756365,
        "nauc_precision_at_20_std": -0.5356766110495194,
        "nauc_precision_at_3_diff1": 0.5948940891350456,
        "nauc_precision_at_3_max": 0.3342146046136614,
        "nauc_precision_at_3_std": -0.5049341153576293,
        "nauc_precision_at_5_diff1": 0.5718111147031095,
        "nauc_precision_at_5_max": 0.31966803442335323,
        "nauc_precision_at_5_std": -0.5368183207261987,
        "nauc_recall_at_1000_diff1": 0.6054135553588442,
        "nauc_recall_at_1000_max": 0.9102312178766792,
        "nauc_recall_at_1000_std": 0.9475404088954037,
        "nauc_recall_at_100_diff1": 0.5545547799595643,
        "nauc_recall_at_100_max": 0.5439133610752029,
        "nauc_recall_at_100_std": 0.02423691847410072,
        "nauc_recall_at_10_diff1": 0.5516373269826627,
        "nauc_recall_at_10_max": 0.3071375573168239,
        "nauc_recall_at_10_std": -0.5775748836885157,
        "nauc_recall_at_1_diff1": 0.684129679671402,
        "nauc_recall_at_1_max": 0.35843763486119545,
        "nauc_recall_at_1_std": -0.4127438695255756,
        "nauc_recall_at_20_diff1": 0.5442985393907663,
        "nauc_recall_at_20_max": 0.3142028334280526,
        "nauc_recall_at_20_std": -0.5802360704269617,
        "nauc_recall_at_3_diff1": 0.5970636718465491,
        "nauc_recall_at_3_max": 0.334547315621744,
        "nauc_recall_at_3_std": -0.5072099676654933,
        "nauc_recall_at_5_diff1": 0.5758296254076448,
        "nauc_recall_at_5_max": 0.3203314414363595,
        "nauc_recall_at_5_std": -0.5421481352850522,
        "ndcg_at_1": 0.48519,
        "ndcg_at_10": 0.64261,
        "ndcg_at_100": 0.68029,
        "ndcg_at_1000": 0.68203,