{
    "dataset_revision": "cda12ad7615edc362dbf25a00fdd61d3b1eaf93c",
    "task_name": "SummEval",
    "evaluation_time": null,
    "mteb_version": null,
    "scores": {
        "test": [
            {
                "hf_subset": "default",
                "languages": [
                    "eng-Latn"
                ],
                "cos_sim_pearson": 0.3057246866942087,
                "cos_sim_spearman": 0.3069719029010722,
                "dot_pearson": 0.305724686278238,
                "dot_spearman": 0.30675070232612645,
                "cosine_pearson": 0.3057246866942087,
                "cosine_spearman": 0.3069719029010722,
                "main_score": 0.3069719029010722
            }
        ]
    }
}