{
    "dataset_revision": "47f2ac6acb640fc46020b02a5b59fdda04d39380",
    "task_name": "ClimateFEVER",
    "evaluation_time": null,
    "mteb_version": null,
    "scores": {
        "test": [
            {
                "hf_subset": "default",
                "languages": [
                    "eng-Latn"
                ],
                "map_at_1": 0.22077,
                "map_at_10": 0.3544,
                "map_at_100": 0.37651,
                "map_at_1000": 0.37825,
                "map_at_3": 0.30765,
                "map_at_5": 0.3326,
                "mrr_at_1": 0.50163,
                "mrr_at_10": 0.61207,
                "mrr_at_100": 0.61675,
                "mrr_at_1000": 0.61692,
                "mrr_at_3": 0.5861,
                "mrr_at_5": 0.60307,
                "ndcg_at_1": 0.50163,
                "ndcg_at_10": 0.45882,
                "ndcg_at_100": 0.5324,
                "ndcg_at_1000": 0.55852,
                "ndcg_at_3": 0.40514000000000006,
                "ndcg_at_5": 0.42038,
                "precision_at_1": 0.50163,
                "precision_at_10": 0.13466,
                "precision_at_100": 0.021640000000000003,
                "precision_at_1000": 0.00266,
                "precision_at_3": 0.29707,
                "precision_at_5": 0.21694,
                "recall_at_1": 0.22077,
                "recall_at_10": 0.50193,
                "recall_at_100": 0.74993,
                "recall_at_1000": 0.89131,
                "recall_at_3": 0.35472000000000004,
                "recall_at_5": 0.41814,
                "main_score": 0.45882
            }
        ]
    }
}