{
  "dataset_revision": "e19b6ffa60b3bc248e0b41f4cc37c26a55c2a67b",
  "task_name": "RuBQRetrieval",
  "mteb_version": "1.18.0",
  "scores": {
    "test": [
      {
        "ndcg_at_1": 0.02128,
        "ndcg_at_3": 0.02492,
        "ndcg_at_5": 0.02943,
        "ndcg_at_10": 0.03273,
        "ndcg_at_20": 0.03636,
        "ndcg_at_100": 0.04101,
        "ndcg_at_1000": 0.04896,
        "map_at_1": 0.01458,
        "map_at_3": 0.02141,
        "map_at_5": 0.02397,
        "map_at_10": 0.02542,
        "map_at_20": 0.02658,
        "map_at_100": 0.02718,
        "map_at_1000": 0.02744,
        "recall_at_1": 0.01458,
        "recall_at_3": 0.02778,
        "recall_at_5": 0.03797,
        "recall_at_10": 0.04664,
        "recall_at_20": 0.05861,
        "recall_at_100": 0.08145,
        "recall_at_1000": 0.13892,
        "precision_at_1": 0.02128,
        "precision_at_3": 0.01399,
        "precision_at_5": 0.01147,
        "precision_at_10": 0.00727,
        "precision_at_20": 0.00476,
        "precision_at_100": 0.00132,
        "precision_at_1000": 0.00023,
        "mrr_at_1": 0.021868,
        "mrr_at_3": 0.029058,
        "mrr_at_5": 0.031925,
        "mrr_at_10": 0.033403,
        "mrr_at_20": 0.034362,
        "mrr_at_100": 0.035049,
        "mrr_at_1000": 0.035303,
        "nauc_ndcg_at_1_max": -0.490229,
        "nauc_ndcg_at_1_std": 0.735064,
        "nauc_ndcg_at_1_diff1": 0.607751,
        "nauc_ndcg_at_3_max": -0.466081,
        "nauc_ndcg_at_3_std": 0.740726,
        "nauc_ndcg_at_3_diff1": 0.5659,
        "nauc_ndcg_at_5_max": -0.445293,
        "nauc_ndcg_at_5_std": 0.730164,
        "nauc_ndcg_at_5_diff1": 0.548944,
        "nauc_ndcg_at_10_max": -0.437405,
        "nauc_ndcg_at_10_std": 0.740316,
        "nauc_ndcg_at_10_diff1": 0.562108,
        "nauc_ndcg_at_20_max": -0.430897,
        "nauc_ndcg_at_20_std": 0.73756,
        "nauc_ndcg_at_20_diff1": 0.553764,
        "nauc_ndcg_at_100_max": -0.405012,
        "nauc_ndcg_at_100_std": 0.710282,
        "nauc_ndcg_at_100_diff1": 0.535898,
        "nauc_ndcg_at_1000_max": -0.389102,
        "nauc_ndcg_at_1000_std": 0.671131,
        "nauc_ndcg_at_1000_diff1": 0.491329,
        "nauc_map_at_1_max": -0.506001,
        "nauc_map_at_1_std": 0.735523,
        "nauc_map_at_1_diff1": 0.584062,
        "nauc_map_at_3_max": -0.477373,
        "nauc_map_at_3_std": 0.740198,
        "nauc_map_at_3_diff1": 0.566704,
        "nauc_map_at_5_max": -0.463446,
        "nauc_map_at_5_std": 0.736003,
        "nauc_map_at_5_diff1": 0.554591,
        "nauc_map_at_10_max": -0.460157,
        "nauc_map_at_10_std": 0.742954,
        "nauc_map_at_10_diff1": 0.563055,
        "nauc_map_at_20_max": -0.457276,
        "nauc_map_at_20_std": 0.742933,
        "nauc_map_at_20_diff1": 0.561558,
        "nauc_map_at_100_max": -0.451687,
        "nauc_map_at_100_std": 0.739162,
        "nauc_map_at_100_diff1": 0.558563,
        "nauc_map_at_1000_max": -0.450825,
        "nauc_map_at_1000_std": 0.737802,
        "nauc_map_at_1000_diff1": 0.556481,
        "nauc_recall_at_1_max": -0.506001,
        "nauc_recall_at_1_std": 0.735523,
        "nauc_recall_at_1_diff1": 0.584062,
        "nauc_recall_at_3_max": -0.461648,
        "nauc_recall_at_3_std": 0.74395,
        "nauc_recall_at_3_diff1": 0.566018,
        "nauc_recall_at_5_max": -0.424215,
        "nauc_recall_at_5_std": 0.724181,
        "nauc_recall_at_5_diff1": 0.537572,
        "nauc_recall_at_10_max": -0.410222,
        "nauc_recall_at_10_std": 0.743108,
        "nauc_recall_at_10_diff1": 0.56338,
        "nauc_recall_at_20_max": -0.399918,
        "nauc_recall_at_20_std": 0.736748,
        "nauc_recall_at_20_diff1": 0.547595,
        "nauc_recall_at_100_max": -0.344539,
        "nauc_recall_at_100_std": 0.662608,
        "nauc_recall_at_100_diff1": 0.503323,
        "nauc_recall_at_1000_max": -0.307898,
        "nauc_recall_at_1000_std": 0.543249,
        "nauc_recall_at_1000_diff1": 0.37445,
        "nauc_precision_at_1_max": -0.490229,
        "nauc_precision_at_1_std": 0.735064,
        "nauc_precision_at_1_diff1": 0.607751,
        "nauc_precision_at_3_max": -0.433079,
        "nauc_precision_at_3_std": 0.744593,
        "nauc_precision_at_3_diff1": 0.561048,
        "nauc_precision_at_5_max": -0.413002,
        "nauc_precision_at_5_std": 0.7257,
        "nauc_precision_at_5_diff1": 0.538317,
        "nauc_precision_at_10_max": -0.404986,
        "nauc_precision_at_10_std": 0.747692,
        "nauc_precision_at_10_diff1": 0.573132,
        "nauc_precision_at_20_max": -0.401858,
        "nauc_precision_at_20_std": 0.736813,
        "nauc_precision_at_20_diff1": 0.548622,
        "nauc_precision_at_100_max": -0.344134,
        "nauc_precision_at_100_std": 0.670866,
        "nauc_precision_at_100_diff1": 0.499663,
        "nauc_precision_at_1000_max": -0.310763,
        "nauc_precision_at_1000_std": 0.561855,
        "nauc_precision_at_1000_diff1": 0.38568,
        "nauc_mrr_at_1_max": -0.449953,
        "nauc_mrr_at_1_std": 0.742225,
        "nauc_mrr_at_1_diff1": 0.575802,
        "nauc_mrr_at_3_max": -0.438348,
        "nauc_mrr_at_3_std": 0.736941,
        "nauc_mrr_at_3_diff1": 0.553262,
        "nauc_mrr_at_5_max": -0.429438,
        "nauc_mrr_at_5_std": 0.728698,
        "nauc_mrr_at_5_diff1": 0.547035,
        "nauc_mrr_at_10_max": -0.425083,
        "nauc_mrr_at_10_std": 0.731723,
        "nauc_mrr_at_10_diff1": 0.549909,
        "nauc_mrr_at_20_max": -0.423013,
        "nauc_mrr_at_20_std": 0.729779,
        "nauc_mrr_at_20_diff1": 0.543713,
        "nauc_mrr_at_100_max": -0.418166,
        "nauc_mrr_at_100_std": 0.724691,
        "nauc_mrr_at_100_diff1": 0.540988,
        "nauc_mrr_at_1000_max": -0.417616,
        "nauc_mrr_at_1000_std": 0.723217,
        "nauc_mrr_at_1000_diff1": 0.538862,
        "main_score": 0.03273,
        "hf_subset": "default",
        "languages": [
          "rus-Cyrl"
        ]
      }
    ]
  },
  "evaluation_time": 44.57865905761719,
  "kg_co2_emissions": 0.0039099553765757295
}