{
  "dataset_revision": "80cdb115ec2ef46d4e926b252f2b59af62d6c070",
  "task_name": "TV2Nordretrieval",
  "mteb_version": "1.18.0",
  "scores": {
    "test": [
      {
        "ndcg_at_1": 0.23828,
        "ndcg_at_3": 0.28245,
        "ndcg_at_5": 0.30109,
        "ndcg_at_10": 0.31784,
        "ndcg_at_20": 0.33407,
        "ndcg_at_100": 0.36307,
        "ndcg_at_1000": 0.39933,
        "map_at_1": 0.23828,
        "map_at_3": 0.27157,
        "map_at_5": 0.28187,
        "map_at_10": 0.28869,
        "map_at_20": 0.29318,
        "map_at_100": 0.2969,
        "map_at_1000": 0.29808,
        "recall_at_1": 0.23828,
        "recall_at_3": 0.31396,
        "recall_at_5": 0.35938,
        "recall_at_10": 0.41162,
        "recall_at_20": 0.47559,
        "recall_at_100": 0.63623,
        "recall_at_1000": 0.93311,
        "precision_at_1": 0.23828,
        "precision_at_3": 0.10465,
        "precision_at_5": 0.07188,
        "precision_at_10": 0.04116,
        "precision_at_20": 0.02378,
        "precision_at_100": 0.00636,
        "precision_at_1000": 0.00093,
        "mrr_at_1": 0.238281,
        "mrr_at_3": 0.271566,
        "mrr_at_5": 0.281868,
        "mrr_at_10": 0.288693,
        "mrr_at_20": 0.293184,
        "mrr_at_100": 0.296903,
        "mrr_at_1000": 0.298083,
        "nauc_ndcg_at_1_max": 0.080753,
        "nauc_ndcg_at_1_std": -0.054961,
        "nauc_ndcg_at_1_diff1": 0.594311,
        "nauc_ndcg_at_3_max": 0.061044,
        "nauc_ndcg_at_3_std": -0.032665,
        "nauc_ndcg_at_3_diff1": 0.53632,
        "nauc_ndcg_at_5_max": 0.052755,
        "nauc_ndcg_at_5_std": -0.031538,
        "nauc_ndcg_at_5_diff1": 0.527139,
        "nauc_ndcg_at_10_max": 0.052815,
        "nauc_ndcg_at_10_std": -0.025454,
        "nauc_ndcg_at_10_diff1": 0.516635,
        "nauc_ndcg_at_20_max": 0.045772,
        "nauc_ndcg_at_20_std": -0.022006,
        "nauc_ndcg_at_20_diff1": 0.514035,
        "nauc_ndcg_at_100_max": 0.050476,
        "nauc_ndcg_at_100_std": -0.017107,
        "nauc_ndcg_at_100_diff1": 0.508584,
        "nauc_ndcg_at_1000_max": 0.050353,
        "nauc_ndcg_at_1000_std": -0.027817,
        "nauc_ndcg_at_1000_diff1": 0.516067,
        "nauc_map_at_1_max": 0.080753,
        "nauc_map_at_1_std": -0.054961,
        "nauc_map_at_1_diff1": 0.594311,
        "nauc_map_at_3_max": 0.065817,
        "nauc_map_at_3_std": -0.037216,
        "nauc_map_at_3_diff1": 0.549133,
        "nauc_map_at_5_max": 0.061063,
        "nauc_map_at_5_std": -0.036699,
        "nauc_map_at_5_diff1": 0.54392,
        "nauc_map_at_10_max": 0.061178,
        "nauc_map_at_10_std": -0.034068,
        "nauc_map_at_10_diff1": 0.539279,
        "nauc_map_at_20_max": 0.059533,
        "nauc_map_at_20_std": -0.033084,
        "nauc_map_at_20_diff1": 0.5386,
        "nauc_map_at_100_max": 0.06006,
        "nauc_map_at_100_std": -0.032556,
        "nauc_map_at_100_diff1": 0.537849,
        "nauc_map_at_1000_max": 0.060006,
        "nauc_map_at_1000_std": -0.032829,
        "nauc_map_at_1000_diff1": 0.537959,
        "nauc_recall_at_1_max": 0.080753,
        "nauc_recall_at_1_std": -0.054961,
        "nauc_recall_at_1_diff1": 0.594311,
        "nauc_recall_at_3_max": 0.047967,
        "nauc_recall_at_3_std": -0.020507,
        "nauc_recall_at_3_diff1": 0.501667,
        "nauc_recall_at_5_max": 0.029373,
        "nauc_recall_at_5_std": -0.017626,
        "nauc_recall_at_5_diff1": 0.481158,
        "nauc_recall_at_10_max": 0.029371,
        "nauc_recall_at_10_std": -0.000423,
        "nauc_recall_at_10_diff1": 0.452244,
        "nauc_recall_at_20_max": 0.000184,
        "nauc_recall_at_20_std": 0.01286,
        "nauc_recall_at_20_diff1": 0.440949,
        "nauc_recall_at_100_max": 0.022341,
        "nauc_recall_at_100_std": 0.050962,
        "nauc_recall_at_100_diff1": 0.395318,
        "nauc_recall_at_1000_max": -0.052398,
        "nauc_recall_at_1000_std": -0.13143,
        "nauc_recall_at_1000_diff1": 0.340945,
        "nauc_precision_at_1_max": 0.080753,
        "nauc_precision_at_1_std": -0.054961,
        "nauc_precision_at_1_diff1": 0.594311,
        "nauc_precision_at_3_max": 0.047967,
        "nauc_precision_at_3_std": -0.020507,
        "nauc_precision_at_3_diff1": 0.501667,
        "nauc_precision_at_5_max": 0.029373,
        "nauc_precision_at_5_std": -0.017626,
        "nauc_precision_at_5_diff1": 0.481158,
        "nauc_precision_at_10_max": 0.029371,
        "nauc_precision_at_10_std": -0.000423,
        "nauc_precision_at_10_diff1": 0.452244,
        "nauc_precision_at_20_max": 0.000184,
        "nauc_precision_at_20_std": 0.01286,
        "nauc_precision_at_20_diff1": 0.440949,
        "nauc_precision_at_100_max": 0.022341,
        "nauc_precision_at_100_std": 0.050962,
        "nauc_precision_at_100_diff1": 0.395318,
        "nauc_precision_at_1000_max": -0.052398,
        "nauc_precision_at_1000_std": -0.13143,
        "nauc_precision_at_1000_diff1": 0.340945,
        "nauc_mrr_at_1_max": 0.080753,
        "nauc_mrr_at_1_std": -0.054961,
        "nauc_mrr_at_1_diff1": 0.594311,
        "nauc_mrr_at_3_max": 0.065817,
        "nauc_mrr_at_3_std": -0.037216,
        "nauc_mrr_at_3_diff1": 0.549133,
        "nauc_mrr_at_5_max": 0.061063,
        "nauc_mrr_at_5_std": -0.036699,
        "nauc_mrr_at_5_diff1": 0.54392,
        "nauc_mrr_at_10_max": 0.061178,
        "nauc_mrr_at_10_std": -0.034068,
        "nauc_mrr_at_10_diff1": 0.539279,
        "nauc_mrr_at_20_max": 0.059533,
        "nauc_mrr_at_20_std": -0.033084,
        "nauc_mrr_at_20_diff1": 0.5386,
        "nauc_mrr_at_100_max": 0.06006,
        "nauc_mrr_at_100_std": -0.032556,
        "nauc_mrr_at_100_diff1": 0.537849,
        "nauc_mrr_at_1000_max": 0.060006,
        "nauc_mrr_at_1000_std": -0.032829,
        "nauc_mrr_at_1000_diff1": 0.537959,
        "main_score": 0.31784,
        "hf_subset": "default",
        "languages": [
          "dan-Latn"
        ]
      }
    ]
  },
  "evaluation_time": 6.765324831008911,
  "kg_co2_emissions": 0.0003960683165405992
}