{
    "dataset_revision": "1dae4a6df91c0852680cd4ab48c8c1d8a9ed49b2",
    "mteb_dataset_name": "BIOSSES-VN",
    "mteb_version": null,
    "task_name": "BIOSSES-VN",
    "scores": {
        "test": [
            {
                "evaluation_time": 0.18,
                "hf_subset": "default",
                "cosine_spearman": 0.8080244354812934,
                "cosine_pearson": 0.8606740612448632,
                "euclidean_spearman": 0.7850239113987492,
                "euclidean_pearson": 0.8154035586332455,
                "manhattan_spearman": 0.7847528208844183,
                "manhattan_pearson": 0.8143812739017313,
                "pearson": 0.8606740612448632,
                "spearman": 0.8080244354812934,
                "main_score": 0.8080244354812934,
                "languages": [
                    "vie-Latn"
                ]
            }
        ]
    },
    "evaluation_time": null
}