{
  "dataset_revision": "6184bc1440d2dbc7612be22b50686b8826d22b32",
  "task_name": "CQADupstackProgrammersRetrieval",
  "mteb_version": "1.18.0",
  "scores": {
    "test": [
      {
        "ndcg_at_1": 0.26712,
        "ndcg_at_3": 0.32566,
        "ndcg_at_5": 0.34676,
        "ndcg_at_10": 0.375,
        "ndcg_at_20": 0.3996,
        "ndcg_at_100": 0.43972,
        "ndcg_at_1000": 0.46308,
        "map_at_1": 0.21589,
        "map_at_3": 0.28691,
        "map_at_5": 0.30253,
        "map_at_10": 0.31614,
        "map_at_20": 0.32445,
        "map_at_100": 0.33143,
        "map_at_1000": 0.33261,
        "recall_at_1": 0.21589,
        "recall_at_3": 0.36029,
        "recall_at_5": 0.41698,
        "recall_at_10": 0.49977,
        "recall_at_20": 0.58451,
        "recall_at_100": 0.77538,
        "recall_at_1000": 0.93359,
        "precision_at_1": 0.26712,
        "precision_at_3": 0.15906,
        "precision_at_5": 0.11438,
        "precision_at_10": 0.07055,
        "precision_at_20": 0.04338,
        "precision_at_100": 0.01217,
        "precision_at_1000": 0.00157,
        "mrr_at_1": 0.267123,
        "mrr_at_3": 0.340944,
        "mrr_at_5": 0.354699,
        "mrr_at_10": 0.367186,
        "mrr_at_20": 0.373065,
        "mrr_at_100": 0.377301,
        "mrr_at_1000": 0.37787,
        "nauc_ndcg_at_1_max": 0.333928,
        "nauc_ndcg_at_1_std": 0.04998,
        "nauc_ndcg_at_1_diff1": 0.491254,
        "nauc_ndcg_at_3_max": 0.353961,
        "nauc_ndcg_at_3_std": 0.060946,
        "nauc_ndcg_at_3_diff1": 0.416255,
        "nauc_ndcg_at_5_max": 0.355824,
        "nauc_ndcg_at_5_std": 0.054053,
        "nauc_ndcg_at_5_diff1": 0.418477,
        "nauc_ndcg_at_10_max": 0.362665,
        "nauc_ndcg_at_10_std": 0.071458,
        "nauc_ndcg_at_10_diff1": 0.412982,
        "nauc_ndcg_at_20_max": 0.362928,
        "nauc_ndcg_at_20_std": 0.083105,
        "nauc_ndcg_at_20_diff1": 0.402924,
        "nauc_ndcg_at_100_max": 0.3722,
        "nauc_ndcg_at_100_std": 0.116946,
        "nauc_ndcg_at_100_diff1": 0.400935,
        "nauc_ndcg_at_1000_max": 0.36968,
        "nauc_ndcg_at_1000_std": 0.105833,
        "nauc_ndcg_at_1000_diff1": 0.411523,
        "nauc_map_at_1_max": 0.294743,
        "nauc_map_at_1_std": -0.001684,
        "nauc_map_at_1_diff1": 0.485383,
        "nauc_map_at_3_max": 0.336,
        "nauc_map_at_3_std": 0.035222,
        "nauc_map_at_3_diff1": 0.433248,
        "nauc_map_at_5_max": 0.344001,
        "nauc_map_at_5_std": 0.038526,
        "nauc_map_at_5_diff1": 0.437252,
        "nauc_map_at_10_max": 0.348423,
        "nauc_map_at_10_std": 0.049447,
        "nauc_map_at_10_diff1": 0.434618,
        "nauc_map_at_20_max": 0.348972,
        "nauc_map_at_20_std": 0.05381,
        "nauc_map_at_20_diff1": 0.430772,
        "nauc_map_at_100_max": 0.351324,
        "nauc_map_at_100_std": 0.060472,
        "nauc_map_at_100_diff1": 0.430646,
        "nauc_map_at_1000_max": 0.351324,
        "nauc_map_at_1000_std": 0.060352,
        "nauc_map_at_1000_diff1": 0.431091,
        "nauc_recall_at_1_max": 0.294743,
        "nauc_recall_at_1_std": -0.001684,
        "nauc_recall_at_1_diff1": 0.485383,
        "nauc_recall_at_3_max": 0.346119,
        "nauc_recall_at_3_std": 0.061345,
        "nauc_recall_at_3_diff1": 0.362974,
        "nauc_recall_at_5_max": 0.348957,
        "nauc_recall_at_5_std": 0.051818,
        "nauc_recall_at_5_diff1": 0.365762,
        "nauc_recall_at_10_max": 0.359413,
        "nauc_recall_at_10_std": 0.09533,
        "nauc_recall_at_10_diff1": 0.338706,
        "nauc_recall_at_20_max": 0.354005,
        "nauc_recall_at_20_std": 0.134204,
        "nauc_recall_at_20_diff1": 0.294142,
        "nauc_recall_at_100_max": 0.407375,
        "nauc_recall_at_100_std": 0.374469,
        "nauc_recall_at_100_diff1": 0.229076,
        "nauc_recall_at_1000_max": 0.477248,
        "nauc_recall_at_1000_std": 0.557,
        "nauc_recall_at_1000_diff1": 0.28173,
        "nauc_precision_at_1_max": 0.333928,
        "nauc_precision_at_1_std": 0.04998,
        "nauc_precision_at_1_diff1": 0.491254,
        "nauc_precision_at_3_max": 0.381777,
        "nauc_precision_at_3_std": 0.123003,
        "nauc_precision_at_3_diff1": 0.343717,
        "nauc_precision_at_5_max": 0.367806,
        "nauc_precision_at_5_std": 0.125903,
        "nauc_precision_at_5_diff1": 0.299296,
        "nauc_precision_at_10_max": 0.34789,
        "nauc_precision_at_10_std": 0.174468,
        "nauc_precision_at_10_diff1": 0.230682,
        "nauc_precision_at_20_max": 0.281632,
        "nauc_precision_at_20_std": 0.190251,
        "nauc_precision_at_20_diff1": 0.133692,
        "nauc_precision_at_100_max": 0.164638,
        "nauc_precision_at_100_std": 0.234889,
        "nauc_precision_at_100_diff1": -0.009544,
        "nauc_precision_at_1000_max": 0.012772,
        "nauc_precision_at_1000_std": 0.111661,
        "nauc_precision_at_1000_diff1": -0.072555,
        "nauc_mrr_at_1_max": 0.333928,
        "nauc_mrr_at_1_std": 0.04998,
        "nauc_mrr_at_1_diff1": 0.491254,
        "nauc_mrr_at_3_max": 0.364598,
        "nauc_mrr_at_3_std": 0.081068,
        "nauc_mrr_at_3_diff1": 0.431479,
        "nauc_mrr_at_5_max": 0.360846,
        "nauc_mrr_at_5_std": 0.073671,
        "nauc_mrr_at_5_diff1": 0.428239,
        "nauc_mrr_at_10_max": 0.362617,
        "nauc_mrr_at_10_std": 0.079143,
        "nauc_mrr_at_10_diff1": 0.426368,
        "nauc_mrr_at_20_max": 0.36216,
        "nauc_mrr_at_20_std": 0.081837,
        "nauc_mrr_at_20_diff1": 0.424986,
        "nauc_mrr_at_100_max": 0.362779,
        "nauc_mrr_at_100_std": 0.085527,
        "nauc_mrr_at_100_diff1": 0.425659,
        "nauc_mrr_at_1000_max": 0.362672,
        "nauc_mrr_at_1000_std": 0.085059,
        "nauc_mrr_at_1000_diff1": 0.426004,
        "main_score": 0.375,
        "hf_subset": "default",
        "languages": [
          "eng-Latn"
        ]
      }
    ]
  },
  "evaluation_time": 17.871349096298218,
  "kg_co2_emissions": 0.0014273448797001164
}