{
    "dataset_revision": "65393d0d7a08a10b4e348135e824f385d420b0fd",
    "task_name": "AlloprofReranking",
    "evaluation_time": null,
    "mteb_version": null,
    "scores": {
        "test": [
            {
                "hf_subset": "default",
                "languages": [
                    "fra-Latn"
                ],
                "map": 0.6843888603876276,
                "mrr": 0.695909751350166,
                "nAUC_map_diff1": 0.47927670211218865,
                "nAUC_map_max": 0.10206900586093956,
                "nAUC_mrr_diff1": 0.47823670000503016,
                "nAUC_mrr_max": 0.10266197221615979,
                "main_score": 0.6843888603876276
            }
        ]
    }
}