{
    "dataset_revision": "e8379541af4e31359cca9fbcf4b00f2671dba205",
    "task_name": "AmazonCounterfactualClassification",
    "evaluation_time": null,
    "mteb_version": null,
    "scores": {
        "test": [
            {
                "hf_subset": "en",
                "languages": [
                    "eng-Latn"
                ],
                "accuracy": 0.7428358208955224,
                "ap": 0.3719063914095112,
                "ap_weighted": 0.3719063914095112,
                "f1": 0.6828593926963594,
                "f1_weighted": 0.7664216663284145,
                "main_score": 0.7428358208955224
            }
        ]
    }
}