{
    "dataset_revision": "f46a197baaae43b4f621051089b82a364682dfeb",
    "task_name": "CQADupstackAndroidRetrieval",
    "evaluation_time": -1,
    "mteb_version": "0.0.0",
    "scores": {
        "test": [
            {
                "hf_subset": "default",
                "languages": [
                    "eng-Latn"
                ],
                "map_at_1": 28.931,
                "map_at_10": 39.226,
                "map_at_100": 40.641,
                "map_at_1000": 40.758,
                "map_at_20": 39.947,
                "map_at_3": 35.893,
                "map_at_5": 37.911,
                "mrr_at_1": 36.33762517882689,
                "mrr_at_10": 45.437813656697756,
                "mrr_at_100": 46.263112207849225,
                "mrr_at_1000": 46.31120643750262,
                "mrr_at_20": 45.89328313995794,
                "mrr_at_3": 42.89461134954697,
                "mrr_at_5": 44.49690033381019,
                "nauc_map_at_1000_diff1": 51.149900773445665,
                "nauc_map_at_1000_max": 38.68580130673067,
                "nauc_map_at_100_diff1": 51.10002536433903,
                "nauc_map_at_100_max": 38.641317822870484,
                "nauc_map_at_10_diff1": 51.124389332061504,
                "nauc_map_at_10_max": 38.318568221563254,
                "nauc_map_at_1_diff1": 56.90092514723948,
                "nauc_map_at_1_max": 37.61485298818892,
                "nauc_map_at_20_diff1": 51.181676535641515,
                "nauc_map_at_20_max": 38.50630258148947,
                "nauc_map_at_3_diff1": 52.9080719662819,
                "nauc_map_at_3_max": 37.65490829785428,
                "nauc_map_at_5_diff1": 51.88563997044587,
                "nauc_map_at_5_max": 38.162982469441104,
                "nauc_mrr_at_1000_diff1": 52.02314497512314,
                "nauc_mrr_at_1000_max": 42.51237380812326,
                "nauc_mrr_at_100_diff1": 52.00022544992019,
                "nauc_mrr_at_100_max": 42.47931426167529,
                "nauc_mrr_at_10_diff1": 51.91527284768196,
                "nauc_mrr_at_10_max": 42.39017221462642,
                "nauc_mrr_at_1_diff1": 57.748140308636906,
                "nauc_mrr_at_1_max": 45.151335057931625,
                "nauc_mrr_at_20_diff1": 52.014517489654786,
                "nauc_mrr_at_20_max": 42.502037133226224,
                "nauc_mrr_at_3_diff1": 53.44263059806559,
                "nauc_mrr_at_3_max": 42.54366394954965,
                "nauc_mrr_at_5_diff1": 52.40067352297368,
                "nauc_mrr_at_5_max": 42.39770466495629,
                "nauc_ndcg_at_1000_diff1": 49.303067288367096,
                "nauc_ndcg_at_1000_max": 40.15083357935891,
                "nauc_ndcg_at_100_diff1": 48.06078219853983,
                "nauc_ndcg_at_100_max": 39.099873422335584,
                "nauc_ndcg_at_10_diff1": 48.427405777556764,
                "nauc_ndcg_at_10_max": 38.8466159356305,
                "nauc_ndcg_at_1_diff1": 57.748140308636906,
                "nauc_ndcg_at_1_max": 45.151335057931625,
                "nauc_ndcg_at_20_diff1": 48.400275143008884,
                "nauc_ndcg_at_20_max": 38.987281654803155,
                "nauc_ndcg_at_3_diff1": 51.94028236848058,
                "nauc_ndcg_at_3_max": 39.22267932164834,
                "nauc_ndcg_at_5_diff1": 50.228342110462435,
                "nauc_ndcg_at_5_max": 39.25835142473454,
                "nauc_precision_at_1000_diff1": -6.148682329597722,
                "nauc_precision_at_1000_max": 1.1132760594569802,
                "nauc_precision_at_100_diff1": -0.42183455399296765,
                "nauc_precision_at_100_max": 12.337898495315343,
                "nauc_precision_at_10_diff1": 18.94429698742333,
                "nauc_precision_at_10_max": 28.777738237731203,
                "nauc_precision_at_1_diff1": 57.748140308636906,
                "nauc_precision_at_1_max": 45.151335057931625,
                "nauc_precision_at_20_diff1": 12.915885854552354,
                "nauc_precision_at_20_max": 24.01402704364973,
                "nauc_precision_at_3_diff1": 36.634218047630384,
                "nauc_precision_at_3_max": 36.27512688680148,
                "nauc_precision_at_5_diff1": 28.272819211308992,
                "nauc_precision_at_5_max": 33.34907639932695,
                "nauc_recall_at_1000_diff1": 26.52022379258474,
                "nauc_recall_at_1000_max": 49.10217378309213,
                "nauc_recall_at_100_diff1": 25.383923002033832,
                "nauc_recall_at_100_max": 29.224125741020877,
                "nauc_recall_at_10_diff1": 36.465429616129015,
                "nauc_recall_at_10_max": 33.39232875391991,
                "nauc_recall_at_1_diff1": 56.90092514723948,
                "nauc_recall_at_1_max": 37.61485298818892,
                "nauc_recall_at_20_diff1": 34.97381075257172,
                "nauc_recall_at_20_max": 33.453578222267346,
                "nauc_recall_at_3_diff1": 47.268820296829134,
                "nauc_recall_at_3_max": 35.21361112290018,
                "nauc_recall_at_5_diff1": 42.36929492536004,
                "nauc_recall_at_5_max": 34.972452567095665,
                "ndcg_at_1": 36.338,
                "ndcg_at_10": 45.07,
                "ndcg_at_100": 50.619,
                "ndcg_at_1000": 52.729000000000006,
                "ndcg_at_20": 47.027,
                "ndcg_at_3": 40.388000000000005,
                "ndcg_at_5": 42.811,
                "precision_at_1": 36.338,
                "precision_at_10": 8.541,
                "precision_at_100": 1.391,
                "precision_at_1000": 0.184,
                "precision_at_20": 5.007000000000001,
                "precision_at_3": 19.409000000000002,
                "precision_at_5": 14.163,
                "recall_at_1": 28.931,
                "recall_at_10": 55.701,
                "recall_at_100": 79.389,
                "recall_at_1000": 93.366,
                "recall_at_20": 62.833000000000006,
                "recall_at_3": 42.007,
                "recall_at_5": 48.84,
                "main_score": 45.07
            }
        ]
    }
}