{
  "dataset_revision": "6d467dedb09a75144ede1421747e47cf036857dd",
  "task_name": "Vidore2ESGReportsHLRetrieval",
  "mteb_version": "2.7.2",
  "scores": {
    "test": [
      {
        "ndcg_at_1": 0.66026,
        "ndcg_at_3": 0.68795,
        "ndcg_at_5": 0.71427,
        "ndcg_at_10": 0.72867,
        "ndcg_at_20": 0.74564,
        "ndcg_at_100": 0.7795,
        "ndcg_at_1000": 0.78556,
        "map_at_1": 0.48269,
        "map_at_3": 0.61731,
        "map_at_5": 0.65128,
        "map_at_10": 0.6694,
        "map_at_20": 0.67871,
        "map_at_100": 0.68904,
        "map_at_1000": 0.6899,
        "recall_at_1": 0.48269,
        "recall_at_3": 0.6686,
        "recall_at_5": 0.75981,
        "recall_at_10": 0.80968,
        "recall_at_20": 0.85359,
        "recall_at_100": 0.9759,
        "recall_at_1000": 1.0,
        "accuracy": 0.48269,
        "precision_at_1": 0.67308,
        "precision_at_3": 0.38462,
        "precision_at_5": 0.28077,
        "precision_at_10": 0.15962,
        "precision_at_20": 0.09038,
        "precision_at_100": 0.02269,
        "precision_at_1000": 0.00246,
        "mrr_at_1": 0.673077,
        "mrr_at_3": 0.733974,
        "mrr_at_5": 0.755128,
        "mrr_at_10": 0.760737,
        "mrr_at_20": 0.761806,
        "mrr_at_100": 0.76319,
        "mrr_at_1000": 0.76319,
        "nauc_ndcg_at_1_max": 0.406915,
        "nauc_ndcg_at_1_std": 0.336026,
        "nauc_ndcg_at_1_diff1": 0.502805,
        "nauc_ndcg_at_3_max": 0.45687,
        "nauc_ndcg_at_3_std": 0.297526,
        "nauc_ndcg_at_3_diff1": 0.453029,
        "nauc_ndcg_at_5_max": 0.435735,
        "nauc_ndcg_at_5_std": 0.300508,
        "nauc_ndcg_at_5_diff1": 0.456824,
        "nauc_ndcg_at_10_max": 0.452997,
        "nauc_ndcg_at_10_std": 0.343154,
        "nauc_ndcg_at_10_diff1": 0.442602,
        "nauc_ndcg_at_20_max": 0.444411,
        "nauc_ndcg_at_20_std": 0.326931,
        "nauc_ndcg_at_20_diff1": 0.473253,
        "nauc_ndcg_at_100_max": 0.450154,
        "nauc_ndcg_at_100_std": 0.342971,
        "nauc_ndcg_at_100_diff1": 0.467042,
        "nauc_ndcg_at_1000_max": 0.45021,
        "nauc_ndcg_at_1000_std": 0.329612,
        "nauc_ndcg_at_1000_diff1": 0.461847,
        "nauc_map_at_1_max": 0.391966,
        "nauc_map_at_1_std": 0.32793,
        "nauc_map_at_1_diff1": 0.619511,
        "nauc_map_at_3_max": 0.444552,
        "nauc_map_at_3_std": 0.278847,
        "nauc_map_at_3_diff1": 0.452076,
        "nauc_map_at_5_max": 0.441044,
        "nauc_map_at_5_std": 0.291728,
        "nauc_map_at_5_diff1": 0.453364,
        "nauc_map_at_10_max": 0.456067,
        "nauc_map_at_10_std": 0.335624,
        "nauc_map_at_10_diff1": 0.453437,
        "nauc_map_at_20_max": 0.456985,
        "nauc_map_at_20_std": 0.33543,
        "nauc_map_at_20_diff1": 0.466954,
        "nauc_map_at_100_max": 0.460561,
        "nauc_map_at_100_std": 0.346174,
        "nauc_map_at_100_diff1": 0.464485,
        "nauc_map_at_1000_max": 0.460713,
        "nauc_map_at_1000_std": 0.344908,
        "nauc_map_at_1000_diff1": 0.46389,
        "nauc_recall_at_1_max": 0.391966,
        "nauc_recall_at_1_std": 0.32793,
        "nauc_recall_at_1_diff1": 0.619511,
        "nauc_recall_at_3_max": 0.467408,
        "nauc_recall_at_3_std": 0.259197,
        "nauc_recall_at_3_diff1": 0.401144,
        "nauc_recall_at_5_max": 0.384734,
        "nauc_recall_at_5_std": 0.250045,
        "nauc_recall_at_5_diff1": 0.406591,
        "nauc_recall_at_10_max": 0.418254,
        "nauc_recall_at_10_std": 0.381336,
        "nauc_recall_at_10_diff1": 0.346796,
        "nauc_recall_at_20_max": 0.385059,
        "nauc_recall_at_20_std": 0.344378,
        "nauc_recall_at_20_diff1": 0.463497,
        "nauc_recall_at_100_max": 0.447651,
        "nauc_recall_at_100_std": 0.718588,
        "nauc_recall_at_100_diff1": 0.580976,
        "nauc_recall_at_1000_max": NaN,
        "nauc_recall_at_1000_std": NaN,
        "nauc_recall_at_1000_diff1": NaN,
        "nauc_precision_at_1_max": 0.383584,
        "nauc_precision_at_1_std": 0.37057,
        "nauc_precision_at_1_diff1": 0.48196,
        "nauc_precision_at_3_max": 0.15558,
        "nauc_precision_at_3_std": 0.073245,
        "nauc_precision_at_3_diff1": -0.154765,
        "nauc_precision_at_5_max": 0.036802,
        "nauc_precision_at_5_std": 0.058499,
        "nauc_precision_at_5_diff1": -0.231051,
        "nauc_precision_at_10_max": 0.018319,
        "nauc_precision_at_10_std": 0.11684,
        "nauc_precision_at_10_diff1": -0.260387,
        "nauc_precision_at_20_max": -0.084144,
        "nauc_precision_at_20_std": 0.016827,
        "nauc_precision_at_20_diff1": -0.234168,
        "nauc_precision_at_100_max": -0.179235,
        "nauc_precision_at_100_std": -0.045367,
        "nauc_precision_at_100_diff1": -0.317381,
        "nauc_precision_at_1000_max": -0.184944,
        "nauc_precision_at_1000_std": -0.108852,
        "nauc_precision_at_1000_diff1": -0.325294,
        "nauc_mrr_at_1_max": 0.383584,
        "nauc_mrr_at_1_std": 0.37057,
        "nauc_mrr_at_1_diff1": 0.48196,
        "nauc_mrr_at_3_max": 0.462818,
        "nauc_mrr_at_3_std": 0.403159,
        "nauc_mrr_at_3_diff1": 0.450877,
        "nauc_mrr_at_5_max": 0.424898,
        "nauc_mrr_at_5_std": 0.381076,
        "nauc_mrr_at_5_diff1": 0.457049,
        "nauc_mrr_at_10_max": 0.419286,
        "nauc_mrr_at_10_std": 0.382414,
        "nauc_mrr_at_10_diff1": 0.445893,
        "nauc_mrr_at_20_max": 0.416955,
        "nauc_mrr_at_20_std": 0.379218,
        "nauc_mrr_at_20_diff1": 0.447571,
        "nauc_mrr_at_100_max": 0.42025,
        "nauc_mrr_at_100_std": 0.382587,
        "nauc_mrr_at_100_diff1": 0.451402,
        "nauc_mrr_at_1000_max": 0.42025,
        "nauc_mrr_at_1000_std": 0.382587,
        "nauc_mrr_at_1000_diff1": 0.451402,
        "cv_recall_at_1": 0.67308,
        "cv_recall_at_3": 0.80769,
        "cv_recall_at_5": 0.90385,
        "cv_recall_at_10": 0.94231,
        "cv_recall_at_20": 0.96154,
        "cv_recall_at_100": 1.0,
        "cv_recall_at_1000": 1.0,
        "main_score": 0.71427,
        "hf_subset": "default",
        "languages": [
          "eng-Latn"
        ]
      }
    ]
  },
  "evaluation_time": 170.14840531349182,
  "kg_co2_emissions": null
}