{
  "dataset_revision": "a5a1c4fe2bc528ac12e83f8cdf82178da85d2f1d",
  "task_name": "Robust04InstructionRetrieval",
  "mteb_version": "1.18.0",
  "scores": {
    "test": [
      {
        "p-MRR": -0.11056,
        "individual": {
          "original": {
            "ndcg_at_1": 0.25,
            "ndcg_at_3": 0.20567,
            "ndcg_at_5": 0.2019,
            "ndcg_at_10": 0.20332,
            "ndcg_at_20": 0.2103,
            "ndcg_at_100": 0.29165,
            "ndcg_at_1000": 0.46574,
            "map_at_1": 0.03436,
            "map_at_3": 0.06025,
            "map_at_5": 0.07242,
            "map_at_10": 0.09188,
            "map_at_20": 0.10619,
            "map_at_100": 0.13637,
            "map_at_1000": 0.15826,
            "recall_at_1": 0.03436,
            "recall_at_3": 0.06266,
            "recall_at_5": 0.08379,
            "recall_at_10": 0.1296,
            "recall_at_20": 0.19371,
            "recall_at_100": 0.43311,
            "recall_at_1000": 1.0,
            "precision_at_1": 0.30769,
            "precision_at_3": 0.23077,
            "precision_at_5": 0.20769,
            "precision_at_10": 0.16923,
            "precision_at_20": 0.12692,
            "precision_at_100": 0.06538,
            "precision_at_1000": 0.01981,
            "naucs_at_1_max": 0.380529,
            "naucs_at_1_std": 0.042841,
            "naucs_at_1_diff1": 0.255811,
            "naucs_at_3_max": 0.308732,
            "naucs_at_3_std": 0.022908,
            "naucs_at_3_diff1": 0.290669,
            "naucs_at_5_max": 0.326363,
            "naucs_at_5_std": -0.008655,
            "naucs_at_5_diff1": 0.285575,
            "naucs_at_10_max": 0.334392,
            "naucs_at_10_std": -0.023354,
            "naucs_at_10_diff1": 0.281509,
            "naucs_at_20_max": 0.330421,
            "naucs_at_20_std": -0.01872,
            "naucs_at_20_diff1": 0.27619,
            "naucs_at_100_max": 0.329443,
            "naucs_at_100_std": -0.015338,
            "naucs_at_100_diff1": 0.273005,
            "naucs_at_1000_max": 0.329101,
            "naucs_at_1000_std": -0.014204,
            "naucs_at_1000_diff1": 0.273445,
            "mrr_at_1": 0.307692,
            "mrr_at_3": 0.342949,
            "mrr_at_5": 0.369872,
            "mrr_at_10": 0.381891,
            "mrr_at_20": 0.388254,
            "mrr_at_100": 0.396472,
            "mrr_at_1000": 0.396834
          },
          "changed": {
            "ndcg_at_1": 0.38462,
            "ndcg_at_3": 0.35856,
            "ndcg_at_5": 0.32487,
            "ndcg_at_10": 0.29852,
            "ndcg_at_20": 0.29592,
            "ndcg_at_100": 0.35882,
            "ndcg_at_1000": 0.56766,
            "map_at_1": 0.02726,
            "map_at_3": 0.05779,
            "map_at_5": 0.07088,
            "map_at_10": 0.0925,
            "map_at_20": 0.11765,
            "map_at_100": 0.16963,
            "map_at_1000": 0.20912,
            "recall_at_1": 0.02726,
            "recall_at_3": 0.06277,
            "recall_at_5": 0.08498,
            "recall_at_10": 0.12797,
            "recall_at_20": 0.19601,
            "recall_at_100": 0.4388,
            "recall_at_1000": 1.0,
            "precision_at_1": 0.46154,
            "precision_at_3": 0.41026,
            "precision_at_5": 0.35,
            "precision_at_10": 0.28462,
            "precision_at_20": 0.23462,
            "precision_at_100": 0.11692,
            "precision_at_1000": 0.03369,
            "naucs_at_1_max": 0.306146,
            "naucs_at_1_std": -0.250785,
            "naucs_at_1_diff1": 0.190667,
            "naucs_at_3_max": 0.162779,
            "naucs_at_3_std": -0.226462,
            "naucs_at_3_diff1": 0.072973,
            "naucs_at_5_max": 0.155398,
            "naucs_at_5_std": -0.231139,
            "naucs_at_5_diff1": 0.056196,
            "naucs_at_10_max": 0.195394,
            "naucs_at_10_std": -0.227059,
            "naucs_at_10_diff1": 0.077918,
            "naucs_at_20_max": 0.196578,
            "naucs_at_20_std": -0.226812,
            "naucs_at_20_diff1": 0.081922,
            "naucs_at_100_max": 0.196442,
            "naucs_at_100_std": -0.22569,
            "naucs_at_100_diff1": 0.08147,
            "naucs_at_1000_max": 0.196108,
            "naucs_at_1000_std": -0.226199,
            "naucs_at_1000_diff1": 0.081356,
            "mrr_at_1": 0.461538,
            "mrr_at_3": 0.541667,
            "mrr_at_5": 0.558974,
            "mrr_at_10": 0.568742,
            "mrr_at_20": 0.579553,
            "mrr_at_100": 0.581491,
            "mrr_at_1000": 0.581616
          }
        },
        "main_score": -0.11056,
        "hf_subset": "default",
        "languages": [
          "eng-Latn"
        ]
      }
    ]
  },
  "evaluation_time": 166.40954613685608,
  "kg_co2_emissions": 0.011731215065028716
}