{
  "dataset_revision": "47932a35f045ef8ed01ba82bf9ff67f6e109207e",
  "task_name": "SciFact-PL",
  "mteb_version": "1.18.0",
  "scores": {
    "test": [
      {
        "ndcg_at_1": 0.45667,
        "ndcg_at_3": 0.50537,
        "ndcg_at_5": 0.53052,
        "ndcg_at_10": 0.55741,
        "ndcg_at_20": 0.57602,
        "ndcg_at_100": 0.59669,
        "ndcg_at_1000": 0.61034,
        "map_at_1": 0.42928,
        "map_at_3": 0.48239,
        "map_at_5": 0.49804,
        "map_at_10": 0.51008,
        "map_at_20": 0.51586,
        "map_at_100": 0.51904,
        "map_at_1000": 0.51965,
        "recall_at_1": 0.42928,
        "recall_at_3": 0.5455,
        "recall_at_5": 0.60728,
        "recall_at_10": 0.686,
        "recall_at_20": 0.75511,
        "recall_at_100": 0.86389,
        "recall_at_1000": 0.96667,
        "precision_at_1": 0.45667,
        "precision_at_3": 0.19556,
        "precision_at_5": 0.132,
        "precision_at_10": 0.07667,
        "precision_at_20": 0.04283,
        "precision_at_100": 0.0099,
        "precision_at_1000": 0.0011,
        "mrr_at_1": 0.456667,
        "mrr_at_3": 0.507222,
        "mrr_at_5": 0.520389,
        "mrr_at_10": 0.530159,
        "mrr_at_20": 0.534705,
        "mrr_at_100": 0.536932,
        "mrr_at_1000": 0.537486,
        "nauc_ndcg_at_1_max": 0.345917,
        "nauc_ndcg_at_1_std": 0.049084,
        "nauc_ndcg_at_1_diff1": 0.62316,
        "nauc_ndcg_at_3_max": 0.36163,
        "nauc_ndcg_at_3_std": 0.001457,
        "nauc_ndcg_at_3_diff1": 0.586081,
        "nauc_ndcg_at_5_max": 0.359111,
        "nauc_ndcg_at_5_std": 0.028926,
        "nauc_ndcg_at_5_diff1": 0.582323,
        "nauc_ndcg_at_10_max": 0.371658,
        "nauc_ndcg_at_10_std": 0.077088,
        "nauc_ndcg_at_10_diff1": 0.573942,
        "nauc_ndcg_at_20_max": 0.389221,
        "nauc_ndcg_at_20_std": 0.076872,
        "nauc_ndcg_at_20_diff1": 0.581749,
        "nauc_ndcg_at_100_max": 0.378974,
        "nauc_ndcg_at_100_std": 0.067885,
        "nauc_ndcg_at_100_diff1": 0.578304,
        "nauc_ndcg_at_1000_max": 0.38322,
        "nauc_ndcg_at_1000_std": 0.068166,
        "nauc_ndcg_at_1000_diff1": 0.58417,
        "nauc_map_at_1_max": 0.294559,
        "nauc_map_at_1_std": -0.023742,
        "nauc_map_at_1_diff1": 0.612442,
        "nauc_map_at_3_max": 0.333582,
        "nauc_map_at_3_std": -0.019561,
        "nauc_map_at_3_diff1": 0.590055,
        "nauc_map_at_5_max": 0.334355,
        "nauc_map_at_5_std": -0.001273,
        "nauc_map_at_5_diff1": 0.588543,
        "nauc_map_at_10_max": 0.343317,
        "nauc_map_at_10_std": 0.021358,
        "nauc_map_at_10_diff1": 0.585943,
        "nauc_map_at_20_max": 0.349531,
        "nauc_map_at_20_std": 0.02235,
        "nauc_map_at_20_diff1": 0.588003,
        "nauc_map_at_100_max": 0.348174,
        "nauc_map_at_100_std": 0.021761,
        "nauc_map_at_100_diff1": 0.58753,
        "nauc_map_at_1000_max": 0.34852,
        "nauc_map_at_1000_std": 0.021937,
        "nauc_map_at_1000_diff1": 0.587763,
        "nauc_recall_at_1_max": 0.294559,
        "nauc_recall_at_1_std": -0.023742,
        "nauc_recall_at_1_diff1": 0.612442,
        "nauc_recall_at_3_max": 0.384501,
        "nauc_recall_at_3_std": -0.008218,
        "nauc_recall_at_3_diff1": 0.555479,
        "nauc_recall_at_5_max": 0.377459,
        "nauc_recall_at_5_std": 0.068378,
        "nauc_recall_at_5_diff1": 0.53814,
        "nauc_recall_at_10_max": 0.409374,
        "nauc_recall_at_10_std": 0.230413,
        "nauc_recall_at_10_diff1": 0.500503,
        "nauc_recall_at_20_max": 0.496025,
        "nauc_recall_at_20_std": 0.249073,
        "nauc_recall_at_20_diff1": 0.529974,
        "nauc_recall_at_100_max": 0.456774,
        "nauc_recall_at_100_std": 0.231941,
        "nauc_recall_at_100_diff1": 0.470323,
        "nauc_recall_at_1000_max": 0.87535,
        "nauc_recall_at_1000_std": 0.640103,
        "nauc_recall_at_1000_diff1": 0.539542,
        "nauc_precision_at_1_max": 0.345917,
        "nauc_precision_at_1_std": 0.049084,
        "nauc_precision_at_1_diff1": 0.62316,
        "nauc_precision_at_3_max": 0.439879,
        "nauc_precision_at_3_std": 0.08346,
        "nauc_precision_at_3_diff1": 0.537633,
        "nauc_precision_at_5_max": 0.428578,
        "nauc_precision_at_5_std": 0.170204,
        "nauc_precision_at_5_diff1": 0.470933,
        "nauc_precision_at_10_max": 0.452725,
        "nauc_precision_at_10_std": 0.356508,
        "nauc_precision_at_10_diff1": 0.359996,
        "nauc_precision_at_20_max": 0.503873,
        "nauc_precision_at_20_std": 0.368534,
        "nauc_precision_at_20_diff1": 0.302042,
        "nauc_precision_at_100_max": 0.370099,
        "nauc_precision_at_100_std": 0.325833,
        "nauc_precision_at_100_diff1": 0.133844,
        "nauc_precision_at_1000_max": 0.387125,
        "nauc_precision_at_1000_std": 0.418431,
        "nauc_precision_at_1000_diff1": 0.009054,
        "nauc_mrr_at_1_max": 0.345917,
        "nauc_mrr_at_1_std": 0.049084,
        "nauc_mrr_at_1_diff1": 0.62316,
        "nauc_mrr_at_3_max": 0.387432,
        "nauc_mrr_at_3_std": 0.04786,
        "nauc_mrr_at_3_diff1": 0.602824,
        "nauc_mrr_at_5_max": 0.384865,
        "nauc_mrr_at_5_std": 0.062327,
        "nauc_mrr_at_5_diff1": 0.601801,
        "nauc_mrr_at_10_max": 0.386833,
        "nauc_mrr_at_10_std": 0.076986,
        "nauc_mrr_at_10_diff1": 0.597969,
        "nauc_mrr_at_20_max": 0.388875,
        "nauc_mrr_at_20_std": 0.075655,
        "nauc_mrr_at_20_diff1": 0.599604,
        "nauc_mrr_at_100_max": 0.387228,
        "nauc_mrr_at_100_std": 0.074673,
        "nauc_mrr_at_100_diff1": 0.599094,
        "nauc_mrr_at_1000_max": 0.387439,
        "nauc_mrr_at_1000_std": 0.074668,
        "nauc_mrr_at_1000_diff1": 0.599316,
        "main_score": 0.55741,
        "hf_subset": "default",
        "languages": [
          "pol-Latn"
        ]
      }
    ]
  },
  "evaluation_time": 6.533978462219238,
  "kg_co2_emissions": 0.0004897497559928778
}