{
    "dataset_revision": "2000358ca161889fa9c082cb41daa8dcfb161a54",
    "task_name": "AskUbuntuDupQuestions",
    "evaluation_time": null,
    "mteb_version": null,
    "scores": {
        "test": [
            {
                "hf_subset": "default",
                "languages": [
                    "eng-Latn"
                ],
                "main_score": 0.6544621361559305,
                "map": 0.6544621361559305,
                "mrr": 0.7808380600624367,
                "nAUC_map_diff1": 0.1965299058945553,
                "nAUC_map_max": 0.23879426571566692,
                "nAUC_map_std": 0.21448441444297375,
                "nAUC_mrr_diff1": 0.27941419145421514,
                "nAUC_mrr_max": 0.3867113462643772,
                "nAUC_mrr_std": 0.2745242050188926
            }
        ]
    }
}