{
    "dataset_revision": "edfaf9da55d3dd50d43143d90c1ac476895ae6de",
    "task_name": "ToxicConversationsClassification",
    "evaluation_time": null,
    "mteb_version": null,
    "scores": {
        "test": [
            {
                "hf_subset": "default",
                "languages": [
                    "eng-Latn"
                ],
                "accuracy": 0.9228515625,
                "ap": 0.4396742554622136,
                "ap_weighted": 0.4396742554622136,
                "f1": 0.7948199263483515,
                "f1_weighted": 0.9311764775204445,
                "main_score": 0.9228515625
            }
        ]
    }
}