{
    "dataset_revision": "6e6a40aaade2129f70432f2156a6d24b63d72be3",
    "mteb_dataset_name": "TwitterURLCorpus-VN",
    "mteb_version": null,
    "task_name": "TwitterURLCorpus-VN",
    "scores": {
        "test": [
            {
                "evaluation_time": 68.26,
                "hf_subset": "default",
                "dot_accuracy": 0.8452392813257613,
                "dot_ap": 0.8048566743567911,
                "dot_f1": 0.7195895307275453,
                "dot_accuracy_threshold": 0.9369975328445435,
                "dot_f1_threshold": 0.9285238981246948,
                "dot_precision": 0.7232587785374899,
                "dot_recall": 0.7159573247676954,
                "euclidean_accuracy": 0.8452392813257613,
                "euclidean_ap": 0.80469471642536,
                "euclidean_f1": 0.7195895307275453,
                "euclidean_accuracy_threshold": 0.35497164726257324,
                "euclidean_f1_threshold": 0.3780903220176697,
                "euclidean_precision": 0.7232587785374899,
                "euclidean_recall": 0.7159573247676954,
                "manhattan_accuracy": 0.8545714190827273,
                "manhattan_ap": 0.8242991708116448,
                "manhattan_f1": 0.7416073245167852,
                "manhattan_accuracy_threshold": 16.64578628540039,
                "manhattan_f1_threshold": 17.668230056762695,
                "manhattan_precision": 0.7308677731981731,
                "manhattan_recall": 0.7526672020190432,
                "max_accuracy": 0.8545714190827273,
                "max_ap": 0.8242991708116448,
                "max_f1": 0.7416073245167852,
                "main_score": 0.8242991708116448,
                "languages": [
                    "vie-Latn"
                ]
            }
        ]
    },
    "evaluation_time": null
}