{
  "dataset_revision": "e39ff896cf3efbbdeeb950e6bd7c79f266995b07",
  "task_name": "Core17InstructionRetrieval",
  "mteb_version": "1.18.0",
  "scores": {
    "test": [
      {
        "p-MRR": 0.004369,
        "individual": {
          "original": {
            "ndcg_at_1": 0.05,
            "ndcg_at_3": 0.18976,
            "ndcg_at_5": 0.20097,
            "ndcg_at_10": 0.22485,
            "ndcg_at_20": 0.24179,
            "ndcg_at_100": 0.36291,
            "ndcg_at_1000": 0.53752,
            "map_at_1": 0.00132,
            "map_at_3": 0.01505,
            "map_at_5": 0.02493,
            "map_at_10": 0.05258,
            "map_at_20": 0.07882,
            "map_at_100": 0.15886,
            "map_at_1000": 0.19891,
            "recall_at_1": 0.00132,
            "recall_at_3": 0.02715,
            "recall_at_5": 0.04257,
            "recall_at_10": 0.10948,
            "recall_at_20": 0.18231,
            "recall_at_100": 0.49629,
            "recall_at_1000": 1.0,
            "precision_at_1": 0.05,
            "precision_at_3": 0.26667,
            "precision_at_5": 0.27,
            "precision_at_10": 0.295,
            "precision_at_20": 0.2575,
            "precision_at_100": 0.1565,
            "precision_at_1000": 0.0327,
            "naucs_at_1_max": 1.0,
            "naucs_at_1_std": -0.205796,
            "naucs_at_1_diff1": -0.205796,
            "naucs_at_3_max": 0.246379,
            "naucs_at_3_std": -0.194386,
            "naucs_at_3_diff1": 0.076796,
            "naucs_at_5_max": 0.202612,
            "naucs_at_5_std": -0.245728,
            "naucs_at_5_diff1": 0.030115,
            "naucs_at_10_max": 0.279851,
            "naucs_at_10_std": -0.252737,
            "naucs_at_10_diff1": 0.028405,
            "naucs_at_20_max": 0.279851,
            "naucs_at_20_std": -0.252737,
            "naucs_at_20_diff1": 0.028405,
            "naucs_at_100_max": 0.280517,
            "naucs_at_100_std": -0.246432,
            "naucs_at_100_diff1": 0.024839,
            "naucs_at_1000_max": 0.280517,
            "naucs_at_1000_std": -0.246432,
            "naucs_at_1000_diff1": 0.024839,
            "mrr_at_1": 0.05,
            "mrr_at_3": 0.258333,
            "mrr_at_5": 0.268333,
            "mrr_at_10": 0.315198,
            "mrr_at_20": 0.315198,
            "mrr_at_100": 0.315934,
            "mrr_at_1000": 0.315934
          },
          "changed": {
            "ndcg_at_1": 0.55,
            "ndcg_at_3": 0.52346,
            "ndcg_at_5": 0.51089,
            "ndcg_at_10": 0.50581,
            "ndcg_at_20": 0.48761,
            "ndcg_at_100": 0.51385,
            "ndcg_at_1000": 0.71367,
            "map_at_1": 0.01598,
            "map_at_3": 0.04197,
            "map_at_5": 0.06186,
            "map_at_10": 0.1107,
            "map_at_20": 0.17098,
            "map_at_100": 0.30292,
            "map_at_1000": 0.37442,
            "recall_at_1": 0.01598,
            "recall_at_3": 0.044,
            "recall_at_5": 0.06754,
            "recall_at_10": 0.13921,
            "recall_at_20": 0.23095,
            "recall_at_100": 0.51912,
            "recall_at_1000": 1.0,
            "precision_at_1": 0.65,
            "precision_at_3": 0.61667,
            "precision_at_5": 0.59,
            "precision_at_10": 0.6,
            "precision_at_20": 0.5225,
            "precision_at_100": 0.2705,
            "precision_at_1000": 0.0545,
            "naucs_at_1_max": 0.323704,
            "naucs_at_1_std": 0.110098,
            "naucs_at_1_diff1": 0.171861,
            "naucs_at_3_max": 0.466287,
            "naucs_at_3_std": 0.004709,
            "naucs_at_3_diff1": 0.331225,
            "naucs_at_5_max": 0.441294,
            "naucs_at_5_std": 0.014159,
            "naucs_at_5_diff1": 0.299908,
            "naucs_at_10_max": 0.410985,
            "naucs_at_10_std": 0.02235,
            "naucs_at_10_diff1": 0.276836,
            "naucs_at_20_max": 0.410985,
            "naucs_at_20_std": 0.02235,
            "naucs_at_20_diff1": 0.276836,
            "naucs_at_100_max": 0.410985,
            "naucs_at_100_std": 0.02235,
            "naucs_at_100_diff1": 0.276836,
            "naucs_at_1000_max": 0.410985,
            "naucs_at_1000_std": 0.02235,
            "naucs_at_1000_diff1": 0.276836,
            "mrr_at_1": 0.65,
            "mrr_at_3": 0.716667,
            "mrr_at_5": 0.729167,
            "mrr_at_10": 0.749643,
            "mrr_at_20": 0.749643,
            "mrr_at_100": 0.749643,
            "mrr_at_1000": 0.749643
          }
        },
        "main_score": 0.004369,
        "hf_subset": "default",
        "languages": [
          "eng-Latn"
        ]
      }
    ]
  },
  "evaluation_time": 6008.568204641342,
  "kg_co2_emissions": 0.5852047757634417
}