{
  "dataset_revision": "6e346642246bfb4928c560ee08640dc84d074e8c",
  "task_name": "LEMBSummScreenFDRetrieval",
  "mteb_version": "1.18.0",
  "scores": {
    "validation": [
      {
        "ndcg_at_1": 0.59524,
        "ndcg_at_3": 0.69933,
        "ndcg_at_5": 0.74046,
        "ndcg_at_10": 0.76583,
        "ndcg_at_20": 0.77571,
        "ndcg_at_100": 0.77723,
        "ndcg_at_1000": 0.77762,
        "map_at_1": 0.59524,
        "map_at_3": 0.67361,
        "map_at_5": 0.69683,
        "map_at_10": 0.70752,
        "map_at_20": 0.71028,
        "map_at_100": 0.71044,
        "map_at_1000": 0.71046,
        "recall_at_1": 0.59524,
        "recall_at_3": 0.77381,
        "recall_at_5": 0.87202,
        "recall_at_10": 0.9494,
        "recall_at_20": 0.9881,
        "recall_at_100": 0.99702,
        "recall_at_1000": 1.0,
        "precision_at_1": 0.59524,
        "precision_at_3": 0.25794,
        "precision_at_5": 0.1744,
        "precision_at_10": 0.09494,
        "precision_at_20": 0.0494,
        "precision_at_100": 0.00997,
        "precision_at_1000": 0.001,
        "mrr_at_1": 0.595238,
        "mrr_at_3": 0.673611,
        "mrr_at_5": 0.696825,
        "mrr_at_10": 0.707516,
        "mrr_at_20": 0.710282,
        "mrr_at_100": 0.710443,
        "mrr_at_1000": 0.710457,
        "nauc_ndcg_at_1_max": 0.422499,
        "nauc_ndcg_at_1_std": -0.129478,
        "nauc_ndcg_at_1_diff1": 0.823978,
        "nauc_ndcg_at_3_max": 0.412451,
        "nauc_ndcg_at_3_std": -0.169488,
        "nauc_ndcg_at_3_diff1": 0.779124,
        "nauc_ndcg_at_5_max": 0.421669,
        "nauc_ndcg_at_5_std": -0.140772,
        "nauc_ndcg_at_5_diff1": 0.782721,
        "nauc_ndcg_at_10_max": 0.440501,
        "nauc_ndcg_at_10_std": -0.115683,
        "nauc_ndcg_at_10_diff1": 0.793478,
        "nauc_ndcg_at_20_max": 0.436799,
        "nauc_ndcg_at_20_std": -0.120908,
        "nauc_ndcg_at_20_diff1": 0.794354,
        "nauc_ndcg_at_100_max": 0.432118,
        "nauc_ndcg_at_100_std": -0.128673,
        "nauc_ndcg_at_100_diff1": 0.794016,
        "nauc_ndcg_at_1000_max": 0.430913,
        "nauc_ndcg_at_1000_std": -0.13079,
        "nauc_ndcg_at_1000_diff1": 0.794941,
        "nauc_map_at_1_max": 0.422499,
        "nauc_map_at_1_std": -0.129478,
        "nauc_map_at_1_diff1": 0.823978,
        "nauc_map_at_3_max": 0.417588,
        "nauc_map_at_3_std": -0.155762,
        "nauc_map_at_3_diff1": 0.79086,
        "nauc_map_at_5_max": 0.42246,
        "nauc_map_at_5_std": -0.140881,
        "nauc_map_at_5_diff1": 0.793419,
        "nauc_map_at_10_max": 0.429099,
        "nauc_map_at_10_std": -0.133306,
        "nauc_map_at_10_diff1": 0.797476,
        "nauc_map_at_20_max": 0.428253,
        "nauc_map_at_20_std": -0.134223,
        "nauc_map_at_20_diff1": 0.797655,
        "nauc_map_at_100_max": 0.427864,
        "nauc_map_at_100_std": -0.134863,
        "nauc_map_at_100_diff1": 0.797665,
        "nauc_map_at_1000_max": 0.427829,
        "nauc_map_at_1000_std": -0.134925,
        "nauc_map_at_1000_diff1": 0.797692,
        "nauc_recall_at_1_max": 0.422499,
        "nauc_recall_at_1_std": -0.129478,
        "nauc_recall_at_1_diff1": 0.823978,
        "nauc_recall_at_3_max": 0.391857,
        "nauc_recall_at_3_std": -0.222506,
        "nauc_recall_at_3_diff1": 0.735423,
        "nauc_recall_at_5_max": 0.417743,
        "nauc_recall_at_5_std": -0.133577,
        "nauc_recall_at_5_diff1": 0.722939,
        "nauc_recall_at_10_max": 0.628361,
        "nauc_recall_at_10_std": 0.196012,
        "nauc_recall_at_10_diff1": 0.763762,
        "nauc_recall_at_20_max": 1.0,
        "nauc_recall_at_20_std": 0.828356,
        "nauc_recall_at_20_diff1": 0.728052,
        "nauc_recall_at_100_max": 1.0,
        "nauc_recall_at_100_std": 0.869108,
        "nauc_recall_at_100_diff1": 0.358258,
        "nauc_recall_at_1000_max": NaN,
        "nauc_recall_at_1000_std": NaN,
        "nauc_recall_at_1000_diff1": NaN,
        "nauc_precision_at_1_max": 0.422499,
        "nauc_precision_at_1_std": -0.129478,
        "nauc_precision_at_1_diff1": 0.823978,
        "nauc_precision_at_3_max": 0.391857,
        "nauc_precision_at_3_std": -0.222506,
        "nauc_precision_at_3_diff1": 0.735423,
        "nauc_precision_at_5_max": 0.417743,
        "nauc_precision_at_5_std": -0.133577,
        "nauc_precision_at_5_diff1": 0.722939,
        "nauc_precision_at_10_max": 0.628361,
        "nauc_precision_at_10_std": 0.196012,
        "nauc_precision_at_10_diff1": 0.763762,
        "nauc_precision_at_20_max": 1.0,
        "nauc_precision_at_20_std": 0.828356,
        "nauc_precision_at_20_diff1": 0.728052,
        "nauc_precision_at_100_max": 1.0,
        "nauc_precision_at_100_std": 0.869108,
        "nauc_precision_at_100_diff1": 0.358258,
        "nauc_precision_at_1000_max": NaN,
        "nauc_precision_at_1000_std": NaN,
        "nauc_precision_at_1000_diff1": NaN,
        "nauc_mrr_at_1_max": 0.422499,
        "nauc_mrr_at_1_std": -0.129478,
        "nauc_mrr_at_1_diff1": 0.823978,
        "nauc_mrr_at_3_max": 0.417588,
        "nauc_mrr_at_3_std": -0.155762,
        "nauc_mrr_at_3_diff1": 0.79086,
        "nauc_mrr_at_5_max": 0.42246,
        "nauc_mrr_at_5_std": -0.140881,
        "nauc_mrr_at_5_diff1": 0.793419,
        "nauc_mrr_at_10_max": 0.429099,
        "nauc_mrr_at_10_std": -0.133306,
        "nauc_mrr_at_10_diff1": 0.797476,
        "nauc_mrr_at_20_max": 0.428253,
        "nauc_mrr_at_20_std": -0.134223,
        "nauc_mrr_at_20_diff1": 0.797655,
        "nauc_mrr_at_100_max": 0.427864,
        "nauc_mrr_at_100_std": -0.134863,
        "nauc_mrr_at_100_diff1": 0.797665,
        "nauc_mrr_at_1000_max": 0.427829,
        "nauc_mrr_at_1000_std": -0.134925,
        "nauc_mrr_at_1000_diff1": 0.797692,
        "main_score": 0.76583,
        "hf_subset": "default",
        "languages": [
          "eng-Latn"
        ]
      }
    ]
  },
  "evaluation_time": 26.219662189483643,
  "kg_co2_emissions": 0.011966064127870948
}