{
  "dataset_revision": "3d3d27aa7af8941408cefc3991ada5d12a4273d1",
  "evaluation_time": 654.2507019042969,
  "kg_co2_emissions": 0.020494323302836154,
  "mteb_version": "1.18.0",
  "scores": {
    "test": [
      {
        "hf_subset": "default",
        "languages": [
          "nob-Latn"
        ],
        "main_score": 0.6512349536697443,
        "v_measure": 0.6512349536697443,
        "v_measure_std": 0.1368378834779178,
        "v_measures": {
          "Level 0": [
            0.6251133346518329,
            0.626631633151773,
            0.5783923505179973,
            0.5761549240184132,
            0.597107315939886,
            0.6431226250156602,
            0.622172998921526,
            0.6079739060721902,
            0.6492548537422166,
            0.6421600910263146
          ],
          "Level 1": [
            0.7282344117048843,
            0.732552673849201,
            0.7284194724325127,
            0.7479171281979197,
            0.7285434213720041,
            0.7215610364111114,
            0.7307125192017969,
            0.7395920762099863,
            0.7265711361018977,
            0.7395443150784758
          ],
          "Level 2": [
            0.7566471365831794,
            0.7628706048938197,
            0.7674941995041061,
            0.7563186573901408,
            0.755021050008973,
            0.7575425073955036,
            0.7633959128133251,
            0.7653268436436882,
            0.7554849768937079,
            0.7614460056760478
          ],
          "Level 3": [
            0.7488842469785526,
            0.7513832771644686,
            0.7482293783056021,
            0.7485325218269232,
            0.7429704798270126,
            0.7485545183122242,
            0.7461744995513688,
            0.752425561247768,
            0.7437536044909799,
            0.7517565491223698
          ],
          "Level 4": [
            0.4064603913394172,
            0.40352742242734463,
            0.4017795268448938,
            0.3956096628105666,
            0.38366008404607077,
            0.40152050565705044,
            0.39597943229079785,
            0.3955025992473685,
            0.3951160737601234,
            0.4066472298162218
          ]
        }
      }
    ]
  },
  "task_name": "SNLHierarchicalClusteringP2P"
}