{
    "dataset_revision": "8b6510b0b1fa4e4c4f879467980e9be563ec1cdf",
    "task_name": "TwitterURLCorpus",
    "evaluation_time": NaN,
    "mteb_version": "0.0.0",
    "scores": {
        "test": [
            {
                "hf_subset": "default",
                "languages": [
                    "eng-Latn"
                ],
                "cos_sim_accuracy": 86.36628245430201,
                "cos_sim_ap": 79.29963896460292,
                "cos_sim_f1": 72.63895990066467,
                "cos_sim_precision": 69.09128803668196,
                "cos_sim_recall": 76.57068062827224,
                "dot_accuracy": 84.65091007878294,
                "dot_ap": 75.04883449222972,
                "dot_f1": 69.18569117382708,
                "dot_precision": 64.89512376070682,
                "dot_recall": 74.08376963350786,
                "euclidean_accuracy": 85.88116583226608,
                "euclidean_ap": 78.42687640324908,
                "euclidean_f1": 71.74350111107192,
                "euclidean_precision": 66.19800820152314,
                "euclidean_recall": 78.3030489682784,
                "manhattan_accuracy": 86.27508052935926,
                "manhattan_ap": 79.29581298930101,
                "manhattan_f1": 72.51838235294117,
                "manhattan_precision": 67.03921568627452,
                "manhattan_recall": 78.97289805974745,
                "max_accuracy": 86.36628245430201,
                "max_ap": 79.29963896460292,
                "max_f1": 72.63895990066467,
                "main_score": 79.29963896460292
            }
        ]
    }
}