{
    "dataset_revision": "ab518f4d6fcca38d87c25209f94beba119d02014",
    "task_name": "HotpotQA",
    "evaluation_time": NaN,
    "mteb_version": "unknown",
    "scores": {
        "test": [
            {
                "hf_subset": "default",
                "languages": [
                    "eng-Latn"
                ],
                "map_at_1": 44.651999999999994,
                "map_at_10": 79.95100000000001,
                "map_at_100": 80.51700000000001,
                "map_at_1000": 80.542,
                "map_at_3": 77.008,
                "map_at_5": 78.935,
                "mrr_at_1": 0.0,
                "mrr_at_10": 0.0,
                "mrr_at_100": 0.0,
                "mrr_at_1000": 0.0,
                "mrr_at_3": 0.0,
                "mrr_at_5": 0.0,
                "ndcg_at_1": 89.305,
                "ndcg_at_10": 85.479,
                "ndcg_at_100": 87.235,
                "ndcg_at_1000": 87.669,
                "ndcg_at_3": 81.648,
                "ndcg_at_5": 83.88600000000001,
                "precision_at_1": 89.305,
                "precision_at_10": 17.807000000000002,
                "precision_at_100": 1.9140000000000001,
                "precision_at_1000": 0.197,
                "precision_at_3": 53.756,
                "precision_at_5": 34.018,
                "recall_at_1": 44.651999999999994,
                "recall_at_10": 89.034,
                "recall_at_100": 95.719,
                "recall_at_1000": 98.535,
                "recall_at_3": 80.635,
                "recall_at_5": 85.044,
                "main_score": 85.479
            }
        ]
    }
}