{
  "dataset_revision": "be654b591daef1382364d563f6d3d66f61f79b35",
  "task_name": "YouCook2VT2ARetrieval",
  "mteb_version": "2.14.2",
  "scores": {
    "test": [
      {
        "ndcg_at_1": 0.13982,
        "ndcg_at_3": 0.20556,
        "ndcg_at_5": 0.22742,
        "ndcg_at_10": 0.25315,
        "ndcg_at_20": 0.27494,
        "ndcg_at_100": 0.31128,
        "ndcg_at_1000": 0.33536,
        "map_at_1": 0.13982,
        "map_at_3": 0.18933,
        "map_at_5": 0.20136,
        "map_at_10": 0.21203,
        "map_at_20": 0.21795,
        "map_at_100": 0.22292,
        "map_at_1000": 0.22375,
        "recall_at_1": 0.13982,
        "recall_at_3": 0.25258,
        "recall_at_5": 0.30606,
        "recall_at_10": 0.38531,
        "recall_at_20": 0.47197,
        "recall_at_100": 0.66849,
        "recall_at_1000": 0.86244,
        "accuracy": 0.13982,
        "precision_at_1": 0.13982,
        "precision_at_3": 0.08419,
        "precision_at_5": 0.06121,
        "precision_at_10": 0.03853,
        "precision_at_20": 0.0236,
        "precision_at_100": 0.00668,
        "precision_at_1000": 0.00086,
        "mrr_at_1": 0.13982,
        "mrr_at_3": 0.189326,
        "mrr_at_5": 0.201358,
        "mrr_at_10": 0.212032,
        "mrr_at_20": 0.217952,
        "mrr_at_100": 0.222924,
        "mrr_at_1000": 0.223751,
        "nauc_ndcg_at_1_max": 0.155607,
        "nauc_ndcg_at_1_std": -0.086851,
        "nauc_ndcg_at_1_diff1": 0.342206,
        "nauc_ndcg_at_3_max": 0.146922,
        "nauc_ndcg_at_3_std": -0.0636,
        "nauc_ndcg_at_3_diff1": 0.239997,
        "nauc_ndcg_at_5_max": 0.140059,
        "nauc_ndcg_at_5_std": -0.060444,
        "nauc_ndcg_at_5_diff1": 0.223795,
        "nauc_ndcg_at_10_max": 0.137835,
        "nauc_ndcg_at_10_std": -0.05678,
        "nauc_ndcg_at_10_diff1": 0.217991,
        "nauc_ndcg_at_20_max": 0.141951,
        "nauc_ndcg_at_20_std": -0.044317,
        "nauc_ndcg_at_20_diff1": 0.217884,
        "nauc_ndcg_at_100_max": 0.14762,
        "nauc_ndcg_at_100_std": -0.040557,
        "nauc_ndcg_at_100_diff1": 0.215471,
        "nauc_ndcg_at_1000_max": 0.151369,
        "nauc_ndcg_at_1000_std": -0.0507,
        "nauc_ndcg_at_1000_diff1": 0.218265,
        "nauc_map_at_1_max": 0.155607,
        "nauc_map_at_1_std": -0.086851,
        "nauc_map_at_1_diff1": 0.342206,
        "nauc_map_at_3_max": 0.148609,
        "nauc_map_at_3_std": -0.068842,
        "nauc_map_at_3_diff1": 0.260106,
        "nauc_map_at_5_max": 0.144669,
        "nauc_map_at_5_std": -0.066669,
        "nauc_map_at_5_diff1": 0.24993,
        "nauc_map_at_10_max": 0.143771,
        "nauc_map_at_10_std": -0.064906,
        "nauc_map_at_10_diff1": 0.247381,
        "nauc_map_at_20_max": 0.144959,
        "nauc_map_at_20_std": -0.061131,
        "nauc_map_at_20_diff1": 0.247451,
        "nauc_map_at_100_max": 0.145872,
        "nauc_map_at_100_std": -0.060333,
        "nauc_map_at_100_diff1": 0.247403,
        "nauc_map_at_1000_max": 0.146065,
        "nauc_map_at_1000_std": -0.060649,
        "nauc_map_at_1000_diff1": 0.247525,
        "nauc_recall_at_1_max": 0.155607,
        "nauc_recall_at_1_std": -0.086851,
        "nauc_recall_at_1_diff1": 0.342206,
        "nauc_recall_at_3_max": 0.142885,
        "nauc_recall_at_3_std": -0.050799,
        "nauc_recall_at_3_diff1": 0.191783,
        "nauc_recall_at_5_max": 0.128676,
        "nauc_recall_at_5_std": -0.045977,
        "nauc_recall_at_5_diff1": 0.162962,
        "nauc_recall_at_10_max": 0.122974,
        "nauc_recall_at_10_std": -0.037596,
        "nauc_recall_at_10_diff1": 0.149775,
        "nauc_recall_at_20_max": 0.136427,
        "nauc_recall_at_20_std": 0.003038,
        "nauc_recall_at_20_diff1": 0.147805,
        "nauc_recall_at_100_max": 0.164247,
        "nauc_recall_at_100_std": 0.031523,
        "nauc_recall_at_100_diff1": 0.113129,
        "nauc_recall_at_1000_max": 0.23314,
        "nauc_recall_at_1000_std": -0.058757,
        "nauc_recall_at_1000_diff1": 0.050198,
        "nauc_precision_at_1_max": 0.155607,
        "nauc_precision_at_1_std": -0.086851,
        "nauc_precision_at_1_diff1": 0.342206,
        "nauc_precision_at_3_max": 0.142885,
        "nauc_precision_at_3_std": -0.050799,
        "nauc_precision_at_3_diff1": 0.191783,
        "nauc_precision_at_5_max": 0.128676,
        "nauc_precision_at_5_std": -0.045977,
        "nauc_precision_at_5_diff1": 0.162962,
        "nauc_precision_at_10_max": 0.122974,
        "nauc_precision_at_10_std": -0.037596,
        "nauc_precision_at_10_diff1": 0.149775,
        "nauc_precision_at_20_max": 0.136427,
        "nauc_precision_at_20_std": 0.003038,
        "nauc_precision_at_20_diff1": 0.147805,
        "nauc_precision_at_100_max": 0.164247,
        "nauc_precision_at_100_std": 0.031523,
        "nauc_precision_at_100_diff1": 0.113129,
        "nauc_precision_at_1000_max": 0.23314,
        "nauc_precision_at_1000_std": -0.058757,
        "nauc_precision_at_1000_diff1": 0.050198,
        "nauc_mrr_at_1_max": 0.155607,
        "nauc_mrr_at_1_std": -0.086851,
        "nauc_mrr_at_1_diff1": 0.342206,
        "nauc_mrr_at_3_max": 0.148609,
        "nauc_mrr_at_3_std": -0.068842,
        "nauc_mrr_at_3_diff1": 0.260106,
        "nauc_mrr_at_5_max": 0.144669,
        "nauc_mrr_at_5_std": -0.066669,
        "nauc_mrr_at_5_diff1": 0.24993,
        "nauc_mrr_at_10_max": 0.143771,
        "nauc_mrr_at_10_std": -0.064906,
        "nauc_mrr_at_10_diff1": 0.247381,
        "nauc_mrr_at_20_max": 0.144959,
        "nauc_mrr_at_20_std": -0.061131,
        "nauc_mrr_at_20_diff1": 0.247451,
        "nauc_mrr_at_100_max": 0.145872,
        "nauc_mrr_at_100_std": -0.060333,
        "nauc_mrr_at_100_diff1": 0.247403,
        "nauc_mrr_at_1000_max": 0.146065,
        "nauc_mrr_at_1000_std": -0.060649,
        "nauc_mrr_at_1000_diff1": 0.247525,
        "hit_rate_at_1": 0.13982,
        "hit_rate_at_3": 0.25258,
        "hit_rate_at_5": 0.30606,
        "hit_rate_at_10": 0.38531,
        "hit_rate_at_20": 0.47197,
        "hit_rate_at_100": 0.66849,
        "hit_rate_at_1000": 0.86244,
        "main_score": 0.25315,
        "hf_subset": "default",
        "languages": [
          "eng-Latn"
        ],
        "mteb_version": "2.14.2"
      }
    ]
  },
  "evaluation_time": 3909.6297347545624,
  "kg_co2_emissions": null,
  "date": null
}