{
  "dataset_revision": "59042f120c80e8afa9cdbb224f67076cec0fc9a7",
  "task_name": "MindSmallReranking",
  "mteb_version": "1.18.0",
  "scores": {
    "test": [
      {
        "map": 0.315857,
        "mrr": 0.326085,
        "nAUC_map_max": -0.246023,
        "nAUC_map_std": -0.081478,
        "nAUC_map_diff1": 0.103834,
        "nAUC_mrr_max": -0.189287,
        "nAUC_mrr_std": -0.052522,
        "nAUC_mrr_diff1": 0.100029,
        "main_score": 0.315857,
        "hf_subset": "default",
        "languages": [
          "eng-Latn"
        ]
      }
    ]
  },
  "evaluation_time": 263.94235825538635,
  "kg_co2_emissions": 0.011552262320006118
}