{
    "dataset_revision": "d66bd1f72af766a5cc4b0ca5e00c162f89e8cc46",
    "task_name": "SprintDuplicateQuestions",
    "evaluation_time": null,
    "mteb_version": null,
    "scores": {
        "test": [
            {
                "hf_subset": "default",
                "languages": [
                    "eng-Latn"
                ],
                "cos_sim_accuracy": 0.9983762376237624,
                "cos_sim_ap": 0.9651580702723563,
                "cos_sim_f1": 0.9163265306122449,
                "cos_sim_precision": 0.9354166666666667,
                "cos_sim_recall": 0.898,
                "dot_accuracy": 0.9973663366336634,
                "dot_ap": 0.935764284433306,
                "dot_f1": 0.8656565656565656,
                "dot_precision": 0.8744897959183675,
                "dot_recall": 0.857,
                "euclidean_accuracy": 0.9984059405940594,
                "euclidean_ap": 0.964738308210008,
                "euclidean_f1": 0.9176470588235294,
                "euclidean_precision": 0.9392670157068062,
                "euclidean_recall": 0.897,
                "manhattan_accuracy": 0.9984356435643565,
                "manhattan_ap": 0.9658366196890644,
                "manhattan_f1": 0.9193054136874362,
                "manhattan_precision": 0.9394572025052192,
                "manhattan_recall": 0.9,
                "max_accuracy": 0.9984356435643565,
                "max_ap": 0.9658366196890644,
                "max_f1": 0.9193054136874362,
                "main_score": 0.9658366196890644
            }
        ]
    }
}