{
  "dataset_revision": "65393d0d7a08a10b4e348135e824f385d420b0fd",
  "task_name": "AlloprofReranking",
  "mteb_version": "1.18.0",
  "scores": {
    "test": [
      {
        "map": 0.770939,
        "mrr": 0.78445,
        "nAUC_map_max": 0.159267,
        "nAUC_map_std": 0.16813,
        "nAUC_map_diff1": 0.607103,
        "nAUC_mrr_max": 0.164211,
        "nAUC_mrr_std": 0.157735,
        "nAUC_mrr_diff1": 0.602274,
        "main_score": 0.770939,
        "hf_subset": "default",
        "languages": [
          "fra-Latn"
        ]
      }
    ]
  },
  "evaluation_time": 37.0709912776947,
  "kg_co2_emissions": 0.0030707065914090783
}