{
  "dataset_revision": "ebfcd844eadd3d667efa3c57fc5c8c87f5c2867e",
  "task_name": "AILAStatutes",
  "mteb_version": "1.38.9",
  "scores": {
    "test": [
      {
        "ndcg_at_1": 0.9,
        "ndcg_at_3": 0.77759,
        "ndcg_at_5": 0.73522,
        "ndcg_at_10": 0.85086,
        "ndcg_at_20": 0.87901,
        "ndcg_at_100": 0.88496,
        "ndcg_at_1000": 0.88496,
        "map_at_1": 0.21867,
        "map_at_3": 0.49022,
        "map_at_5": 0.61994,
        "map_at_10": 0.73627,
        "map_at_20": 0.75766,
        "map_at_100": 0.76084,
        "map_at_1000": 0.76084,
        "recall_at_1": 0.21867,
        "recall_at_3": 0.51867,
        "recall_at_5": 0.70133,
        "recall_at_10": 0.917,
        "recall_at_20": 0.983,
        "recall_at_100": 1.0,
        "recall_at_1000": 1.0,
        "precision_at_1": 0.9,
        "precision_at_3": 0.72667,
        "precision_at_5": 0.596,
        "precision_at_10": 0.396,
        "precision_at_20": 0.213,
        "precision_at_100": 0.0434,
        "precision_at_1000": 0.00434,
        "mrr_at_1": 0.9,
        "mrr_at_3": 0.946667,
        "mrr_at_5": 0.946667,
        "mrr_at_10": 0.946667,
        "mrr_at_20": 0.946667,
        "mrr_at_100": 0.946667,
        "mrr_at_1000": 0.946667,
        "nauc_ndcg_at_1_max": 0.670028,
        "nauc_ndcg_at_1_std": 0.590289,
        "nauc_ndcg_at_1_diff1": 0.910831,
        "nauc_ndcg_at_3_max": 0.37305,
        "nauc_ndcg_at_3_std": 0.453332,
        "nauc_ndcg_at_3_diff1": 0.003368,
        "nauc_ndcg_at_5_max": 0.256011,
        "nauc_ndcg_at_5_std": 0.284933,
        "nauc_ndcg_at_5_diff1": 0.021314,
        "nauc_ndcg_at_10_max": 0.220458,
        "nauc_ndcg_at_10_std": 0.344932,
        "nauc_ndcg_at_10_diff1": -0.012556,
        "nauc_ndcg_at_20_max": 0.323471,
        "nauc_ndcg_at_20_std": 0.39326,
        "nauc_ndcg_at_20_diff1": 0.101218,
        "nauc_ndcg_at_100_max": 0.345591,
        "nauc_ndcg_at_100_std": 0.416544,
        "nauc_ndcg_at_100_diff1": 0.106701,
        "nauc_ndcg_at_1000_max": 0.345591,
        "nauc_ndcg_at_1000_std": 0.416544,
        "nauc_ndcg_at_1000_diff1": 0.106701,
        "nauc_map_at_1_max": 0.09849,
        "nauc_map_at_1_std": -0.026337,
        "nauc_map_at_1_diff1": 0.333464,
        "nauc_map_at_3_max": 0.205959,
        "nauc_map_at_3_std": 0.219362,
        "nauc_map_at_3_diff1": -0.004699,
        "nauc_map_at_5_max": 0.245576,
        "nauc_map_at_5_std": 0.261023,
        "nauc_map_at_5_diff1": -0.016434,
        "nauc_map_at_10_max": 0.214038,
        "nauc_map_at_10_std": 0.31861,
        "nauc_map_at_10_diff1": -0.049408,
        "nauc_map_at_20_max": 0.255834,
        "nauc_map_at_20_std": 0.333174,
        "nauc_map_at_20_diff1": -0.006836,
        "nauc_map_at_100_max": 0.257988,
        "nauc_map_at_100_std": 0.337211,
        "nauc_map_at_100_diff1": -0.006306,
        "nauc_map_at_1000_max": 0.257988,
        "nauc_map_at_1000_std": 0.337211,
        "nauc_map_at_1000_diff1": -0.006306,
        "nauc_recall_at_1_max": 0.09849,
        "nauc_recall_at_1_std": -0.026337,
        "nauc_recall_at_1_diff1": 0.333464,
        "nauc_recall_at_3_max": 0.148666,
        "nauc_recall_at_3_std": 0.148778,
        "nauc_recall_at_3_diff1": -0.069403,
        "nauc_recall_at_5_max": 0.119492,
        "nauc_recall_at_5_std": 0.121571,
        "nauc_recall_at_5_diff1": -0.061271,
        "nauc_recall_at_10_max": -0.116369,
        "nauc_recall_at_10_std": 0.099984,
        "nauc_recall_at_10_diff1": -0.27056,
        "nauc_recall_at_20_max": -0.071044,
        "nauc_recall_at_20_std": -0.004586,
        "nauc_recall_at_20_diff1": 0.033147,
        "nauc_recall_at_100_max": NaN,
        "nauc_recall_at_100_std": NaN,
        "nauc_recall_at_100_diff1": NaN,
        "nauc_recall_at_1000_max": NaN,
        "nauc_recall_at_1000_std": NaN,
        "nauc_recall_at_1000_diff1": NaN,
        "nauc_precision_at_1_max": 0.670028,
        "nauc_precision_at_1_std": 0.590289,
        "nauc_precision_at_1_diff1": 0.910831,
        "nauc_precision_at_3_max": 0.333801,
        "nauc_precision_at_3_std": 0.46915,
        "nauc_precision_at_3_diff1": -0.118647,
        "nauc_precision_at_5_max": 0.255446,
        "nauc_precision_at_5_std": 0.372513,
        "nauc_precision_at_5_diff1": -0.080471,
        "nauc_precision_at_10_max": 0.08635,
        "nauc_precision_at_10_std": 0.301547,
        "nauc_precision_at_10_diff1": -0.147918,
        "nauc_precision_at_20_max": 0.198301,
        "nauc_precision_at_20_std": 0.325883,
        "nauc_precision_at_20_diff1": 0.006229,
        "nauc_precision_at_100_max": 0.21423,
        "nauc_precision_at_100_std": 0.331168,
        "nauc_precision_at_100_diff1": 0.004519,
        "nauc_precision_at_1000_max": 0.21423,
        "nauc_precision_at_1000_std": 0.331168,
        "nauc_precision_at_1000_diff1": 0.004519,
        "nauc_mrr_at_1_max": 0.670028,
        "nauc_mrr_at_1_std": 0.590289,
        "nauc_mrr_at_1_diff1": 0.910831,
        "nauc_mrr_at_3_max": 0.682481,
        "nauc_mrr_at_3_std": 0.615896,
        "nauc_mrr_at_3_diff1": 0.916404,
        "nauc_mrr_at_5_max": 0.682481,
        "nauc_mrr_at_5_std": 0.615896,
        "nauc_mrr_at_5_diff1": 0.916404,
        "nauc_mrr_at_10_max": 0.682481,
        "nauc_mrr_at_10_std": 0.615896,
        "nauc_mrr_at_10_diff1": 0.916404,
        "nauc_mrr_at_20_max": 0.682481,
        "nauc_mrr_at_20_std": 0.615896,
        "nauc_mrr_at_20_diff1": 0.916404,
        "nauc_mrr_at_100_max": 0.682481,
        "nauc_mrr_at_100_std": 0.615896,
        "nauc_mrr_at_100_diff1": 0.916404,
        "nauc_mrr_at_1000_max": 0.682481,
        "nauc_mrr_at_1000_std": 0.615896,
        "nauc_mrr_at_1000_diff1": 0.916404,
        "main_score": 0.85086,
        "hf_subset": "default",
        "languages": [
          "eng-Latn"
        ]
      }
    ]
  },
  "evaluation_time": 4.2324934005737305,
  "kg_co2_emissions": null
}