{
  "dataset_revision": "099ee143c7fdfa6bd7965be8c801cb161c313b29",
  "task_name": "TwitterHjerneRetrieval",
  "mteb_version": "1.38.9",
  "scores": {
    "train": [
      {
        "ndcg_at_1": 0.88462,
        "ndcg_at_3": 0.7442,
        "ndcg_at_5": 0.75167,
        "ndcg_at_10": 0.78199,
        "ndcg_at_20": 0.80985,
        "ndcg_at_100": 0.83497,
        "ndcg_at_1000": 0.83992,
        "map_at_1": 0.2891,
        "map_at_3": 0.57258,
        "map_at_5": 0.66966,
        "map_at_10": 0.69921,
        "map_at_20": 0.71432,
        "map_at_100": 0.72198,
        "map_at_1000": 0.72255,
        "recall_at_1": 0.2891,
        "recall_at_3": 0.59316,
        "recall_at_5": 0.72393,
        "recall_at_10": 0.79594,
        "recall_at_20": 0.8703,
        "recall_at_100": 0.96261,
        "recall_at_1000": 0.98718,
        "precision_at_1": 0.88462,
        "precision_at_3": 0.64103,
        "precision_at_5": 0.48718,
        "precision_at_10": 0.27051,
        "precision_at_20": 0.14808,
        "precision_at_100": 0.03282,
        "precision_at_1000": 0.00336,
        "mrr_at_1": 0.884615,
        "mrr_at_3": 0.897436,
        "mrr_at_5": 0.902564,
        "mrr_at_10": 0.906838,
        "mrr_at_20": 0.907753,
        "mrr_at_100": 0.907753,
        "mrr_at_1000": 0.907753,
        "nauc_ndcg_at_1_max": 0.855093,
        "nauc_ndcg_at_1_std": 0.380218,
        "nauc_ndcg_at_1_diff1": 0.749033,
        "nauc_ndcg_at_3_max": 0.618248,
        "nauc_ndcg_at_3_std": 0.145168,
        "nauc_ndcg_at_3_diff1": 0.297578,
        "nauc_ndcg_at_5_max": 0.61834,
        "nauc_ndcg_at_5_std": 0.159669,
        "nauc_ndcg_at_5_diff1": 0.283679,
        "nauc_ndcg_at_10_max": 0.605082,
        "nauc_ndcg_at_10_std": 0.142199,
        "nauc_ndcg_at_10_diff1": 0.263646,
        "nauc_ndcg_at_20_max": 0.623793,
        "nauc_ndcg_at_20_std": 0.132669,
        "nauc_ndcg_at_20_diff1": 0.251198,
        "nauc_ndcg_at_100_max": 0.650155,
        "nauc_ndcg_at_100_std": 0.179672,
        "nauc_ndcg_at_100_diff1": 0.294101,
        "nauc_ndcg_at_1000_max": 0.653361,
        "nauc_ndcg_at_1000_std": 0.18532,
        "nauc_ndcg_at_1000_diff1": 0.314091,
        "nauc_map_at_1_max": 0.02812,
        "nauc_map_at_1_std": -0.176159,
        "nauc_map_at_1_diff1": 0.275975,
        "nauc_map_at_3_max": 0.376514,
        "nauc_map_at_3_std": -0.084219,
        "nauc_map_at_3_diff1": 0.292081,
        "nauc_map_at_5_max": 0.55528,
        "nauc_map_at_5_std": 0.0977,
        "nauc_map_at_5_diff1": 0.260237,
        "nauc_map_at_10_max": 0.569439,
        "nauc_map_at_10_std": 0.105135,
        "nauc_map_at_10_diff1": 0.23951,
        "nauc_map_at_20_max": 0.580377,
        "nauc_map_at_20_std": 0.103544,
        "nauc_map_at_20_diff1": 0.233651,
        "nauc_map_at_100_max": 0.583213,
        "nauc_map_at_100_std": 0.109714,
        "nauc_map_at_100_diff1": 0.23852,
        "nauc_map_at_1000_max": 0.583468,
        "nauc_map_at_1000_std": 0.110285,
        "nauc_map_at_1000_diff1": 0.240108,
        "nauc_recall_at_1_max": 0.02812,
        "nauc_recall_at_1_std": -0.176159,
        "nauc_recall_at_1_diff1": 0.275975,
        "nauc_recall_at_3_max": 0.310692,
        "nauc_recall_at_3_std": -0.124028,
        "nauc_recall_at_3_diff1": 0.233986,
        "nauc_recall_at_5_max": 0.518893,
        "nauc_recall_at_5_std": 0.099488,
        "nauc_recall_at_5_diff1": 0.207776,
        "nauc_recall_at_10_max": 0.51943,
        "nauc_recall_at_10_std": 0.102463,
        "nauc_recall_at_10_diff1": 0.137407,
        "nauc_recall_at_20_max": 0.513991,
        "nauc_recall_at_20_std": 0.017033,
        "nauc_recall_at_20_diff1": 0.018803,
        "nauc_recall_at_100_max": 0.692062,
        "nauc_recall_at_100_std": 0.384411,
        "nauc_recall_at_100_diff1": 0.155124,
        "nauc_recall_at_1000_max": 1.0,
        "nauc_recall_at_1000_std": 1.0,
        "nauc_recall_at_1000_diff1": 0.868908,
        "nauc_precision_at_1_max": 0.855093,
        "nauc_precision_at_1_std": 0.380218,
        "nauc_precision_at_1_diff1": 0.749033,
        "nauc_precision_at_3_max": 0.627622,
        "nauc_precision_at_3_std": 0.247601,
        "nauc_precision_at_3_diff1": 0.195798,
        "nauc_precision_at_5_max": 0.606721,
        "nauc_precision_at_5_std": 0.365759,
        "nauc_precision_at_5_diff1": 0.08577,
        "nauc_precision_at_10_max": 0.537844,
        "nauc_precision_at_10_std": 0.351514,
        "nauc_precision_at_10_diff1": 0.022081,
        "nauc_precision_at_20_max": 0.505003,
        "nauc_precision_at_20_std": 0.355392,
        "nauc_precision_at_20_diff1": -0.028499,
        "nauc_precision_at_100_max": 0.416125,
        "nauc_precision_at_100_std": 0.414822,
        "nauc_precision_at_100_diff1": -0.017623,
        "nauc_precision_at_1000_max": 0.391618,
        "nauc_precision_at_1000_std": 0.430924,
        "nauc_precision_at_1000_diff1": -0.002103,
        "nauc_mrr_at_1_max": 0.855093,
        "nauc_mrr_at_1_std": 0.380218,
        "nauc_mrr_at_1_diff1": 0.749033,
        "nauc_mrr_at_3_max": 0.861889,
        "nauc_mrr_at_3_std": 0.394981,
        "nauc_mrr_at_3_diff1": 0.745713,
        "nauc_mrr_at_5_max": 0.866407,
        "nauc_mrr_at_5_std": 0.421673,
        "nauc_mrr_at_5_diff1": 0.744046,
        "nauc_mrr_at_10_max": 0.866291,
        "nauc_mrr_at_10_std": 0.421648,
        "nauc_mrr_at_10_diff1": 0.752509,
        "nauc_mrr_at_20_max": 0.864947,
        "nauc_mrr_at_20_std": 0.415836,
        "nauc_mrr_at_20_diff1": 0.75134,
        "nauc_mrr_at_100_max": 0.864947,
        "nauc_mrr_at_100_std": 0.415836,
        "nauc_mrr_at_100_diff1": 0.75134,
        "nauc_mrr_at_1000_max": 0.864947,
        "nauc_mrr_at_1000_std": 0.415836,
        "nauc_mrr_at_1000_diff1": 0.75134,
        "main_score": 0.78199,
        "hf_subset": "default",
        "languages": [
          "dan-Latn"
        ]
      }
    ]
  },
  "evaluation_time": 3.011828660964966,
  "kg_co2_emissions": null
}