{
    "dataset_revision": "None",
    "task_name": "TRECCOVID",
    "evaluation_time": null,
    "mteb_version": null,
    "scores": {
        "test": [
            {
                "hf_subset": "default",
                "languages": [
                    "eng-Latn"
                ],
                "map_at_1": 0.00252,
                "map_at_10": 0.02181,
                "map_at_100": 0.1282,
                "map_at_1000": 0.30307,
                "map_at_3": 0.00716,
                "map_at_5": 0.01133,
                "mrr_at_1": 0.96,
                "mrr_at_10": 0.98,
                "mrr_at_100": 0.98,
                "mrr_at_1000": 0.98,
                "mrr_at_3": 0.98,
                "mrr_at_5": 0.98,
                "ndcg_at_1": 0.92,
                "ndcg_at_10": 0.8381799999999999,
                "ndcg_at_100": 0.63328,
                "ndcg_at_1000": 0.55883,
                "ndcg_at_3": 0.87162,
                "ndcg_at_5": 0.8503000000000001,
                "precision_at_1": 0.96,
                "precision_at_10": 0.88,
                "precision_at_100": 0.6494,
                "precision_at_1000": 0.24688,
                "precision_at_3": 0.91333,
                "precision_at_5": 0.888,
                "recall_at_1": 0.00252,
                "recall_at_10": 0.02326,
                "recall_at_100": 0.15665,
                "recall_at_1000": 0.5256,
                "recall_at_3": 0.00735,
                "recall_at_5": 0.01175,
                "main_score": 0.8381799999999999
            }
        ]
    }
}