{
  "dataset_revision": "4106e6bcc72e0698d714ea8b101355e3e238431a",
  "task_name": "AILACasedocs",
  "mteb_version": "2.6.7",
  "scores": {
    "test": [
      {
        "ndcg_at_1": 0.42,
        "ndcg_at_3": 0.42918,
        "ndcg_at_5": 0.43853,
        "ndcg_at_10": 0.44685,
        "ndcg_at_20": 0.49398,
        "ndcg_at_100": 0.57044,
        "ndcg_at_1000": 0.58502,
        "map_at_1": 0.14984,
        "map_at_3": 0.28116,
        "map_at_5": 0.32511,
        "map_at_10": 0.35292,
        "map_at_20": 0.37725,
        "map_at_100": 0.40124,
        "map_at_1000": 0.40294,
        "recall_at_1": 0.14984,
        "recall_at_3": 0.31575,
        "recall_at_5": 0.41829,
        "recall_at_10": 0.50781,
        "recall_at_20": 0.65626,
        "recall_at_100": 0.92277,
        "recall_at_1000": 1.0,
        "accuracy": 0.14984,
        "precision_at_1": 0.42,
        "precision_at_3": 0.35333,
        "precision_at_5": 0.284,
        "precision_at_10": 0.178,
        "precision_at_20": 0.117,
        "precision_at_100": 0.0364,
        "precision_at_1000": 0.0039,
        "mrr_at_1": 0.42,
        "mrr_at_3": 0.476667,
        "mrr_at_5": 0.499667,
        "mrr_at_10": 0.512357,
        "mrr_at_20": 0.52223,
        "mrr_at_100": 0.524395,
        "mrr_at_1000": 0.524701,
        "nauc_ndcg_at_1_max": 0.348913,
        "nauc_ndcg_at_1_std": -0.293128,
        "nauc_ndcg_at_1_diff1": 0.195635,
        "nauc_ndcg_at_3_max": 0.280263,
        "nauc_ndcg_at_3_std": -0.21859,
        "nauc_ndcg_at_3_diff1": 0.200034,
        "nauc_ndcg_at_5_max": 0.267115,
        "nauc_ndcg_at_5_std": -0.205088,
        "nauc_ndcg_at_5_diff1": 0.131512,
        "nauc_ndcg_at_10_max": 0.26876,
        "nauc_ndcg_at_10_std": -0.166808,
        "nauc_ndcg_at_10_diff1": 0.137729,
        "nauc_ndcg_at_20_max": 0.22851,
        "nauc_ndcg_at_20_std": -0.184333,
        "nauc_ndcg_at_20_diff1": 0.085863,
        "nauc_ndcg_at_100_max": 0.261515,
        "nauc_ndcg_at_100_std": -0.136456,
        "nauc_ndcg_at_100_diff1": 0.043797,
        "nauc_ndcg_at_1000_max": 0.267243,
        "nauc_ndcg_at_1000_std": -0.173577,
        "nauc_ndcg_at_1000_diff1": 0.095413,
        "nauc_map_at_1_max": 0.152349,
        "nauc_map_at_1_std": -0.218808,
        "nauc_map_at_1_diff1": 0.25738,
        "nauc_map_at_3_max": 0.116799,
        "nauc_map_at_3_std": -0.260607,
        "nauc_map_at_3_diff1": 0.227217,
        "nauc_map_at_5_max": 0.195081,
        "nauc_map_at_5_std": -0.262606,
        "nauc_map_at_5_diff1": 0.199495,
        "nauc_map_at_10_max": 0.24544,
        "nauc_map_at_10_std": -0.210363,
        "nauc_map_at_10_diff1": 0.176813,
        "nauc_map_at_20_max": 0.236924,
        "nauc_map_at_20_std": -0.21255,
        "nauc_map_at_20_diff1": 0.145181,
        "nauc_map_at_100_max": 0.250142,
        "nauc_map_at_100_std": -0.193853,
        "nauc_map_at_100_diff1": 0.131091,
        "nauc_map_at_1000_max": 0.251236,
        "nauc_map_at_1000_std": -0.196098,
        "nauc_map_at_1000_diff1": 0.134457,
        "nauc_recall_at_1_max": 0.152349,
        "nauc_recall_at_1_std": -0.218808,
        "nauc_recall_at_1_diff1": 0.25738,
        "nauc_recall_at_3_max": 0.053025,
        "nauc_recall_at_3_std": -0.205185,
        "nauc_recall_at_3_diff1": 0.215823,
        "nauc_recall_at_5_max": 0.108653,
        "nauc_recall_at_5_std": -0.233675,
        "nauc_recall_at_5_diff1": 0.141419,
        "nauc_recall_at_10_max": 0.20025,
        "nauc_recall_at_10_std": -0.05509,
        "nauc_recall_at_10_diff1": 0.089001,
        "nauc_recall_at_20_max": 0.070681,
        "nauc_recall_at_20_std": -0.066921,
        "nauc_recall_at_20_diff1": -0.111195,
        "nauc_recall_at_100_max": 0.164467,
        "nauc_recall_at_100_std": 0.582345,
        "nauc_recall_at_100_diff1": -0.937407,
        "nauc_recall_at_1000_max": NaN,
        "nauc_recall_at_1000_std": NaN,
        "nauc_recall_at_1000_diff1": NaN,
        "nauc_precision_at_1_max": 0.348913,
        "nauc_precision_at_1_std": -0.293128,
        "nauc_precision_at_1_diff1": 0.195635,
        "nauc_precision_at_3_max": 0.296478,
        "nauc_precision_at_3_std": -0.159226,
        "nauc_precision_at_3_diff1": 0.122242,
        "nauc_precision_at_5_max": 0.374072,
        "nauc_precision_at_5_std": -0.087367,
        "nauc_precision_at_5_diff1": 0.000618,
        "nauc_precision_at_10_max": 0.40007,
        "nauc_precision_at_10_std": 0.048039,
        "nauc_precision_at_10_diff1": -0.081288,
        "nauc_precision_at_20_max": 0.289771,
        "nauc_precision_at_20_std": 0.066827,
        "nauc_precision_at_20_diff1": -0.207961,
        "nauc_precision_at_100_max": 0.210924,
        "nauc_precision_at_100_std": 0.159655,
        "nauc_precision_at_100_diff1": -0.246847,
        "nauc_precision_at_1000_max": 0.206679,
        "nauc_precision_at_1000_std": 0.122968,
        "nauc_precision_at_1000_diff1": -0.186811,
        "nauc_mrr_at_1_max": 0.348913,
        "nauc_mrr_at_1_std": -0.293128,
        "nauc_mrr_at_1_diff1": 0.195635,
        "nauc_mrr_at_3_max": 0.273692,
        "nauc_mrr_at_3_std": -0.237082,
        "nauc_mrr_at_3_diff1": 0.192181,
        "nauc_mrr_at_5_max": 0.27956,
        "nauc_mrr_at_5_std": -0.233608,
        "nauc_mrr_at_5_diff1": 0.170525,
        "nauc_mrr_at_10_max": 0.287936,
        "nauc_mrr_at_10_std": -0.213342,
        "nauc_mrr_at_10_diff1": 0.165045,
        "nauc_mrr_at_20_max": 0.279374,
        "nauc_mrr_at_20_std": -0.223366,
        "nauc_mrr_at_20_diff1": 0.155819,
        "nauc_mrr_at_100_max": 0.283997,
        "nauc_mrr_at_100_std": -0.222842,
        "nauc_mrr_at_100_diff1": 0.156457,
        "nauc_mrr_at_1000_max": 0.283826,
        "nauc_mrr_at_1000_std": -0.223864,
        "nauc_mrr_at_1000_diff1": 0.15796,
        "cv_recall_at_1": 0.42,
        "cv_recall_at_3": 0.54,
        "cv_recall_at_5": 0.64,
        "cv_recall_at_10": 0.74,
        "cv_recall_at_20": 0.88,
        "cv_recall_at_100": 0.96,
        "cv_recall_at_1000": 1.0,
        "main_score": 0.44685,
        "hf_subset": "default",
        "languages": [
          "eng-Latn"
        ]
      }
    ]
  },
  "evaluation_time": 71.15241408348083,
  "kg_co2_emissions": null
}