{
  "dataset_revision": "37aa6cfb01d48960b0f8e3f17d6e3d99bf1ebc3e",
  "task_name": "LegalQuAD",
  "mteb_version": "2.6.7",
  "scores": {
    "test": [
      {
        "ndcg_at_1": 0.475,
        "ndcg_at_3": 0.60345,
        "ndcg_at_5": 0.62239,
        "ndcg_at_10": 0.63537,
        "ndcg_at_20": 0.64908,
        "ndcg_at_100": 0.67251,
        "ndcg_at_1000": 0.67881,
        "map_at_1": 0.475,
        "map_at_3": 0.57333,
        "map_at_5": 0.58408,
        "map_at_10": 0.58946,
        "map_at_20": 0.59312,
        "map_at_100": 0.59646,
        "map_at_1000": 0.59679,
        "recall_at_1": 0.475,
        "recall_at_3": 0.69,
        "recall_at_5": 0.735,
        "recall_at_10": 0.775,
        "recall_at_20": 0.83,
        "recall_at_100": 0.955,
        "recall_at_1000": 1.0,
        "accuracy": 0.475,
        "precision_at_1": 0.475,
        "precision_at_3": 0.23,
        "precision_at_5": 0.147,
        "precision_at_10": 0.0775,
        "precision_at_20": 0.0415,
        "precision_at_100": 0.00955,
        "precision_at_1000": 0.001,
        "mrr_at_1": 0.475,
        "mrr_at_3": 0.573333,
        "mrr_at_5": 0.584083,
        "mrr_at_10": 0.589464,
        "mrr_at_20": 0.593116,
        "mrr_at_100": 0.596463,
        "mrr_at_1000": 0.596786,
        "nauc_ndcg_at_1_max": 0.396262,
        "nauc_ndcg_at_1_std": 0.071875,
        "nauc_ndcg_at_1_diff1": 0.640353,
        "nauc_ndcg_at_3_max": 0.359044,
        "nauc_ndcg_at_3_std": 0.127554,
        "nauc_ndcg_at_3_diff1": 0.583814,
        "nauc_ndcg_at_5_max": 0.350762,
        "nauc_ndcg_at_5_std": 0.124912,
        "nauc_ndcg_at_5_diff1": 0.576729,
        "nauc_ndcg_at_10_max": 0.358693,
        "nauc_ndcg_at_10_std": 0.147587,
        "nauc_ndcg_at_10_diff1": 0.573487,
        "nauc_ndcg_at_20_max": 0.344968,
        "nauc_ndcg_at_20_std": 0.138518,
        "nauc_ndcg_at_20_diff1": 0.577678,
        "nauc_ndcg_at_100_max": 0.345695,
        "nauc_ndcg_at_100_std": 0.129988,
        "nauc_ndcg_at_100_diff1": 0.579645,
        "nauc_ndcg_at_1000_max": 0.358244,
        "nauc_ndcg_at_1000_std": 0.129463,
        "nauc_ndcg_at_1000_diff1": 0.584453,
        "nauc_map_at_1_max": 0.396262,
        "nauc_map_at_1_std": 0.071875,
        "nauc_map_at_1_diff1": 0.640353,
        "nauc_map_at_3_max": 0.371513,
        "nauc_map_at_3_std": 0.117313,
        "nauc_map_at_3_diff1": 0.596589,
        "nauc_map_at_5_max": 0.367627,
        "nauc_map_at_5_std": 0.115917,
        "nauc_map_at_5_diff1": 0.592812,
        "nauc_map_at_10_max": 0.371088,
        "nauc_map_at_10_std": 0.124822,
        "nauc_map_at_10_diff1": 0.591675,
        "nauc_map_at_20_max": 0.368422,
        "nauc_map_at_20_std": 0.122912,
        "nauc_map_at_20_diff1": 0.593243,
        "nauc_map_at_100_max": 0.368318,
        "nauc_map_at_100_std": 0.121774,
        "nauc_map_at_100_diff1": 0.593135,
        "nauc_map_at_1000_max": 0.368844,
        "nauc_map_at_1000_std": 0.121741,
        "nauc_map_at_1000_diff1": 0.593331,
        "nauc_recall_at_1_max": 0.396262,
        "nauc_recall_at_1_std": 0.071875,
        "nauc_recall_at_1_diff1": 0.640353,
        "nauc_recall_at_3_max": 0.315175,
        "nauc_recall_at_3_std": 0.160247,
        "nauc_recall_at_3_diff1": 0.541316,
        "nauc_recall_at_5_max": 0.283848,
        "nauc_recall_at_5_std": 0.155403,
        "nauc_recall_at_5_diff1": 0.516593,
        "nauc_recall_at_10_max": 0.306075,
        "nauc_recall_at_10_std": 0.251836,
        "nauc_recall_at_10_diff1": 0.495348,
        "nauc_recall_at_20_max": 0.193359,
        "nauc_recall_at_20_std": 0.213676,
        "nauc_recall_at_20_diff1": 0.496517,
        "nauc_recall_at_100_max": -0.1385,
        "nauc_recall_at_100_std": 0.149756,
        "nauc_recall_at_100_diff1": 0.391171,
        "nauc_recall_at_1000_max": NaN,
        "nauc_recall_at_1000_std": NaN,
        "nauc_recall_at_1000_diff1": NaN,
        "nauc_precision_at_1_max": 0.396262,
        "nauc_precision_at_1_std": 0.071875,
        "nauc_precision_at_1_diff1": 0.640353,
        "nauc_precision_at_3_max": 0.315175,
        "nauc_precision_at_3_std": 0.160247,
        "nauc_precision_at_3_diff1": 0.541316,
        "nauc_precision_at_5_max": 0.283848,
        "nauc_precision_at_5_std": 0.155403,
        "nauc_precision_at_5_diff1": 0.516593,
        "nauc_precision_at_10_max": 0.306075,
        "nauc_precision_at_10_std": 0.251836,
        "nauc_precision_at_10_diff1": 0.495348,
        "nauc_precision_at_20_max": 0.193359,
        "nauc_precision_at_20_std": 0.213676,
        "nauc_precision_at_20_diff1": 0.496517,
        "nauc_precision_at_100_max": -0.1385,
        "nauc_precision_at_100_std": 0.149756,
        "nauc_precision_at_100_diff1": 0.391171,
        "nauc_precision_at_1000_max": 1.0,
        "nauc_precision_at_1000_std": 1.0,
        "nauc_precision_at_1000_diff1": 1.0,
        "nauc_mrr_at_1_max": 0.396262,
        "nauc_mrr_at_1_std": 0.071875,
        "nauc_mrr_at_1_diff1": 0.640353,
        "nauc_mrr_at_3_max": 0.371513,
        "nauc_mrr_at_3_std": 0.117313,
        "nauc_mrr_at_3_diff1": 0.596589,
        "nauc_mrr_at_5_max": 0.367627,
        "nauc_mrr_at_5_std": 0.115917,
        "nauc_mrr_at_5_diff1": 0.592812,
        "nauc_mrr_at_10_max": 0.371088,
        "nauc_mrr_at_10_std": 0.124822,
        "nauc_mrr_at_10_diff1": 0.591675,
        "nauc_mrr_at_20_max": 0.368422,
        "nauc_mrr_at_20_std": 0.122912,
        "nauc_mrr_at_20_diff1": 0.593243,
        "nauc_mrr_at_100_max": 0.368318,
        "nauc_mrr_at_100_std": 0.121774,
        "nauc_mrr_at_100_diff1": 0.593135,
        "nauc_mrr_at_1000_max": 0.368844,
        "nauc_mrr_at_1000_std": 0.121741,
        "nauc_mrr_at_1000_diff1": 0.593331,
        "cv_recall_at_1": 0.475,
        "cv_recall_at_3": 0.69,
        "cv_recall_at_5": 0.735,
        "cv_recall_at_10": 0.775,
        "cv_recall_at_20": 0.83,
        "cv_recall_at_100": 0.955,
        "cv_recall_at_1000": 1.0,
        "main_score": 0.63537,
        "hf_subset": "default",
        "languages": [
          "deu-Latn"
        ]
      }
    ]
  },
  "evaluation_time": 80.20702385902405,
  "kg_co2_emissions": null
}