{
  "dataset_revision": "b4efe498c4d0b9d7bdd2905f6fff4e22ae251d00",
  "task_name": "MLSUMClusteringP2P",
  "mteb_version": "2.12.4",
  "scores": {
    "validation": [
      {
        "v_measure": 0.637137,
        "v_measure_std": 0.017624,
        "v_measures": [
          0.67602,
          0.628356,
          0.62109,
          0.629529,
          0.617515,
          0.642391,
          0.625828,
          0.626708,
          0.659467,
          0.644467
        ],
        "main_score": 0.637137,
        "hf_subset": "fr",
        "languages": [
          "fra-Latn"
        ]
      },
      {
        "v_measure": 0.779823,
        "v_measure_std": 0.008863,
        "v_measures": [
          0.793458,
          0.790794,
          0.779574,
          0.788242,
          0.769306,
          0.773019,
          0.786138,
          0.776652,
          0.766748,
          0.774302
        ],
        "main_score": 0.779823,
        "hf_subset": "es",
        "languages": [
          "spa-Latn"
        ]
      }
    ],
    "test": [
      {
        "v_measure": 0.644202,
        "v_measure_std": 0.019264,
        "v_measures": [
          0.635101,
          0.650229,
          0.642971,
          0.624659,
          0.599905,
          0.66713,
          0.661252,
          0.6601,
          0.643207,
          0.657466
        ],
        "main_score": 0.644202,
        "hf_subset": "fr",
        "languages": [
          "fra-Latn"
        ]
      },
      {
        "v_measure": 0.780848,
        "v_measure_std": 0.009523,
        "v_measures": [
          0.761232,
          0.779597,
          0.794627,
          0.777617,
          0.781477,
          0.794,
          0.778761,
          0.780684,
          0.788663,
          0.771827
        ],
        "main_score": 0.780848,
        "hf_subset": "es",
        "languages": [
          "spa-Latn"
        ]
      }
    ]
  },
  "evaluation_time": 2600.398050069809,
  "kg_co2_emissions": null
}