{
  "dataset_revision": "e95831b0fa902edc955f3b60e3e63b349bb7bd02",
  "task_name": "OpusparcusPC",
  "mteb_version": "2.6.7",
  "scores": {
    "test.full": [
      {
        "similarity_accuracy": 0.913414,
        "similarity_f1": 0.942235,
        "similarity_precision": 0.934272,
        "similarity_recall": 0.950334,
        "similarity_ap": 0.98409,
        "cosine_accuracy": 0.913414,
        "cosine_f1": 0.942235,
        "cosine_precision": 0.934272,
        "cosine_recall": 0.950334,
        "cosine_ap": 0.98409,
        "manhattan_accuracy": 0.913414,
        "manhattan_f1": 0.942289,
        "manhattan_precision": 0.933458,
        "manhattan_recall": 0.951289,
        "manhattan_ap": 0.983868,
        "euclidean_accuracy": 0.912704,
        "euclidean_f1": 0.941789,
        "euclidean_precision": 0.933396,
        "euclidean_recall": 0.950334,
        "euclidean_ap": 0.984074,
        "dot_accuracy": 0.913414,
        "dot_f1": 0.942235,
        "dot_precision": 0.934272,
        "dot_recall": 0.950334,
        "dot_ap": 0.984091,
        "max_accuracy": 0.913414,
        "max_f1": 0.942289,
        "max_precision": 0.934272,
        "max_recall": 0.951289,
        "max_ap": 0.984091,
        "main_score": 0.984091,
        "hf_subset": "de",
        "languages": [
          "deu-Latn"
        ]
      },
      {
        "similarity_accuracy": 0.952522,
        "similarity_f1": 0.967968,
        "similarity_precision": 0.951772,
        "similarity_recall": 0.984725,
        "similarity_ap": 0.991026,
        "cosine_accuracy": 0.952522,
        "cosine_f1": 0.967968,
        "cosine_precision": 0.951772,
        "cosine_recall": 0.984725,
        "cosine_ap": 0.991026,
        "manhattan_accuracy": 0.95178,
        "manhattan_f1": 0.967516,
        "manhattan_precision": 0.949951,
        "manhattan_recall": 0.985743,
        "manhattan_ap": 0.990974,
        "euclidean_accuracy": 0.95178,
        "euclidean_f1": 0.967581,
        "euclidean_precision": 0.948192,
        "euclidean_recall": 0.98778,
        "euclidean_ap": 0.991038,
        "dot_accuracy": 0.952522,
        "dot_f1": 0.967968,
        "dot_precision": 0.951772,
        "dot_recall": 0.984725,
        "dot_ap": 0.991002,
        "max_accuracy": 0.952522,
        "max_f1": 0.967968,
        "max_precision": 0.951772,
        "max_recall": 0.98778,
        "max_ap": 0.991038,
        "main_score": 0.991038,
        "hf_subset": "en",
        "languages": [
          "eng-Latn"
        ]
      },
      {
        "similarity_accuracy": 0.83949,
        "similarity_f1": 0.876712,
        "similarity_precision": 0.825046,
        "similarity_recall": 0.935282,
        "similarity_ap": 0.93246,
        "cosine_accuracy": 0.83949,
        "cosine_f1": 0.876712,
        "cosine_precision": 0.825046,
        "cosine_recall": 0.935282,
        "cosine_ap": 0.93246,
        "manhattan_accuracy": 0.842675,
        "manhattan_f1": 0.877881,
        "manhattan_precision": 0.827937,
        "manhattan_recall": 0.934238,
        "manhattan_ap": 0.932224,
        "euclidean_accuracy": 0.840127,
        "euclidean_f1": 0.877382,
        "euclidean_precision": 0.82461,
        "euclidean_recall": 0.93737,
        "euclidean_ap": 0.932551,
        "dot_accuracy": 0.83949,
        "dot_f1": 0.876712,
        "dot_precision": 0.825046,
        "dot_recall": 0.935282,
        "dot_ap": 0.932457,
        "max_accuracy": 0.842675,
        "max_f1": 0.877881,
        "max_precision": 0.827937,
        "max_recall": 0.93737,
        "max_ap": 0.932551,
        "main_score": 0.932551,
        "hf_subset": "fi",
        "languages": [
          "fin-Latn"
        ]
      },
      {
        "similarity_accuracy": 0.870572,
        "similarity_f1": 0.907677,
        "similarity_precision": 0.888677,
        "similarity_recall": 0.927507,
        "similarity_ap": 0.960283,
        "cosine_accuracy": 0.870572,
        "cosine_f1": 0.907677,
        "cosine_precision": 0.888677,
        "cosine_recall": 0.927507,
        "cosine_ap": 0.960283,
        "manhattan_accuracy": 0.86921,
        "manhattan_f1": 0.906174,
        "manhattan_precision": 0.887619,
        "manhattan_recall": 0.925521,
        "manhattan_ap": 0.960244,
        "euclidean_accuracy": 0.870572,
        "euclidean_f1": 0.907856,
        "euclidean_precision": 0.887204,
        "euclidean_recall": 0.929494,
        "euclidean_ap": 0.960269,
        "dot_accuracy": 0.869891,
        "dot_f1": 0.907237,
        "dot_precision": 0.887833,
        "dot_recall": 0.927507,
        "dot_ap": 0.960416,
        "max_accuracy": 0.870572,
        "max_f1": 0.907856,
        "max_precision": 0.888677,
        "max_recall": 0.929494,
        "max_ap": 0.960416,
        "main_score": 0.960416,
        "hf_subset": "fr",
        "languages": [
          "fra-Latn"
        ]
      },
      {
        "similarity_accuracy": 0.806985,
        "similarity_f1": 0.858554,
        "similarity_precision": 0.824849,
        "similarity_recall": 0.895131,
        "similarity_ap": 0.920565,
        "cosine_accuracy": 0.806985,
        "cosine_f1": 0.858554,
        "cosine_precision": 0.824849,
        "cosine_recall": 0.895131,
        "cosine_ap": 0.920565,
        "manhattan_accuracy": 0.806373,
        "manhattan_f1": 0.858929,
        "manhattan_precision": 0.820819,
        "manhattan_recall": 0.900749,
        "manhattan_ap": 0.920311,
        "euclidean_accuracy": 0.806373,
        "euclidean_f1": 0.858169,
        "euclidean_precision": 0.824138,
        "euclidean_recall": 0.895131,
        "euclidean_ap": 0.920598,
        "dot_accuracy": 0.806985,
        "dot_f1": 0.858554,
        "dot_precision": 0.824849,
        "dot_recall": 0.895131,
        "dot_ap": 0.920534,
        "max_accuracy": 0.806985,
        "max_f1": 0.858929,
        "max_precision": 0.824849,
        "max_recall": 0.900749,
        "max_ap": 0.920598,
        "main_score": 0.920598,
        "hf_subset": "ru",
        "languages": [
          "rus-Cyrl"
        ]
      },
      {
        "similarity_accuracy": 0.879051,
        "similarity_f1": 0.892604,
        "similarity_precision": 0.857838,
        "similarity_recall": 0.930306,
        "similarity_ap": 0.961476,
        "cosine_accuracy": 0.879051,
        "cosine_f1": 0.892604,
        "cosine_precision": 0.857838,
        "cosine_recall": 0.930306,
        "cosine_ap": 0.961476,
        "manhattan_accuracy": 0.87963,
        "manhattan_f1": 0.893095,
        "manhattan_precision": 0.866071,
        "manhattan_recall": 0.921859,
        "manhattan_ap": 0.961355,
        "euclidean_accuracy": 0.87963,
        "euclidean_f1": 0.892116,
        "euclidean_precision": 0.876656,
        "euclidean_recall": 0.908131,
        "euclidean_ap": 0.961465,
        "dot_accuracy": 0.879051,
        "dot_f1": 0.893056,
        "dot_precision": 0.858674,
        "dot_recall": 0.930306,
        "dot_ap": 0.961463,
        "max_accuracy": 0.87963,
        "max_f1": 0.893095,
        "max_precision": 0.876656,
        "max_recall": 0.930306,
        "max_ap": 0.961476,
        "main_score": 0.961476,
        "hf_subset": "sv",
        "languages": [
          "swe-Latn"
        ]
      }
    ],
    "validation.full": [
      {
        "similarity_accuracy": 0.910983,
        "similarity_f1": 0.939981,
        "similarity_precision": 0.922127,
        "similarity_recall": 0.958539,
        "similarity_ap": 0.982048,
        "cosine_accuracy": 0.910983,
        "cosine_f1": 0.939981,
        "cosine_precision": 0.922127,
        "cosine_recall": 0.958539,
        "cosine_ap": 0.982048,
        "manhattan_accuracy": 0.910266,
        "manhattan_f1": 0.939584,
        "manhattan_precision": 0.920455,
        "manhattan_recall": 0.959526,
        "manhattan_ap": 0.981972,
        "euclidean_accuracy": 0.909548,
        "euclidean_f1": 0.939539,
        "euclidean_precision": 0.914099,
        "euclidean_recall": 0.966436,