{
  "dataset_revision": "fc4624be978945a0ceebbc4b85737258fe26330b",
  "task_name": "XPQARetrieval",
  "mteb_version": "2.6.7",
  "scores": {
    "test": [
      {
        "ndcg_at_1": 0.74232,
        "ndcg_at_3": 0.74805,
        "ndcg_at_5": 0.76328,
        "ndcg_at_10": 0.79507,
        "ndcg_at_20": 0.81013,
        "ndcg_at_100": 0.82351,
        "ndcg_at_1000": 0.82644,
        "map_at_1": 0.4777,
        "map_at_3": 0.67155,
        "map_at_5": 0.7212,
        "map_at_10": 0.74169,
        "map_at_20": 0.74969,
        "map_at_100": 0.75269,
        "map_at_1000": 0.75286,
        "recall_at_1": 0.4777,
        "recall_at_3": 0.71702,
        "recall_at_5": 0.80049,
        "recall_at_10": 0.87721,
        "recall_at_20": 0.92121,
        "recall_at_100": 0.98033,
        "recall_at_1000": 1.0,
        "accuracy": 0.4777,
        "precision_at_1": 0.74232,
        "precision_at_3": 0.4575,
        "precision_at_5": 0.3247,
        "precision_at_10": 0.18051,
        "precision_at_20": 0.09626,
        "precision_at_100": 0.02035,
        "precision_at_1000": 0.00207,
        "mrr_at_1": 0.742323,
        "mrr_at_3": 0.79328,
        "mrr_at_5": 0.801624,
        "mrr_at_10": 0.808683,
        "mrr_at_20": 0.80971,
        "mrr_at_100": 0.810796,
        "mrr_at_1000": 0.810852,
        "nauc_ndcg_at_1_max": 0.605791,
        "nauc_ndcg_at_1_std": -0.14586,
        "nauc_ndcg_at_1_diff1": 0.648983,
        "nauc_ndcg_at_3_max": 0.541887,
        "nauc_ndcg_at_3_std": -0.193929,
        "nauc_ndcg_at_3_diff1": 0.534765,
        "nauc_ndcg_at_5_max": 0.517847,
        "nauc_ndcg_at_5_std": -0.204122,
        "nauc_ndcg_at_5_diff1": 0.535056,
        "nauc_ndcg_at_10_max": 0.537199,
        "nauc_ndcg_at_10_std": -0.207293,
        "nauc_ndcg_at_10_diff1": 0.533148,
        "nauc_ndcg_at_20_max": 0.54656,
        "nauc_ndcg_at_20_std": -0.19701,
        "nauc_ndcg_at_20_diff1": 0.533175,
        "nauc_ndcg_at_100_max": 0.558052,
        "nauc_ndcg_at_100_std": -0.167002,
        "nauc_ndcg_at_100_diff1": 0.548298,
        "nauc_ndcg_at_1000_max": 0.561306,
        "nauc_ndcg_at_1000_std": -0.174167,
        "nauc_ndcg_at_1000_diff1": 0.552123,
        "nauc_map_at_1_max": 0.191247,
        "nauc_map_at_1_std": -0.227591,
        "nauc_map_at_1_diff1": 0.643526,
        "nauc_map_at_3_max": 0.397768,
        "nauc_map_at_3_std": -0.214034,
        "nauc_map_at_3_diff1": 0.543451,
        "nauc_map_at_5_max": 0.491468,
        "nauc_map_at_5_std": -0.204279,
        "nauc_map_at_5_diff1": 0.523711,
        "nauc_map_at_10_max": 0.511728,
        "nauc_map_at_10_std": -0.200311,
        "nauc_map_at_10_diff1": 0.52071,
        "nauc_map_at_20_max": 0.517491,
        "nauc_map_at_20_std": -0.195869,
        "nauc_map_at_20_diff1": 0.522471,
        "nauc_map_at_100_max": 0.520007,
        "nauc_map_at_100_std": -0.190815,
        "nauc_map_at_100_diff1": 0.525083,
        "nauc_map_at_1000_max": 0.52026,
        "nauc_map_at_1000_std": -0.191022,
        "nauc_map_at_1000_diff1": 0.525425,
        "nauc_recall_at_1_max": 0.191247,
        "nauc_recall_at_1_std": -0.227591,
        "nauc_recall_at_1_diff1": 0.643526,
        "nauc_recall_at_3_max": 0.353255,
        "nauc_recall_at_3_std": -0.243783,
        "nauc_recall_at_3_diff1": 0.499055,
        "nauc_recall_at_5_max": 0.431002,
        "nauc_recall_at_5_std": -0.254929,
        "nauc_recall_at_5_diff1": 0.454533,
        "nauc_recall_at_10_max": 0.420113,
        "nauc_recall_at_10_std": -0.317057,
        "nauc_recall_at_10_diff1": 0.401991,
        "nauc_recall_at_20_max": 0.409914,
        "nauc_recall_at_20_std": -0.330458,
        "nauc_recall_at_20_diff1": 0.340161,
        "nauc_recall_at_100_max": 0.411266,
        "nauc_recall_at_100_std": 0.287871,
        "nauc_recall_at_100_diff1": 0.383863,
        "nauc_recall_at_1000_max": NaN,
        "nauc_recall_at_1000_std": NaN,
        "nauc_recall_at_1000_diff1": NaN,
        "nauc_precision_at_1_max": 0.605791,
        "nauc_precision_at_1_std": -0.14586,
        "nauc_precision_at_1_diff1": 0.648983,
        "nauc_precision_at_3_max": 0.390816,
        "nauc_precision_at_3_std": 0.064014,
        "nauc_precision_at_3_diff1": -0.108,
        "nauc_precision_at_5_max": 0.34704,
        "nauc_precision_at_5_std": 0.09696,
        "nauc_precision_at_5_diff1": -0.173932,
        "nauc_precision_at_10_max": 0.303134,
        "nauc_precision_at_10_std": 0.127756,
        "nauc_precision_at_10_diff1": -0.240294,
        "nauc_precision_at_20_max": 0.256575,
        "nauc_precision_at_20_std": 0.157276,
        "nauc_precision_at_20_diff1": -0.26986,
        "nauc_precision_at_100_max": 0.228506,
        "nauc_precision_at_100_std": 0.207377,
        "nauc_precision_at_100_diff1": -0.301848,
        "nauc_precision_at_1000_max": 0.222666,
        "nauc_precision_at_1000_std": 0.202703,
        "nauc_precision_at_1000_diff1": -0.308471,
        "nauc_mrr_at_1_max": 0.605791,
        "nauc_mrr_at_1_std": -0.14586,
        "nauc_mrr_at_1_diff1": 0.648983,
        "nauc_mrr_at_3_max": 0.631926,
        "nauc_mrr_at_3_std": -0.145468,
        "nauc_mrr_at_3_diff1": 0.634798,
        "nauc_mrr_at_5_max": 0.625293,
        "nauc_mrr_at_5_std": -0.152339,
        "nauc_mrr_at_5_diff1": 0.631791,
        "nauc_mrr_at_10_max": 0.623953,
        "nauc_mrr_at_10_std": -0.153286,
        "nauc_mrr_at_10_diff1": 0.633614,
        "nauc_mrr_at_20_max": 0.622658,
        "nauc_mrr_at_20_std": -0.153666,
        "nauc_mrr_at_20_diff1": 0.6327,
        "nauc_mrr_at_100_max": 0.623004,
        "nauc_mrr_at_100_std": -0.151189,
        "nauc_mrr_at_100_diff1": 0.63416,
        "nauc_mrr_at_1000_max": 0.623101,
        "nauc_mrr_at_1000_std": -0.151287,
        "nauc_mrr_at_1000_diff1": 0.634199,
        "cv_recall_at_1": 0.74232,
        "cv_recall_at_3": 0.85314,
        "cv_recall_at_5": 0.88919,
        "cv_recall_at_10": 0.93858,
        "cv_recall_at_20": 0.95327,
        "cv_recall_at_100": 0.98798,
        "cv_recall_at_1000": 1.0,
        "main_score": 0.79507,
        "hf_subset": "fra-fra",
        "languages": [
          "fra-Latn",
          "fra-Latn"
        ]
      },
      {
        "ndcg_at_1": 0.54606,
        "ndcg_at_3": 0.54965,
        "ndcg_at_5": 0.57598,
        "ndcg_at_10": 0.60702,
        "ndcg_at_20": 0.63425,
        "ndcg_at_100": 0.66718,
        "ndcg_at_1000": 0.67747,
        "map_at_1": 0.31204,
        "map_at_3": 0.46536,
        "map_at_5": 0.52048,
        "map_at_10": 0.54231,
        "map_at_20": 0.55382,
        "map_at_100": 0.56042,
        "map_at_1000": 0.56108,
        "recall_at_1": 0.31204,
        "recall_at_3": 0.52125,
        "recall_at_5": 0.62891,
        "recall_at_10": 0.69846,
        "recall_at_20": 0.78284,
        "recall_at_100": 0.93013,
        "recall_at_1000": 0.99628,
        "accuracy": 0.31204,
        "precision_at_1": 0.54606,
        "precision_at_3": 0.36849,
        "precision_at_5": 0.28117,
        "precision_at_10": 0.16101,
        "precision_at_20": 0.09039,
        "precision_at_100": 0.02105,
        "precision_at_1000": 0.00224,
        "mrr_at_1": 0.546061,
        "mrr_at_3": 0.605919,
        "mrr_at_5": 0.620338,
        "mrr_at_10": 0.626312,
        "mrr_at_20": 0.631062,
        "mrr_at_100": 0.633868,
        "mrr_at_1000": 0.634054,
        "nauc_ndcg_at_1_max": 0.419447,
        "nauc_ndcg_at_1_std": -0.184758,
        "nauc_ndcg_at_1_diff1": 0.453025,
        "nauc_ndcg_at_3_max": 0.393221,
        "nauc_ndcg_at_3_std": -0.248677,
        "nauc_ndcg_at_3_diff1": 0.407959,
        "nauc_ndcg_at_5_max": 0.367594,
        "nauc_ndcg_at_5_std": -0.278631,
        "nauc_ndcg_at_5_diff1": 0.400244,
        "nauc_ndcg_at_10_max": 0.399854,
        "nauc_ndcg_at_10_std": -0.270541,
        "nauc_ndcg_at_10_diff1": 0.402384,
        "nauc_ndcg_at_20_max": 0.40727,
        "nauc_ndcg_at_20_std": -0.252463,
        "nauc_ndcg_at_20_diff1": 0.400016,