{
  "dataset_revision": "e3dda5e115e487b39ec7e618c0c6a29137052a55",
  "evaluation_time": 19.9937801361084,
  "kg_co2_emissions": 0.0031612617826996814,
  "mteb_version": "1.12.75",
  "scores": {
    "test": [
      {
        "cosine_pearson": 0.22036103433148943,
        "cosine_spearman": 0.21394890636427777,
        "euclidean_pearson": 0.2154465325423914,
        "euclidean_spearman": 0.21394993426514827,
        "hf_subset": "default",
        "languages": [
          "cmn-Hans"
        ],
        "main_score": 0.21394890636427777,
        "manhattan_pearson": 0.21344694665153968,
        "manhattan_spearman": 0.21123279640431314,
        "pearson": [
          0.22036102611577116,
          3.0829204224189236e-110
        ],
        "spearman": [
          0.21394466587490565,
          7.098553835283324e-104
        ]
      }
    ],
    "validation": [
      {
        "cosine_pearson": 0.24572364967925048,
        "cosine_spearman": 0.24085600746698527,
        "euclidean_pearson": 0.24082208202441718,
        "euclidean_spearman": 0.2408552447206002,
        "hf_subset": "default",
        "languages": [
          "cmn-Hans"
        ],
        "main_score": 0.24085600746698527,
        "manhattan_pearson": 0.2376661572622967,
        "manhattan_spearman": 0.23637633333827016,
        "pearson": [
          0.24572364754079848,
          1.9902382366509864e-137
        ],
        "spearman": [
          0.24085899976483405,
          5.886753872239647e-132
        ]
      }
    ]
  },
  "task_name": "BQ"
}