{
  "dataset_revision": "f5c87ae5a2e7a5106606314eef45255f03151bb3",
  "task_name": "GermanQuAD-Retrieval",
  "mteb_version": "1.18.0",
  "scores": {
    "test": [
      {
        "ndcg_at_1": 0.63113,
        "ndcg_at_3": 0.72301,
        "ndcg_at_5": 0.74028,
        "ndcg_at_10": 0.75236,
        "ndcg_at_20": 0.76061,
        "ndcg_at_100": 0.77197,
        "ndcg_at_1000": 0.7771,
        "map_at_1": 0.63113,
        "map_at_3": 0.70077,
        "map_at_5": 0.7103,
        "map_at_10": 0.71531,
        "map_at_20": 0.71757,
        "map_at_100": 0.71907,
        "map_at_1000": 0.7193,
        "recall_at_1": 0.63113,
        "recall_at_3": 0.78721,
        "recall_at_5": 0.8294,
        "recall_at_10": 0.86661,
        "recall_at_20": 0.89927,
        "recall_at_100": 0.96143,
        "recall_at_1000": 1.0,
        "precision_at_1": 0.63113,
        "precision_at_3": 0.2624,
        "precision_at_5": 0.16588,
        "precision_at_10": 0.08666,
        "precision_at_20": 0.04496,
        "precision_at_100": 0.00961,
        "precision_at_1000": 0.001,
        "mrr_at_1": 0.631125,
        "mrr_at_3": 0.700771,
        "mrr_at_5": 0.710299,
        "mrr_at_10": 0.715306,
        "mrr_at_20": 0.717573,
        "mrr_at_100": 0.719074,
        "mrr_at_1000": 0.719296,
        "nauc_ndcg_at_1_max": 0.57197,
        "nauc_ndcg_at_1_std": 0.02489,
        "nauc_ndcg_at_1_diff1": 0.793499,
        "nauc_ndcg_at_3_max": 0.626089,
        "nauc_ndcg_at_3_std": 0.075775,
        "nauc_ndcg_at_3_diff1": 0.749241,
        "nauc_ndcg_at_5_max": 0.63567,
        "nauc_ndcg_at_5_std": 0.104894,
        "nauc_ndcg_at_5_diff1": 0.751013,
        "nauc_ndcg_at_10_max": 0.635436,
        "nauc_ndcg_at_10_std": 0.111737,
        "nauc_ndcg_at_10_diff1": 0.752872,
        "nauc_ndcg_at_20_max": 0.630029,
        "nauc_ndcg_at_20_std": 0.108599,
        "nauc_ndcg_at_20_diff1": 0.75225,
        "nauc_ndcg_at_100_max": 0.625781,
        "nauc_ndcg_at_100_std": 0.100461,
        "nauc_ndcg_at_100_diff1": 0.756861,
        "nauc_ndcg_at_1000_max": 0.621415,
        "nauc_ndcg_at_1000_std": 0.090076,
        "nauc_ndcg_at_1000_diff1": 0.758178,
        "nauc_map_at_1_max": 0.57197,
        "nauc_map_at_1_std": 0.02489,
        "nauc_map_at_1_diff1": 0.793499,
        "nauc_map_at_3_max": 0.610851,
        "nauc_map_at_3_std": 0.060668,
        "nauc_map_at_3_diff1": 0.760598,
        "nauc_map_at_5_max": 0.615232,
        "nauc_map_at_5_std": 0.075095,
        "nauc_map_at_5_diff1": 0.761678,
        "nauc_map_at_10_max": 0.614925,
        "nauc_map_at_10_std": 0.077253,
        "nauc_map_at_10_diff1": 0.762658,
        "nauc_map_at_20_max": 0.613453,
        "nauc_map_at_20_std": 0.076098,
        "nauc_map_at_20_diff1": 0.762573,
        "nauc_map_at_100_max": 0.612899,
        "nauc_map_at_100_std": 0.075055,
        "nauc_map_at_100_diff1": 0.763052,
        "nauc_map_at_1000_max": 0.612738,
        "nauc_map_at_1000_std": 0.074678,
        "nauc_map_at_1000_diff1": 0.763112,
        "nauc_recall_at_1_max": 0.57197,
        "nauc_recall_at_1_std": 0.02489,
        "nauc_recall_at_1_diff1": 0.793499,
        "nauc_recall_at_3_max": 0.682699,
        "nauc_recall_at_3_std": 0.132318,
        "nauc_recall_at_3_diff1": 0.707639,
        "nauc_recall_at_5_max": 0.727182,
        "nauc_recall_at_5_std": 0.241848,
        "nauc_recall_at_5_diff1": 0.705781,
        "nauc_recall_at_10_max": 0.747481,
        "nauc_recall_at_10_std": 0.309207,
        "nauc_recall_at_10_diff1": 0.702993,
        "nauc_recall_at_20_max": 0.735507,
        "nauc_recall_at_20_std": 0.341819,
        "nauc_recall_at_20_diff1": 0.684158,
        "nauc_recall_at_100_max": 0.788023,
        "nauc_recall_at_100_std": 0.487066,
        "nauc_recall_at_100_diff1": 0.710446,
        "nauc_recall_at_1000_max": NaN,
        "nauc_recall_at_1000_std": NaN,
        "nauc_recall_at_1000_diff1": NaN,
        "nauc_precision_at_1_max": 0.57197,
        "nauc_precision_at_1_std": 0.02489,
        "nauc_precision_at_1_diff1": 0.793499,
        "nauc_precision_at_3_max": 0.682699,
        "nauc_precision_at_3_std": 0.132318,
        "nauc_precision_at_3_diff1": 0.707639,
        "nauc_precision_at_5_max": 0.727182,
        "nauc_precision_at_5_std": 0.241848,
        "nauc_precision_at_5_diff1": 0.705781,
        "nauc_precision_at_10_max": 0.747481,
        "nauc_precision_at_10_std": 0.309207,
        "nauc_precision_at_10_diff1": 0.702993,
        "nauc_precision_at_20_max": 0.735507,
        "nauc_precision_at_20_std": 0.341819,
        "nauc_precision_at_20_diff1": 0.684158,
        "nauc_precision_at_100_max": 0.788023,
        "nauc_precision_at_100_std": 0.487066,
        "nauc_precision_at_100_diff1": 0.710446,
        "nauc_precision_at_1000_max": 1.0,
        "nauc_precision_at_1000_std": 1.0,
        "nauc_precision_at_1000_diff1": 1.0,
        "nauc_mrr_at_1_max": 0.57197,
        "nauc_mrr_at_1_std": 0.02489,
        "nauc_mrr_at_1_diff1": 0.793499,
        "nauc_mrr_at_3_max": 0.610851,
        "nauc_mrr_at_3_std": 0.060668,
        "nauc_mrr_at_3_diff1": 0.760598,
        "nauc_mrr_at_5_max": 0.615232,
        "nauc_mrr_at_5_std": 0.075095,
        "nauc_mrr_at_5_diff1": 0.761678,
        "nauc_mrr_at_10_max": 0.614925,
        "nauc_mrr_at_10_std": 0.077253,
        "nauc_mrr_at_10_diff1": 0.762658,
        "nauc_mrr_at_20_max": 0.613453,
        "nauc_mrr_at_20_std": 0.076098,
        "nauc_mrr_at_20_diff1": 0.762573,
        "nauc_mrr_at_100_max": 0.612899,
        "nauc_mrr_at_100_std": 0.075055,
        "nauc_mrr_at_100_diff1": 0.763052,
        "nauc_mrr_at_1000_max": 0.612738,
        "nauc_mrr_at_1000_std": 0.074678,
        "nauc_mrr_at_1000_diff1": 0.763112,
        "main_score": 0.710299,
        "hf_subset": "default",
        "languages": [
          "deu-Latn"
        ]
      }
    ]
  },
  "evaluation_time": 2.4275989532470703,
  "kg_co2_emissions": 9.58836014022262e-05
}