{
  "dataset_revision": "42328bf787e17b1ad1a88be4f5e87ea9fb668511",
  "task_name": "ClimateFEVER-VN",
  "mteb_version": "2.6.7",
  "scores": {
    "test": [
      {
        "ndcg_at_1": 0.26885,
        "ndcg_at_3": 0.23587,
        "ndcg_at_5": 0.25708,
        "ndcg_at_10": 0.29181,
        "ndcg_at_20": 0.31829,
        "ndcg_at_100": 0.35872,
        "ndcg_at_1000": 0.38468,
        "map_at_1": 0.12413,
        "map_at_3": 0.17379,
        "map_at_5": 0.19258,
        "map_at_10": 0.20918,
        "map_at_20": 0.21859,
        "map_at_100": 0.22673,
        "map_at_1000": 0.2281,
        "recall_at_1": 0.12413,
        "recall_at_3": 0.2158,
        "recall_at_5": 0.27315,
        "recall_at_10": 0.34976,
        "recall_at_20": 0.42436,
        "recall_at_100": 0.57861,
        "recall_at_1000": 0.72431,
        "accuracy": 0.12413,
        "precision_at_1": 0.26885,
        "precision_at_3": 0.1756,
        "precision_at_5": 0.13824,
        "precision_at_10": 0.09228,
        "precision_at_20": 0.05745,
        "precision_at_100": 0.01635,
        "precision_at_1000": 0.00213,
        "mrr_at_1": 0.268847,
        "mrr_at_3": 0.349833,
        "mrr_at_5": 0.369815,
        "mrr_at_10": 0.384479,
        "mrr_at_20": 0.390084,
        "mrr_at_100": 0.392751,
        "mrr_at_1000": 0.393062,
        "nauc_ndcg_at_1_max": 0.35241,
        "nauc_ndcg_at_1_std": 0.053089,
        "nauc_ndcg_at_1_diff1": 0.324596,
        "nauc_ndcg_at_3_max": 0.394546,
        "nauc_ndcg_at_3_std": 0.113654,
        "nauc_ndcg_at_3_diff1": 0.280729,
        "nauc_ndcg_at_5_max": 0.387053,
        "nauc_ndcg_at_5_std": 0.128659,
        "nauc_ndcg_at_5_diff1": 0.262056,
        "nauc_ndcg_at_10_max": 0.389283,
        "nauc_ndcg_at_10_std": 0.143874,
        "nauc_ndcg_at_10_diff1": 0.260799,
        "nauc_ndcg_at_20_max": 0.397472,
        "nauc_ndcg_at_20_std": 0.166787,
        "nauc_ndcg_at_20_diff1": 0.260502,
        "nauc_ndcg_at_100_max": 0.377435,
        "nauc_ndcg_at_100_std": 0.170947,
        "nauc_ndcg_at_100_diff1": 0.255616,
        "nauc_ndcg_at_1000_max": 0.374969,
        "nauc_ndcg_at_1000_std": 0.166417,
        "nauc_ndcg_at_1000_diff1": 0.252268,
        "nauc_map_at_1_max": 0.41696,
        "nauc_map_at_1_std": 0.042367,
        "nauc_map_at_1_diff1": 0.386999,
        "nauc_map_at_3_max": 0.413698,
        "nauc_map_at_3_std": 0.092843,
        "nauc_map_at_3_diff1": 0.312529,
        "nauc_map_at_5_max": 0.407441,
        "nauc_map_at_5_std": 0.106708,
        "nauc_map_at_5_diff1": 0.29223,
        "nauc_map_at_10_max": 0.406647,
        "nauc_map_at_10_std": 0.117667,
        "nauc_map_at_10_diff1": 0.285508,
        "nauc_map_at_20_max": 0.411414,
        "nauc_map_at_20_std": 0.127967,
        "nauc_map_at_20_diff1": 0.285215,
        "nauc_map_at_100_max": 0.406595,
        "nauc_map_at_100_std": 0.131013,
        "nauc_map_at_100_diff1": 0.283024,
        "nauc_map_at_1000_max": 0.406474,
        "nauc_map_at_1000_std": 0.130706,
        "nauc_map_at_1000_diff1": 0.282733,
        "nauc_recall_at_1_max": 0.41696,
        "nauc_recall_at_1_std": 0.042367,
        "nauc_recall_at_1_diff1": 0.386999,
        "nauc_recall_at_3_max": 0.397043,
        "nauc_recall_at_3_std": 0.13234,
        "nauc_recall_at_3_diff1": 0.255134,
        "nauc_recall_at_5_max": 0.362739,
        "nauc_recall_at_5_std": 0.153596,
        "nauc_recall_at_5_diff1": 0.208038,
        "nauc_recall_at_10_max": 0.35522,
        "nauc_recall_at_10_std": 0.177095,
        "nauc_recall_at_10_diff1": 0.202422,
        "nauc_recall_at_20_max": 0.354883,
        "nauc_recall_at_20_std": 0.227019,
        "nauc_recall_at_20_diff1": 0.189759,
        "nauc_recall_at_100_max": 0.261243,
        "nauc_recall_at_100_std": 0.229811,
        "nauc_recall_at_100_diff1": 0.158118,
        "nauc_recall_at_1000_max": 0.229144,
        "nauc_recall_at_1000_std": 0.218588,
        "nauc_recall_at_1000_diff1": 0.12614,
        "nauc_precision_at_1_max": 0.35241,
        "nauc_precision_at_1_std": 0.053089,
        "nauc_precision_at_1_diff1": 0.324596,
        "nauc_precision_at_3_max": 0.330639,
        "nauc_precision_at_3_std": 0.154053,
        "nauc_precision_at_3_diff1": 0.171238,
        "nauc_precision_at_5_max": 0.269268,
        "nauc_precision_at_5_std": 0.177299,
        "nauc_precision_at_5_diff1": 0.101363,
        "nauc_precision_at_10_max": 0.230229,
        "nauc_precision_at_10_std": 0.185988,
        "nauc_precision_at_10_diff1": 0.07933,
        "nauc_precision_at_20_max": 0.223889,
        "nauc_precision_at_20_std": 0.223859,
        "nauc_precision_at_20_diff1": 0.064005,
        "nauc_precision_at_100_max": 0.081696,
        "nauc_precision_at_100_std": 0.185771,
        "nauc_precision_at_100_diff1": 0.005438,
        "nauc_precision_at_1000_max": -0.014555,
        "nauc_precision_at_1000_std": 0.126222,
        "nauc_precision_at_1000_diff1": -0.063967,
        "nauc_mrr_at_1_max": 0.35241,
        "nauc_mrr_at_1_std": 0.053089,
        "nauc_mrr_at_1_diff1": 0.324596,
        "nauc_mrr_at_3_max": 0.358555,
        "nauc_mrr_at_3_std": 0.108404,
        "nauc_mrr_at_3_diff1": 0.270514,
        "nauc_mrr_at_5_max": 0.350873,
        "nauc_mrr_at_5_std": 0.110882,
        "nauc_mrr_at_5_diff1": 0.26756,
        "nauc_mrr_at_10_max": 0.353039,
        "nauc_mrr_at_10_std": 0.112972,
        "nauc_mrr_at_10_diff1": 0.273022,
        "nauc_mrr_at_20_max": 0.353848,
        "nauc_mrr_at_20_std": 0.116904,
        "nauc_mrr_at_20_diff1": 0.272868,
        "nauc_mrr_at_100_max": 0.353208,
        "nauc_mrr_at_100_std": 0.115117,
        "nauc_mrr_at_100_diff1": 0.273289,
        "nauc_mrr_at_1000_max": 0.353273,
        "nauc_mrr_at_1000_std": 0.115042,
        "nauc_mrr_at_1000_diff1": 0.273312,
        "cv_recall_at_1": 0.26885,
        "cv_recall_at_3": 0.45595,
        "cv_recall_at_5": 0.54405,
        "cv_recall_at_10": 0.65032,
        "cv_recall_at_20": 0.72752,
        "cv_recall_at_100": 0.83379,
        "cv_recall_at_1000": 0.91281,
        "main_score": 0.29181,
        "hf_subset": "default",
        "languages": [
          "vie-Latn"
        ]
      }
    ]
  },
  "evaluation_time": 101675.90755319595,
  "kg_co2_emissions": null
}