{
  "dataset_revision": "5003b3064772da1887988e05400cf3806fe491f2",
  "task_name": "CQADupstackGisRetrieval",
  "mteb_version": "2.6.7",
  "scores": {
    "test": [
      {
        "ndcg_at_1": 0.35593,
        "ndcg_at_3": 0.44007,
        "ndcg_at_5": 0.46952,
        "ndcg_at_10": 0.49922,
        "ndcg_at_20": 0.52146,
        "ndcg_at_100": 0.55021,
        "ndcg_at_1000": 0.5623,
        "map_at_1": 0.32744,
        "map_at_3": 0.40759,
        "map_at_5": 0.42533,
        "map_at_10": 0.43866,
        "map_at_20": 0.4456,
        "map_at_100": 0.45054,
        "map_at_1000": 0.45103,
        "recall_at_1": 0.32744,
        "recall_at_3": 0.50483,
        "recall_at_5": 0.57524,
        "recall_at_10": 0.66156,
        "recall_at_20": 0.74376,
        "recall_at_100": 0.88392,
        "recall_at_1000": 0.97494,
        "accuracy": 0.32744,
        "precision_at_1": 0.35593,
        "precision_at_3": 0.18832,
        "precision_at_5": 0.13107,
        "precision_at_10": 0.07706,
        "precision_at_20": 0.04407,
        "precision_at_100": 0.01079,
        "precision_at_1000": 0.0012,
        "mrr_at_1": 0.355932,
        "mrr_at_3": 0.433333,
        "mrr_at_5": 0.449887,
        "mrr_at_10": 0.461386,
        "mrr_at_20": 0.466829,
        "mrr_at_100": 0.470292,
        "mrr_at_1000": 0.470675,
        "nauc_ndcg_at_1_max": 0.29819,
        "nauc_ndcg_at_1_std": -0.081869,
        "nauc_ndcg_at_1_diff1": 0.365066,
        "nauc_ndcg_at_3_max": 0.28556,
        "nauc_ndcg_at_3_std": -0.127653,
        "nauc_ndcg_at_3_diff1": 0.346817,
        "nauc_ndcg_at_5_max": 0.299587,
        "nauc_ndcg_at_5_std": -0.109461,
        "nauc_ndcg_at_5_diff1": 0.326442,
        "nauc_ndcg_at_10_max": 0.310308,
        "nauc_ndcg_at_10_std": -0.082286,
        "nauc_ndcg_at_10_diff1": 0.319417,
        "nauc_ndcg_at_20_max": 0.320818,
        "nauc_ndcg_at_20_std": -0.068336,
        "nauc_ndcg_at_20_diff1": 0.319199,
        "nauc_ndcg_at_100_max": 0.318423,
        "nauc_ndcg_at_100_std": -0.068199,
        "nauc_ndcg_at_100_diff1": 0.318808,
        "nauc_ndcg_at_1000_max": 0.314642,
        "nauc_ndcg_at_1000_std": -0.07428,
        "nauc_ndcg_at_1000_diff1": 0.323572,
        "nauc_map_at_1_max": 0.250606,
        "nauc_map_at_1_std": -0.104076,
        "nauc_map_at_1_diff1": 0.37719,
        "nauc_map_at_3_max": 0.273603,
        "nauc_map_at_3_std": -0.127664,
        "nauc_map_at_3_diff1": 0.355996,
        "nauc_map_at_5_max": 0.284339,
        "nauc_map_at_5_std": -0.116515,
        "nauc_map_at_5_diff1": 0.34429,
        "nauc_map_at_10_max": 0.291068,
        "nauc_map_at_10_std": -0.103816,
        "nauc_map_at_10_diff1": 0.342443,
        "nauc_map_at_20_max": 0.294543,
        "nauc_map_at_20_std": -0.099212,
        "nauc_map_at_20_diff1": 0.34305,
        "nauc_map_at_100_max": 0.294639,
        "nauc_map_at_100_std": -0.098732,
        "nauc_map_at_100_diff1": 0.34314,
        "nauc_map_at_1000_max": 0.294477,
        "nauc_map_at_1000_std": -0.098913,
        "nauc_map_at_1000_diff1": 0.343155,
        "nauc_recall_at_1_max": 0.250606,
        "nauc_recall_at_1_std": -0.104076,
        "nauc_recall_at_1_diff1": 0.37719,
        "nauc_recall_at_3_max": 0.271737,
        "nauc_recall_at_3_std": -0.160744,
        "nauc_recall_at_3_diff1": 0.325811,
        "nauc_recall_at_5_max": 0.303548,
        "nauc_recall_at_5_std": -0.119931,
        "nauc_recall_at_5_diff1": 0.274506,
        "nauc_recall_at_10_max": 0.335232,
        "nauc_recall_at_10_std": -0.02672,
        "nauc_recall_at_10_diff1": 0.237219,
        "nauc_recall_at_20_max": 0.389577,
        "nauc_recall_at_20_std": 0.048117,
        "nauc_recall_at_20_diff1": 0.219439,
        "nauc_recall_at_100_max": 0.4222,
        "nauc_recall_at_100_std": 0.145128,
        "nauc_recall_at_100_diff1": 0.143789,
        "nauc_recall_at_1000_max": 0.530601,
        "nauc_recall_at_1000_std": 0.390269,
        "nauc_recall_at_1000_diff1": 0.056956,
        "nauc_precision_at_1_max": 0.29819,
        "nauc_precision_at_1_std": -0.081869,
        "nauc_precision_at_1_diff1": 0.365066,
        "nauc_precision_at_3_max": 0.331943,
        "nauc_precision_at_3_std": -0.101986,
        "nauc_precision_at_3_diff1": 0.27725,
        "nauc_precision_at_5_max": 0.360976,
        "nauc_precision_at_5_std": -0.028632,
        "nauc_precision_at_5_diff1": 0.193395,
        "nauc_precision_at_10_max": 0.360715,
        "nauc_precision_at_10_std": 0.072796,
        "nauc_precision_at_10_diff1": 0.143702,
        "nauc_precision_at_20_max": 0.358851,
        "nauc_precision_at_20_std": 0.149982,
        "nauc_precision_at_20_diff1": 0.094644,
        "nauc_precision_at_100_max": 0.243099,
        "nauc_precision_at_100_std": 0.193084,
        "nauc_precision_at_100_diff1": -0.049417,
        "nauc_precision_at_1000_max": 0.135073,
        "nauc_precision_at_1000_std": 0.179794,
        "nauc_precision_at_1000_diff1": -0.125984,
        "nauc_mrr_at_1_max": 0.29819,
        "nauc_mrr_at_1_std": -0.081869,
        "nauc_mrr_at_1_diff1": 0.365066,
        "nauc_mrr_at_3_max": 0.308848,
        "nauc_mrr_at_3_std": -0.099018,
        "nauc_mrr_at_3_diff1": 0.345149,
        "nauc_mrr_at_5_max": 0.316598,
        "nauc_mrr_at_5_std": -0.086995,
        "nauc_mrr_at_5_diff1": 0.334274,
        "nauc_mrr_at_10_max": 0.317242,
        "nauc_mrr_at_10_std": -0.079654,
        "nauc_mrr_at_10_diff1": 0.33018,
        "nauc_mrr_at_20_max": 0.319533,
        "nauc_mrr_at_20_std": -0.077086,
        "nauc_mrr_at_20_diff1": 0.330302,
        "nauc_mrr_at_100_max": 0.318675,
        "nauc_mrr_at_100_std": -0.07793,
        "nauc_mrr_at_100_diff1": 0.331084,
        "nauc_mrr_at_1000_max": 0.318564,
        "nauc_mrr_at_1000_std": -0.078179,
        "nauc_mrr_at_1000_diff1": 0.33119,
        "cv_recall_at_1": 0.35593,
        "cv_recall_at_3": 0.53672,
        "cv_recall_at_5": 0.61017,
        "cv_recall_at_10": 0.69379,
        "cv_recall_at_20": 0.77175,
        "cv_recall_at_100": 0.89379,
        "cv_recall_at_1000": 0.98079,
        "main_score": 0.49922,
        "hf_subset": "default",
        "languages": [
          "eng-Latn"
        ]
      }
    ]
  },
  "evaluation_time": 1835.568080663681,
  "kg_co2_emissions": null
}