{
  "dataset_revision": "f5c87ae5a2e7a5106606314eef45255f03151bb3",
  "task_name": "GermanQuAD-Retrieval",
  "mteb_version": "2.6.7",
  "scores": {
    "test": [
      {
        "ndcg_at_1": 0.92151,
        "ndcg_at_3": 0.9549,
        "ndcg_at_5": 0.95921,
        "ndcg_at_10": 0.96069,
        "ndcg_at_20": 0.96147,
        "ndcg_at_100": 0.96222,
        "ndcg_at_1000": 0.96241,
        "map_at_1": 0.92151,
        "map_at_3": 0.94737,
        "map_at_5": 0.94977,
        "map_at_10": 0.95039,
        "map_at_20": 0.9506,
        "map_at_100": 0.9507,
        "map_at_1000": 0.9507,
        "recall_at_1": 0.92151,
        "recall_at_3": 0.97641,
        "recall_at_5": 0.98684,
        "recall_at_10": 0.99138,
        "recall_at_20": 0.99456,
        "recall_at_100": 0.99864,
        "recall_at_1000": 1.0,
        "accuracy": 0.92151,
        "precision_at_1": 0.92151,
        "precision_at_3": 0.32547,
        "precision_at_5": 0.19737,
        "precision_at_10": 0.09914,
        "precision_at_20": 0.04973,
        "precision_at_100": 0.00999,
        "precision_at_1000": 0.001,
        "mrr_at_1": 0.921506,
        "mrr_at_3": 0.947368,
        "mrr_at_5": 0.949773,
        "mrr_at_10": 0.950389,
        "mrr_at_20": 0.950596,
        "mrr_at_100": 0.950697,
        "mrr_at_1000": 0.950704,
        "nauc_ndcg_at_1_max": 0.745632,
        "nauc_ndcg_at_1_std": 0.189333,
        "nauc_ndcg_at_1_diff1": 0.892544,
        "nauc_ndcg_at_3_max": 0.801027,
        "nauc_ndcg_at_3_std": 0.287889,
        "nauc_ndcg_at_3_diff1": 0.896241,
        "nauc_ndcg_at_5_max": 0.788943,
        "nauc_ndcg_at_5_std": 0.296867,
        "nauc_ndcg_at_5_diff1": 0.892501,
        "nauc_ndcg_at_10_max": 0.781017,
        "nauc_ndcg_at_10_std": 0.280356,
        "nauc_ndcg_at_10_diff1": 0.88979,
        "nauc_ndcg_at_20_max": 0.776982,
        "nauc_ndcg_at_20_std": 0.267587,
        "nauc_ndcg_at_20_diff1": 0.889008,
        "nauc_ndcg_at_100_max": 0.776825,
        "nauc_ndcg_at_100_std": 0.260892,
        "nauc_ndcg_at_100_diff1": 0.891978,
        "nauc_ndcg_at_1000_max": 0.775741,
        "nauc_ndcg_at_1000_std": 0.257303,
        "nauc_ndcg_at_1000_diff1": 0.891454,
        "nauc_map_at_1_max": 0.745632,
        "nauc_map_at_1_std": 0.189333,
        "nauc_map_at_1_diff1": 0.892544,
        "nauc_map_at_3_max": 0.78235,
        "nauc_map_at_3_std": 0.25232,
        "nauc_map_at_3_diff1": 0.894837,
        "nauc_map_at_5_max": 0.776157,
        "nauc_map_at_5_std": 0.255433,
        "nauc_map_at_5_diff1": 0.893185,
        "nauc_map_at_10_max": 0.773379,
        "nauc_map_at_10_std": 0.249531,
        "nauc_map_at_10_diff1": 0.892232,
        "nauc_map_at_20_max": 0.772537,
        "nauc_map_at_20_std": 0.246732,
        "nauc_map_at_20_diff1": 0.892152,
        "nauc_map_at_100_max": 0.772379,
        "nauc_map_at_100_std": 0.245837,
        "nauc_map_at_100_diff1": 0.892325,
        "nauc_map_at_1000_max": 0.772342,
        "nauc_map_at_1000_std": 0.245717,
        "nauc_map_at_1000_diff1": 0.892308,
        "nauc_recall_at_1_max": 0.745632,
        "nauc_recall_at_1_std": 0.189333,
        "nauc_recall_at_1_diff1": 0.892544,
        "nauc_recall_at_3_max": 0.920114,
        "nauc_recall_at_3_std": 0.516978,
        "nauc_recall_at_3_diff1": 0.905347,
        "nauc_recall_at_5_max": 0.921305,
        "nauc_recall_at_5_std": 0.754058,
        "nauc_recall_at_5_diff1": 0.882834,
        "nauc_recall_at_10_max": 0.879886,
        "nauc_recall_at_10_std": 0.76123,
        "nauc_recall_at_10_diff1": 0.841803,
        "nauc_recall_at_20_max": 0.820711,
        "nauc_recall_at_20_std": 0.679134,
        "nauc_recall_at_20_diff1": 0.786672,
        "nauc_recall_at_100_max": 1.0,
        "nauc_recall_at_100_std": 1.0,
        "nauc_recall_at_100_diff1": 1.0,
        "nauc_recall_at_1000_max": NaN,
        "nauc_recall_at_1000_std": NaN,
        "nauc_recall_at_1000_diff1": NaN,
        "nauc_precision_at_1_max": 0.745632,
        "nauc_precision_at_1_std": 0.189333,
        "nauc_precision_at_1_diff1": 0.892544,
        "nauc_precision_at_3_max": 0.920114,
        "nauc_precision_at_3_std": 0.516978,
        "nauc_precision_at_3_diff1": 0.905347,
        "nauc_precision_at_5_max": 0.921305,
        "nauc_precision_at_5_std": 0.754058,
        "nauc_precision_at_5_diff1": 0.882834,
        "nauc_precision_at_10_max": 0.879886,
        "nauc_precision_at_10_std": 0.76123,
        "nauc_precision_at_10_diff1": 0.841803,
        "nauc_precision_at_20_max": 0.820711,
        "nauc_precision_at_20_std": 0.679134,
        "nauc_precision_at_20_diff1": 0.786672,
        "nauc_precision_at_100_max": 1.0,
        "nauc_precision_at_100_std": 1.0,
        "nauc_precision_at_100_diff1": 1.0,
        "nauc_precision_at_1000_max": 1.0,
        "nauc_precision_at_1000_std": 1.0,
        "nauc_precision_at_1000_diff1": 1.0,
        "nauc_mrr_at_1_max": 0.745632,
        "nauc_mrr_at_1_std": 0.189333,
        "nauc_mrr_at_1_diff1": 0.892544,
        "nauc_mrr_at_3_max": 0.78235,
        "nauc_mrr_at_3_std": 0.25232,
        "nauc_mrr_at_3_diff1": 0.894837,
        "nauc_mrr_at_5_max": 0.776157,
        "nauc_mrr_at_5_std": 0.255433,
        "nauc_mrr_at_5_diff1": 0.893185,
        "nauc_mrr_at_10_max": 0.773379,
        "nauc_mrr_at_10_std": 0.249531,
        "nauc_mrr_at_10_diff1": 0.892232,
        "nauc_mrr_at_20_max": 0.772537,
        "nauc_mrr_at_20_std": 0.246732,
        "nauc_mrr_at_20_diff1": 0.892152,
        "nauc_mrr_at_100_max": 0.772379,
        "nauc_mrr_at_100_std": 0.245837,
        "nauc_mrr_at_100_diff1": 0.892325,
        "nauc_mrr_at_1000_max": 0.772342,
        "nauc_mrr_at_1000_std": 0.245717,
        "nauc_mrr_at_1000_diff1": 0.892308,
        "cv_recall_at_1": 0.92151,
        "cv_recall_at_3": 0.97641,
        "cv_recall_at_5": 0.98684,
        "cv_recall_at_10": 0.99138,
        "cv_recall_at_20": 0.99456,
        "cv_recall_at_100": 0.99864,
        "cv_recall_at_1000": 1.0,
        "main_score": 0.949773,
        "hf_subset": "default",
        "languages": [
          "deu-Latn"
        ]
      }
    ]
  },
  "evaluation_time": 53.528934478759766,
  "kg_co2_emissions": null
}