{
  "dataset_revision": "9215a3c954078fd15c2bbecca914477d53944de1",
  "task_name": "TwitterSemEval2015-VN",
  "mteb_version": "2.6.7",
  "scores": {
    "test": [
      {
        "similarity_accuracy": 0.849371,
        "similarity_f1": 0.671044,
        "similarity_precision": 0.668773,
        "similarity_recall": 0.67333,
        "similarity_ap": 0.728891,
        "cosine_accuracy": 0.849371,
        "cosine_f1": 0.671044,
        "cosine_precision": 0.668773,
        "cosine_recall": 0.67333,
        "cosine_ap": 0.72889,
        "manhattan_accuracy": 0.849157,
        "manhattan_f1": 0.669951,
        "manhattan_precision": 0.660486,
        "manhattan_recall": 0.679691,
        "manhattan_ap": 0.727468,
        "euclidean_accuracy": 0.849477,
        "euclidean_f1": 0.671583,
        "euclidean_precision": 0.681478,
        "euclidean_recall": 0.661972,
        "euclidean_ap": 0.728965,
        "dot_accuracy": 0.849157,
        "dot_f1": 0.671026,
        "dot_precision": 0.66607,
        "dot_recall": 0.676056,
        "dot_ap": 0.72855,
        "max_accuracy": 0.849477,
        "max_f1": 0.671583,
        "max_precision": 0.681478,
        "max_recall": 0.679691,
        "max_ap": 0.728965,
        "main_score": 0.728965,
        "hf_subset": "default",
        "languages": [
          "vie-Latn"
        ]
      }
    ]
  },
  "evaluation_time": 93.76600313186646,
  "kg_co2_emissions": null
}