{
    "dataset_revision": "None",
    "task_name": "TRECCOVID",
    "evaluation_time": null,
    "mteb_version": null,
    "scores": {
        "test": [
            {
                "hf_subset": "default",
                "languages": [
                    "eng-Latn"
                ],
                "map_at_1": 0.22899999999999998,
                "map_at_10": 2.078,
                "map_at_100": 12.024,
                "map_at_1000": 29.036,
                "map_at_3": 0.681,
                "map_at_5": 1.083,
                "mrr_at_1": 86.0,
                "mrr_at_10": 92.667,
                "mrr_at_100": 92.667,
                "mrr_at_1000": 92.667,
                "mrr_at_3": 92.667,
                "mrr_at_5": 92.667,
                "ndcg_at_1": 82.0,
                "ndcg_at_10": 80.746,
                "ndcg_at_100": 61.090999999999994,
                "ndcg_at_1000": 55.034000000000006,
                "ndcg_at_3": 82.419,
                "ndcg_at_5": 81.018,
                "precision_at_1": 86.0,
                "precision_at_10": 86.2,
                "precision_at_100": 62.68,
                "precision_at_1000": 24.032,
                "precision_at_3": 88.667,
                "precision_at_5": 86.0,
                "recall_at_1": 0.22899999999999998,
                "recall_at_10": 2.263,
                "recall_at_100": 15.238999999999999,
                "recall_at_1000": 51.937,
                "recall_at_3": 0.719,
                "recall_at_5": 1.15,
                "main_score": 80.746
            }
        ]
    }
}