{
  "dataset_revision": "15d6c030d3336cbb09de97b2cefc46db93262d40",
  "task_name": "FalseFriendsGermanEnglish",
  "mteb_version": "1.18.0",
  "scores": {
    "test": [
      {
        "similarity_accuracy": 0.501969,
        "similarity_accuracy_threshold": 0.792768,
        "similarity_f1": 0.66725,
        "similarity_f1_threshold": 0.784946,
        "similarity_precision": 0.500657,
        "similarity_recall": 1.0,
        "similarity_ap": 0.476151,
        "cosine_accuracy": 0.501969,
        "cosine_accuracy_threshold": 0.792768,
        "cosine_f1": 0.66725,
        "cosine_f1_threshold": 0.784946,
        "cosine_precision": 0.500657,
        "cosine_recall": 1.0,
        "cosine_ap": 0.476151,
        "manhattan_accuracy": 0.502625,
        "manhattan_accuracy_threshold": 227.743439,
        "manhattan_f1": 0.667544,
        "manhattan_f1_threshold": 227.743439,
        "manhattan_precision": 0.501318,
        "manhattan_recall": 0.998688,
        "manhattan_ap": 0.475971,
        "euclidean_accuracy": 0.502625,
        "euclidean_accuracy_threshold": 10.303383,
        "euclidean_f1": 0.667544,
        "euclidean_f1_threshold": 10.303383,
        "euclidean_precision": 0.501318,
        "euclidean_recall": 0.998688,
        "euclidean_ap": 0.475736,
        "dot_accuracy": 0.503281,
        "dot_accuracy_threshold": 241.348557,
        "dot_f1": 0.667252,
        "dot_f1_threshold": 197.027405,
        "dot_precision": 0.501319,
        "dot_recall": 0.997375,
        "dot_ap": 0.489023,
        "max_accuracy": 0.503281,
        "max_f1": 0.667544,
        "max_precision": 0.501319,
        "max_recall": 1.0,
        "max_ap": 0.489023,
        "main_score": 0.489023,
        "hf_subset": "default",
        "languages": [
          "deu-Latn"
        ]
      }
    ]
  },
  "evaluation_time": 0.4613661766052246,
  "kg_co2_emissions": 1.9574765154357516e-05
}