{
  "dataset_revision": "2c7d2df57801a591f6b1e3aaf042e7a04ec7d9f2",
  "task_name": "PpcPC",
  "mteb_version": "1.18.0",
  "scores": {
    "test": [
      {
        "similarity_accuracy": 0.877,
        "similarity_accuracy_threshold": 0.962103,
        "similarity_f1": 0.900405,
        "similarity_f1_threshold": 0.962103,
        "similarity_precision": 0.881141,
        "similarity_recall": 0.92053,
        "similarity_ap": 0.928297,
        "cosine_accuracy": 0.877,
        "cosine_accuracy_threshold": 0.962103,
        "cosine_f1": 0.900405,
        "cosine_f1_threshold": 0.962103,
        "cosine_precision": 0.881141,
        "cosine_recall": 0.92053,
        "cosine_ap": 0.928297,
        "manhattan_accuracy": 0.878,
        "manhattan_accuracy_threshold": 96.229118,
        "manhattan_f1": 0.900813,
        "manhattan_f1_threshold": 96.229118,
        "manhattan_precision": 0.884984,
        "manhattan_recall": 0.917219,
        "manhattan_ap": 0.929528,
        "euclidean_accuracy": 0.877,
        "euclidean_accuracy_threshold": 4.343077,
        "euclidean_f1": 0.901046,
        "euclidean_f1_threshold": 4.500909,
        "euclidean_precision": 0.876369,
        "euclidean_recall": 0.927152,
        "euclidean_ap": 0.929657,
        "dot_accuracy": 0.75,
        "dot_accuracy_threshold": 241.67395,
        "dot_f1": 0.806774,
        "dot_f1_threshold": 241.276001,
        "dot_precision": 0.753957,
        "dot_recall": 0.86755,
        "dot_ap": 0.836613,
        "max_accuracy": 0.878,
        "max_f1": 0.901046,
        "max_precision": 0.884984,
        "max_recall": 0.927152,
        "max_ap": 0.929657,
        "main_score": 0.929657,
        "hf_subset": "default",
        "languages": [
          "pol-Latn"
        ]
      }
    ]
  },
  "evaluation_time": 0.5626788139343262,
  "kg_co2_emissions": 2.3901676040721566e-05
}