{
  "dataset_revision": "431886eaecc48f067a3975b70d0949ea2862463c",
  "task_name": "Touche2020Retrieval.v3",
  "mteb_version": "1.18.0",
  "scores": {
    "test": [
      {
        "ndcg_at_1": 0.47959,
        "ndcg_at_3": 0.50884,
        "ndcg_at_5": 0.50978,
        "ndcg_at_10": 0.47063,
        "ndcg_at_20": 0.43089,
        "ndcg_at_100": 0.5171,
        "ndcg_at_1000": 0.63666,
        "map_at_1": 0.02249,
        "map_at_3": 0.05941,
        "map_at_5": 0.09258,
        "map_at_10": 0.15207,
        "map_at_20": 0.21599,
        "map_at_100": 0.31231,
        "map_at_1000": 0.34144,
        "recall_at_1": 0.02249,
        "recall_at_3": 0.06728,
        "recall_at_5": 0.10975,
        "recall_at_10": 0.19282,
        "recall_at_20": 0.30464,
        "recall_at_100": 0.58086,
        "recall_at_1000": 0.86535,
        "precision_at_1": 0.67347,
        "precision_at_3": 0.65986,
        "precision_at_5": 0.63673,
        "precision_at_10": 0.54286,
        "precision_at_20": 0.44286,
        "precision_at_100": 0.18531,
        "precision_at_1000": 0.03024,
        "mrr_at_1": 0.673469,
        "mrr_at_3": 0.792517,
        "mrr_at_5": 0.801701,
        "mrr_at_10": 0.805102,
        "mrr_at_20": 0.805102,
        "mrr_at_100": 0.805329,
        "mrr_at_1000": 0.805329,
        "nauc_ndcg_at_1_max": -0.10337,
        "nauc_ndcg_at_1_std": 0.328646,
        "nauc_ndcg_at_1_diff1": -0.365785,
        "nauc_ndcg_at_3_max": -0.112817,
        "nauc_ndcg_at_3_std": 0.41278,
        "nauc_ndcg_at_3_diff1": -0.409474,
        "nauc_ndcg_at_5_max": -0.087601,
        "nauc_ndcg_at_5_std": 0.316994,
        "nauc_ndcg_at_5_diff1": -0.383036,
        "nauc_ndcg_at_10_max": -0.08192,
        "nauc_ndcg_at_10_std": 0.321888,
        "nauc_ndcg_at_10_diff1": -0.323788,
        "nauc_ndcg_at_20_max": -0.148279,
        "nauc_ndcg_at_20_std": 0.316362,
        "nauc_ndcg_at_20_diff1": -0.306296,
        "nauc_ndcg_at_100_max": -0.273785,
        "nauc_ndcg_at_100_std": 0.280592,
        "nauc_ndcg_at_100_diff1": -0.270959,
        "nauc_ndcg_at_1000_max": -0.096884,
        "nauc_ndcg_at_1000_std": 0.52958,
        "nauc_ndcg_at_1000_diff1": -0.374607,
        "nauc_map_at_1_max": -0.151001,
        "nauc_map_at_1_std": 0.100229,
        "nauc_map_at_1_diff1": -0.208094,
        "nauc_map_at_3_max": -0.229293,
        "nauc_map_at_3_std": 0.086877,
        "nauc_map_at_3_diff1": -0.149879,
        "nauc_map_at_5_max": -0.248741,
        "nauc_map_at_5_std": -0.038557,
        "nauc_map_at_5_diff1": -0.084085,
        "nauc_map_at_10_max": -0.193613,
        "nauc_map_at_10_std": -0.04044,
        "nauc_map_at_10_diff1": -0.077469,
        "nauc_map_at_20_max": -0.187914,
        "nauc_map_at_20_std": 0.023275,
        "nauc_map_at_20_diff1": -0.106627,
        "nauc_map_at_100_max": -0.203952,
        "nauc_map_at_100_std": 0.152971,
        "nauc_map_at_100_diff1": -0.18493,
        "nauc_map_at_1000_max": -0.174102,
        "nauc_map_at_1000_std": 0.224204,
        "nauc_map_at_1000_diff1": -0.207155,
        "nauc_recall_at_1_max": -0.151001,
        "nauc_recall_at_1_std": 0.100229,
        "nauc_recall_at_1_diff1": -0.208094,
        "nauc_recall_at_3_max": -0.265011,
        "nauc_recall_at_3_std": -0.000525,
        "nauc_recall_at_3_diff1": -0.12218,
        "nauc_recall_at_5_max": -0.27288,
        "nauc_recall_at_5_std": -0.146589,
        "nauc_recall_at_5_diff1": -0.014806,
        "nauc_recall_at_10_max": -0.244577,
        "nauc_recall_at_10_std": -0.105502,
        "nauc_recall_at_10_diff1": -0.030574,
        "nauc_recall_at_20_max": -0.270222,
        "nauc_recall_at_20_std": -0.019883,
        "nauc_recall_at_20_diff1": -0.06009,
        "nauc_recall_at_100_max": -0.335409,
        "nauc_recall_at_100_std": 0.175806,
        "nauc_recall_at_100_diff1": -0.198883,
        "nauc_recall_at_1000_max": 0.004485,
        "nauc_recall_at_1000_std": 0.673883,
        "nauc_recall_at_1000_diff1": -0.295401,
        "nauc_precision_at_1_max": 0.017863,
        "nauc_precision_at_1_std": 0.445757,
        "nauc_precision_at_1_diff1": -0.479083,
        "nauc_precision_at_3_max": -0.014841,
        "nauc_precision_at_3_std": 0.357425,
        "nauc_precision_at_3_diff1": -0.369665,
        "nauc_precision_at_5_max": 0.053172,
        "nauc_precision_at_5_std": 0.118717,
        "nauc_precision_at_5_diff1": -0.231877,
        "nauc_precision_at_10_max": -0.002104,
        "nauc_precision_at_10_std": 0.188492,
        "nauc_precision_at_10_diff1": -0.217473,
        "nauc_precision_at_20_max": -0.017631,
        "nauc_precision_at_20_std": 0.438393,
        "nauc_precision_at_20_diff1": -0.344989,
        "nauc_precision_at_100_max": 0.200285,
        "nauc_precision_at_100_std": 0.615005,
        "nauc_precision_at_100_diff1": -0.469617,
        "nauc_precision_at_1000_max": 0.520351,
        "nauc_precision_at_1000_std": 0.482694,
        "nauc_precision_at_1000_diff1": -0.212409,
        "nauc_mrr_at_1_max": 0.017863,
        "nauc_mrr_at_1_std": 0.445757,
        "nauc_mrr_at_1_diff1": -0.479083,
        "nauc_mrr_at_3_max": 0.124953,
        "nauc_mrr_at_3_std": 0.390886,
        "nauc_mrr_at_3_diff1": -0.597477,
        "nauc_mrr_at_5_max": 0.119461,
        "nauc_mrr_at_5_std": 0.414877,
        "nauc_mrr_at_5_diff1": -0.55233,
        "nauc_mrr_at_10_max": 0.101782,
        "nauc_mrr_at_10_std": 0.426539,
        "nauc_mrr_at_10_diff1": -0.577899,
        "nauc_mrr_at_20_max": 0.101782,
        "nauc_mrr_at_20_std": 0.426539,
        "nauc_mrr_at_20_diff1": -0.577899,
        "nauc_mrr_at_100_max": 0.100578,
        "nauc_mrr_at_100_std": 0.425771,
        "nauc_mrr_at_100_diff1": -0.57639,
        "nauc_mrr_at_1000_max": 0.100578,
        "nauc_mrr_at_1000_std": 0.425771,
        "nauc_mrr_at_1000_diff1": -0.57639,
        "main_score": 0.47063,
        "hf_subset": "default",
        "languages": [
          "eng-Latn"
        ]
      }
    ]
  },
  "evaluation_time": 504.2600932121277,
  "kg_co2_emissions": 0.047691336135082404
}