{
  "dataset_revision": "a34fe6bc0dff185af1228e49a0f6fb1de1565627",
  "task_name": "T2Reranking",
  "mteb_version": "2.12.23",
  "scores": {
    "dev": [
      {
        "ndcg_at_1": 0.67383,
        "ndcg_at_3": 0.66164,
        "ndcg_at_5": 0.67285,
        "ndcg_at_10": 0.74671,
        "ndcg_at_20": 0.81282,
        "ndcg_at_100": 0.82349,
        "ndcg_at_1000": 0.82357,
        "map_at_1": 0.1091,
        "map_at_3": 0.2577,
        "map_at_5": 0.37456,
        "map_at_10": 0.57836,
        "map_at_20": 0.67757,
        "map_at_100": 0.68951,
        "map_at_1000": 0.68955,
        "recall_at_1": 0.1091,
        "recall_at_3": 0.30084,
        "recall_at_5": 0.47397,
        "recall_at_10": 0.80053,
        "recall_at_20": 0.97601,
        "recall_at_100": 0.99984,
        "recall_at_1000": 1.0,
        "accuracy": 0.1091,
        "precision_at_1": 0.67383,
        "precision_at_3": 0.64241,
        "precision_at_5": 0.61842,
        "precision_at_10": 0.54765,
        "precision_at_20": 0.35647,
        "precision_at_100": 0.07516,
        "precision_at_1000": 0.00752,
        "mrr_at_1": 0.682972,
        "mrr_at_3": 0.786956,
        "mrr_at_5": 0.799422,
        "mrr_at_10": 0.803446,
        "mrr_at_20": 0.803878,
        "mrr_at_100": 0.803885,
        "mrr_at_1000": 0.803885,
        "nauc_ndcg_at_1_max": 0.391533,
        "nauc_ndcg_at_1_std": 0.201483,
        "nauc_ndcg_at_1_diff1": 0.051344,
        "nauc_ndcg_at_3_max": 0.407323,
        "nauc_ndcg_at_3_std": 0.211094,
        "nauc_ndcg_at_3_diff1": -0.005373,
        "nauc_ndcg_at_5_max": 0.406509,
        "nauc_ndcg_at_5_std": 0.223695,
        "nauc_ndcg_at_5_diff1": -0.01127,
        "nauc_ndcg_at_10_max": 0.386062,
        "nauc_ndcg_at_10_std": 0.271668,
        "nauc_ndcg_at_10_diff1": 0.007847,
        "nauc_ndcg_at_20_max": 0.432628,
        "nauc_ndcg_at_20_std": 0.251741,
        "nauc_ndcg_at_20_diff1": -0.009983,
        "nauc_ndcg_at_100_max": 0.444609,
        "nauc_ndcg_at_100_std": 0.236668,
        "nauc_ndcg_at_100_diff1": -0.021236,
        "nauc_ndcg_at_1000_max": 0.444205,
        "nauc_ndcg_at_1000_std": 0.236135,
        "nauc_ndcg_at_1000_diff1": -0.021706,
        "nauc_map_at_1_max": -0.0208,
        "nauc_map_at_1_std": 0.099623,
        "nauc_map_at_1_diff1": 0.135784,
        "nauc_map_at_3_max": 0.056284,
        "nauc_map_at_3_std": 0.164343,
        "nauc_map_at_3_diff1": 0.112355,
        "nauc_map_at_5_max": 0.13449,
        "nauc_map_at_5_std": 0.212711,
        "nauc_map_at_5_diff1": 0.086627,
        "nauc_map_at_10_max": 0.297534,
        "nauc_map_at_10_std": 0.264935,
        "nauc_map_at_10_diff1": 0.03109,
        "nauc_map_at_20_max": 0.416388,
        "nauc_map_at_20_std": 0.249258,
        "nauc_map_at_20_diff1": -0.01597,
        "nauc_map_at_100_max": 0.430667,
        "nauc_map_at_100_std": 0.238394,
        "nauc_map_at_100_diff1": -0.026121,
        "nauc_map_at_1000_max": 0.430548,
        "nauc_map_at_1000_std": 0.238239,
        "nauc_map_at_1000_diff1": -0.02624,
        "nauc_recall_at_1_max": -0.0208,
        "nauc_recall_at_1_std": 0.099623,
        "nauc_recall_at_1_diff1": 0.135784,
        "nauc_recall_at_3_max": -0.031089,
        "nauc_recall_at_3_std": 0.135331,
        "nauc_recall_at_3_diff1": 0.120563,
        "nauc_recall_at_5_max": -0.0328,
        "nauc_recall_at_5_std": 0.154065,
        "nauc_recall_at_5_diff1": 0.102813,
        "nauc_recall_at_10_max": -0.002659,
        "nauc_recall_at_10_std": 0.204558,
        "nauc_recall_at_10_diff1": 0.093856,
        "nauc_recall_at_20_max": 0.085259,
        "nauc_recall_at_20_std": 0.310891,
        "nauc_recall_at_20_diff1": 0.10966,
        "nauc_recall_at_100_max": 1.0,
        "nauc_recall_at_100_std": 1.0,
        "nauc_recall_at_100_diff1": 0.695043,
        "nauc_recall_at_1000_max": NaN,
        "nauc_recall_at_1000_std": NaN,
        "nauc_recall_at_1000_diff1": NaN,
        "nauc_precision_at_1_max": 0.391533,
        "nauc_precision_at_1_std": 0.201483,
        "nauc_precision_at_1_diff1": 0.051344,
        "nauc_precision_at_3_max": 0.430365,
        "nauc_precision_at_3_std": 0.208776,
        "nauc_precision_at_3_diff1": -0.044631,
        "nauc_precision_at_5_max": 0.451407,
        "nauc_precision_at_5_std": 0.202459,
        "nauc_precision_at_5_diff1": -0.08342,
        "nauc_precision_at_10_max": 0.456118,
        "nauc_precision_at_10_std": 0.147133,
        "nauc_precision_at_10_diff1": -0.119352,
        "nauc_precision_at_20_max": 0.377313,
        "nauc_precision_at_20_std": 0.044837,
        "nauc_precision_at_20_diff1": -0.129111,
        "nauc_precision_at_100_max": 0.325586,
        "nauc_precision_at_100_std": 0.006816,
        "nauc_precision_at_100_diff1": -0.123831,
        "nauc_precision_at_1000_max": 0.32265,
        "nauc_precision_at_1000_std": 0.00492,
        "nauc_precision_at_1000_diff1": -0.124636,
        "nauc_mrr_at_1_max": 0.391696,
        "nauc_mrr_at_1_std": 0.198579,
        "nauc_mrr_at_1_diff1": 0.018281,
        "nauc_mrr_at_3_max": 0.415254,
        "nauc_mrr_at_3_std": 0.227442,
        "nauc_mrr_at_3_diff1": 0.020013,
        "nauc_mrr_at_5_max": 0.41017,
        "nauc_mrr_at_5_std": 0.223072,
        "nauc_mrr_at_5_diff1": 0.013488,
        "nauc_mrr_at_10_max": 0.408224,
        "nauc_mrr_at_10_std": 0.220437,
        "nauc_mrr_at_10_diff1": 0.016085,
        "nauc_mrr_at_20_max": 0.40768,
        "nauc_mrr_at_20_std": 0.219726,
        "nauc_mrr_at_20_diff1": 0.016273,
        "nauc_mrr_at_100_max": 0.407691,
        "nauc_mrr_at_100_std": 0.219713,
        "nauc_mrr_at_100_diff1": 0.01634,
        "nauc_mrr_at_1000_max": 0.407691,
        "nauc_mrr_at_1000_std": 0.219713,
        "nauc_mrr_at_1000_diff1": 0.01634,
        "hit_rate_at_1": 0.67383,
        "hit_rate_at_3": 0.90877,
        "hit_rate_at_5": 0.96395,
        "hit_rate_at_10": 0.99408,
        "hit_rate_at_20": 0.99966,
        "hit_rate_at_100": 1.0,
        "hit_rate_at_1000": 1.0,
        "main_score": 0.68955,
        "hf_subset": "default",
        "languages": [
          "cmn-Hans"
        ]
      }
    ]
  },
  "evaluation_time": 689.3185291290283,
  "kg_co2_emissions": null,
  "date": 1776739023.78482
}