{
    "dataset_revision": "None",
    "task_name": "PAWSX",
    "evaluation_time": NaN,
    "mteb_version": "0.0.0",
    "scores": {
        "test": [
            {
                "hf_subset": "default",
                "languages": [
                    "cmn-Hans"
                ],
                "cos_sim_pearson": 35.301730226895955,
                "cos_sim_spearman": 38.54612530948101,
                "euclidean_pearson": 39.02831131230217,
                "euclidean_spearman": 38.54612530948101,
                "manhattan_pearson": 39.04765584936325,
                "manhattan_spearman": 38.54455759013173,
                "cosine_pearson": 35.301730226895955,
                "cosine_spearman": 38.54612530948101,
                "main_score": 38.54612530948101
            }
        ]
    }
}