{
    "dataset_revision": "None",
    "task_name": "Cmnli",
    "evaluation_time": null,
    "mteb_version": null,
    "scores": {
        "validation": [
            {
                "hf_subset": "default",
                "languages": [
                    "cmn-Hans"
                ],
                "cos_sim_accuracy": 0.7915814792543597,
                "cos_sim_ap": 0.8729838623651832,
                "cos_sim_f1": 0.8065123490973529,
                "cos_sim_precision": 0.7662037037037037,
                "cos_sim_recall": 0.8512976385316811,
                "dot_accuracy": 0.7915814792543597,
                "dot_ap": 0.8730641807786448,
                "dot_f1": 0.8065123490973529,
                "dot_precision": 0.7662037037037037,
                "dot_recall": 0.8512976385316811,
                "euclidean_accuracy": 0.7915814792543597,
                "euclidean_ap": 0.8729838623651832,
                "euclidean_f1": 0.8065123490973529,
                "euclidean_precision": 0.7662037037037037,
                "euclidean_recall": 0.8512976385316811,
                "manhattan_accuracy": 0.7915814792543597,
                "manhattan_ap": 0.8729705330875109,
                "manhattan_f1": 0.8066914498141264,
                "manhattan_precision": 0.7576504415691105,
                "manhattan_recall": 0.8625204582651391,
                "max_accuracy": 0.7915814792543597,
                "max_ap": 0.8730641807786448,
                "max_f1": 0.8066914498141264,
                "main_score": 0.7915814792543597
            }
        ]
    }
}