{
  "dataset_revision": "e36907544d44c3a247898ed81540310442329e20",
  "task_name": "GermanSTSBenchmark",
  "mteb_version": "1.18.0",
  "scores": {
    "validation": [
      {
        "pearson": 0.75445,
        "spearman": 0.763897,
        "cosine_pearson": 0.75445,
        "cosine_spearman": 0.763897,
        "manhattan_pearson": 0.763735,
        "manhattan_spearman": 0.763017,
        "euclidean_pearson": 0.764872,
        "euclidean_spearman": 0.763897,
        "main_score": 0.763897,
        "hf_subset": "default",
        "languages": [
          "deu-Latn"
        ]
      }
    ],
    "test": [
      {
        "pearson": 0.715437,
        "spearman": 0.713637,
        "cosine_pearson": 0.715437,
        "cosine_spearman": 0.713637,
        "manhattan_pearson": 0.71416,
        "manhattan_spearman": 0.713508,
        "euclidean_pearson": 0.714847,
        "euclidean_spearman": 0.713637,
        "main_score": 0.713637,
        "hf_subset": "default",
        "languages": [
          "deu-Latn"
        ]
      }
    ]
  },
  "evaluation_time": 3.2881367206573486,
  "kg_co2_emissions": 0.00014750626223576627
}