{
  "dataset_revision": "856d8dfc294b138856bbf3042450e3782321e44e",
  "task_name": "SciFact-NL.v2",
  "mteb_version": "2.1.7",
  "scores": {
    "test": [
      {
        "ndcg_at_1": 0.54667,
        "ndcg_at_3": 0.62965,
        "ndcg_at_5": 0.65139,
        "ndcg_at_10": 0.67987,
        "ndcg_at_20": 0.68754,
        "ndcg_at_100": 0.69902,
        "ndcg_at_1000": 0.71002,
        "map_at_1": 0.52233,
        "map_at_3": 0.60106,
        "map_at_5": 0.61581,
        "map_at_10": 0.62864,
        "map_at_20": 0.63129,
        "map_at_100": 0.63322,
        "map_at_1000": 0.63369,
        "recall_at_1": 0.52233,
        "recall_at_3": 0.68856,
        "recall_at_5": 0.74256,
        "recall_at_10": 0.82683,
        "recall_at_20": 0.854,
        "recall_at_100": 0.91267,
        "recall_at_1000": 0.99667,
        "accuracy": 0.52233,
        "precision_at_1": 0.54667,
        "precision_at_3": 0.24889,
        "precision_at_5": 0.16467,
        "precision_at_10": 0.09267,
        "precision_at_20": 0.04833,
        "precision_at_100": 0.0104,
        "precision_at_1000": 0.00113,
        "mrr_at_1": 0.546667,
        "mrr_at_3": 0.617222,
        "mrr_at_5": 0.628889,
        "mrr_at_10": 0.639335,
        "mrr_at_20": 0.641136,
        "mrr_at_100": 0.642374,
        "mrr_at_1000": 0.64282,
        "nauc_ndcg_at_1_max": 0.58382,
        "nauc_ndcg_at_1_std": 0.151381,
        "nauc_ndcg_at_1_diff1": 0.681067,
        "nauc_ndcg_at_3_max": 0.55952,
        "nauc_ndcg_at_3_std": 0.120044,
        "nauc_ndcg_at_3_diff1": 0.626415,
        "nauc_ndcg_at_5_max": 0.570147,
        "nauc_ndcg_at_5_std": 0.147864,
        "nauc_ndcg_at_5_diff1": 0.618862,
        "nauc_ndcg_at_10_max": 0.583108,
        "nauc_ndcg_at_10_std": 0.141095,
        "nauc_ndcg_at_10_diff1": 0.624755,
        "nauc_ndcg_at_20_max": 0.586817,
        "nauc_ndcg_at_20_std": 0.141811,
        "nauc_ndcg_at_20_diff1": 0.618525,
        "nauc_ndcg_at_100_max": 0.585939,
        "nauc_ndcg_at_100_std": 0.148151,
        "nauc_ndcg_at_100_diff1": 0.624603,
        "nauc_ndcg_at_1000_max": 0.581586,
        "nauc_ndcg_at_1000_std": 0.15261,
        "nauc_ndcg_at_1000_diff1": 0.629477,
        "nauc_map_at_1_max": 0.520903,
        "nauc_map_at_1_std": 0.086285,
        "nauc_map_at_1_diff1": 0.660155,
        "nauc_map_at_3_max": 0.541778,
        "nauc_map_at_3_std": 0.112241,
        "nauc_map_at_3_diff1": 0.633296,
        "nauc_map_at_5_max": 0.562913,
        "nauc_map_at_5_std": 0.140637,
        "nauc_map_at_5_diff1": 0.631259,
        "nauc_map_at_10_max": 0.570606,
        "nauc_map_at_10_std": 0.140768,
        "nauc_map_at_10_diff1": 0.633333,
        "nauc_map_at_20_max": 0.57304,
        "nauc_map_at_20_std": 0.141901,
        "nauc_map_at_20_diff1": 0.631949,
        "nauc_map_at_100_max": 0.573036,
        "nauc_map_at_100_std": 0.14367,
        "nauc_map_at_100_diff1": 0.632872,
        "nauc_map_at_1000_max": 0.572803,
        "nauc_map_at_1000_std": 0.143998,
        "nauc_map_at_1000_diff1": 0.633169,
        "nauc_recall_at_1_max": 0.520903,
        "nauc_recall_at_1_std": 0.086285,
        "nauc_recall_at_1_diff1": 0.660155,
        "nauc_recall_at_3_max": 0.522424,
        "nauc_recall_at_3_std": 0.073047,
        "nauc_recall_at_3_diff1": 0.58278,
        "nauc_recall_at_5_max": 0.556228,
        "nauc_recall_at_5_std": 0.141315,
        "nauc_recall_at_5_diff1": 0.557011,
        "nauc_recall_at_10_max": 0.599978,
        "nauc_recall_at_10_std": 0.08435,
        "nauc_recall_at_10_diff1": 0.569245,
        "nauc_recall_at_20_max": 0.621399,
        "nauc_recall_at_20_std": 0.071549,
        "nauc_recall_at_20_diff1": 0.523,
        "nauc_recall_at_100_max": 0.634643,
        "nauc_recall_at_100_std": 0.080106,
        "nauc_recall_at_100_diff1": 0.557719,
        "nauc_recall_at_1000_max": -0.171335,
        "nauc_recall_at_1000_std": 0.122782,
        "nauc_recall_at_1000_diff1": 1.0,
        "nauc_precision_at_1_max": 0.58382,
        "nauc_precision_at_1_std": 0.151381,
        "nauc_precision_at_1_diff1": 0.681067,
        "nauc_precision_at_3_max": 0.581149,
        "nauc_precision_at_3_std": 0.238965,
        "nauc_precision_at_3_diff1": 0.466406,
        "nauc_precision_at_5_max": 0.595732,
        "nauc_precision_at_5_std": 0.359771,
        "nauc_precision_at_5_diff1": 0.355041,
        "nauc_precision_at_10_max": 0.549322,
        "nauc_precision_at_10_std": 0.354873,
        "nauc_precision_at_10_diff1": 0.242529,
        "nauc_precision_at_20_max": 0.521323,
        "nauc_precision_at_20_std": 0.350516,
        "nauc_precision_at_20_diff1": 0.156147,
        "nauc_precision_at_100_max": 0.404905,
        "nauc_precision_at_100_std": 0.364427,
        "nauc_precision_at_100_diff1": 0.056868,
        "nauc_precision_at_1000_max": 0.287617,
        "nauc_precision_at_1000_std": 0.472213,
        "nauc_precision_at_1000_diff1": -0.125767,
        "nauc_mrr_at_1_max": 0.58382,
        "nauc_mrr_at_1_std": 0.151381,
        "nauc_mrr_at_1_diff1": 0.681067,
        "nauc_mrr_at_3_max": 0.580236,
        "nauc_mrr_at_3_std": 0.145713,
        "nauc_mrr_at_3_diff1": 0.643315,
        "nauc_mrr_at_5_max": 0.581865,
        "nauc_mrr_at_5_std": 0.157405,
        "nauc_mrr_at_5_diff1": 0.6394,
        "nauc_mrr_at_10_max": 0.585325,
        "nauc_mrr_at_10_std": 0.15374,
        "nauc_mrr_at_10_diff1": 0.641154,
        "nauc_mrr_at_20_max": 0.58445,
        "nauc_mrr_at_20_std": 0.15335,
        "nauc_mrr_at_20_diff1": 0.639403,
        "nauc_mrr_at_100_max": 0.584516,
        "nauc_mrr_at_100_std": 0.154187,
        "nauc_mrr_at_100_diff1": 0.640554,
        "nauc_mrr_at_1000_max": 0.584341,
        "nauc_mrr_at_1000_std": 0.154421,
        "nauc_mrr_at_1000_diff1": 0.640857,
        "cv_recall_at_1": 0.54667,
        "cv_recall_at_3": 0.70667,
        "cv_recall_at_5": 0.76,
        "cv_recall_at_10": 0.84,
        "cv_recall_at_20": 0.86333,
        "cv_recall_at_100": 0.91333,
        "cv_recall_at_1000": 0.99667,
        "main_score": 0.67987,
        "hf_subset": "default",
        "languages": [
          "nld-Latn"
        ]
      }
    ]
  },
  "evaluation_time": 18.98550271987915,
  "kg_co2_emissions": null
}