{
  "dataset_revision": "7ebf0b4caa7b2ae39698a889de782c09e6f5ee56",
  "task_name": "SweFaqRetrieval",
  "mteb_version": "1.18.0",
  "scores": {
    "test": [
      {
        "ndcg_at_1": 0.51462,
        "ndcg_at_3": 0.60997,
        "ndcg_at_5": 0.63775,
        "ndcg_at_10": 0.66325,
        "ndcg_at_20": 0.67671,
        "ndcg_at_100": 0.69236,
        "ndcg_at_1000": 0.697,
        "map_at_1": 0.51462,
        "map_at_3": 0.58577,
        "map_at_5": 0.60146,
        "map_at_10": 0.61216,
        "map_at_20": 0.61593,
        "map_at_100": 0.61802,
        "map_at_1000": 0.61817,
        "recall_at_1": 0.51462,
        "recall_at_3": 0.68031,
        "recall_at_5": 0.74659,
        "recall_at_10": 0.82456,
        "recall_at_20": 0.87719,
        "recall_at_100": 0.96296,
        "recall_at_1000": 1.0,
        "precision_at_1": 0.51462,
        "precision_at_3": 0.22677,
        "precision_at_5": 0.14932,
        "precision_at_10": 0.08246,
        "precision_at_20": 0.04386,
        "precision_at_100": 0.00963,
        "precision_at_1000": 0.001,
        "mrr_at_1": 0.51462,
        "mrr_at_3": 0.58577,
        "mrr_at_5": 0.601462,
        "mrr_at_10": 0.61216,
        "mrr_at_20": 0.615935,
        "mrr_at_100": 0.618016,
        "mrr_at_1000": 0.618171,
        "nauc_ndcg_at_1_max": 0.370165,
        "nauc_ndcg_at_1_std": 0.029719,
        "nauc_ndcg_at_1_diff1": 0.581995,
        "nauc_ndcg_at_3_max": 0.389011,
        "nauc_ndcg_at_3_std": 0.025197,
        "nauc_ndcg_at_3_diff1": 0.566392,
        "nauc_ndcg_at_5_max": 0.387606,
        "nauc_ndcg_at_5_std": 0.013891,
        "nauc_ndcg_at_5_diff1": 0.555024,
        "nauc_ndcg_at_10_max": 0.393335,
        "nauc_ndcg_at_10_std": 0.024063,
        "nauc_ndcg_at_10_diff1": 0.550096,
        "nauc_ndcg_at_20_max": 0.386654,
        "nauc_ndcg_at_20_std": 0.020134,
        "nauc_ndcg_at_20_diff1": 0.554114,
        "nauc_ndcg_at_100_max": 0.392851,
        "nauc_ndcg_at_100_std": 0.031405,
        "nauc_ndcg_at_100_diff1": 0.559801,
        "nauc_ndcg_at_1000_max": 0.38878,
        "nauc_ndcg_at_1000_std": 0.027419,
        "nauc_ndcg_at_1000_diff1": 0.559842,
        "nauc_map_at_1_max": 0.370165,
        "nauc_map_at_1_std": 0.029719,
        "nauc_map_at_1_diff1": 0.581995,
        "nauc_map_at_3_max": 0.383965,
        "nauc_map_at_3_std": 0.025847,
        "nauc_map_at_3_diff1": 0.569769,
        "nauc_map_at_5_max": 0.383361,
        "nauc_map_at_5_std": 0.020774,
        "nauc_map_at_5_diff1": 0.56378,
        "nauc_map_at_10_max": 0.385807,
        "nauc_map_at_10_std": 0.025108,
        "nauc_map_at_10_diff1": 0.562351,
        "nauc_map_at_20_max": 0.384568,
        "nauc_map_at_20_std": 0.024766,
        "nauc_map_at_20_diff1": 0.563391,
        "nauc_map_at_100_max": 0.385176,
        "nauc_map_at_100_std": 0.026205,
        "nauc_map_at_100_diff1": 0.563805,
        "nauc_map_at_1000_max": 0.385085,
        "nauc_map_at_1000_std": 0.026142,
        "nauc_map_at_1000_diff1": 0.563847,
        "nauc_recall_at_1_max": 0.370165,
        "nauc_recall_at_1_std": 0.029719,
        "nauc_recall_at_1_diff1": 0.581995,
        "nauc_recall_at_3_max": 0.40597,
        "nauc_recall_at_3_std": 0.023279,
        "nauc_recall_at_3_diff1": 0.555426,
        "nauc_recall_at_5_max": 0.403344,
        "nauc_recall_at_5_std": -0.016038,
        "nauc_recall_at_5_diff1": 0.519585,
        "nauc_recall_at_10_max": 0.433277,
        "nauc_recall_at_10_std": 0.020025,
        "nauc_recall_at_10_diff1": 0.480796,
        "nauc_recall_at_20_max": 0.384909,
        "nauc_recall_at_20_std": -0.024835,
        "nauc_recall_at_20_diff1": 0.488807,
        "nauc_recall_at_100_max": 0.606602,
        "nauc_recall_at_100_std": 0.251191,
        "nauc_recall_at_100_diff1": 0.570481,
        "nauc_recall_at_1000_max": NaN,
        "nauc_recall_at_1000_std": NaN,
        "nauc_recall_at_1000_diff1": NaN,
        "nauc_precision_at_1_max": 0.370165,
        "nauc_precision_at_1_std": 0.029719,
        "nauc_precision_at_1_diff1": 0.581995,
        "nauc_precision_at_3_max": 0.40597,
        "nauc_precision_at_3_std": 0.023279,
        "nauc_precision_at_3_diff1": 0.555426,
        "nauc_precision_at_5_max": 0.403344,
        "nauc_precision_at_5_std": -0.016038,
        "nauc_precision_at_5_diff1": 0.519585,
        "nauc_precision_at_10_max": 0.433277,
        "nauc_precision_at_10_std": 0.020025,
        "nauc_precision_at_10_diff1": 0.480796,
        "nauc_precision_at_20_max": 0.384909,
        "nauc_precision_at_20_std": -0.024835,
        "nauc_precision_at_20_diff1": 0.488807,
        "nauc_precision_at_100_max": 0.606602,
        "nauc_precision_at_100_std": 0.251191,
        "nauc_precision_at_100_diff1": 0.570481,
        "nauc_precision_at_1000_max": 1.0,
        "nauc_precision_at_1000_std": 1.0,
        "nauc_precision_at_1000_diff1": 1.0,
        "nauc_mrr_at_1_max": 0.370165,
        "nauc_mrr_at_1_std": 0.029719,
        "nauc_mrr_at_1_diff1": 0.581995,
        "nauc_mrr_at_3_max": 0.383965,
        "nauc_mrr_at_3_std": 0.025847,
        "nauc_mrr_at_3_diff1": 0.569769,
        "nauc_mrr_at_5_max": 0.383361,
        "nauc_mrr_at_5_std": 0.020774,
        "nauc_mrr_at_5_diff1": 0.56378,
        "nauc_mrr_at_10_max": 0.385807,
        "nauc_mrr_at_10_std": 0.025108,
        "nauc_mrr_at_10_diff1": 0.562351,
        "nauc_mrr_at_20_max": 0.384568,
        "nauc_mrr_at_20_std": 0.024766,
        "nauc_mrr_at_20_diff1": 0.563391,
        "nauc_mrr_at_100_max": 0.385176,
        "nauc_mrr_at_100_std": 0.026205,
        "nauc_mrr_at_100_diff1": 0.563805,
        "nauc_mrr_at_1000_max": 0.385085,
        "nauc_mrr_at_1000_std": 0.026142,
        "nauc_mrr_at_1000_diff1": 0.563847,
        "main_score": 0.66325,
        "hf_subset": "default",
        "languages": [
          "swe-Latn"
        ]
      }
    ]
  },
  "evaluation_time": 1.0298175811767578,
  "kg_co2_emissions": 5.2963715117874586e-05
}