{
  "dataset_revision": "27a168819829fe9bcd655c2df245fb19452e8e06",
  "task_name": "FiQA2018",
  "mteb_version": "1.36.5",
  "scores": {
    "test": [
      {
        "ndcg_at_1": 0.65741,
        "ndcg_at_3": 0.61626,
        "ndcg_at_5": 0.63112,
        "ndcg_at_10": 0.66111,
        "ndcg_at_20": 0.68652,
        "ndcg_at_100": 0.71295,
        "ndcg_at_1000": 0.71295,
        "map_at_1": 0.34637,
        "map_at_3": 0.50875,
        "map_at_5": 0.54763,
        "map_at_10": 0.5798,
        "map_at_20": 0.59259,
        "map_at_100": 0.59936,
        "map_at_1000": 0.59936,
        "recall_at_1": 0.34637,
        "recall_at_3": 0.55781,
        "recall_at_5": 0.63836,
        "recall_at_10": 0.73285,
        "recall_at_20": 0.80867,
        "recall_at_100": 0.91285,
        "recall_at_1000": 0.91285,
        "precision_at_1": 0.65741,
        "precision_at_3": 0.41204,
        "precision_at_5": 0.29784,
        "precision_at_10": 0.18071,
        "precision_at_20": 0.10216,
        "precision_at_100": 0.02367,
        "precision_at_1000": 0.00237,
        "mrr_at_1": 0.657407,
        "mrr_at_3": 0.711934,
        "mrr_at_5": 0.725823,
        "mrr_at_10": 0.731834,
        "mrr_at_20": 0.735029,
        "mrr_at_100": 0.73618,
        "mrr_at_1000": 0.73618,
        "nauc_ndcg_at_1_max": 0.60133,
        "nauc_ndcg_at_1_std": 0.373812,
        "nauc_ndcg_at_1_diff1": 0.649189,
        "nauc_ndcg_at_3_max": 0.512998,
        "nauc_ndcg_at_3_std": 0.366042,
        "nauc_ndcg_at_3_diff1": 0.466868,
        "nauc_ndcg_at_5_max": 0.473621,
        "nauc_ndcg_at_5_std": 0.340173,
        "nauc_ndcg_at_5_diff1": 0.462476,
        "nauc_ndcg_at_10_max": 0.501493,
        "nauc_ndcg_at_10_std": 0.371637,
        "nauc_ndcg_at_10_diff1": 0.493497,
        "nauc_ndcg_at_20_max": 0.516934,
        "nauc_ndcg_at_20_std": 0.393167,
        "nauc_ndcg_at_20_diff1": 0.504597,
        "nauc_ndcg_at_100_max": 0.527854,
        "nauc_ndcg_at_100_std": 0.400531,
        "nauc_ndcg_at_100_diff1": 0.500517,
        "nauc_ndcg_at_1000_max": 0.527854,
        "nauc_ndcg_at_1000_std": 0.400531,
        "nauc_ndcg_at_1000_diff1": 0.500517,
        "nauc_map_at_1_max": 0.181046,
        "nauc_map_at_1_std": 0.022273,
        "nauc_map_at_1_diff1": 0.536018,
        "nauc_map_at_3_max": 0.367718,
        "nauc_map_at_3_std": 0.198235,
        "nauc_map_at_3_diff1": 0.486053,
        "nauc_map_at_5_max": 0.406729,
        "nauc_map_at_5_std": 0.255813,
        "nauc_map_at_5_diff1": 0.46897,
        "nauc_map_at_10_max": 0.454292,
        "nauc_map_at_10_std": 0.317929,
        "nauc_map_at_10_diff1": 0.474531,
        "nauc_map_at_20_max": 0.465263,
        "nauc_map_at_20_std": 0.334804,
        "nauc_map_at_20_diff1": 0.476112,
        "nauc_map_at_100_max": 0.469487,
        "nauc_map_at_100_std": 0.339214,
        "nauc_map_at_100_diff1": 0.474904,
        "nauc_map_at_1000_max": 0.469487,
        "nauc_map_at_1000_std": 0.339214,
        "nauc_map_at_1000_diff1": 0.474904,
        "nauc_recall_at_1_max": 0.181046,
        "nauc_recall_at_1_std": 0.022273,
        "nauc_recall_at_1_diff1": 0.536018,
        "nauc_recall_at_3_max": 0.322155,
        "nauc_recall_at_3_std": 0.185121,
        "nauc_recall_at_3_diff1": 0.412036,
        "nauc_recall_at_5_max": 0.320721,
        "nauc_recall_at_5_std": 0.217148,
        "nauc_recall_at_5_diff1": 0.373236,
        "nauc_recall_at_10_max": 0.418821,
        "nauc_recall_at_10_std": 0.350604,
        "nauc_recall_at_10_diff1": 0.396705,
        "nauc_recall_at_20_max": 0.427282,
        "nauc_recall_at_20_std": 0.419752,
        "nauc_recall_at_20_diff1": 0.403585,
        "nauc_recall_at_100_max": 0.420303,
        "nauc_recall_at_100_std": 0.487616,
        "nauc_recall_at_100_diff1": 0.292163,
        "nauc_recall_at_1000_max": 0.420303,
        "nauc_recall_at_1000_std": 0.487616,
        "nauc_recall_at_1000_diff1": 0.292163,
        "nauc_precision_at_1_max": 0.60133,
        "nauc_precision_at_1_std": 0.373812,
        "nauc_precision_at_1_diff1": 0.649189,
        "nauc_precision_at_3_max": 0.51054,
        "nauc_precision_at_3_std": 0.466791,
        "nauc_precision_at_3_diff1": 0.134252,
        "nauc_precision_at_5_max": 0.458631,
        "nauc_precision_at_5_std": 0.480277,
        "nauc_precision_at_5_diff1": 0.023693,
        "nauc_precision_at_10_max": 0.434295,
        "nauc_precision_at_10_std": 0.508137,
        "nauc_precision_at_10_diff1": -0.032679,
        "nauc_precision_at_20_max": 0.396462,
        "nauc_precision_at_20_std": 0.495029,
        "nauc_precision_at_20_diff1": -0.079782,
        "nauc_precision_at_100_max": 0.31047,
        "nauc_precision_at_100_std": 0.400515,
        "nauc_precision_at_100_diff1": -0.156443,
        "nauc_precision_at_1000_max": 0.31047,
        "nauc_precision_at_1000_std": 0.400515,
        "nauc_precision_at_1000_diff1": -0.156443,
        "nauc_mrr_at_1_max": 0.60133,
        "nauc_mrr_at_1_std": 0.373812,
        "nauc_mrr_at_1_diff1": 0.649189,
        "nauc_mrr_at_3_max": 0.616896,
        "nauc_mrr_at_3_std": 0.422952,
        "nauc_mrr_at_3_diff1": 0.614689,
        "nauc_mrr_at_5_max": 0.611709,
        "nauc_mrr_at_5_std": 0.414266,
        "nauc_mrr_at_5_diff1": 0.618661,
        "nauc_mrr_at_10_max": 0.617626,
        "nauc_mrr_at_10_std": 0.423826,
        "nauc_mrr_at_10_diff1": 0.621655,
        "nauc_mrr_at_20_max": 0.617488,
        "nauc_mrr_at_20_std": 0.422414,
        "nauc_mrr_at_20_diff1": 0.62263,
        "nauc_mrr_at_100_max": 0.617824,
        "nauc_mrr_at_100_std": 0.422786,
        "nauc_mrr_at_100_diff1": 0.623004,
        "nauc_mrr_at_1000_max": 0.617824,
        "nauc_mrr_at_1000_std": 0.422786,
        "nauc_mrr_at_1000_diff1": 0.623004,
        "main_score": 0.66111,
        "hf_subset": "default",
        "languages": [
          "eng-Latn"
        ]
      }
    ]
  },
  "evaluation_time": 130.8485324382782,
  "kg_co2_emissions": null
}