{
  "dataset_revision": null,
  "mteb_dataset_name": "CQADupstackPhysicsRetrieval",
  "mteb_version": "1.1.1",
  "test": {
    "evaluation_time": 4.32,
    "map_at_1": 0.21674,
    "map_at_10": 0.29982,
    "map_at_100": 0.31057,
    "map_at_1000": 0.31184,
    "map_at_3": 0.27638,
    "map_at_5": 0.28796,
    "mrr_at_1": 0.25698,
    "mrr_at_10": 0.34564,
    "mrr_at_100": 0.35351,
    "mrr_at_1000": 0.35421,
    "mrr_at_3": 0.32339,
    "mrr_at_5": 0.33513,
    "ndcg_at_1": 0.25698,
    "ndcg_at_10": 0.35019,
    "ndcg_at_100": 0.39976,
    "ndcg_at_1000": 0.42711,
    "ndcg_at_3": 0.30948,
    "ndcg_at_5": 0.32572,
    "precision_at_1": 0.25698,
    "precision_at_10": 0.06304,
    "precision_at_100": 0.01035,
    "precision_at_1000": 0.00146,
    "precision_at_3": 0.14629,
    "precision_at_5": 0.10183,
    "recall_at_1": 0.21674,
    "recall_at_10": 0.45589,
    "recall_at_100": 0.66897,
    "recall_at_1000": 0.85466,
    "recall_at_3": 0.33849,
    "recall_at_5": 0.38237
  }
}