{
    "dataset_revision": "42328bf787e17b1ad1a88be4f5e87ea9fb668511",
    "mteb_dataset_name": "ClimateFEVER-VN",
    "mteb_version": null,
    "task_name": "ClimateFEVER-VN",
    "scores": {
        "test": [
            {
                "evaluation_time": 2885.78,
                "map_at_1": 0.02402,
                "map_at_10": 0.04455,
                "map_at_100": 0.05049,
                "map_at_1000": 0.05174,
                "map_at_20": 0.04741,
                "map_at_3": 0.03731,
                "map_at_5": 0.04048,
                "mrr_at_1": 0.05359,
                "mrr_at_10": 0.09532,
                "mrr_at_100": 0.10372,
                "mrr_at_1000": 0.10471,
                "mrr_at_20": 0.09949,
                "mrr_at_3": 0.07947,
                "mrr_at_5": 0.08665,
                "ndcg_at_1": 0.05359,
                "ndcg_at_10": 0.07002,
                "ndcg_at_100": 0.10466,
                "ndcg_at_1000": 0.13941,
                "ndcg_at_20": 0.0809,
                "ndcg_at_3": 0.05333,
                "ndcg_at_5": 0.05802,
                "precision_at_1": 0.05359,
                "precision_at_10": 0.02334,
                "precision_at_100": 0.00599,
                "precision_at_1000": 0.00124,
                "precision_at_20": 0.01603,
                "precision_at_3": 0.04057,
                "precision_at_5": 0.03179,
                "recall_at_1": 0.02402,
                "recall_at_10": 0.09307,
                "recall_at_100": 0.2208,
                "recall_at_1000": 0.42602,
                "recall_at_20": 0.12569,
                "recall_at_3": 0.05263,
                "recall_at_5": 0.0652,
                "hf_subset": "default",
                "main_score": 0.07002,
                "languages": [
                    "vie-Latn"
                ]
            }
        ]
    },
    "evaluation_time": null
}