{
  "dataset_revision": "910766554633e8da014e88f54988705dde7ecaac",
  "task_name": "ZacLegalTextRetrieval",
  "mteb_version": "2.5.4",
  "scores": {
    "test": [
      {
        "ndcg_at_1": 0.19162,
        "ndcg_at_3": 0.25448,
        "ndcg_at_5": 0.2781,
        "ndcg_at_10": 0.30628,
        "ndcg_at_20": 0.32992,
        "ndcg_at_100": 0.36876,
        "ndcg_at_1000": 0.38956,
        "map_at_1": 0.19099,
        "map_at_3": 0.23816,
        "map_at_5": 0.25154,
        "map_at_10": 0.26284,
        "map_at_20": 0.26932,
        "map_at_100": 0.27471,
        "map_at_1000": 0.27546,
        "recall_at_1": 0.19099,
        "recall_at_3": 0.3014,
        "recall_at_5": 0.35787,
        "recall_at_10": 0.4467,
        "recall_at_20": 0.53997,
        "recall_at_100": 0.74873,
        "recall_at_1000": 0.91434,
        "accuracy": 0.19099,
        "precision_at_1": 0.19162,
        "precision_at_3": 0.10068,
        "precision_at_5": 0.07183,
        "precision_at_10": 0.0448,
        "precision_at_20": 0.02716,
        "precision_at_100": 0.00753,
        "precision_at_1000": 0.00092,
        "mrr_at_1": 0.192893,
        "mrr_at_3": 0.238156,
        "mrr_at_5": 0.251988,
        "mrr_at_10": 0.263438,
        "mrr_at_20": 0.269924,
        "mrr_at_100": 0.275324,
        "mrr_at_1000": 0.276059,
        "nauc_ndcg_at_1_max": 0.295219,
        "nauc_ndcg_at_1_std": -0.077354,
        "nauc_ndcg_at_1_diff1": 0.413923,
        "nauc_ndcg_at_3_max": 0.280606,
        "nauc_ndcg_at_3_std": -0.057634,
        "nauc_ndcg_at_3_diff1": 0.32237,
        "nauc_ndcg_at_5_max": 0.276124,
        "nauc_ndcg_at_5_std": -0.046015,
        "nauc_ndcg_at_5_diff1": 0.296901,
        "nauc_ndcg_at_10_max": 0.275039,
        "nauc_ndcg_at_10_std": -0.049688,
        "nauc_ndcg_at_10_diff1": 0.293996,
        "nauc_ndcg_at_20_max": 0.266831,
        "nauc_ndcg_at_20_std": -0.039002,
        "nauc_ndcg_at_20_diff1": 0.281412,
        "nauc_ndcg_at_100_max": 0.263029,
        "nauc_ndcg_at_100_std": -0.014066,
        "nauc_ndcg_at_100_diff1": 0.279272,
        "nauc_ndcg_at_1000_max": 0.27766,
        "nauc_ndcg_at_1000_std": -0.018362,
        "nauc_ndcg_at_1000_diff1": 0.299464,
        "nauc_map_at_1_max": 0.294708,
        "nauc_map_at_1_std": -0.075912,
        "nauc_map_at_1_diff1": 0.41627,
        "nauc_map_at_3_max": 0.285111,
        "nauc_map_at_3_std": -0.062229,
        "nauc_map_at_3_diff1": 0.345645,
        "nauc_map_at_5_max": 0.283019,
        "nauc_map_at_5_std": -0.055126,
        "nauc_map_at_5_diff1": 0.330296,
        "nauc_map_at_10_max": 0.282779,
        "nauc_map_at_10_std": -0.056727,
        "nauc_map_at_10_diff1": 0.329289,
        "nauc_map_at_20_max": 0.280531,
        "nauc_map_at_20_std": -0.054246,
        "nauc_map_at_20_diff1": 0.325588,
        "nauc_map_at_100_max": 0.280051,
        "nauc_map_at_100_std": -0.050785,
        "nauc_map_at_100_diff1": 0.325453,
        "nauc_map_at_1000_max": 0.280582,
        "nauc_map_at_1000_std": -0.05097,
        "nauc_map_at_1000_diff1": 0.326188,
        "nauc_recall_at_1_max": 0.294708,
        "nauc_recall_at_1_std": -0.075912,
        "nauc_recall_at_1_diff1": 0.41627,
        "nauc_recall_at_3_max": 0.267641,
        "nauc_recall_at_3_std": -0.044382,
        "nauc_recall_at_3_diff1": 0.262705,
        "nauc_recall_at_5_max": 0.256867,
        "nauc_recall_at_5_std": -0.02115,
        "nauc_recall_at_5_diff1": 0.209982,
        "nauc_recall_at_10_max": 0.252797,
        "nauc_recall_at_10_std": -0.031314,
        "nauc_recall_at_10_diff1": 0.200852,
        "nauc_recall_at_20_max": 0.220247,
        "nauc_recall_at_20_std": 0.014102,
        "nauc_recall_at_20_diff1": 0.150262,
        "nauc_recall_at_100_max": 0.170697,
        "nauc_recall_at_100_std": 0.212423,
        "nauc_recall_at_100_diff1": 0.074213,
        "nauc_recall_at_1000_max": 0.396492,
        "nauc_recall_at_1000_std": 0.464588,
        "nauc_recall_at_1000_diff1": 0.277722,
        "nauc_precision_at_1_max": 0.295219,
        "nauc_precision_at_1_std": -0.077354,
        "nauc_precision_at_1_diff1": 0.413923,
        "nauc_precision_at_3_max": 0.268592,
        "nauc_precision_at_3_std": -0.045693,
        "nauc_precision_at_3_diff1": 0.261606,
        "nauc_precision_at_5_max": 0.257285,
        "nauc_precision_at_5_std": -0.023581,
        "nauc_precision_at_5_diff1": 0.206721,
        "nauc_precision_at_10_max": 0.253239,
        "nauc_precision_at_10_std": -0.033674,
        "nauc_precision_at_10_diff1": 0.19766,
        "nauc_precision_at_20_max": 0.220603,
        "nauc_precision_at_20_std": 0.006158,
        "nauc_precision_at_20_diff1": 0.143974,
        "nauc_precision_at_100_max": 0.172314,
        "nauc_precision_at_100_std": 0.196545,
        "nauc_precision_at_100_diff1": 0.065435,
        "nauc_precision_at_1000_max": 0.382325,
        "nauc_precision_at_1000_std": 0.397938,
        "nauc_precision_at_1000_diff1": 0.241817,
        "nauc_mrr_at_1_max": 0.294458,
        "nauc_mrr_at_1_std": -0.071751,
        "nauc_mrr_at_1_diff1": 0.407252,
        "nauc_mrr_at_3_max": 0.281625,
        "nauc_mrr_at_3_std": -0.058458,
        "nauc_mrr_at_3_diff1": 0.345176,
        "nauc_mrr_at_5_max": 0.281191,
        "nauc_mrr_at_5_std": -0.052108,
        "nauc_mrr_at_5_diff1": 0.328277,
        "nauc_mrr_at_10_max": 0.281504,
        "nauc_mrr_at_10_std": -0.054142,
        "nauc_mrr_at_10_diff1": 0.326551,
        "nauc_mrr_at_20_max": 0.279274,
        "nauc_mrr_at_20_std": -0.051664,
        "nauc_mrr_at_20_diff1": 0.32296,
        "nauc_mrr_at_100_max": 0.278789,
        "nauc_mrr_at_100_std": -0.048211,
        "nauc_mrr_at_100_diff1": 0.322789,
        "nauc_mrr_at_1000_max": 0.279309,
        "nauc_mrr_at_1000_std": -0.04837,
        "nauc_mrr_at_1000_diff1": 0.323509,
        "cv_recall_at_1": 0.19289,
        "cv_recall_at_3": 0.29822,
        "cv_recall_at_5": 0.3566,
        "cv_recall_at_10": 0.4467,
        "cv_recall_at_20": 0.54061,
        "cv_recall_at_100": 0.75,
        "cv_recall_at_1000": 0.91497,
        "main_score": 0.30628,
        "hf_subset": "default",
        "languages": [
          "vie-Latn"
        ]
      }
    ]
  },
  "evaluation_time": 180.47993087768555,
  "kg_co2_emissions": null
}