{
    "dataset_revision": "46989137a86843e03a6195de44b09deda022eec7",
    "task_name": "CQADupstackTexRetrieval",
    "evaluation_time": null,
    "mteb_version": null,
    "scores": {
        "test": [
            {
                "hf_subset": "default",
                "languages": [
                    "eng-Latn"
                ],
                "main_score": 0.09,
                "map_at_1": 0.04699,
                "map_at_10": 0.07098,
                "map_at_100": 0.07605,
                "map_at_1000": 0.07712,
                "map_at_20": 0.07337,
                "map_at_3": 0.06138,
                "map_at_5": 0.06581,
                "mrr_at_1": 0.058155540261527874,
                "mrr_at_10": 0.08602576497449171,
                "mrr_at_100": 0.09178358604435788,
                "mrr_at_1000": 0.09273358449979913,
                "mrr_at_20": 0.08890048577862193,
                "mrr_at_3": 0.07501720578114253,
                "mrr_at_5": 0.08014452856159672,
                "nauc_map_at_1000_diff1": 0.30593503138765427,
                "nauc_map_at_1000_max": 0.18453660255547694,
                "nauc_map_at_1000_std": -0.017685567473582367,
                "nauc_map_at_100_diff1": 0.30650406650792866,
                "nauc_map_at_100_max": 0.18373623725444455,
                "nauc_map_at_100_std": -0.019681957834935825,
                "nauc_map_at_10_diff1": 0.3181165301450615,
                "nauc_map_at_10_max": 0.1821651480605788,
                "nauc_map_at_10_std": -0.029289522062108785,
                "nauc_map_at_1_diff1": 0.4122007664054066,
                "nauc_map_at_1_max": 0.2146970375146556,
                "nauc_map_at_1_std": -0.012270094063971863,
                "nauc_map_at_20_diff1": 0.30950280855804263,
                "nauc_map_at_20_max": 0.1820426095422395,
                "nauc_map_at_20_std": -0.022813322264387318,
                "nauc_map_at_3_diff1": 0.34836258994809555,
                "nauc_map_at_3_max": 0.20008809414227088,
                "nauc_map_at_3_std": -0.024831995200462878,
                "nauc_map_at_5_diff1": 0.33539553041083253,
                "nauc_map_at_5_max": 0.19249532084724977,
                "nauc_map_at_5_std": -0.02724819153237702,
                "nauc_mrr_at_1000_diff1": 0.28970055122260935,
                "nauc_mrr_at_1000_max": 0.19515892594796352,
                "nauc_mrr_at_1000_std": -0.006191130680144826,
                "nauc_mrr_at_100_diff1": 0.2899415333990028,
                "nauc_mrr_at_100_max": 0.19489286318028914,
                "nauc_mrr_at_100_std": -0.006904166831553156,
                "nauc_mrr_at_10_diff1": 0.29849897127551994,
                "nauc_mrr_at_10_max": 0.1934919336545091,
                "nauc_mrr_at_10_std": -0.016338498086246527,
                "nauc_mrr_at_1_diff1": 0.38119815971926835,
                "nauc_mrr_at_1_max": 0.23254943869402303,
                "nauc_mrr_at_1_std": -0.00912901935471625,
                "nauc_mrr_at_20_diff1": 0.2918835383321299,
                "nauc_mrr_at_20_max": 0.19359637185038142,
                "nauc_mrr_at_20_std": -0.009198376575664564,
                "nauc_mrr_at_3_diff1": 0.32588159647991255,
                "nauc_mrr_at_3_max": 0.20740531692877195,
                "nauc_mrr_at_3_std": -0.015083070506201078,
                "nauc_mrr_at_5_diff1": 0.3153988886674308,
                "nauc_mrr_at_5_max": 0.2044348881279962,
                "nauc_mrr_at_5_std": -0.016873820593904274,
                "nauc_ndcg_at_1000_diff1": 0.23557578195316098,
                "nauc_ndcg_at_1000_max": 0.18510335075222165,
                "nauc_ndcg_at_1000_std": 0.03469591902714254,
                "nauc_ndcg_at_100_diff1": 0.24458067231136005,
                "nauc_ndcg_at_100_max": 0.17298674134219844,
                "nauc_ndcg_at_100_std": 0.005501100894117191,
                "nauc_ndcg_at_10_diff1": 0.27689420705932216,
                "nauc_ndcg_at_10_max": 0.1638882750521239,
                "nauc_ndcg_at_10_std": -0.0305447135164172,
                "nauc_ndcg_at_1_diff1": 0.38119815971926835,
                "nauc_ndcg_at_1_max": 0.23254943869402303,
                "nauc_ndcg_at_1_std": -0.00912901935471625,
                "nauc_ndcg_at_20_diff1": 0.2561748620708531,
                "nauc_ndcg_at_20_max": 0.16382425400354414,
                "nauc_ndcg_at_20_std": -0.011038549983732725,
                "nauc_ndcg_at_3_diff1": 0.32543696702435737,
                "nauc_ndcg_at_3_max": 0.19579663222392482,
                "nauc_ndcg_at_3_std": -0.023976139668742503,
                "nauc_ndcg_at_5_diff1": 0.3092127124752099,
                "nauc_ndcg_at_5_max": 0.18481135394174292,
                "nauc_ndcg_at_5_std": -0.02773343405545779,
                "nauc_precision_at_1000_diff1": 0.07430668397378795,
                "nauc_precision_at_1000_max": 0.24159650238977887,
                "nauc_precision_at_1000_std": 0.20763060943130443,
                "nauc_precision_at_100_diff1": 0.13977127543915302,
                "nauc_precision_at_100_max": 0.20869226948933484,
                "nauc_precision_at_100_std": 0.09661028336511375,
                "nauc_precision_at_10_diff1": 0.19380945900490024,
                "nauc_precision_at_10_max": 0.15448645443238793,
                "nauc_precision_at_10_std": -0.0240779497372621,
                "nauc_precision_at_1_diff1": 0.38119815971926835,
                "nauc_precision_at_1_max": 0.23254943869402303,
                "nauc_precision_at_1_std": -0.00912901935471625,
                "nauc_precision_at_20_diff1": 0.16160123874138144,
                "nauc_precision_at_20_max": 0.17487551457806633,
                "nauc_precision_at_20_std": 0.04165695881782506,
                "nauc_precision_at_3_diff1": 0.29147993451561666,
                "nauc_precision_at_3_max": 0.19906375084344263,
                "nauc_precision_at_3_std": -0.02963281652492904,
                "nauc_precision_at_5_diff1": 0.2637656688810861,
                "nauc_precision_at_5_max": 0.19490814194233902,
                "nauc_precision_at_5_std": -0.028076223247236413,
                "nauc_recall_at_1000_diff1": 0.11055980578698892,
                "nauc_recall_at_1000_max": 0.17067913162609577,
                "nauc_recall_at_1000_std": 0.1386839682763791,
                "nauc_recall_at_100_diff1": 0.14616493061478572,
                "nauc_recall_at_100_max": 0.14082658622676192,
                "nauc_recall_at_100_std": 0.0429554835873666,
                "nauc_recall_at_10_diff1": 0.2059282910525744,
                "nauc_recall_at_10_max": 0.11294371411877117,
                "nauc_recall_at_10_std": -0.04076776396400985,
                "nauc_recall_at_1_diff1": 0.4122007664054066,
                "nauc_recall_at_1_max": 0.2146970375146556,
                "nauc_recall_at_1_std": -0.012270094063971863,
                "nauc_recall_at_20_diff1": 0.16590417625375398,
                "nauc_recall_at_20_max": 0.11496290687792293,
                "nauc_recall_at_20_std": 0.0027183243853302406,
                "nauc_recall_at_3_diff1": 0.2973929760017793,
                "nauc_recall_at_3_max": 0.17456812549646664,
                "nauc_recall_at_3_std": -0.03330718505394941,
                "nauc_recall_at_5_diff1": 0.26526643928548305,
                "nauc_recall_at_5_max": 0.14970019231755732,
                "nauc_recall_at_5_std": -0.04104709617473779,
                "ndcg_at_1": 0.05816000000000001,
                "ndcg_at_10": 0.09,
                "ndcg_at_100": 0.11966000000000002,
                "ndcg_at_1000": 0.15136,
                "ndcg_at_20": 0.09895,
                "ndcg_at_3": 0.07029,
                "ndcg_at_5": 0.07749,
                "precision_at_1": 0.05816000000000001,
                "precision_at_10": 0.01786,
                "precision_at_100": 0.00392,
                "precision_at_1000": 0.0008099999999999998,