{
  "dataset_revision": "05600ff310a0970823e70f82f428893b85c71ffe",
  "evaluation_time": 5.0808494091033936,
  "kg_co2_emissions": 0.0007872245298393522,
  "mteb_version": "1.12.75",
  "scores": {
    "validation": [
      {
        "hf_subset": "default",
        "languages": [
          "jpn-Jpan"
        ],
        "main_score": 0.09144,
        "map_at_1": 0.03589,
        "map_at_10": 0.06054,
        "map_at_100": 0.06757,
        "map_at_1000": 0.06881,
        "map_at_20": 0.06416,
        "map_at_3": 0.05029,
        "map_at_5": 0.05565,
        "mrr_at_1": 0.0732421875,
        "mrr_at_10": 0.1172725616939483,
        "mrr_at_100": 0.12743866401825565,
        "mrr_at_1000": 0.1286935297062972,
        "mrr_at_20": 0.12298377050124576,
        "mrr_at_3": 0.09977213541666673,
        "mrr_at_5": 0.10873209635416668,
        "nauc_map_at_1000_diff1": 0.22985584986686497,
        "nauc_map_at_1000_max": 0.3244469209438434,
        "nauc_map_at_1000_std": 0.14138406953625413,
        "nauc_map_at_100_diff1": 0.22943436763253983,
        "nauc_map_at_100_max": 0.3245692796859384,
        "nauc_map_at_100_std": 0.1405791849882273,
        "nauc_map_at_10_diff1": 0.23311908946306661,
        "nauc_map_at_10_max": 0.3096810060325278,
        "nauc_map_at_10_std": 0.12129226403774951,
        "nauc_map_at_1_diff1": 0.3415462707519409,
        "nauc_map_at_1_max": 0.3014628841841803,
        "nauc_map_at_1_std": 0.07742201127808863,
        "nauc_map_at_20_diff1": 0.22993250267806264,
        "nauc_map_at_20_max": 0.32028903065411607,
        "nauc_map_at_20_std": 0.1331685389708468,
        "nauc_map_at_3_diff1": 0.27030907621743594,
        "nauc_map_at_3_max": 0.2995900256640651,
        "nauc_map_at_3_std": 0.09135793938998127,
        "nauc_map_at_5_diff1": 0.2467084586787241,
        "nauc_map_at_5_max": 0.3003701905790033,
        "nauc_map_at_5_std": 0.10839391185244501,
        "nauc_mrr_at_1000_diff1": 0.2217817294805441,
        "nauc_mrr_at_1000_max": 0.31073316634047343,
        "nauc_mrr_at_1000_std": 0.12825447319197983,
        "nauc_mrr_at_100_diff1": 0.2214541947669989,
        "nauc_mrr_at_100_max": 0.3110629791530077,
        "nauc_mrr_at_100_std": 0.12859840011642668,
        "nauc_mrr_at_10_diff1": 0.22406801812550728,
        "nauc_mrr_at_10_max": 0.30301883231301857,
        "nauc_mrr_at_10_std": 0.11776219129136607,
        "nauc_mrr_at_1_diff1": 0.32321523324804524,
        "nauc_mrr_at_1_max": 0.29687905162331146,
        "nauc_mrr_at_1_std": 0.08423067574054317,
        "nauc_mrr_at_20_diff1": 0.2214158683223958,
        "nauc_mrr_at_20_max": 0.31037585108962934,
        "nauc_mrr_at_20_std": 0.1256483948549151,
        "nauc_mrr_at_3_diff1": 0.26098445902316564,
        "nauc_mrr_at_3_max": 0.29831713909183444,
        "nauc_mrr_at_3_std": 0.09534000217932515,
        "nauc_mrr_at_5_diff1": 0.239239015148248,
        "nauc_mrr_at_5_max": 0.29523836679357945,
        "nauc_mrr_at_5_std": 0.10406006209794616,
        "nauc_ndcg_at_1000_diff1": 0.1961284775868924,
        "nauc_ndcg_at_1000_max": 0.3425106943061206,
        "nauc_ndcg_at_1000_std": 0.2028619361442015,
        "nauc_ndcg_at_100_diff1": 0.18412854839182544,
        "nauc_ndcg_at_100_max": 0.3532563071667511,
        "nauc_ndcg_at_100_std": 0.196664354432105,
        "nauc_ndcg_at_10_diff1": 0.19137566757190133,
        "nauc_ndcg_at_10_max": 0.3188900448836131,
        "nauc_ndcg_at_10_std": 0.1438695568193327,
        "nauc_ndcg_at_1_diff1": 0.3415462707519409,
        "nauc_ndcg_at_1_max": 0.3014628841841803,
        "nauc_ndcg_at_1_std": 0.07742201127808863,
        "nauc_ndcg_at_20_diff1": 0.18445009999386439,
        "nauc_ndcg_at_20_max": 0.34519351348845756,
        "nauc_ndcg_at_20_std": 0.17214221140593763,
        "nauc_ndcg_at_3_diff1": 0.2537357086505532,
        "nauc_ndcg_at_3_max": 0.30360754933845147,
        "nauc_ndcg_at_3_std": 0.09667414675330036,
        "nauc_ndcg_at_5_diff1": 0.2181760190018577,
        "nauc_ndcg_at_5_max": 0.3005972304825659,
        "nauc_ndcg_at_5_std": 0.11760276403963407,
        "nauc_precision_at_1000_diff1": 0.11537145483025277,
        "nauc_precision_at_1000_max": 0.2484501755900997,
        "nauc_precision_at_1000_std": 0.2660606913428451,
        "nauc_precision_at_100_diff1": 0.10761595819793826,
        "nauc_precision_at_100_max": 0.38054420123791083,
        "nauc_precision_at_100_std": 0.2890260373399755,
        "nauc_precision_at_10_diff1": 0.11614728580180779,
        "nauc_precision_at_10_max": 0.3415117355790788,
        "nauc_precision_at_10_std": 0.19397605914005248,
        "nauc_precision_at_1_diff1": 0.3415462707519409,
        "nauc_precision_at_1_max": 0.3014628841841803,
        "nauc_precision_at_1_std": 0.07742201127808863,
        "nauc_precision_at_20_diff1": 0.10785541825490523,
        "nauc_precision_at_20_max": 0.39705226047543374,
        "nauc_precision_at_20_std": 0.25186067007666735,
        "nauc_precision_at_3_diff1": 0.21904647432106686,
        "nauc_precision_at_3_max": 0.3101979985717519,
        "nauc_precision_at_3_std": 0.10942060733306358,
        "nauc_precision_at_5_diff1": 0.1605487910050233,
        "nauc_precision_at_5_max": 0.30348964353689567,
        "nauc_precision_at_5_std": 0.14471113727221466,
        "nauc_recall_at_1000_diff1": 0.11537145483025422,
        "nauc_recall_at_1000_max": 0.24845017559010008,
        "nauc_recall_at_1000_std": 0.26606069134284627,
        "nauc_recall_at_100_diff1": 0.107615958197938,
        "nauc_recall_at_100_max": 0.38054420123791055,
        "nauc_recall_at_100_std": 0.28902603733997523,
        "nauc_recall_at_10_diff1": 0.11614728580180748,
        "nauc_recall_at_10_max": 0.341511735579079,
        "nauc_recall_at_10_std": 0.19397605914005242,
        "nauc_recall_at_1_diff1": 0.3415462707519409,
        "nauc_recall_at_1_max": 0.3014628841841803,
        "nauc_recall_at_1_std": 0.07742201127808863,
        "nauc_recall_at_20_diff1": 0.10785541825490515,
        "nauc_recall_at_20_max": 0.39705226047543346,
        "nauc_recall_at_20_std": 0.2518606700766673,
        "nauc_recall_at_3_diff1": 0.21904647432106694,
        "nauc_recall_at_3_max": 0.3101979985717521,
        "nauc_recall_at_3_std": 0.10942060733306347,
        "nauc_recall_at_5_diff1": 0.16054879100502323,
        "nauc_recall_at_5_max": 0.30348964353689567,
        "nauc_recall_at_5_std": 0.14471113727221452,
        "ndcg_at_1": 0.07178,
        "ndcg_at_10": 0.09144,
        "ndcg_at_100": 0.13282,
        "ndcg_at_1000": 0.17518,
        "ndcg_at_20": 0.10604,
        "ndcg_at_3": 0.06672,
        "ndcg_at_5": 0.07777,
        "precision_at_1": 0.07178,
        "precision_at_10": 0.0249,
        "precision_at_100": 0.00585,
        "precision_at_1000": 0.00117,
        "precision_at_20": 0.01716,
        "precision_at_3": 0.04525,
        "precision_at_5": 0.03594,
        "recall_at_1": 0.03589,
        "recall_at_10": 0.12451,
        "recall_at_100": 0.29248,
        "recall_at_1000": 0.58667,
        "recall_at_20": 0.17163,
        "recall_at_3": 0.06787,
        "recall_at_5": 0.08984
      }
    ]
  },
  "task_name": "JaQuADRetrieval"
}