{
  "dataset_revision": "4ffe81d471b1924886b33c7567bfb200e9eec5c4",
  "task_name": "CQADupstackWordpressRetrieval",
  "mteb_version": "1.36.33",
  "scores": {
    "test": [
      {
        "ndcg_at_1": 0.26802,
        "ndcg_at_3": 0.32938,
        "ndcg_at_5": 0.35679,
        "ndcg_at_10": 0.37667,
        "ndcg_at_20": 0.39528,
        "ndcg_at_100": 0.42712,
        "ndcg_at_1000": 0.45076,
        "map_at_1": 0.24442,
        "map_at_3": 0.30332,
        "map_at_5": 0.32008,
        "map_at_10": 0.32938,
        "map_at_20": 0.3346,
        "map_at_100": 0.33941,
        "map_at_1000": 0.34031,
        "recall_at_1": 0.24442,
        "recall_at_3": 0.37545,
        "recall_at_5": 0.4402,
        "recall_at_10": 0.49821,
        "recall_at_20": 0.56888,
        "recall_at_100": 0.73136,
        "recall_at_1000": 0.90706,
        "precision_at_1": 0.26802,
        "precision_at_3": 0.14048,
        "precision_at_5": 0.10018,
        "precision_at_10": 0.05767,
        "precision_at_20": 0.03327,
        "precision_at_100": 0.0088,
        "precision_at_1000": 0.00121,
        "mrr_at_1": 0.268022,
        "mrr_at_3": 0.329328,
        "mrr_at_5": 0.34504,
        "mrr_at_10": 0.352674,
        "mrr_at_20": 0.357681,
        "mrr_at_100": 0.361815,
        "mrr_at_1000": 0.362406,
        "nauc_ndcg_at_1_max": 0.288065,
        "nauc_ndcg_at_1_std": -0.056585,
        "nauc_ndcg_at_1_diff1": 0.443424,
        "nauc_ndcg_at_3_max": 0.260503,
        "nauc_ndcg_at_3_std": -0.014296,
        "nauc_ndcg_at_3_diff1": 0.357752,
        "nauc_ndcg_at_5_max": 0.250198,
        "nauc_ndcg_at_5_std": -0.024416,
        "nauc_ndcg_at_5_diff1": 0.349567,
        "nauc_ndcg_at_10_max": 0.249326,
        "nauc_ndcg_at_10_std": -0.023932,
        "nauc_ndcg_at_10_diff1": 0.354125,
        "nauc_ndcg_at_20_max": 0.255483,
        "nauc_ndcg_at_20_std": -0.024159,
        "nauc_ndcg_at_20_diff1": 0.348055,
        "nauc_ndcg_at_100_max": 0.259157,
        "nauc_ndcg_at_100_std": -0.001433,
        "nauc_ndcg_at_100_diff1": 0.349396,
        "nauc_ndcg_at_1000_max": 0.260596,
        "nauc_ndcg_at_1000_std": -5.8e-05,
        "nauc_ndcg_at_1000_diff1": 0.354965,
        "nauc_map_at_1_max": 0.252687,
        "nauc_map_at_1_std": -0.065131,
        "nauc_map_at_1_diff1": 0.429615,
        "nauc_map_at_3_max": 0.252773,
        "nauc_map_at_3_std": -0.028073,
        "nauc_map_at_3_diff1": 0.369785,
        "nauc_map_at_5_max": 0.249876,
        "nauc_map_at_5_std": -0.033125,
        "nauc_map_at_5_diff1": 0.366773,
        "nauc_map_at_10_max": 0.251248,
        "nauc_map_at_10_std": -0.032833,
        "nauc_map_at_10_diff1": 0.370388,
        "nauc_map_at_20_max": 0.252574,
        "nauc_map_at_20_std": -0.033255,
        "nauc_map_at_20_diff1": 0.368841,
        "nauc_map_at_100_max": 0.252622,
        "nauc_map_at_100_std": -0.029812,
        "nauc_map_at_100_diff1": 0.368572,
        "nauc_map_at_1000_max": 0.252534,
        "nauc_map_at_1000_std": -0.029507,
        "nauc_map_at_1000_diff1": 0.368652,
        "nauc_recall_at_1_max": 0.252687,
        "nauc_recall_at_1_std": -0.065131,
        "nauc_recall_at_1_diff1": 0.429615,
        "nauc_recall_at_3_max": 0.239404,
        "nauc_recall_at_3_std": 0.011556,
        "nauc_recall_at_3_diff1": 0.300749,
        "nauc_recall_at_5_max": 0.214172,
        "nauc_recall_at_5_std": -0.007361,
        "nauc_recall_at_5_diff1": 0.277906,
        "nauc_recall_at_10_max": 0.209279,
        "nauc_recall_at_10_std": -0.006237,
        "nauc_recall_at_10_diff1": 0.285982,
        "nauc_recall_at_20_max": 0.228877,
        "nauc_recall_at_20_std": -0.009637,
        "nauc_recall_at_20_diff1": 0.253045,
        "nauc_recall_at_100_max": 0.243409,
        "nauc_recall_at_100_std": 0.142345,
        "nauc_recall_at_100_diff1": 0.230347,
        "nauc_recall_at_1000_max": 0.304832,
        "nauc_recall_at_1000_std": 0.335951,
        "nauc_recall_at_1000_diff1": 0.228093,
        "nauc_precision_at_1_max": 0.288065,
        "nauc_precision_at_1_std": -0.056585,
        "nauc_precision_at_1_diff1": 0.443424,
        "nauc_precision_at_3_max": 0.280985,
        "nauc_precision_at_3_std": 0.025128,
        "nauc_precision_at_3_diff1": 0.318598,
        "nauc_precision_at_5_max": 0.256326,
        "nauc_precision_at_5_std": 0.008087,
        "nauc_precision_at_5_diff1": 0.291157,
        "nauc_precision_at_10_max": 0.248362,
        "nauc_precision_at_10_std": 0.02126,
        "nauc_precision_at_10_diff1": 0.287057,
        "nauc_precision_at_20_max": 0.248244,
        "nauc_precision_at_20_std": 0.030515,
        "nauc_precision_at_20_diff1": 0.241759,
        "nauc_precision_at_100_max": 0.21668,
        "nauc_precision_at_100_std": 0.146242,
        "nauc_precision_at_100_diff1": 0.177712,
        "nauc_precision_at_1000_max": -0.031301,
        "nauc_precision_at_1000_std": 0.064468,
        "nauc_precision_at_1000_diff1": -0.014963,
        "nauc_mrr_at_1_max": 0.288065,
        "nauc_mrr_at_1_std": -0.056585,
        "nauc_mrr_at_1_diff1": 0.443424,
        "nauc_mrr_at_3_max": 0.290759,
        "nauc_mrr_at_3_std": -0.02135,
        "nauc_mrr_at_3_diff1": 0.388515,
        "nauc_mrr_at_5_max": 0.282293,
        "nauc_mrr_at_5_std": -0.025387,
        "nauc_mrr_at_5_diff1": 0.382967,
        "nauc_mrr_at_10_max": 0.279109,
        "nauc_mrr_at_10_std": -0.025486,
        "nauc_mrr_at_10_diff1": 0.383813,
        "nauc_mrr_at_20_max": 0.281711,
        "nauc_mrr_at_20_std": -0.024746,
        "nauc_mrr_at_20_diff1": 0.382995,
        "nauc_mrr_at_100_max": 0.281958,
        "nauc_mrr_at_100_std": -0.02193,
        "nauc_mrr_at_100_diff1": 0.38279,
        "nauc_mrr_at_1000_max": 0.281972,
        "nauc_mrr_at_1000_std": -0.021854,
        "nauc_mrr_at_1000_diff1": 0.382924,
        "main_score": 0.37667,
        "hf_subset": "default",
        "languages": [
          "eng-Latn"
        ]
      }
    ]
  },
  "evaluation_time": 491.7975733280182,
  "kg_co2_emissions": null
}