{
  "dataset_revision": "47f2ac6acb640fc46020b02a5b59fdda04d39380",
  "task_name": "ClimateFEVER",
  "mteb_version": "1.34.20",
  "scores": {
    "test": [
      {
        "ndcg_at_1": 0.3355,
        "ndcg_at_3": 0.29121,
        "ndcg_at_5": 0.31247,
        "ndcg_at_10": 0.35059,
        "ndcg_at_20": 0.37963,
        "ndcg_at_100": 0.42133,
        "ndcg_at_1000": 0.45395,
        "map_at_1": 0.14542,
        "map_at_3": 0.21423,
        "map_at_5": 0.23663,
        "map_at_10": 0.25612,
        "map_at_20": 0.26733,
        "map_at_100": 0.2759,
        "map_at_1000": 0.27785,
        "recall_at_1": 0.14542,
        "recall_at_3": 0.26619,
        "recall_at_5": 0.32921,
        "recall_at_10": 0.41444,
        "recall_at_20": 0.49506,
        "recall_at_100": 0.65296,
        "recall_at_1000": 0.8339,
        "precision_at_1": 0.3355,
        "precision_at_3": 0.21868,
        "precision_at_5": 0.16847,
        "precision_at_10": 0.10925,
        "precision_at_20": 0.06723,
        "precision_at_100": 0.01855,
        "precision_at_1000": 0.00247,
        "mrr_at_1": 0.335505,
        "mrr_at_3": 0.427253,
        "mrr_at_5": 0.447253,
        "mrr_at_10": 0.460699,
        "mrr_at_20": 0.465454,
        "mrr_at_100": 0.468187,
        "mrr_at_1000": 0.468492,
        "nauc_ndcg_at_1_max": 0.28045,
        "nauc_ndcg_at_1_std": 0.25528,
        "nauc_ndcg_at_1_diff1": 0.232031,
        "nauc_ndcg_at_3_max": 0.330308,
        "nauc_ndcg_at_3_std": 0.269916,
        "nauc_ndcg_at_3_diff1": 0.186701,
        "nauc_ndcg_at_5_max": 0.355259,
        "nauc_ndcg_at_5_std": 0.283442,
        "nauc_ndcg_at_5_diff1": 0.205228,
        "nauc_ndcg_at_10_max": 0.364454,
        "nauc_ndcg_at_10_std": 0.300764,
        "nauc_ndcg_at_10_diff1": 0.208068,
        "nauc_ndcg_at_20_max": 0.36996,
        "nauc_ndcg_at_20_std": 0.317723,
        "nauc_ndcg_at_20_diff1": 0.20947,
        "nauc_ndcg_at_100_max": 0.374721,
        "nauc_ndcg_at_100_std": 0.330567,
        "nauc_ndcg_at_100_diff1": 0.213146,
        "nauc_ndcg_at_1000_max": 0.380282,
        "nauc_ndcg_at_1000_std": 0.340296,
        "nauc_ndcg_at_1000_diff1": 0.214257,
        "nauc_map_at_1_max": 0.297161,
        "nauc_map_at_1_std": 0.178463,
        "nauc_map_at_1_diff1": 0.282893,
        "nauc_map_at_3_max": 0.331291,
        "nauc_map_at_3_std": 0.233935,
        "nauc_map_at_3_diff1": 0.214359,
        "nauc_map_at_5_max": 0.342696,
        "nauc_map_at_5_std": 0.256251,
        "nauc_map_at_5_diff1": 0.216934,
        "nauc_map_at_10_max": 0.351593,
        "nauc_map_at_10_std": 0.268276,
        "nauc_map_at_10_diff1": 0.218787,
        "nauc_map_at_20_max": 0.354414,
        "nauc_map_at_20_std": 0.276994,
        "nauc_map_at_20_diff1": 0.218851,
        "nauc_map_at_100_max": 0.356179,
        "nauc_map_at_100_std": 0.28094,
        "nauc_map_at_100_diff1": 0.218985,
        "nauc_map_at_1000_max": 0.356472,
        "nauc_map_at_1000_std": 0.281952,
        "nauc_map_at_1000_diff1": 0.219055,
        "nauc_recall_at_1_max": 0.297161,
        "nauc_recall_at_1_std": 0.178463,
        "nauc_recall_at_1_diff1": 0.282893,
        "nauc_recall_at_3_max": 0.336047,
        "nauc_recall_at_3_std": 0.238428,
        "nauc_recall_at_3_diff1": 0.169564,
        "nauc_recall_at_5_max": 0.353821,
        "nauc_recall_at_5_std": 0.265761,
        "nauc_recall_at_5_diff1": 0.178303,
        "nauc_recall_at_10_max": 0.352672,
        "nauc_recall_at_10_std": 0.281992,
        "nauc_recall_at_10_diff1": 0.177897,
        "nauc_recall_at_20_max": 0.353211,
        "nauc_recall_at_20_std": 0.31006,
        "nauc_recall_at_20_diff1": 0.174933,
        "nauc_recall_at_100_max": 0.356949,
        "nauc_recall_at_100_std": 0.340057,
        "nauc_recall_at_100_diff1": 0.183982,
        "nauc_recall_at_1000_max": 0.431242,
        "nauc_recall_at_1000_std": 0.448758,
        "nauc_recall_at_1000_diff1": 0.198985,
        "nauc_precision_at_1_max": 0.28045,
        "nauc_precision_at_1_std": 0.25528,
        "nauc_precision_at_1_diff1": 0.232031,
        "nauc_precision_at_3_max": 0.316346,
        "nauc_precision_at_3_std": 0.336386,
        "nauc_precision_at_3_diff1": 0.09759,
        "nauc_precision_at_5_max": 0.313537,
        "nauc_precision_at_5_std": 0.347661,
        "nauc_precision_at_5_diff1": 0.104459,
        "nauc_precision_at_10_max": 0.299087,
        "nauc_precision_at_10_std": 0.355298,
        "nauc_precision_at_10_diff1": 0.093923,
        "nauc_precision_at_20_max": 0.268806,
        "nauc_precision_at_20_std": 0.358011,
        "nauc_precision_at_20_diff1": 0.077873,
        "nauc_precision_at_100_max": 0.188574,
        "nauc_precision_at_100_std": 0.318436,
        "nauc_precision_at_100_diff1": 0.037025,
        "nauc_precision_at_1000_max": 0.094214,
        "nauc_precision_at_1000_std": 0.25096,
        "nauc_precision_at_1000_diff1": -0.028864,
        "nauc_mrr_at_1_max": 0.28045,
        "nauc_mrr_at_1_std": 0.25528,
        "nauc_mrr_at_1_diff1": 0.232031,
        "nauc_mrr_at_3_max": 0.31755,
        "nauc_mrr_at_3_std": 0.294077,
        "nauc_mrr_at_3_diff1": 0.189619,
        "nauc_mrr_at_5_max": 0.329065,
        "nauc_mrr_at_5_std": 0.299819,
        "nauc_mrr_at_5_diff1": 0.199614,
        "nauc_mrr_at_10_max": 0.327688,
        "nauc_mrr_at_10_std": 0.302407,
        "nauc_mrr_at_10_diff1": 0.200512,
        "nauc_mrr_at_20_max": 0.328245,
        "nauc_mrr_at_20_std": 0.30286,
        "nauc_mrr_at_20_diff1": 0.201031,
        "nauc_mrr_at_100_max": 0.327559,
        "nauc_mrr_at_100_std": 0.302168,
        "nauc_mrr_at_100_diff1": 0.201337,
        "nauc_mrr_at_1000_max": 0.327539,
        "nauc_mrr_at_1000_std": 0.302102,
        "nauc_mrr_at_1000_diff1": 0.201332,
        "main_score": 0.35059,
        "hf_subset": "default",
        "languages": [
          "eng-Latn"
        ]
      }
    ]
  },
  "evaluation_time": 156681.6596081257,
  "kg_co2_emissions": null
}