{
    "dataset_revision": "686b87296c3a0191b5d9415a00526c62db9fce09",
    "task_name": "SyntheticText2SQL",
    "evaluation_time": null,
    "mteb_version": null,
    "scores": {
        "test": [
            {
                "hf_subset": "default",
                "languages": [
                    "eng-Latn",
                    "sql-Code"
                ],
                "ndcg_at_1": 0.03555,
                "ndcg_at_3": 0.41534,
                "ndcg_at_5": 0.44847000000000004,
                "ndcg_at_10": 0.47344,
                "ndcg_at_20": 0.48826,
                "ndcg_at_100": 0.50442,
                "ndcg_at_1000": 0.50937,
                "map_at_1": 0.03555,
                "map_at_3": 0.33082999999999996,
                "map_at_5": 0.34928,
                "map_at_10": 0.35963999999999996,
                "map_at_20": 0.36376,
                "map_at_100": 0.3661,
                "map_at_1000": 0.3663,
                "recall_at_1": 0.03555,
                "recall_at_3": 0.6563,
                "recall_at_5": 0.73646,
                "recall_at_10": 0.81337,
                "recall_at_20": 0.87165,
                "recall_at_100": 0.9571,
                "recall_at_1000": 0.99556,
                "precision_at_1": 0.03555,
                "precision_at_3": 0.21877,
                "precision_at_5": 0.14729,
                "precision_at_10": 0.08134000000000001,
                "precision_at_20": 0.043579999999999994,
                "precision_at_100": 0.00957,
                "precision_at_1000": 0.001,
                "mrr_at_1": 0.317211,
                "mrr_at_3": 0.486754,
                "mrr_at_5": 0.503093,
                "mrr_at_10": 0.512454,
                "mrr_at_20": 0.5163,
                "mrr_at_100": 0.518552,
                "mrr_at_1000": 0.518747,
                "nauc_ndcg_at_1_max": 0.06543,
                "nauc_ndcg_at_1_std": -0.110614,
                "nauc_ndcg_at_1_diff1": 0.774191,
                "nauc_ndcg_at_3_max": 0.359842,
                "nauc_ndcg_at_3_std": -0.16258200000000003,
                "nauc_ndcg_at_3_diff1": -0.622219,
                "nauc_ndcg_at_5_max": 0.35088500000000006,
                "nauc_ndcg_at_5_std": -0.149357,
                "nauc_ndcg_at_5_diff1": -0.583931,
                "nauc_ndcg_at_10_max": 0.337926,
                "nauc_ndcg_at_10_std": -0.142862,
                "nauc_ndcg_at_10_diff1": -0.555325,
                "nauc_ndcg_at_20_max": 0.3363189999999999,
                "nauc_ndcg_at_20_std": -0.140615,
                "nauc_ndcg_at_20_diff1": -0.537148,
                "nauc_ndcg_at_100_max": 0.3273690000000001,
                "nauc_ndcg_at_100_std": -0.137486,
                "nauc_ndcg_at_100_diff1": -0.520744,
                "nauc_ndcg_at_1000_max": 0.32941500000000007,
                "nauc_ndcg_at_1000_std": -0.141861,
                "nauc_ndcg_at_1000_diff1": -0.516402,
                "nauc_map_at_1_max": 0.06543,
                "nauc_map_at_1_std": -0.110614,
                "nauc_map_at_1_diff1": 0.774191,
                "nauc_map_at_3_max": 0.3390139999999999,
                "nauc_map_at_3_std": -0.15789,
                "nauc_map_at_3_diff1": -0.535257,
                "nauc_map_at_5_max": 0.331725,
                "nauc_map_at_5_std": -0.149484,
                "nauc_map_at_5_diff1": -0.505361,
                "nauc_map_at_10_max": 0.325273,
                "nauc_map_at_10_std": -0.14648,
                "nauc_map_at_10_diff1": -0.48928,
                "nauc_map_at_20_max": 0.32447400000000004,
                "nauc_map_at_20_std": -0.146155,
                "nauc_map_at_20_diff1": -0.48267299999999996,
                "nauc_map_at_100_max": 0.322692,
                "nauc_map_at_100_std": -0.145789,
                "nauc_map_at_100_diff1": -0.479677,
                "nauc_map_at_1000_max": 0.322805,
                "nauc_map_at_1000_std": -0.14595,
                "nauc_map_at_1000_diff1": -0.47944700000000007,
                "nauc_recall_at_1_max": 0.06543,
                "nauc_recall_at_1_std": -0.110614,
                "nauc_recall_at_1_diff1": 0.774191,
                "nauc_recall_at_3_max": 0.39704899999999993,
                "nauc_recall_at_3_std": -0.171274,
                "nauc_recall_at_3_diff1": -0.773937,
                "nauc_recall_at_5_max": 0.38878599999999996,
                "nauc_recall_at_5_std": -0.147304,
                "nauc_recall_at_5_diff1": -0.73366,
                "nauc_recall_at_10_max": 0.362642,
                "nauc_recall_at_10_std": -0.128288,
                "nauc_recall_at_10_diff1": -0.697955,
                "nauc_recall_at_20_max": 0.365493,
                "nauc_recall_at_20_std": -0.109359,
                "nauc_recall_at_20_diff1": -0.668099,
                "nauc_recall_at_100_max": 0.291291,
                "nauc_recall_at_100_std": 0.0033650000000000004,
                "nauc_recall_at_100_diff1": -0.638938,
                "nauc_recall_at_1000_max": 0.37589800000000007,
                "nauc_recall_at_1000_std": 0.173579,
                "nauc_recall_at_1000_diff1": -0.6842900000000001,
                "nauc_precision_at_1_max": 0.06543,
                "nauc_precision_at_1_std": -0.110614,
                "nauc_precision_at_1_diff1": 0.774191,
                "nauc_precision_at_3_max": 0.39704899999999993,
                "nauc_precision_at_3_std": -0.171274,
                "nauc_precision_at_3_diff1": -0.773937,
                "nauc_precision_at_5_max": 0.38878599999999996,
                "nauc_precision_at_5_std": -0.147304,
                "nauc_precision_at_5_diff1": -0.73366,
                "nauc_precision_at_10_max": 0.362642,
                "nauc_precision_at_10_std": -0.128288,
                "nauc_precision_at_10_diff1": -0.697955,
                "nauc_precision_at_20_max": 0.365493,
                "nauc_precision_at_20_std": -0.109359,
                "nauc_precision_at_20_diff1": -0.668099,
                "nauc_precision_at_100_max": 0.291291,
                "nauc_precision_at_100_std": 0.0033650000000000004,
                "nauc_precision_at_100_diff1": -0.638938,
                "nauc_precision_at_1000_max": 0.37589800000000007,
                "nauc_precision_at_1000_std": 0.173579,
                "nauc_precision_at_1000_diff1": -0.6842900000000001,
                "nauc_mrr_at_1_max": 0.187616,
                "nauc_mrr_at_1_std": -0.093326,
                "nauc_mrr_at_1_diff1": -0.38775,
                "nauc_mrr_at_3_max": 0.279627,
                "nauc_mrr_at_3_std": -0.121163,
                "nauc_mrr_at_3_diff1": -0.561729,
                "nauc_mrr_at_5_max": 0.273859,
                "nauc_mrr_at_5_std": -0.117823,
                "nauc_mrr_at_5_diff1": -0.550853,
                "nauc_mrr_at_10_max": 0.269297,
                "nauc_mrr_at_10_std": -0.115899,
                "nauc_mrr_at_10_diff1": -0.543529,
                "nauc_mrr_at_20_max": 0.268231,
                "nauc_mrr_at_20_std": -0.11543799999999999,
                "nauc_mrr_at_20_diff1": -0.54101,
                "nauc_mrr_at_100_max": 0.266888,
                "nauc_mrr_at_100_std": -0.115184,
                "nauc_mrr_at_100_diff1": -0.539839,
                "nauc_mrr_at_1000_max": 0.266914,
                "nauc_mrr_at_1000_std": -0.115244,
                "nauc_mrr_at_1000_diff1": -0.53976,
                "main_score": 0.47344
            }
        ]
    }
}