{
  "dataset_revision": "693a321c42fb13ffe76bb9043f8d2aaa8f0a9499",
  "task_name": "SNLHierarchicalClusteringP2P",
  "mteb_version": "2.3.2",
  "scores": {
    "test": [
      {
        "v_measures": {
          "Level 0": [
            0.438578,
            0.454758,
            0.464424,
            0.461008,
            0.447968,
            0.452292,
            0.44641,
            0.483495,
            0.453158,
            0.442121
          ],
          "Level 1": [
            0.654604,
            0.646091,
            0.654911,
            0.648326,
            0.64276,
            0.642123,
            0.639474,
            0.64863,
            0.647979,
            0.663715
          ],
          "Level 2": [
            0.688684,
            0.714268,
            0.687942,
            0.684071,
            0.689201,
            0.689647,
            0.6969,
            0.689967,
            0.688888,
            0.676726
          ],
          "Level 3": [
            0.695505,
            0.69905,
            0.711401,
            0.712504,
            0.70702,
            0.698647,
            0.709556,
            0.704634,
            0.703018,
            0.718022
          ],
          "Level 4": [
            0.389905,
            0.388292,
            0.390352,
            0.390632,
            0.400406,
            0.396628,
            0.413667,
            0.410628,
            0.38956,
            0.39176
          ]
        },
        "v_measure": 0.579206,
        "v_measure_std": 0.128686,
        "main_score": 0.579206,
        "hf_subset": "default",
        "languages": [
          "nob-Latn"
        ]
      }
    ]
  },
  "evaluation_time": 290.3729021549225,
  "kg_co2_emissions": null
}