{
  "dataset_revision": "c3262adb1c32ac0c3ea8de6393a44366edaa62e1",
  "task_name": "WebFAQRetrieval",
  "mteb_version": "1.38.38",
  "scores": {
    "test": [
      {
        "ndcg_at_1": 0.545,
        "ndcg_at_3": 0.62946,
        "ndcg_at_5": 0.65064,
        "ndcg_at_10": 0.67019,
        "ndcg_at_20": 0.68297,
        "ndcg_at_100": 0.69734,
        "ndcg_at_1000": 0.70463,
        "map_at_1": 0.545,
        "map_at_3": 0.6088,
        "map_at_5": 0.62053,
        "map_at_10": 0.62867,
        "map_at_20": 0.63221,
        "map_at_100": 0.63424,
        "map_at_1000": 0.63452,
        "recall_at_1": 0.545,
        "recall_at_3": 0.6892,
        "recall_at_5": 0.7407,
        "recall_at_10": 0.8008,
        "recall_at_20": 0.8511,
        "recall_at_100": 0.9279,
        "recall_at_1000": 0.9854,
        "precision_at_1": 0.545,
        "precision_at_3": 0.22973,
        "precision_at_5": 0.14814,
        "precision_at_10": 0.08008,
        "precision_at_20": 0.04256,
        "precision_at_100": 0.00928,
        "precision_at_1000": 0.00099,
        "mrr_at_1": 0.5448,
        "mrr_at_3": 0.60865,
        "mrr_at_5": 0.620405,
        "mrr_at_10": 0.628554,
        "mrr_at_20": 0.632097,
        "mrr_at_100": 0.634137,
        "mrr_at_1000": 0.634408,
        "nauc_ndcg_at_1_max": 0.396875,
        "nauc_ndcg_at_1_std": -0.106663,
        "nauc_ndcg_at_1_diff1": 0.713855,
        "nauc_ndcg_at_3_max": 0.405225,
        "nauc_ndcg_at_3_std": -0.098187,
        "nauc_ndcg_at_3_diff1": 0.666638,
        "nauc_ndcg_at_5_max": 0.410919,
        "nauc_ndcg_at_5_std": -0.085633,
        "nauc_ndcg_at_5_diff1": 0.666048,
        "nauc_ndcg_at_10_max": 0.406432,
        "nauc_ndcg_at_10_std": -0.088438,
        "nauc_ndcg_at_10_diff1": 0.663922,
        "nauc_ndcg_at_20_max": 0.406355,
        "nauc_ndcg_at_20_std": -0.083538,
        "nauc_ndcg_at_20_diff1": 0.664452,
        "nauc_ndcg_at_100_max": 0.406517,
        "nauc_ndcg_at_100_std": -0.082737,
        "nauc_ndcg_at_100_diff1": 0.668292,
        "nauc_ndcg_at_1000_max": 0.40713,
        "nauc_ndcg_at_1000_std": -0.084539,
        "nauc_ndcg_at_1000_diff1": 0.670885,
        "nauc_map_at_1_max": 0.396875,
        "nauc_map_at_1_std": -0.106663,
        "nauc_map_at_1_diff1": 0.713855,
        "nauc_map_at_3_max": 0.403433,
        "nauc_map_at_3_std": -0.100724,
        "nauc_map_at_3_diff1": 0.678612,
        "nauc_map_at_5_max": 0.406327,
        "nauc_map_at_5_std": -0.094298,
        "nauc_map_at_5_diff1": 0.678568,
        "nauc_map_at_10_max": 0.404536,
        "nauc_map_at_10_std": -0.09559,
        "nauc_map_at_10_diff1": 0.678,
        "nauc_map_at_20_max": 0.404428,
        "nauc_map_at_20_std": -0.094575,
        "nauc_map_at_20_diff1": 0.678302,
        "nauc_map_at_100_max": 0.404421,
        "nauc_map_at_100_std": -0.09446,
        "nauc_map_at_100_diff1": 0.678757,
        "nauc_map_at_1000_max": 0.404467,
        "nauc_map_at_1000_std": -0.094483,
        "nauc_map_at_1000_diff1": 0.67884,
        "nauc_recall_at_1_max": 0.396875,
        "nauc_recall_at_1_std": -0.106663,
        "nauc_recall_at_1_diff1": 0.713855,
        "nauc_recall_at_3_max": 0.410963,
        "nauc_recall_at_3_std": -0.089644,
        "nauc_recall_at_3_diff1": 0.627235,
        "nauc_recall_at_5_max": 0.428898,
        "nauc_recall_at_5_std": -0.050775,
        "nauc_recall_at_5_diff1": 0.619734,
        "nauc_recall_at_10_max": 0.413324,
        "nauc_recall_at_10_std": -0.054561,
        "nauc_recall_at_10_diff1": 0.599679,
        "nauc_recall_at_20_max": 0.415912,
        "nauc_recall_at_20_std": -0.008079,
        "nauc_recall_at_20_diff1": 0.583334,
        "nauc_recall_at_100_max": 0.429921,
        "nauc_recall_at_100_std": 0.076509,
        "nauc_recall_at_100_diff1": 0.578516,
        "nauc_recall_at_1000_max": 0.569903,
        "nauc_recall_at_1000_std": 0.430049,
        "nauc_recall_at_1000_diff1": 0.560346,
        "nauc_precision_at_1_max": 0.396875,
        "nauc_precision_at_1_std": -0.106663,
        "nauc_precision_at_1_diff1": 0.713855,
        "nauc_precision_at_3_max": 0.410963,
        "nauc_precision_at_3_std": -0.089644,
        "nauc_precision_at_3_diff1": 0.627235,
        "nauc_precision_at_5_max": 0.428898,
        "nauc_precision_at_5_std": -0.050775,
        "nauc_precision_at_5_diff1": 0.619734,
        "nauc_precision_at_10_max": 0.413324,
        "nauc_precision_at_10_std": -0.054561,
        "nauc_precision_at_10_diff1": 0.599679,
        "nauc_precision_at_20_max": 0.415912,
        "nauc_precision_at_20_std": -0.008079,
        "nauc_precision_at_20_diff1": 0.583334,
        "nauc_precision_at_100_max": 0.429921,
        "nauc_precision_at_100_std": 0.076509,
        "nauc_precision_at_100_diff1": 0.578516,
        "nauc_precision_at_1000_max": 0.569903,
        "nauc_precision_at_1000_std": 0.430049,
        "nauc_precision_at_1000_diff1": 0.560346,
        "nauc_mrr_at_1_max": 0.396954,
        "nauc_mrr_at_1_std": -0.106543,
        "nauc_mrr_at_1_diff1": 0.7143,
        "nauc_mrr_at_3_max": 0.40372,
        "nauc_mrr_at_3_std": -0.100419,
        "nauc_mrr_at_3_diff1": 0.679024,
        "nauc_mrr_at_5_max": 0.406487,
        "nauc_mrr_at_5_std": -0.094059,
        "nauc_mrr_at_5_diff1": 0.678916,
        "nauc_mrr_at_10_max": 0.404666,
        "nauc_mrr_at_10_std": -0.095399,
        "nauc_mrr_at_10_diff1": 0.678302,
        "nauc_mrr_at_20_max": 0.404566,
        "nauc_mrr_at_20_std": -0.094376,
        "nauc_mrr_at_20_diff1": 0.678607,
        "nauc_mrr_at_100_max": 0.404554,
        "nauc_mrr_at_100_std": -0.094261,
        "nauc_mrr_at_100_diff1": 0.679069,
        "nauc_mrr_at_1000_max": 0.4046,
        "nauc_mrr_at_1000_std": -0.094283,
        "nauc_mrr_at_1000_diff1": 0.679152,
        "main_score": 0.67019,
        "hf_subset": "fas",
        "languages": [
          "fas-Arab"
        ]
      }
    ]
  },
  "evaluation_time": 206.5381736755371,
  "kg_co2_emissions": null
}