{
  "dataset_revision": "53e9a6fb88b48b7513e9d2cc2218e3415f4e45f8",
  "task_name": "GermanHealthcare1Retrieval",
  "mteb_version": "1.38.43",
  "scores": {
    "test": [
      {
        "ndcg_at_1": 0.01935,
        "ndcg_at_3": 0.02908,
        "ndcg_at_5": 0.03436,
        "ndcg_at_10": 0.04333,
        "ndcg_at_20": 0.05369,
        "ndcg_at_100": 0.09508,
        "ndcg_at_1000": 0.17807,
        "map_at_1": 0.01935,
        "map_at_3": 0.02652,
        "map_at_5": 0.02943,
        "map_at_10": 0.03309,
        "map_at_20": 0.03594,
        "map_at_100": 0.04105,
        "map_at_1000": 0.0441,
        "recall_at_1": 0.01935,
        "recall_at_3": 0.03656,
        "recall_at_5": 0.04946,
        "recall_at_10": 0.07742,
        "recall_at_20": 0.11828,
        "recall_at_100": 0.35054,
        "recall_at_1000": 1.0,
        "precision_at_1": 0.01935,
        "precision_at_3": 0.01219,
        "precision_at_5": 0.00989,
        "precision_at_10": 0.00774,
        "precision_at_20": 0.00591,
        "precision_at_100": 0.00351,
        "precision_at_1000": 0.001,
        "mrr_at_1": 0.019355,
        "mrr_at_3": 0.026523,
        "mrr_at_5": 0.029427,
        "mrr_at_10": 0.033087,
        "mrr_at_20": 0.035944,
        "mrr_at_100": 0.041047,
        "mrr_at_1000": 0.044096,
        "nauc_ndcg_at_1_max": -0.189516,
        "nauc_ndcg_at_1_std": -0.215997,
        "nauc_ndcg_at_1_diff1": 0.248014,
        "nauc_ndcg_at_3_max": -0.119774,
        "nauc_ndcg_at_3_std": -0.107636,
        "nauc_ndcg_at_3_diff1": 0.243049,
        "nauc_ndcg_at_5_max": -0.082567,
        "nauc_ndcg_at_5_std": -0.11251,
        "nauc_ndcg_at_5_diff1": 0.202214,
        "nauc_ndcg_at_10_max": -0.095347,
        "nauc_ndcg_at_10_std": -0.122176,
        "nauc_ndcg_at_10_diff1": 0.199855,
        "nauc_ndcg_at_20_max": -0.084806,
        "nauc_ndcg_at_20_std": -0.088141,
        "nauc_ndcg_at_20_diff1": 0.129777,
        "nauc_ndcg_at_100_max": -0.008011,
        "nauc_ndcg_at_100_std": -0.069443,
        "nauc_ndcg_at_100_diff1": 0.110498,
        "nauc_ndcg_at_1000_max": -0.046972,
        "nauc_ndcg_at_1000_std": -0.083183,
        "nauc_ndcg_at_1000_diff1": 0.134261,
        "nauc_map_at_1_max": -0.189516,
        "nauc_map_at_1_std": -0.215997,
        "nauc_map_at_1_diff1": 0.248014,
        "nauc_map_at_3_max": -0.129393,
        "nauc_map_at_3_std": -0.13032,
        "nauc_map_at_3_diff1": 0.242261,
        "nauc_map_at_5_max": -0.104121,
        "nauc_map_at_5_std": -0.130365,
        "nauc_map_at_5_diff1": 0.215649,
        "nauc_map_at_10_max": -0.109177,
        "nauc_map_at_10_std": -0.13309,
        "nauc_map_at_10_diff1": 0.212144,
        "nauc_map_at_20_max": -0.102657,
        "nauc_map_at_20_std": -0.119654,
        "nauc_map_at_20_diff1": 0.182953,
        "nauc_map_at_100_max": -0.080013,
        "nauc_map_at_100_std": -0.111831,
        "nauc_map_at_100_diff1": 0.174092,
        "nauc_map_at_1000_max": -0.082895,
        "nauc_map_at_1000_std": -0.111948,
        "nauc_map_at_1000_diff1": 0.174987,
        "nauc_recall_at_1_max": -0.189516,
        "nauc_recall_at_1_std": -0.215997,
        "nauc_recall_at_1_diff1": 0.248014,
        "nauc_recall_at_3_max": -0.10043,
        "nauc_recall_at_3_std": -0.059061,
        "nauc_recall_at_3_diff1": 0.245197,
        "nauc_recall_at_5_max": -0.043263,
        "nauc_recall_at_5_std": -0.08211,
        "nauc_recall_at_5_diff1": 0.176343,
        "nauc_recall_at_10_max": -0.07836,
        "nauc_recall_at_10_std": -0.110802,
        "nauc_recall_at_10_diff1": 0.183506,
        "nauc_recall_at_20_max": -0.067365,
        "nauc_recall_at_20_std": -0.049199,
        "nauc_recall_at_20_diff1": 0.060009,
        "nauc_recall_at_100_max": 0.059189,
        "nauc_recall_at_100_std": -0.0339,
        "nauc_recall_at_100_diff1": 0.058506,
        "nauc_recall_at_1000_max": NaN,
        "nauc_recall_at_1000_std": NaN,
        "nauc_recall_at_1000_diff1": NaN,
        "nauc_precision_at_1_max": -0.189516,
        "nauc_precision_at_1_std": -0.215997,
        "nauc_precision_at_1_diff1": 0.248014,
        "nauc_precision_at_3_max": -0.10043,
        "nauc_precision_at_3_std": -0.059061,
        "nauc_precision_at_3_diff1": 0.245197,
        "nauc_precision_at_5_max": -0.043263,
        "nauc_precision_at_5_std": -0.08211,
        "nauc_precision_at_5_diff1": 0.176343,
        "nauc_precision_at_10_max": -0.07836,
        "nauc_precision_at_10_std": -0.110802,
        "nauc_precision_at_10_diff1": 0.183506,
        "nauc_precision_at_20_max": -0.067365,
        "nauc_precision_at_20_std": -0.049199,
        "nauc_precision_at_20_diff1": 0.060009,
        "nauc_precision_at_100_max": 0.059189,
        "nauc_precision_at_100_std": -0.0339,
        "nauc_precision_at_100_diff1": 0.058506,
        "nauc_precision_at_1000_max": 1.0,
        "nauc_precision_at_1000_std": 1.0,
        "nauc_precision_at_1000_diff1": 1.0,
        "nauc_mrr_at_1_max": -0.189516,
        "nauc_mrr_at_1_std": -0.215997,
        "nauc_mrr_at_1_diff1": 0.248014,
        "nauc_mrr_at_3_max": -0.129393,
        "nauc_mrr_at_3_std": -0.13032,
        "nauc_mrr_at_3_diff1": 0.242261,
        "nauc_mrr_at_5_max": -0.104121,
        "nauc_mrr_at_5_std": -0.130365,
        "nauc_mrr_at_5_diff1": 0.215649,
        "nauc_mrr_at_10_max": -0.109177,
        "nauc_mrr_at_10_std": -0.13309,
        "nauc_mrr_at_10_diff1": 0.212144,
        "nauc_mrr_at_20_max": -0.102657,
        "nauc_mrr_at_20_std": -0.119654,
        "nauc_mrr_at_20_diff1": 0.182953,
        "nauc_mrr_at_100_max": -0.080013,
        "nauc_mrr_at_100_std": -0.111831,
        "nauc_mrr_at_100_diff1": 0.174092,
        "nauc_mrr_at_1000_max": -0.082895,
        "nauc_mrr_at_1000_std": -0.111948,
        "nauc_mrr_at_1000_diff1": 0.174987,
        "main_score": 0.04333,
        "hf_subset": "default",
        "languages": [
          "deu-Latn"
        ]
      }
    ]
  },
  "evaluation_time": 3.3928444385528564,
  "kg_co2_emissions": null
}