{
  "dataset_revision": "37aa6cfb01d48960b0f8e3f17d6e3d99bf1ebc3e",
  "task_name": "LegalQuAD",
  "mteb_version": "1.38.60",
  "scores": {
    "test": [
      {
        "ndcg_at_1": 0.475,
        "ndcg_at_3": 0.59137,
        "ndcg_at_5": 0.61655,
        "ndcg_at_10": 0.63922,
        "ndcg_at_20": 0.65334,
        "ndcg_at_100": 0.67397,
        "ndcg_at_1000": 0.67828,
        "map_at_1": 0.475,
        "map_at_3": 0.5625,
        "map_at_5": 0.57675,
        "map_at_10": 0.58613,
        "map_at_20": 0.59011,
        "map_at_100": 0.59307,
        "map_at_1000": 0.59331,
        "recall_at_1": 0.475,
        "recall_at_3": 0.675,
        "recall_at_5": 0.735,
        "recall_at_10": 0.805,
        "recall_at_20": 0.86,
        "recall_at_100": 0.97,
        "recall_at_1000": 1.0,
        "precision_at_1": 0.475,
        "precision_at_3": 0.225,
        "precision_at_5": 0.147,
        "precision_at_10": 0.0805,
        "precision_at_20": 0.043,
        "precision_at_100": 0.0097,
        "precision_at_1000": 0.001,
        "mrr_at_1": 0.475,
        "mrr_at_3": 0.5625,
        "mrr_at_5": 0.57675,
        "mrr_at_10": 0.586129,
        "mrr_at_20": 0.590114,
        "mrr_at_100": 0.593072,
        "mrr_at_1000": 0.593315,
        "nauc_ndcg_at_1_max": 0.204782,
        "nauc_ndcg_at_1_std": 0.199003,
        "nauc_ndcg_at_1_diff1": 0.642776,
        "nauc_ndcg_at_3_max": 0.183571,
        "nauc_ndcg_at_3_std": 0.228804,
        "nauc_ndcg_at_3_diff1": 0.595537,
        "nauc_ndcg_at_5_max": 0.170496,
        "nauc_ndcg_at_5_std": 0.244531,
        "nauc_ndcg_at_5_diff1": 0.587682,
        "nauc_ndcg_at_10_max": 0.186988,
        "nauc_ndcg_at_10_std": 0.266982,
        "nauc_ndcg_at_10_diff1": 0.582322,
        "nauc_ndcg_at_20_max": 0.189538,
        "nauc_ndcg_at_20_std": 0.276824,
        "nauc_ndcg_at_20_diff1": 0.580963,
        "nauc_ndcg_at_100_max": 0.180098,
        "nauc_ndcg_at_100_std": 0.248615,
        "nauc_ndcg_at_100_diff1": 0.59838,
        "nauc_ndcg_at_1000_max": 0.180259,
        "nauc_ndcg_at_1000_std": 0.240282,
        "nauc_ndcg_at_1000_diff1": 0.596897,
        "nauc_map_at_1_max": 0.204782,
        "nauc_map_at_1_std": 0.199003,
        "nauc_map_at_1_diff1": 0.642776,
        "nauc_map_at_3_max": 0.179404,
        "nauc_map_at_3_std": 0.214998,
        "nauc_map_at_3_diff1": 0.606283,
        "nauc_map_at_5_max": 0.172458,
        "nauc_map_at_5_std": 0.223334,
        "nauc_map_at_5_diff1": 0.602837,
        "nauc_map_at_10_max": 0.179037,
        "nauc_map_at_10_std": 0.230186,
        "nauc_map_at_10_diff1": 0.600859,
        "nauc_map_at_20_max": 0.180002,
        "nauc_map_at_20_std": 0.231794,
        "nauc_map_at_20_diff1": 0.600708,
        "nauc_map_at_100_max": 0.178666,
        "nauc_map_at_100_std": 0.227485,
        "nauc_map_at_100_diff1": 0.603328,
        "nauc_map_at_1000_max": 0.178665,
        "nauc_map_at_1000_std": 0.227065,
        "nauc_map_at_1000_diff1": 0.60326,
        "nauc_recall_at_1_max": 0.204782,
        "nauc_recall_at_1_std": 0.199003,
        "nauc_recall_at_1_diff1": 0.642776,
        "nauc_recall_at_3_max": 0.202428,
        "nauc_recall_at_3_std": 0.278372,
        "nauc_recall_at_3_diff1": 0.560062,
        "nauc_recall_at_5_max": 0.166053,
        "nauc_recall_at_5_std": 0.331227,
        "nauc_recall_at_5_diff1": 0.52854,
        "nauc_recall_at_10_max": 0.238462,
        "nauc_recall_at_10_std": 0.469662,
        "nauc_recall_at_10_diff1": 0.489708,
        "nauc_recall_at_20_max": 0.269173,
        "nauc_recall_at_20_std": 0.622644,
        "nauc_recall_at_20_diff1": 0.447017,
        "nauc_recall_at_100_max": 0.169234,
        "nauc_recall_at_100_std": 0.703237,
        "nauc_recall_at_100_diff1": 0.678727,
        "nauc_recall_at_1000_max": NaN,
        "nauc_recall_at_1000_std": NaN,
        "nauc_recall_at_1000_diff1": NaN,
        "nauc_precision_at_1_max": 0.204782,
        "nauc_precision_at_1_std": 0.199003,
        "nauc_precision_at_1_diff1": 0.642776,
        "nauc_precision_at_3_max": 0.202428,
        "nauc_precision_at_3_std": 0.278372,
        "nauc_precision_at_3_diff1": 0.560062,
        "nauc_precision_at_5_max": 0.166053,
        "nauc_precision_at_5_std": 0.331227,
        "nauc_precision_at_5_diff1": 0.52854,
        "nauc_precision_at_10_max": 0.238462,
        "nauc_precision_at_10_std": 0.469662,
        "nauc_precision_at_10_diff1": 0.489708,
        "nauc_precision_at_20_max": 0.269173,
        "nauc_precision_at_20_std": 0.622644,
        "nauc_precision_at_20_diff1": 0.447017,
        "nauc_precision_at_100_max": 0.169234,
        "nauc_precision_at_100_std": 0.703237,
        "nauc_precision_at_100_diff1": 0.678727,
        "nauc_precision_at_1000_max": 1.0,
        "nauc_precision_at_1000_std": 1.0,
        "nauc_precision_at_1000_diff1": 1.0,
        "nauc_mrr_at_1_max": 0.204782,
        "nauc_mrr_at_1_std": 0.199003,
        "nauc_mrr_at_1_diff1": 0.642776,
        "nauc_mrr_at_3_max": 0.179404,
        "nauc_mrr_at_3_std": 0.214998,
        "nauc_mrr_at_3_diff1": 0.606283,
        "nauc_mrr_at_5_max": 0.172458,
        "nauc_mrr_at_5_std": 0.223334,
        "nauc_mrr_at_5_diff1": 0.602837,
        "nauc_mrr_at_10_max": 0.179037,
        "nauc_mrr_at_10_std": 0.230186,
        "nauc_mrr_at_10_diff1": 0.600859,
        "nauc_mrr_at_20_max": 0.180002,
        "nauc_mrr_at_20_std": 0.231794,
        "nauc_mrr_at_20_diff1": 0.600708,
        "nauc_mrr_at_100_max": 0.178666,
        "nauc_mrr_at_100_std": 0.227485,
        "nauc_mrr_at_100_diff1": 0.603328,
        "nauc_mrr_at_1000_max": 0.178665,
        "nauc_mrr_at_1000_std": 0.227065,
        "nauc_mrr_at_1000_diff1": 0.60326,
        "main_score": 0.63922,
        "hf_subset": "default",
        "languages": [
          "deu-Latn"
        ]
      }
    ]
  },
  "evaluation_time": 117.60883378982544,
  "kg_co2_emissions": null
}