{
  "dataset_revision": "82374b0bbacda6114f39ff9c5b925fa1512ca5d7",
  "task_name": "RiaNewsRetrieval",
  "mteb_version": "1.18.0",
  "scores": {
    "test": [
      {
        "ndcg_at_1": 0.1701,
        "ndcg_at_3": 0.24194,
        "ndcg_at_5": 0.26681,
        "ndcg_at_10": 0.29376,
        "ndcg_at_20": 0.31546,
        "ndcg_at_100": 0.34838,
        "ndcg_at_1000": 0.37085,
        "map_at_1": 0.1701,
        "map_at_3": 0.22387,
        "map_at_5": 0.23769,
        "map_at_10": 0.24882,
        "map_at_20": 0.25477,
        "map_at_100": 0.25918,
        "map_at_1000": 0.25996,
        "recall_at_1": 0.1701,
        "recall_at_3": 0.2944,
        "recall_at_5": 0.3547,
        "recall_at_10": 0.438,
        "recall_at_20": 0.5238,
        "recall_at_100": 0.7033,
        "recall_at_1000": 0.884,
        "precision_at_1": 0.1701,
        "precision_at_3": 0.09813,
        "precision_at_5": 0.07094,
        "precision_at_10": 0.0438,
        "precision_at_20": 0.02619,
        "precision_at_100": 0.00703,
        "precision_at_1000": 0.00088,
        "mrr_at_1": 0.1701,
        "mrr_at_3": 0.223833,
        "mrr_at_5": 0.237673,
        "mrr_at_10": 0.248786,
        "mrr_at_20": 0.254737,
        "mrr_at_100": 0.259152,
        "mrr_at_1000": 0.259933,
        "nauc_ndcg_at_1_max": -0.055174,
        "nauc_ndcg_at_1_std": -0.10079,
        "nauc_ndcg_at_1_diff1": 0.257842,
        "nauc_ndcg_at_3_max": -0.064078,
        "nauc_ndcg_at_3_std": -0.096222,
        "nauc_ndcg_at_3_diff1": 0.178573,
        "nauc_ndcg_at_5_max": -0.069718,
        "nauc_ndcg_at_5_std": -0.095532,
        "nauc_ndcg_at_5_diff1": 0.16824,
        "nauc_ndcg_at_10_max": -0.071323,
        "nauc_ndcg_at_10_std": -0.090396,
        "nauc_ndcg_at_10_diff1": 0.161652,
        "nauc_ndcg_at_20_max": -0.075062,
        "nauc_ndcg_at_20_std": -0.089496,
        "nauc_ndcg_at_20_diff1": 0.157419,
        "nauc_ndcg_at_100_max": -0.071425,
        "nauc_ndcg_at_100_std": -0.083505,
        "nauc_ndcg_at_100_diff1": 0.15601,
        "nauc_ndcg_at_1000_max": -0.064151,
        "nauc_ndcg_at_1000_std": -0.084522,
        "nauc_ndcg_at_1000_diff1": 0.161077,
        "nauc_map_at_1_max": -0.055174,
        "nauc_map_at_1_std": -0.10079,
        "nauc_map_at_1_diff1": 0.257842,
        "nauc_map_at_3_max": -0.061562,
        "nauc_map_at_3_std": -0.097587,
        "nauc_map_at_3_diff1": 0.195223,
        "nauc_map_at_5_max": -0.065087,
        "nauc_map_at_5_std": -0.097105,
        "nauc_map_at_5_diff1": 0.188979,
        "nauc_map_at_10_max": -0.065908,
        "nauc_map_at_10_std": -0.094861,
        "nauc_map_at_10_diff1": 0.18597,
        "nauc_map_at_20_max": -0.066951,
        "nauc_map_at_20_std": -0.094657,
        "nauc_map_at_20_diff1": 0.184782,
        "nauc_map_at_100_max": -0.066498,
        "nauc_map_at_100_std": -0.093986,
        "nauc_map_at_100_diff1": 0.184641,
        "nauc_map_at_1000_max": -0.066243,
        "nauc_map_at_1000_std": -0.094045,
        "nauc_map_at_1000_diff1": 0.184862,
        "nauc_recall_at_1_max": -0.055174,
        "nauc_recall_at_1_std": -0.10079,
        "nauc_recall_at_1_diff1": 0.257842,
        "nauc_recall_at_3_max": -0.070543,
        "nauc_recall_at_3_std": -0.092698,
        "nauc_recall_at_3_diff1": 0.137312,
        "nauc_recall_at_5_max": -0.08159,
        "nauc_recall_at_5_std": -0.091583,
        "nauc_recall_at_5_diff1": 0.116954,
        "nauc_recall_at_10_max": -0.085319,
        "nauc_recall_at_10_std": -0.077786,
        "nauc_recall_at_10_diff1": 0.100053,
        "nauc_recall_at_20_max": -0.099384,
        "nauc_recall_at_20_std": -0.07372,
        "nauc_recall_at_20_diff1": 0.082441,
        "nauc_recall_at_100_max": -0.082972,
        "nauc_recall_at_100_std": -0.029391,
        "nauc_recall_at_100_diff1": 0.051017,
        "nauc_recall_at_1000_max": 0.042263,
        "nauc_recall_at_1000_std": 0.018644,
        "nauc_recall_at_1000_diff1": 0.018839,
        "nauc_precision_at_1_max": -0.055174,
        "nauc_precision_at_1_std": -0.10079,
        "nauc_precision_at_1_diff1": 0.257842,
        "nauc_precision_at_3_max": -0.070543,
        "nauc_precision_at_3_std": -0.092698,
        "nauc_precision_at_3_diff1": 0.137312,
        "nauc_precision_at_5_max": -0.08159,
        "nauc_precision_at_5_std": -0.091583,
        "nauc_precision_at_5_diff1": 0.116954,
        "nauc_precision_at_10_max": -0.085319,
        "nauc_precision_at_10_std": -0.077786,
        "nauc_precision_at_10_diff1": 0.100053,
        "nauc_precision_at_20_max": -0.099384,
        "nauc_precision_at_20_std": -0.07372,
        "nauc_precision_at_20_diff1": 0.082441,
        "nauc_precision_at_100_max": -0.082972,
        "nauc_precision_at_100_std": -0.029391,
        "nauc_precision_at_100_diff1": 0.051017,
        "nauc_precision_at_1000_max": 0.042263,
        "nauc_precision_at_1000_std": 0.018644,
        "nauc_precision_at_1000_diff1": 0.018839,
        "nauc_mrr_at_1_max": -0.055108,
        "nauc_mrr_at_1_std": -0.101083,
        "nauc_mrr_at_1_diff1": 0.257842,
        "nauc_mrr_at_3_max": -0.061499,
        "nauc_mrr_at_3_std": -0.097656,
        "nauc_mrr_at_3_diff1": 0.195201,
        "nauc_mrr_at_5_max": -0.065048,
        "nauc_mrr_at_5_std": -0.097197,
        "nauc_mrr_at_5_diff1": 0.188888,
        "nauc_mrr_at_10_max": -0.06585,
        "nauc_mrr_at_10_std": -0.094934,
        "nauc_mrr_at_10_diff1": 0.185937,
        "nauc_mrr_at_20_max": -0.066876,
        "nauc_mrr_at_20_std": -0.094715,
        "nauc_mrr_at_20_diff1": 0.184752,
        "nauc_mrr_at_100_max": -0.066435,
        "nauc_mrr_at_100_std": -0.094058,
        "nauc_mrr_at_100_diff1": 0.184609,
        "nauc_mrr_at_1000_max": -0.06618,
        "nauc_mrr_at_1000_std": -0.094116,
        "nauc_mrr_at_1000_diff1": 0.184829,
        "main_score": 0.29376,
        "hf_subset": "default",
        "languages": [
          "rus-Cyrl"
        ]
      }
    ]
  },
  "evaluation_time": 12387.119655132294,
  "kg_co2_emissions": 1.0702270191436412
}