{
  "dataset_revision": "7070d1979d9a4943dd49b2e72858eb1e54f6bd5b",
  "task_name": "AVMemeExamT2VRetrieval",
  "mteb_version": "2.12.32",
  "scores": {
    "test": [
      {
        "ndcg_at_1": 0.37222,
        "ndcg_at_3": 0.441,
        "ndcg_at_5": 0.46161,
        "ndcg_at_10": 0.48258,
        "ndcg_at_20": 0.49662,
        "ndcg_at_100": 0.52834,
        "ndcg_at_1000": 0.54987,
        "map_at_1": 0.37222,
        "map_at_3": 0.42407,
        "map_at_5": 0.43552,
        "map_at_10": 0.44425,
        "map_at_20": 0.44796,
        "map_at_100": 0.45231,
        "map_at_1000": 0.45315,
        "recall_at_1": 0.37222,
        "recall_at_3": 0.49,
        "recall_at_5": 0.54,
        "recall_at_10": 0.60444,
        "recall_at_20": 0.66111,
        "recall_at_100": 0.83222,
        "recall_at_1000": 1.0,
        "accuracy": 0.37222,
        "precision_at_1": 0.37222,
        "precision_at_3": 0.16333,
        "precision_at_5": 0.108,
        "precision_at_10": 0.06044,
        "precision_at_20": 0.03306,
        "precision_at_100": 0.00832,
        "precision_at_1000": 0.001,
        "mrr_at_1": 0.372222,
        "mrr_at_3": 0.424074,
        "mrr_at_5": 0.435519,
        "mrr_at_10": 0.444249,
        "mrr_at_20": 0.447961,
        "mrr_at_100": 0.452314,
        "mrr_at_1000": 0.453146,
        "nauc_ndcg_at_1_max": 0.486585,
        "nauc_ndcg_at_1_std": -0.129491,
        "nauc_ndcg_at_1_diff1": 0.721231,
        "nauc_ndcg_at_3_max": 0.458156,
        "nauc_ndcg_at_3_std": -0.143142,
        "nauc_ndcg_at_3_diff1": 0.64011,
        "nauc_ndcg_at_5_max": 0.463289,
        "nauc_ndcg_at_5_std": -0.13468,
        "nauc_ndcg_at_5_diff1": 0.633576,
        "nauc_ndcg_at_10_max": 0.450089,
        "nauc_ndcg_at_10_std": -0.139643,
        "nauc_ndcg_at_10_diff1": 0.622964,
        "nauc_ndcg_at_20_max": 0.449538,
        "nauc_ndcg_at_20_std": -0.13908,
        "nauc_ndcg_at_20_diff1": 0.621759,
        "nauc_ndcg_at_100_max": 0.450505,
        "nauc_ndcg_at_100_std": -0.139256,
        "nauc_ndcg_at_100_diff1": 0.622652,
        "nauc_ndcg_at_1000_max": 0.456045,
        "nauc_ndcg_at_1000_std": -0.138622,
        "nauc_ndcg_at_1000_diff1": 0.634814,
        "nauc_map_at_1_max": 0.486585,
        "nauc_map_at_1_std": -0.129491,
        "nauc_map_at_1_diff1": 0.721231,
        "nauc_map_at_3_max": 0.465592,
        "nauc_map_at_3_std": -0.139576,
        "nauc_map_at_3_diff1": 0.659035,
        "nauc_map_at_5_max": 0.468675,
        "nauc_map_at_5_std": -0.134913,
        "nauc_map_at_5_diff1": 0.655515,
        "nauc_map_at_10_max": 0.463243,
        "nauc_map_at_10_std": -0.137328,
        "nauc_map_at_10_diff1": 0.651291,
        "nauc_map_at_20_max": 0.463189,
        "nauc_map_at_20_std": -0.137031,
        "nauc_map_at_20_diff1": 0.651143,
        "nauc_map_at_100_max": 0.463309,
        "nauc_map_at_100_std": -0.137354,
        "nauc_map_at_100_diff1": 0.651335,
        "nauc_map_at_1000_max": 0.463477,
        "nauc_map_at_1000_std": -0.137289,
        "nauc_map_at_1000_diff1": 0.651707,
        "nauc_recall_at_1_max": 0.486585,
        "nauc_recall_at_1_std": -0.129491,
        "nauc_recall_at_1_diff1": 0.721231,
        "nauc_recall_at_3_max": 0.43623,
        "nauc_recall_at_3_std": -0.153658,
        "nauc_recall_at_3_diff1": 0.58519,
        "nauc_recall_at_5_max": 0.447295,
        "nauc_recall_at_5_std": -0.13278,
        "nauc_recall_at_5_diff1": 0.566745,
        "nauc_recall_at_10_max": 0.402562,
        "nauc_recall_at_10_std": -0.146859,
        "nauc_recall_at_10_diff1": 0.526727,
        "nauc_recall_at_20_max": 0.394454,
        "nauc_recall_at_20_std": -0.146511,
        "nauc_recall_at_20_diff1": 0.510263,
        "nauc_recall_at_100_max": 0.366472,
        "nauc_recall_at_100_std": -0.142668,
        "nauc_recall_at_100_diff1": 0.440012,
        "nauc_recall_at_1000_max": NaN,
        "nauc_recall_at_1000_std": NaN,
        "nauc_recall_at_1000_diff1": NaN,
        "nauc_precision_at_1_max": 0.486585,
        "nauc_precision_at_1_std": -0.129491,
        "nauc_precision_at_1_diff1": 0.721231,
        "nauc_precision_at_3_max": 0.43623,
        "nauc_precision_at_3_std": -0.153658,
        "nauc_precision_at_3_diff1": 0.58519,
        "nauc_precision_at_5_max": 0.447295,
        "nauc_precision_at_5_std": -0.13278,
        "nauc_precision_at_5_diff1": 0.566745,
        "nauc_precision_at_10_max": 0.402562,
        "nauc_precision_at_10_std": -0.146859,
        "nauc_precision_at_10_diff1": 0.526727,
        "nauc_precision_at_20_max": 0.394454,
        "nauc_precision_at_20_std": -0.146511,
        "nauc_precision_at_20_diff1": 0.510263,
        "nauc_precision_at_100_max": 0.366472,
        "nauc_precision_at_100_std": -0.142668,
        "nauc_precision_at_100_diff1": 0.440012,
        "nauc_precision_at_1000_max": NaN,
        "nauc_precision_at_1000_std": NaN,
        "nauc_precision_at_1000_diff1": NaN,
        "nauc_mrr_at_1_max": 0.486585,
        "nauc_mrr_at_1_std": -0.129491,
        "nauc_mrr_at_1_diff1": 0.721231,
        "nauc_mrr_at_3_max": 0.465592,
        "nauc_mrr_at_3_std": -0.139576,
        "nauc_mrr_at_3_diff1": 0.659035,
        "nauc_mrr_at_5_max": 0.468675,
        "nauc_mrr_at_5_std": -0.134913,
        "nauc_mrr_at_5_diff1": 0.655515,
        "nauc_mrr_at_10_max": 0.463243,
        "nauc_mrr_at_10_std": -0.137328,
        "nauc_mrr_at_10_diff1": 0.651291,
        "nauc_mrr_at_20_max": 0.463189,
        "nauc_mrr_at_20_std": -0.137031,
        "nauc_mrr_at_20_diff1": 0.651143,
        "nauc_mrr_at_100_max": 0.463309,
        "nauc_mrr_at_100_std": -0.137354,
        "nauc_mrr_at_100_diff1": 0.651335,
        "nauc_mrr_at_1000_max": 0.463477,
        "nauc_mrr_at_1000_std": -0.137289,
        "nauc_mrr_at_1000_diff1": 0.651707,
        "hit_rate_at_1": 0.37222,
        "hit_rate_at_3": 0.49,
        "hit_rate_at_5": 0.54,
        "hit_rate_at_10": 0.60444,
        "hit_rate_at_20": 0.66111,
        "hit_rate_at_100": 0.83222,
        "hit_rate_at_1000": 1.0,
        "main_score": 0.48258,
        "hf_subset": "default",
        "languages": [
          "eng-Latn"
        ]
      }
    ]
  },
  "evaluation_time": 1268.2905650138855,
  "kg_co2_emissions": null,
  "date": null
}