{
  "dataset_revision": "080c9ed6267b65029207906e815d44a9240bafca",
  "task_name": "FEVERHardNegatives",
  "mteb_version": "1.39.7",
  "scores": {
    "test": [
      {
        "ndcg_at_1": 0.891,
        "ndcg_at_3": 0.92525,
        "ndcg_at_5": 0.93005,
        "ndcg_at_10": 0.93422,
        "ndcg_at_20": 0.93638,
        "ndcg_at_100": 0.9388,
        "ndcg_at_1000": 0.93998,
        "map_at_1": 0.83705,
        "map_at_3": 0.90113,
        "map_at_5": 0.90632,
        "map_at_10": 0.90918,
        "map_at_20": 0.91035,
        "map_at_100": 0.91105,
        "map_at_1000": 0.91115,
        "recall_at_1": 0.83705,
        "recall_at_3": 0.95283,
        "recall_at_5": 0.96593,
        "recall_at_10": 0.97666,
        "recall_at_20": 0.98298,
        "recall_at_100": 0.99186,
        "recall_at_1000": 0.99845,
        "precision_at_1": 0.891,
        "precision_at_3": 0.34533,
        "precision_at_5": 0.2122,
        "precision_at_10": 0.109,
        "precision_at_20": 0.0554,
        "precision_at_100": 0.01139,
        "precision_at_1000": 0.00116,
        "mrr_at_1": 0.891,
        "mrr_at_3": 0.939667,
        "mrr_at_5": 0.940917,
        "mrr_at_10": 0.941183,
        "mrr_at_20": 0.941274,
        "mrr_at_100": 0.941274,
        "mrr_at_1000": 0.941274,
        "nauc_ndcg_at_1_max": -0.043272,
        "nauc_ndcg_at_1_std": -0.164337,
        "nauc_ndcg_at_1_diff1": 0.812174,
        "nauc_ndcg_at_3_max": 0.110262,
        "nauc_ndcg_at_3_std": -0.070456,
        "nauc_ndcg_at_3_diff1": 0.625272,
        "nauc_ndcg_at_5_max": 0.089745,
        "nauc_ndcg_at_5_std": -0.08673,
        "nauc_ndcg_at_5_diff1": 0.613199,
        "nauc_ndcg_at_10_max": 0.083474,
        "nauc_ndcg_at_10_std": -0.071244,
        "nauc_ndcg_at_10_diff1": 0.609544,
        "nauc_ndcg_at_20_max": 0.077298,
        "nauc_ndcg_at_20_std": -0.074017,
        "nauc_ndcg_at_20_diff1": 0.618111,
        "nauc_ndcg_at_100_max": 0.068938,
        "nauc_ndcg_at_100_std": -0.076077,
        "nauc_ndcg_at_100_diff1": 0.632666,
        "nauc_ndcg_at_1000_max": 0.072227,
        "nauc_ndcg_at_1000_std": -0.081374,
        "nauc_ndcg_at_1000_diff1": 0.648811,
        "nauc_map_at_1_max": 0.036892,
        "nauc_map_at_1_std": -0.102012,
        "nauc_map_at_1_diff1": 0.662566,
        "nauc_map_at_3_max": 0.096008,
        "nauc_map_at_3_std": -0.074416,
        "nauc_map_at_3_diff1": 0.616179,
        "nauc_map_at_5_max": 0.082559,
        "nauc_map_at_5_std": -0.088288,
        "nauc_map_at_5_diff1": 0.615343,
        "nauc_map_at_10_max": 0.081043,
        "nauc_map_at_10_std": -0.079532,
        "nauc_map_at_10_diff1": 0.613605,
        "nauc_map_at_20_max": 0.079417,
        "nauc_map_at_20_std": -0.08024,
        "nauc_map_at_20_diff1": 0.617148,
        "nauc_map_at_100_max": 0.07921,
        "nauc_map_at_100_std": -0.07934,
        "nauc_map_at_100_diff1": 0.619721,
        "nauc_map_at_1000_max": 0.079747,
        "nauc_map_at_1000_std": -0.079165,
        "nauc_map_at_1000_diff1": 0.620371,
        "nauc_recall_at_1_max": 0.036892,
        "nauc_recall_at_1_std": -0.102012,
        "nauc_recall_at_1_diff1": 0.662566,
        "nauc_recall_at_3_max": 0.269458,
        "nauc_recall_at_3_std": 0.059114,
        "nauc_recall_at_3_diff1": 0.363548,
        "nauc_recall_at_5_max": 0.244547,
        "nauc_recall_at_5_std": 0.009579,
        "nauc_recall_at_5_diff1": 0.262892,
        "nauc_recall_at_10_max": 0.230345,
        "nauc_recall_at_10_std": 0.114105,
        "nauc_recall_at_10_diff1": 0.111181,
        "nauc_recall_at_20_max": 0.248068,
        "nauc_recall_at_20_std": 0.182153,
        "nauc_recall_at_20_diff1": 0.026588,
        "nauc_recall_at_100_max": 0.137718,
        "nauc_recall_at_100_std": 0.35883,
        "nauc_recall_at_100_diff1": -0.154529,
        "nauc_recall_at_1000_max": 0.827803,
        "nauc_recall_at_1000_std": 0.607491,
        "nauc_recall_at_1000_diff1": 0.431531,
        "nauc_precision_at_1_max": -0.043272,
        "nauc_precision_at_1_std": -0.164337,
        "nauc_precision_at_1_diff1": 0.812174,
        "nauc_precision_at_3_max": -0.037278,
        "nauc_precision_at_3_std": 0.015542,
        "nauc_precision_at_3_diff1": -0.130783,
        "nauc_precision_at_5_max": -0.082816,
        "nauc_precision_at_5_std": -0.010778,
        "nauc_precision_at_5_diff1": -0.211721,
        "nauc_precision_at_10_max": -0.058849,
        "nauc_precision_at_10_std": 0.054559,
        "nauc_precision_at_10_diff1": -0.254434,
        "nauc_precision_at_20_max": -0.06118,
        "nauc_precision_at_20_std": 0.046376,
        "nauc_precision_at_20_diff1": -0.241344,
        "nauc_precision_at_100_max": -0.070394,
        "nauc_precision_at_100_std": 0.038525,
        "nauc_precision_at_100_diff1": -0.21924,
        "nauc_precision_at_1000_max": -0.042334,
        "nauc_precision_at_1000_std": 0.031976,
        "nauc_precision_at_1000_diff1": -0.184927,
        "nauc_mrr_at_1_max": -0.043272,
        "nauc_mrr_at_1_std": -0.164337,
        "nauc_mrr_at_1_diff1": 0.812174,
        "nauc_mrr_at_3_max": 0.011741,
        "nauc_mrr_at_3_std": -0.138882,
        "nauc_mrr_at_3_diff1": 0.80266,
        "nauc_mrr_at_5_max": 0.00345,
        "nauc_mrr_at_5_std": -0.14767,
        "nauc_mrr_at_5_diff1": 0.803651,
        "nauc_mrr_at_10_max": -0.000637,
        "nauc_mrr_at_10_std": -0.15012,
        "nauc_mrr_at_10_diff1": 0.804258,
        "nauc_mrr_at_20_max": -0.002202,
        "nauc_mrr_at_20_std": -0.150914,
        "nauc_mrr_at_20_diff1": 0.804387,
        "nauc_mrr_at_100_max": -0.002202,
        "nauc_mrr_at_100_std": -0.150914,
        "nauc_mrr_at_100_diff1": 0.804387,
        "nauc_mrr_at_1000_max": -0.002202,
        "nauc_mrr_at_1000_std": -0.150914,
        "nauc_mrr_at_1000_diff1": 0.804387,
        "main_score": 0.93422,
        "hf_subset": "default",
        "languages": [
          "eng-Latn"
        ]
      }
    ]
  },
  "evaluation_time": 525.109831571579,
  "kg_co2_emissions": null
}