{
  "dataset_revision": "d8c3e53160860f76de73ed3041a8593672fe5928",
  "evaluation_time": 16.42651629447937,
  "kg_co2_emissions": 0.0005712372504532673,
  "mteb_version": "1.14.15",
  "scores": {
    "test": [
      {
        "cv_recall_at_1": 0.34742,
        "cv_recall_at_10": 0.64495,
        "cv_recall_at_100": 0.89261,
        "cv_recall_at_1000": 1.0,
        "cv_recall_at_20": 0.73181,
        "cv_recall_at_3": 0.4912,
        "cv_recall_at_5": 0.55223,
        "hf_subset": "default",
        "languages": [
          "eng-Latn"
        ],
        "main_score": 0.47099,
        "map_at_1": 0.3168,
        "map_at_10": 0.4174,
        "map_at_100": 0.42891,
        "map_at_1000": 0.42964,
        "map_at_20": 0.42452,
        "map_at_3": 0.38858,
        "map_at_5": 0.40336,
        "mrr_at_1": 0.3474178403755869,
        "mrr_at_10": 0.4368251173708924,
        "mrr_at_100": 0.4467747716773178,
        "mrr_at_1000": 0.4473492263719362,
        "mrr_at_20": 0.44283028674721375,
        "mrr_at_3": 0.41060250391236325,
        "mrr_at_5": 0.42451095461658883,
        "nauc_cv_recall_at_1000_diff1": NaN,
        "nauc_cv_recall_at_1000_max": NaN,
        "nauc_cv_recall_at_1000_std": NaN,
        "nauc_cv_recall_at_100_diff1": 0.29811980740918986,
        "nauc_cv_recall_at_100_max": 0.45063921601883866,
        "nauc_cv_recall_at_100_std": 0.3715875912721109,
        "nauc_cv_recall_at_10_diff1": 0.398978176578042,
        "nauc_cv_recall_at_10_max": 0.458689695717411,
        "nauc_cv_recall_at_10_std": 0.19958601941659398,
        "nauc_cv_recall_at_1_diff1": 0.5620813412974358,
        "nauc_cv_recall_at_1_max": 0.4843656277475319,
        "nauc_cv_recall_at_1_std": 0.11894946325358623,
        "nauc_cv_recall_at_20_diff1": 0.3729502045238053,
        "nauc_cv_recall_at_20_max": 0.48913229901193495,
        "nauc_cv_recall_at_20_std": 0.2619507748268,
        "nauc_cv_recall_at_3_diff1": 0.44943031746916684,
        "nauc_cv_recall_at_3_max": 0.44994619227737864,
        "nauc_cv_recall_at_3_std": 0.12319388893214603,
        "nauc_cv_recall_at_5_diff1": 0.4092985409795055,
        "nauc_cv_recall_at_5_max": 0.45514450407029455,
        "nauc_cv_recall_at_5_std": 0.16211520219894276,
        "nauc_map_at_1000_diff1": 0.4852366358734004,
        "nauc_map_at_1000_max": 0.45645369497007304,
        "nauc_map_at_1000_std": 0.12793660170462867,
        "nauc_map_at_100_diff1": 0.48486622569879706,
        "nauc_map_at_100_max": 0.4562470725844519,
        "nauc_map_at_100_std": 0.12813477777193089,
        "nauc_map_at_10_diff1": 0.4853015548056877,
        "nauc_map_at_10_max": 0.4548618097937503,
        "nauc_map_at_10_std": 0.1246119483025515,
        "nauc_map_at_1_diff1": 0.5256196721267852,
        "nauc_map_at_1_max": 0.43988935431466,
        "nauc_map_at_1_std": 0.10649025489840355,
        "nauc_map_at_20_diff1": 0.4838141943806641,
        "nauc_map_at_20_max": 0.4564501474720878,
        "nauc_map_at_20_std": 0.12786308362751034,
        "nauc_map_at_3_diff1": 0.493640438338132,
        "nauc_map_at_3_max": 0.4529692391934569,
        "nauc_map_at_3_std": 0.10980886354494784,
        "nauc_map_at_5_diff1": 0.48715483489662165,
        "nauc_map_at_5_max": 0.4557392542287538,
        "nauc_map_at_5_std": 0.11836733447663561,
        "nauc_mrr_at_1000_diff1": 0.5017872063412575,
        "nauc_mrr_at_1000_max": 0.472651621920697,
        "nauc_mrr_at_1000_std": 0.13634572340943746,
        "nauc_mrr_at_100_diff1": 0.5015073567402262,
        "nauc_mrr_at_100_max": 0.47260120073093637,
        "nauc_mrr_at_100_std": 0.13660682574275282,
        "nauc_mrr_at_10_diff1": 0.5011035053826964,
        "nauc_mrr_at_10_max": 0.47166572333623263,
        "nauc_mrr_at_10_std": 0.13468808504396956,
        "nauc_mrr_at_1_diff1": 0.5620813412974358,
        "nauc_mrr_at_1_max": 0.4843656277475319,
        "nauc_mrr_at_1_std": 0.11894946325358623,
        "nauc_mrr_at_20_diff1": 0.5007715361148012,
        "nauc_mrr_at_20_max": 0.47321898855941197,
        "nauc_mrr_at_20_std": 0.13705508063501945,
        "nauc_mrr_at_3_diff1": 0.5096438881564405,
        "nauc_mrr_at_3_max": 0.4705934236888382,
        "nauc_mrr_at_3_std": 0.12272049863880667,
        "nauc_mrr_at_5_diff1": 0.5015436134401885,
        "nauc_mrr_at_5_max": 0.471362959565864,
        "nauc_mrr_at_5_std": 0.13083111650314064,
        "nauc_ndcg_at_1000_diff1": 0.4763671325599036,
        "nauc_ndcg_at_1000_max": 0.46065176479370146,
        "nauc_ndcg_at_1000_std": 0.14310023987493925,
        "nauc_ndcg_at_100_diff1": 0.46627875353487075,
        "nauc_ndcg_at_100_max": 0.4573633530881693,
        "nauc_ndcg_at_100_std": 0.15264301632832858,
        "nauc_ndcg_at_10_diff1": 0.46563674156882756,
        "nauc_ndcg_at_10_max": 0.4537718028451956,
        "nauc_ndcg_at_10_std": 0.1390983566568873,
        "nauc_ndcg_at_1_diff1": 0.5620813412974358,
        "nauc_ndcg_at_1_max": 0.4843656277475319,
        "nauc_ndcg_at_1_std": 0.11894946325358623,
        "nauc_ndcg_at_20_diff1": 0.4606648565949556,
        "nauc_ndcg_at_20_max": 0.45920639250109935,
        "nauc_ndcg_at_20_std": 0.1503954516450731,
        "nauc_ndcg_at_3_diff1": 0.4821370521545835,
        "nauc_ndcg_at_3_max": 0.4513298147550877,
        "nauc_ndcg_at_3_std": 0.11129151740068745,
        "nauc_ndcg_at_5_diff1": 0.46889087678173097,
        "nauc_ndcg_at_5_max": 0.45491768870501403,
        "nauc_ndcg_at_5_std": 0.12648142053185824,
        "nauc_precision_at_1000_diff1": 0.05150095055563062,
        "nauc_precision_at_1000_max": 0.1655840310559125,
        "nauc_precision_at_1000_std": 0.1792630293108325,
        "nauc_precision_at_100_diff1": 0.14622991902466023,
        "nauc_precision_at_100_max": 0.27736789864222217,
        "nauc_precision_at_100_std": 0.2788232378312367,
        "nauc_precision_at_10_diff1": 0.3307942114138622,
        "nauc_precision_at_10_max": 0.4033798592261588,
        "nauc_precision_at_10_std": 0.20033959961619502,
        "nauc_precision_at_1_diff1": 0.5620813412974358,
        "nauc_precision_at_1_max": 0.4843656277475319,
        "nauc_precision_at_1_std": 0.11894946325358623,
        "nauc_precision_at_20_diff1": 0.2586281208255935,
        "nauc_precision_at_20_max": 0.3815160971910013,
        "nauc_precision_at_20_std": 0.23854154992624316,
        "nauc_precision_at_3_diff1": 0.42706454311532577,
        "nauc_precision_at_3_max": 0.4494527576497608,
        "nauc_precision_at_3_std": 0.1264296344215979,
        "nauc_precision_at_5_diff1": 0.380597374850189,
        "nauc_precision_at_5_max": 0.4442330974856617,
        "nauc_precision_at_5_std": 0.16079472731993494,
        "nauc_recall_at_1000_diff1": NaN,
        "nauc_recall_at_1000_max": NaN,
        "nauc_recall_at_1000_std": NaN,
        "nauc_recall_at_100_diff1": 0.26048392546232174,
        "nauc_recall_at_100_max": 0.39061407260542474,
        "nauc_recall_at_100_std": 0.33920008265197765,
        "nauc_recall_at_10_diff1": 0.37099357579204434,
        "nauc_recall_at_10_max": 0.41855485945070064,
        "nauc_recall_at_10_std": 0.1704446600292298,
        "nauc_recall_at_1_diff1": 0.5256196721267852,
        "nauc_recall_at_1_max": 0.43988935431466,
        "nauc_recall_at_1_std": 0.10649025489840355,
        "nauc_recall_at_20_diff1": 0.32650465303080517,
        "nauc_recall_at_20_max": 0.43434120761185463,
        "nauc_recall_at_20_std": 0.22931220469803862,
        "nauc_recall_at_3_diff1": 0.43136707071264474,
        "nauc_recall_at_3_max": 0.4253244182258466,
        "nauc_recall_at_3_std": 0.09978733743379865,
        "nauc_recall_at_5_diff1": 0.3919436668076118,
        "nauc_recall_at_5_max": 0.4281814265061311,
        "nauc_recall_at_5_std": 0.13431075819794533,
        "ndcg_at_1": 0.34742,
        "ndcg_at_10": 0.47099,
        "ndcg_at_100": 0.52681,
        "ndcg_at_1000": 0.54292,
        "ndcg_at_20": 0.49523,
        "ndcg_at_3": 0.41302,
        "ndcg_at_5": 0.43883,