{
  "dataset_revision": "a424cd523ffb157b69a875fb5e71c1d51be54089",
  "evaluation_time": 136.01252484321594,
  "kg_co2_emissions": 0.005505540698625709,
  "mteb_version": "1.14.15",
  "scores": {
    "test": [
      {
        "cv_recall_at_1": 0.04561,
        "cv_recall_at_10": 0.21329,
        "cv_recall_at_100": 0.48393,
        "cv_recall_at_1000": 0.68115,
        "cv_recall_at_20": 0.29105,
        "cv_recall_at_3": 0.10209,
        "cv_recall_at_5": 0.14075,
        "hf_subset": "default",
        "languages": [
          "eng-Latn"
        ],
        "main_score": 0.10209,
        "map_at_1": 0.04518,
        "map_at_10": 0.08856,
        "map_at_100": 0.09839,
        "map_at_1000": 0.09935,
        "map_at_20": 0.09389,
        "map_at_3": 0.07023,
        "map_at_5": 0.07887,
        "mrr_at_1": 0.045612510860121636,
        "mrr_at_10": 0.0887047839697708,
        "mrr_at_100": 0.09853313361429454,
        "mrr_at_1000": 0.09949359534911274,
        "mrr_at_20": 0.09403248732636213,
        "mrr_at_3": 0.07037358818418762,
        "mrr_at_5": 0.07901824500434397,
        "nauc_cv_recall_at_1000_diff1": 0.08998659051930127,
        "nauc_cv_recall_at_1000_max": 0.29838722709281573,
        "nauc_cv_recall_at_1000_std": 0.5165306661332991,
        "nauc_cv_recall_at_100_diff1": 0.13309390720352793,
        "nauc_cv_recall_at_100_max": 0.2806575024425978,
        "nauc_cv_recall_at_100_std": 0.5009499614043867,
        "nauc_cv_recall_at_10_diff1": 0.1885455104593563,
        "nauc_cv_recall_at_10_max": 0.2936655943849285,
        "nauc_cv_recall_at_10_std": 0.42260779295228945,
        "nauc_cv_recall_at_1_diff1": 0.4103237036281538,
        "nauc_cv_recall_at_1_max": 0.2726526998850546,
        "nauc_cv_recall_at_1_std": 0.34520098330475196,
        "nauc_cv_recall_at_20_diff1": 0.1432180630559923,
        "nauc_cv_recall_at_20_max": 0.26934832614332704,
        "nauc_cv_recall_at_20_std": 0.4413594049689595,
        "nauc_cv_recall_at_3_diff1": 0.25175149872232677,
        "nauc_cv_recall_at_3_max": 0.2728807017565397,
        "nauc_cv_recall_at_3_std": 0.3264478955668623,
        "nauc_cv_recall_at_5_diff1": 0.22062472850073248,
        "nauc_cv_recall_at_5_max": 0.29008647647332686,
        "nauc_cv_recall_at_5_std": 0.37050727552072493,
        "nauc_map_at_1000_diff1": 0.2657646368377767,
        "nauc_map_at_1000_max": 0.27316525551816473,
        "nauc_map_at_1000_std": 0.3699032094019955,
        "nauc_map_at_100_diff1": 0.26575334985910226,
        "nauc_map_at_100_max": 0.27336813583245456,
        "nauc_map_at_100_std": 0.37014490232478225,
        "nauc_map_at_10_diff1": 0.27589256066040246,
        "nauc_map_at_10_max": 0.2748753796165321,
        "nauc_map_at_10_std": 0.36100001859762787,
        "nauc_map_at_1_diff1": 0.4197929200957947,
        "nauc_map_at_1_max": 0.26891109322285606,
        "nauc_map_at_1_std": 0.33890483891345147,
        "nauc_map_at_20_diff1": 0.2666673114735445,
        "nauc_map_at_20_max": 0.271505176716732,
        "nauc_map_at_20_std": 0.365209001707755,
        "nauc_map_at_3_diff1": 0.30734161068072263,
        "nauc_map_at_3_max": 0.26576692598173146,
        "nauc_map_at_3_std": 0.3289741703763059,
        "nauc_map_at_5_diff1": 0.2914662442871857,
        "nauc_map_at_5_max": 0.2729491177347696,
        "nauc_map_at_5_std": 0.3449188662003116,
        "nauc_mrr_at_1000_diff1": 0.263980075650584,
        "nauc_mrr_at_1000_max": 0.27485267642444,
        "nauc_mrr_at_1000_std": 0.37203748889686666,
        "nauc_mrr_at_100_diff1": 0.26397313341476203,
        "nauc_mrr_at_100_max": 0.2750511210370245,
        "nauc_mrr_at_100_std": 0.3722735968745019,
        "nauc_mrr_at_10_diff1": 0.2740347403941936,
        "nauc_mrr_at_10_max": 0.27658956885057395,
        "nauc_mrr_at_10_std": 0.3632104387443759,
        "nauc_mrr_at_1_diff1": 0.4103237036281538,
        "nauc_mrr_at_1_max": 0.2726526998850546,
        "nauc_mrr_at_1_std": 0.34520098330475196,
        "nauc_mrr_at_20_diff1": 0.2648763226886072,
        "nauc_mrr_at_20_max": 0.27319754392450885,
        "nauc_mrr_at_20_std": 0.3673561722417322,
        "nauc_mrr_at_3_diff1": 0.3050005563220307,
        "nauc_mrr_at_3_max": 0.2676962004567793,
        "nauc_mrr_at_3_std": 0.3316044575118825,
        "nauc_mrr_at_5_diff1": 0.2893320681019484,
        "nauc_mrr_at_5_max": 0.27471916783807326,
        "nauc_mrr_at_5_std": 0.3473203277877054,
        "nauc_ndcg_at_1000_diff1": 0.2100555837337318,
        "nauc_ndcg_at_1000_max": 0.27904671591878355,
        "nauc_ndcg_at_1000_std": 0.4142593958950592,
        "nauc_ndcg_at_100_diff1": 0.2133847215585164,
        "nauc_ndcg_at_100_max": 0.2772713464650476,
        "nauc_ndcg_at_100_std": 0.41641150796006854,
        "nauc_ndcg_at_10_diff1": 0.24137499828006762,
        "nauc_ndcg_at_10_max": 0.28193716404030916,
        "nauc_ndcg_at_10_std": 0.38343981791252735,
        "nauc_ndcg_at_1_diff1": 0.4197929200957947,
        "nauc_ndcg_at_1_max": 0.26891109322285606,
        "nauc_ndcg_at_1_std": 0.33890483891345147,
        "nauc_ndcg_at_20_diff1": 0.21769115020401383,
        "nauc_ndcg_at_20_max": 0.27179038165159963,
        "nauc_ndcg_at_20_std": 0.39411818565436296,
        "nauc_ndcg_at_3_diff1": 0.28860546991002367,
        "nauc_ndcg_at_3_max": 0.26792379784758047,
        "nauc_ndcg_at_3_std": 0.32805652502506377,
        "nauc_ndcg_at_5_diff1": 0.2660573213796108,
        "nauc_ndcg_at_5_max": 0.2787143413525069,
        "nauc_ndcg_at_5_std": 0.35334294492075524,
        "nauc_precision_at_1000_diff1": 0.08998659051930123,
        "nauc_precision_at_1000_max": 0.2983872270928155,
        "nauc_precision_at_1000_std": 0.5165306661332993,
        "nauc_precision_at_100_diff1": 0.1330939072035278,
        "nauc_precision_at_100_max": 0.28065750244259774,
        "nauc_precision_at_100_std": 0.500949961404387,
        "nauc_precision_at_10_diff1": 0.18854551045935627,
        "nauc_precision_at_10_max": 0.29366559438492873,
        "nauc_precision_at_10_std": 0.42260779295228973,
        "nauc_precision_at_1_diff1": 0.4197929200957947,
        "nauc_precision_at_1_max": 0.26891109322285606,
        "nauc_precision_at_1_std": 0.33890483891345147,
        "nauc_precision_at_20_diff1": 0.14321806305599236,
        "nauc_precision_at_20_max": 0.26934832614332743,
        "nauc_precision_at_20_std": 0.4413594049689599,
        "nauc_precision_at_3_diff1": 0.25175149872232666,
        "nauc_precision_at_3_max": 0.27288070175653967,
        "nauc_precision_at_3_std": 0.3264478955668624,
        "nauc_precision_at_5_diff1": 0.22062472850073253,
        "nauc_precision_at_5_max": 0.29008647647332675,
        "nauc_precision_at_5_std": 0.3705072755207251,
        "nauc_recall_at_1000_diff1": 0.08998659051930127,
        "nauc_recall_at_1000_max": 0.29838722709281573,
        "nauc_recall_at_1000_std": 0.5165306661332991,
        "nauc_recall_at_100_diff1": 0.13309390720352793,
        "nauc_recall_at_100_max": 0.2806575024425978,
        "nauc_recall_at_100_std": 0.5009499614043867,
        "nauc_recall_at_10_diff1": 0.1885455104593563,
        "nauc_recall_at_10_max": 0.2936655943849285,
        "nauc_recall_at_10_std": 0.42260779295228945,
        "nauc_recall_at_1_diff1": 0.4197929200957947,
        "nauc_recall_at_1_max": 0.26891109322285606,
        "nauc_recall_at_1_std": 0.33890483891345147,
        "nauc_recall_at_20_diff1": 0.1432180630559923,
        "nauc_recall_at_20_max": 0.26934832614332704,
        "nauc_recall_at_20_std": 0.4413594049689595,
        "nauc_recall_at_3_diff1": 0.25175149872232677,
        "nauc_recall_at_3_max": 0.2728807017565397,
        "nauc_recall_at_3_std": 0.3264478955668623,
        "nauc_recall_at_5_diff1": 0.22062472850073248,
        "nauc_recall_at_5_max": 0.29008647647332686,
        "nauc_recall_at_5_std": 0.37050727552072493,
        "ndcg_at_1": 0.04518,
        "ndcg_at_10": 0.11763,
        "ndcg_at_100": 0.17207,
        "ndcg_at_1000": 0.19743,