{
    "dataset_revision": "None",
    "task_name": "CQADupstackTexRetrieval",
    "evaluation_time": null,
    "mteb_version": null,
    "scores": {
        "test": [
            {
                "hf_subset": "default",
                "languages": [
                    "eng-Latn"
                ],
                "map_at_1": 0.17777,
                "map_at_10": 0.25201,
                "map_at_100": 0.26424,
                "map_at_1000": 0.26544,
                "map_at_3": 0.22869,
                "map_at_5": 0.24023,
                "mrr_at_1": 0.21472999999999998,
                "mrr_at_10": 0.2912,
                "mrr_at_100": 0.30144,
                "mrr_at_1000": 0.30216,
                "mrr_at_3": 0.26933,
                "mrr_at_5": 0.28051,
                "ndcg_at_1": 0.21472999999999998,
                "ndcg_at_10": 0.30003,
                "ndcg_at_100": 0.35766,
                "ndcg_at_1000": 0.3850100000000001,
                "ndcg_at_3": 0.25773,
                "ndcg_at_5": 0.27463,
                "precision_at_1": 0.21472999999999998,
                "precision_at_10": 0.05482,
                "precision_at_100": 0.00975,
                "precision_at_1000": 0.00138,
                "precision_at_3": 0.12205,
                "precision_at_5": 0.08692,
                "recall_at_1": 0.17777,
                "recall_at_10": 0.40582,
                "recall_at_100": 0.66305,
                "recall_at_1000": 0.85636,
                "recall_at_3": 0.28687,
                "recall_at_5": 0.33088999999999996,
                "main_score": 0.30003
            }
        ]
    }
}