{
    "dataset_revision": "None",
    "task_name": "NQ",
    "evaluation_time": NaN,
    "mteb_version": "unknown",
    "scores": {
        "test": [
            {
                "hf_subset": "default",
                "languages": [
                    "eng-Latn"
                ],
                "map_at_1": 9.26,
                "map_at_10": 17.907999999999998,
                "map_at_100": 19.245,
                "map_at_1000": 19.339000000000002,
                "map_at_3": 14.634,
                "map_at_5": 16.386,
                "mrr_at_1": 10.574,
                "mrr_at_10": 19.438,
                "mrr_at_100": 20.638,
                "mrr_at_1000": 20.715,
                "mrr_at_3": 16.276,
                "mrr_at_5": 17.971999999999998,
                "ndcg_at_1": 10.574,
                "ndcg_at_10": 23.451,
                "ndcg_at_100": 29.982,
                "ndcg_at_1000": 32.449,
                "ndcg_at_3": 16.817,
                "ndcg_at_5": 19.867,
                "precision_at_1": 10.574,
                "precision_at_10": 4.609,
                "precision_at_100": 0.8330000000000001,
                "precision_at_1000": 0.107,
                "precision_at_3": 8.266,
                "precision_at_5": 6.6739999999999995,
                "recall_at_1": 9.26,
                "recall_at_10": 39.224,
                "recall_at_100": 69.107,
                "recall_at_1000": 87.908,
                "recall_at_3": 21.490000000000002,
                "recall_at_5": 28.560999999999996,
                "main_score": 23.451
            }
        ]
    }
}