{
  "dataset_revision": "482d6e560d977b137e435d33379c5a8049e70e8d",
  "task_name": "CQADupstackWebmasters-VN",
  "mteb_version": "2.10.8",
  "scores": {
    "test": [
      {
        "ndcg_at_1": 0.115,
        "ndcg_at_3": 0.1394,
        "ndcg_at_5": 0.15133,
        "ndcg_at_10": 0.16431,
        "ndcg_at_20": 0.17615,
        "ndcg_at_100": 0.2083,
        "ndcg_at_1000": 0.24467,
        "map_at_1": 0.09697,
        "map_at_3": 0.12084,
        "map_at_5": 0.12905,
        "map_at_10": 0.13513,
        "map_at_20": 0.13879,
        "map_at_100": 0.14366,
        "map_at_1000": 0.14539,
        "recall_at_1": 0.09697,
        "recall_at_3": 0.1494,
        "recall_at_5": 0.18017,
        "recall_at_10": 0.22245,
        "recall_at_20": 0.26822,
        "recall_at_100": 0.43249,
        "recall_at_1000": 0.68207,
        "accuracy": 0.09697,
        "precision_at_1": 0.115,
        "precision_at_3": 0.06583,
        "precision_at_5": 0.0495,
        "precision_at_10": 0.032,
        "precision_at_20": 0.02087,
        "precision_at_100": 0.00833,
        "precision_at_1000": 0.00169,
        "mrr_at_1": 0.115,
        "mrr_at_3": 0.148333,
        "mrr_at_5": 0.155208,
        "mrr_at_10": 0.161581,
        "mrr_at_20": 0.164861,
        "mrr_at_100": 0.169314,
        "mrr_at_1000": 0.170256,
        "nauc_ndcg_at_1_max": 0.211787,
        "nauc_ndcg_at_1_std": -0.071539,
        "nauc_ndcg_at_1_diff1": 0.51066,
        "nauc_ndcg_at_3_max": 0.167891,
        "nauc_ndcg_at_3_std": -0.085137,
        "nauc_ndcg_at_3_diff1": 0.427094,
        "nauc_ndcg_at_5_max": 0.141555,
        "nauc_ndcg_at_5_std": -0.081123,
        "nauc_ndcg_at_5_diff1": 0.420478,
        "nauc_ndcg_at_10_max": 0.130035,
        "nauc_ndcg_at_10_std": -0.061919,
        "nauc_ndcg_at_10_diff1": 0.404859,
        "nauc_ndcg_at_20_max": 0.122244,
        "nauc_ndcg_at_20_std": -0.068419,
        "nauc_ndcg_at_20_diff1": 0.39203,
        "nauc_ndcg_at_100_max": 0.145958,
        "nauc_ndcg_at_100_std": -0.039631,
        "nauc_ndcg_at_100_diff1": 0.391505,
        "nauc_ndcg_at_1000_max": 0.152384,
        "nauc_ndcg_at_1000_std": -0.035303,
        "nauc_ndcg_at_1000_diff1": 0.388647,
        "nauc_map_at_1_max": 0.167125,
        "nauc_map_at_1_std": -0.110069,
        "nauc_map_at_1_diff1": 0.532786,
        "nauc_map_at_3_max": 0.175772,
        "nauc_map_at_3_std": -0.091977,
        "nauc_map_at_3_diff1": 0.470721,
        "nauc_map_at_5_max": 0.160251,
        "nauc_map_at_5_std": -0.086817,
        "nauc_map_at_5_diff1": 0.46356,
        "nauc_map_at_10_max": 0.153379,
        "nauc_map_at_10_std": -0.078303,
        "nauc_map_at_10_diff1": 0.45267,
        "nauc_map_at_20_max": 0.148987,
        "nauc_map_at_20_std": -0.080572,
        "nauc_map_at_20_diff1": 0.447072,
        "nauc_map_at_100_max": 0.151884,
        "nauc_map_at_100_std": -0.074677,
        "nauc_map_at_100_diff1": 0.445077,
        "nauc_map_at_1000_max": 0.150431,
        "nauc_map_at_1000_std": -0.0747,
        "nauc_map_at_1000_diff1": 0.443582,
        "nauc_recall_at_1_max": 0.167125,
        "nauc_recall_at_1_std": -0.110069,
        "nauc_recall_at_1_diff1": 0.532786,
        "nauc_recall_at_3_max": 0.175823,
        "nauc_recall_at_3_std": -0.080626,
        "nauc_recall_at_3_diff1": 0.409444,
        "nauc_recall_at_5_max": 0.12473,
        "nauc_recall_at_5_std": -0.064083,
        "nauc_recall_at_5_diff1": 0.39291,
        "nauc_recall_at_10_max": 0.102176,
        "nauc_recall_at_10_std": -0.009162,
        "nauc_recall_at_10_diff1": 0.338156,
        "nauc_recall_at_20_max": 0.078261,
        "nauc_recall_at_20_std": -0.033915,
        "nauc_recall_at_20_diff1": 0.29949,
        "nauc_recall_at_100_max": 0.150394,
        "nauc_recall_at_100_std": 0.060783,
        "nauc_recall_at_100_diff1": 0.282898,
        "nauc_recall_at_1000_max": 0.223631,
        "nauc_recall_at_1000_std": 0.125643,
        "nauc_recall_at_1000_diff1": 0.239072,
        "nauc_precision_at_1_max": 0.211787,
        "nauc_precision_at_1_std": -0.071539,
        "nauc_precision_at_1_diff1": 0.51066,
        "nauc_precision_at_3_max": 0.158219,
        "nauc_precision_at_3_std": -0.061532,
        "nauc_precision_at_3_diff1": 0.33012,
        "nauc_precision_at_5_max": 0.101708,
        "nauc_precision_at_5_std": -0.066274,
        "nauc_precision_at_5_diff1": 0.297681,
        "nauc_precision_at_10_max": 0.050273,
        "nauc_precision_at_10_std": -0.042323,
        "nauc_precision_at_10_diff1": 0.236338,
        "nauc_precision_at_20_max": 0.011224,
        "nauc_precision_at_20_std": -0.037568,
        "nauc_precision_at_20_diff1": 0.177125,
        "nauc_precision_at_100_max": -0.042246,
        "nauc_precision_at_100_std": 0.010019,
        "nauc_precision_at_100_diff1": 0.061441,
        "nauc_precision_at_1000_max": -0.11538,
        "nauc_precision_at_1000_std": -0.034158,
        "nauc_precision_at_1000_diff1": -0.0734,
        "nauc_mrr_at_1_max": 0.211787,
        "nauc_mrr_at_1_std": -0.071539,
        "nauc_mrr_at_1_diff1": 0.51066,
        "nauc_mrr_at_3_max": 0.169942,
        "nauc_mrr_at_3_std": -0.087302,
        "nauc_mrr_at_3_diff1": 0.414093,
        "nauc_mrr_at_5_max": 0.155056,
        "nauc_mrr_at_5_std": -0.086141,
        "nauc_mrr_at_5_diff1": 0.409059,
        "nauc_mrr_at_10_max": 0.148229,
        "nauc_mrr_at_10_std": -0.079083,
        "nauc_mrr_at_10_diff1": 0.402873,
        "nauc_mrr_at_20_max": 0.149061,
        "nauc_mrr_at_20_std": -0.079491,
        "nauc_mrr_at_20_diff1": 0.400373,
        "nauc_mrr_at_100_max": 0.152205,
        "nauc_mrr_at_100_std": -0.07324,
        "nauc_mrr_at_100_diff1": 0.400857,
        "nauc_mrr_at_1000_max": 0.152598,
        "nauc_mrr_at_1000_std": -0.073054,
        "nauc_mrr_at_1000_diff1": 0.40099,
        "hit_rate_at_1": 0.115,
        "hit_rate_at_3": 0.19,
        "hit_rate_at_5": 0.22,
        "hit_rate_at_10": 0.27,
        "hit_rate_at_20": 0.3175,
        "hit_rate_at_100": 0.5025,
        "hit_rate_at_1000": 0.7375,
        "main_score": 0.16431,
        "hf_subset": "default",
        "languages": [
          "vie-Latn"
        ]
      }
    ]
  },
  "evaluation_time": 12.186756134033203,
  "kg_co2_emissions": null,
  "date": 1774909449.007499
}