{
  "dataset_revision": "13529e6e301e9d72f86def882cfbca04791d83f9",
  "task_name": "DBPedia-Fa",
  "mteb_version": "2.10.8",
  "scores": {
    "test": [
      {
        "ndcg_at_1": 0.1425,
        "ndcg_at_3": 0.12467,
        "ndcg_at_5": 0.11474,
        "ndcg_at_10": 0.10822,
        "ndcg_at_20": 0.10489,
        "ndcg_at_100": 0.12616,
        "ndcg_at_1000": 0.1736,
        "map_at_1": 0.0187,
        "map_at_3": 0.02812,
        "map_at_5": 0.03221,
        "map_at_10": 0.03827,
        "map_at_20": 0.04314,
        "map_at_100": 0.05133,
        "map_at_1000": 0.05556,
        "recall_at_1": 0.0187,
        "recall_at_3": 0.03448,
        "recall_at_5": 0.04419,
        "recall_at_10": 0.0642,
        "recall_at_20": 0.08427,
        "recall_at_100": 0.16648,
        "recall_at_1000": 0.33212,
        "accuracy": 0.0187,
        "precision_at_1": 0.1975,
        "precision_at_3": 0.15417,
        "precision_at_5": 0.1275,
        "precision_at_10": 0.0985,
        "precision_at_20": 0.07475,
        "precision_at_100": 0.03308,
        "precision_at_1000": 0.0078,
        "mrr_at_1": 0.1975,
        "mrr_at_3": 0.253333,
        "mrr_at_5": 0.266208,
        "mrr_at_10": 0.277884,
        "mrr_at_20": 0.283071,
        "mrr_at_100": 0.287254,
        "mrr_at_1000": 0.287828,
        "nauc_ndcg_at_1_max": 0.196408,
        "nauc_ndcg_at_1_std": 0.214777,
        "nauc_ndcg_at_1_diff1": 0.255396,
        "nauc_ndcg_at_3_max": 0.174702,
        "nauc_ndcg_at_3_std": 0.233816,
        "nauc_ndcg_at_3_diff1": 0.248398,
        "nauc_ndcg_at_5_max": 0.172641,
        "nauc_ndcg_at_5_std": 0.240074,
        "nauc_ndcg_at_5_diff1": 0.245766,
        "nauc_ndcg_at_10_max": 0.165816,
        "nauc_ndcg_at_10_std": 0.215107,
        "nauc_ndcg_at_10_diff1": 0.220894,
        "nauc_ndcg_at_20_max": 0.152428,
        "nauc_ndcg_at_20_std": 0.211809,
        "nauc_ndcg_at_20_diff1": 0.229334,
        "nauc_ndcg_at_100_max": 0.135529,
        "nauc_ndcg_at_100_std": 0.242727,
        "nauc_ndcg_at_100_diff1": 0.213482,
        "nauc_ndcg_at_1000_max": 0.171106,
        "nauc_ndcg_at_1000_std": 0.332703,
        "nauc_ndcg_at_1000_diff1": 0.226647,
        "nauc_map_at_1_max": -0.061181,
        "nauc_map_at_1_std": 0.161506,
        "nauc_map_at_1_diff1": 0.213575,
        "nauc_map_at_3_max": -0.015008,
        "nauc_map_at_3_std": 0.130594,
        "nauc_map_at_3_diff1": 0.222031,
        "nauc_map_at_5_max": 0.011625,
        "nauc_map_at_5_std": 0.139752,
        "nauc_map_at_5_diff1": 0.213395,
        "nauc_map_at_10_max": 0.03653,
        "nauc_map_at_10_std": 0.13124,
        "nauc_map_at_10_diff1": 0.198673,
        "nauc_map_at_20_max": 0.064928,
        "nauc_map_at_20_std": 0.154322,
        "nauc_map_at_20_diff1": 0.201272,
        "nauc_map_at_100_max": 0.099974,
        "nauc_map_at_100_std": 0.191157,
        "nauc_map_at_100_diff1": 0.194004,
        "nauc_map_at_1000_max": 0.116288,
        "nauc_map_at_1000_std": 0.217486,
        "nauc_map_at_1000_diff1": 0.198003,
        "nauc_recall_at_1_max": -0.061181,
        "nauc_recall_at_1_std": 0.161506,
        "nauc_recall_at_1_diff1": 0.213575,
        "nauc_recall_at_3_max": -0.042069,
        "nauc_recall_at_3_std": 0.09525,
        "nauc_recall_at_3_diff1": 0.236448,
        "nauc_recall_at_5_max": -0.00553,
        "nauc_recall_at_5_std": 0.101998,
        "nauc_recall_at_5_diff1": 0.218055,
        "nauc_recall_at_10_max": 0.015931,
        "nauc_recall_at_10_std": 0.055344,
        "nauc_recall_at_10_diff1": 0.156087,
        "nauc_recall_at_20_max": 0.054458,
        "nauc_recall_at_20_std": 0.101237,
        "nauc_recall_at_20_diff1": 0.172723,
        "nauc_recall_at_100_max": 0.074566,
        "nauc_recall_at_100_std": 0.202225,
        "nauc_recall_at_100_diff1": 0.135887,
        "nauc_recall_at_1000_max": 0.103446,
        "nauc_recall_at_1000_std": 0.335119,
        "nauc_recall_at_1000_diff1": 0.153679,
        "nauc_precision_at_1_max": 0.270061,
        "nauc_precision_at_1_std": 0.23675,
        "nauc_precision_at_1_diff1": 0.257223,
        "nauc_precision_at_3_max": 0.236431,
        "nauc_precision_at_3_std": 0.234665,
        "nauc_precision_at_3_diff1": 0.2202,
        "nauc_precision_at_5_max": 0.260683,
        "nauc_precision_at_5_std": 0.253757,
        "nauc_precision_at_5_diff1": 0.215157,
        "nauc_precision_at_10_max": 0.280542,
        "nauc_precision_at_10_std": 0.23664,
        "nauc_precision_at_10_diff1": 0.177492,
        "nauc_precision_at_20_max": 0.290028,
        "nauc_precision_at_20_std": 0.284812,
        "nauc_precision_at_20_diff1": 0.196066,
        "nauc_precision_at_100_max": 0.308721,
        "nauc_precision_at_100_std": 0.357779,
        "nauc_precision_at_100_diff1": 0.167651,
        "nauc_precision_at_1000_max": 0.310844,
        "nauc_precision_at_1000_std": 0.386344,
        "nauc_precision_at_1000_diff1": 0.138843,
        "nauc_mrr_at_1_max": 0.270061,
        "nauc_mrr_at_1_std": 0.23675,
        "nauc_mrr_at_1_diff1": 0.257223,
        "nauc_mrr_at_3_max": 0.248944,
        "nauc_mrr_at_3_std": 0.24594,
        "nauc_mrr_at_3_diff1": 0.251846,
        "nauc_mrr_at_5_max": 0.251943,
        "nauc_mrr_at_5_std": 0.246486,
        "nauc_mrr_at_5_diff1": 0.25405,
        "nauc_mrr_at_10_max": 0.262364,
        "nauc_mrr_at_10_std": 0.246853,
        "nauc_mrr_at_10_diff1": 0.252197,
        "nauc_mrr_at_20_max": 0.262543,
        "nauc_mrr_at_20_std": 0.247152,
        "nauc_mrr_at_20_diff1": 0.252076,
        "nauc_mrr_at_100_max": 0.262261,
        "nauc_mrr_at_100_std": 0.248497,
        "nauc_mrr_at_100_diff1": 0.25248,
        "nauc_mrr_at_1000_max": 0.262257,
        "nauc_mrr_at_1000_std": 0.248589,
        "nauc_mrr_at_1000_diff1": 0.252422,
        "hit_rate_at_1": 0.1975,
        "hit_rate_at_3": 0.325,
        "hit_rate_at_5": 0.3825,
        "hit_rate_at_10": 0.47,
        "hit_rate_at_20": 0.545,
        "hit_rate_at_100": 0.7225,
        "hit_rate_at_1000": 0.855,
        "main_score": 0.10822,
        "hf_subset": "default",
        "languages": [
          "fas-Arab"
        ]
      }
    ]
  },
  "evaluation_time": 1441.4489741325378,
  "kg_co2_emissions": null,
  "date": 1774910765.512043
}