{
  "dataset_revision": "ab518f4d6fcca38d87c25209f94beba119d02014",
  "task_name": "HotpotQA",
  "mteb_version": "2.10.8",
  "scores": {
    "test": [
      {
        "ndcg_at_1": 0.23795,
        "ndcg_at_3": 0.1926,
        "ndcg_at_5": 0.20785,
        "ndcg_at_10": 0.22461,
        "ndcg_at_20": 0.23767,
        "ndcg_at_100": 0.2622,
        "ndcg_at_1000": 0.28987,
        "map_at_1": 0.11897,
        "map_at_3": 0.15335,
        "map_at_5": 0.16198,
        "map_at_10": 0.16917,
        "map_at_20": 0.17307,
        "map_at_100": 0.17667,
        "map_at_1000": 0.17772,
        "recall_at_1": 0.11897,
        "recall_at_3": 0.18447,
        "recall_at_5": 0.21465,
        "recall_at_10": 0.25672,
        "recall_at_20": 0.29878,
        "recall_at_100": 0.40871,
        "recall_at_1000": 0.59487,
        "accuracy": 0.11897,
        "precision_at_1": 0.23795,
        "precision_at_3": 0.12298,
        "precision_at_5": 0.08586,
        "precision_at_10": 0.05134,
        "precision_at_20": 0.02988,
        "precision_at_100": 0.00817,
        "precision_at_1000": 0.00119,
        "mrr_at_1": 0.237947,
        "mrr_at_3": 0.283705,
        "mrr_at_5": 0.294076,
        "mrr_at_10": 0.302407,
        "mrr_at_20": 0.306317,
        "mrr_at_100": 0.309609,
        "mrr_at_1000": 0.310313,
        "nauc_ndcg_at_1_max": 0.20236,
        "nauc_ndcg_at_1_std": 0.058278,
        "nauc_ndcg_at_1_diff1": 0.541755,
        "nauc_ndcg_at_3_max": 0.190679,
        "nauc_ndcg_at_3_std": 0.08044,
        "nauc_ndcg_at_3_diff1": 0.468003,
        "nauc_ndcg_at_5_max": 0.182431,
        "nauc_ndcg_at_5_std": 0.087361,
        "nauc_ndcg_at_5_diff1": 0.452136,
        "nauc_ndcg_at_10_max": 0.179424,
        "nauc_ndcg_at_10_std": 0.100056,
        "nauc_ndcg_at_10_diff1": 0.441461,
        "nauc_ndcg_at_20_max": 0.175614,
        "nauc_ndcg_at_20_std": 0.107931,
        "nauc_ndcg_at_20_diff1": 0.43408,
        "nauc_ndcg_at_100_max": 0.179081,
        "nauc_ndcg_at_100_std": 0.120162,
        "nauc_ndcg_at_100_diff1": 0.423271,
        "nauc_ndcg_at_1000_max": 0.179824,
        "nauc_ndcg_at_1000_std": 0.136261,
        "nauc_ndcg_at_1000_diff1": 0.421287,
        "nauc_map_at_1_max": 0.20236,
        "nauc_map_at_1_std": 0.058278,
        "nauc_map_at_1_diff1": 0.541755,
        "nauc_map_at_3_max": 0.198767,
        "nauc_map_at_3_std": 0.080643,
        "nauc_map_at_3_diff1": 0.475276,
        "nauc_map_at_5_max": 0.193211,
        "nauc_map_at_5_std": 0.0852,
        "nauc_map_at_5_diff1": 0.464676,
        "nauc_map_at_10_max": 0.192305,
        "nauc_map_at_10_std": 0.092546,
        "nauc_map_at_10_diff1": 0.459265,
        "nauc_map_at_20_max": 0.190797,
        "nauc_map_at_20_std": 0.095822,
        "nauc_map_at_20_diff1": 0.456477,
        "nauc_map_at_100_max": 0.191737,
        "nauc_map_at_100_std": 0.098591,
        "nauc_map_at_100_diff1": 0.454407,
        "nauc_map_at_1000_max": 0.191848,
        "nauc_map_at_1000_std": 0.099471,
        "nauc_map_at_1000_diff1": 0.454308,
        "nauc_recall_at_1_max": 0.20236,
        "nauc_recall_at_1_std": 0.058278,
        "nauc_recall_at_1_diff1": 0.541755,
        "nauc_recall_at_3_max": 0.181857,
        "nauc_recall_at_3_std": 0.09278,
        "nauc_recall_at_3_diff1": 0.426581,
        "nauc_recall_at_5_max": 0.162318,
        "nauc_recall_at_5_std": 0.104931,
        "nauc_recall_at_5_diff1": 0.389213,
        "nauc_recall_at_10_max": 0.151003,
        "nauc_recall_at_10_std": 0.132146,
        "nauc_recall_at_10_diff1": 0.35428,
        "nauc_recall_at_20_max": 0.133562,
        "nauc_recall_at_20_std": 0.148315,
        "nauc_recall_at_20_diff1": 0.317767,
        "nauc_recall_at_100_max": 0.135414,
        "nauc_recall_at_100_std": 0.181466,
        "nauc_recall_at_100_diff1": 0.252268,
        "nauc_recall_at_1000_max": 0.118354,
        "nauc_recall_at_1000_std": 0.265795,
        "nauc_recall_at_1000_diff1": 0.188605,
        "nauc_precision_at_1_max": 0.20236,
        "nauc_precision_at_1_std": 0.058278,
        "nauc_precision_at_1_diff1": 0.541755,
        "nauc_precision_at_3_max": 0.181857,
        "nauc_precision_at_3_std": 0.09278,
        "nauc_precision_at_3_diff1": 0.426581,
        "nauc_precision_at_5_max": 0.162318,
        "nauc_precision_at_5_std": 0.104931,
        "nauc_precision_at_5_diff1": 0.389213,
        "nauc_precision_at_10_max": 0.151003,
        "nauc_precision_at_10_std": 0.132146,
        "nauc_precision_at_10_diff1": 0.35428,
        "nauc_precision_at_20_max": 0.133562,
        "nauc_precision_at_20_std": 0.148315,
        "nauc_precision_at_20_diff1": 0.317767,
        "nauc_precision_at_100_max": 0.135414,
        "nauc_precision_at_100_std": 0.181466,
        "nauc_precision_at_100_diff1": 0.252268,
        "nauc_precision_at_1000_max": 0.118354,
        "nauc_precision_at_1000_std": 0.265795,
        "nauc_precision_at_1000_diff1": 0.188605,
        "nauc_mrr_at_1_max": 0.20236,
        "nauc_mrr_at_1_std": 0.058278,
        "nauc_mrr_at_1_diff1": 0.541755,
        "nauc_mrr_at_3_max": 0.187855,
        "nauc_mrr_at_3_std": 0.069525,
        "nauc_mrr_at_3_diff1": 0.49215,
        "nauc_mrr_at_5_max": 0.183744,
        "nauc_mrr_at_5_std": 0.073065,
        "nauc_mrr_at_5_diff1": 0.484337,
        "nauc_mrr_at_10_max": 0.181866,
        "nauc_mrr_at_10_std": 0.076966,
        "nauc_mrr_at_10_diff1": 0.480517,
        "nauc_mrr_at_20_max": 0.181044,
        "nauc_mrr_at_20_std": 0.078115,
        "nauc_mrr_at_20_diff1": 0.479206,
        "nauc_mrr_at_100_max": 0.181132,
        "nauc_mrr_at_100_std": 0.078756,
        "nauc_mrr_at_100_diff1": 0.478488,
        "nauc_mrr_at_1000_max": 0.181145,
        "nauc_mrr_at_1000_std": 0.078913,
        "nauc_mrr_at_1000_diff1": 0.478613,
        "hit_rate_at_1": 0.23795,
        "hit_rate_at_3": 0.34207,
        "hit_rate_at_5": 0.38731,
        "hit_rate_at_10": 0.44848,
        "hit_rate_at_20": 0.50425,
        "hit_rate_at_100": 0.63822,
        "hit_rate_at_1000": 0.81945,
        "main_score": 0.22461,
        "hf_subset": "default",
        "languages": [
          "eng-Latn"
        ]
      }
    ]
  },
  "evaluation_time": 2373.0164206027985,
  "kg_co2_emissions": null,
  "date": 1774956340.406273
}