{
  "dataset_revision": "37aa6cfb01d48960b0f8e3f17d6e3d99bf1ebc3e",
  "task_name": "LegalQuAD",
  "mteb_version": "1.39.1",
  "scores": {
    "test": [
      {
        "ndcg_at_1": 0.185,
        "ndcg_at_3": 0.24667,
        "ndcg_at_5": 0.27291,
        "ndcg_at_10": 0.30504,
        "ndcg_at_20": 0.33144,
        "ndcg_at_100": 0.38917,
        "ndcg_at_1000": 0.4058,
        "map_at_1": 0.185,
        "map_at_3": 0.23167,
        "map_at_5": 0.24592,
        "map_at_10": 0.25907,
        "map_at_20": 0.26624,
        "map_at_100": 0.27362,
        "map_at_1000": 0.27444,
        "recall_at_1": 0.185,
        "recall_at_3": 0.29,
        "recall_at_5": 0.355,
        "recall_at_10": 0.455,
        "recall_at_20": 0.56,
        "recall_at_100": 0.88,
        "recall_at_1000": 1.0,
        "precision_at_1": 0.185,
        "precision_at_3": 0.09667,
        "precision_at_5": 0.071,
        "precision_at_10": 0.0455,
        "precision_at_20": 0.028,
        "precision_at_100": 0.0088,
        "precision_at_1000": 0.001,
        "mrr_at_1": 0.185,
        "mrr_at_3": 0.231667,
        "mrr_at_5": 0.245917,
        "mrr_at_10": 0.259067,
        "mrr_at_20": 0.266236,
        "mrr_at_100": 0.273618,
        "mrr_at_1000": 0.274439,
        "nauc_ndcg_at_1_max": 0.23563,
        "nauc_ndcg_at_1_std": -0.067746,
        "nauc_ndcg_at_1_diff1": 0.473124,
        "nauc_ndcg_at_3_max": 0.155849,
        "nauc_ndcg_at_3_std": -0.119628,
        "nauc_ndcg_at_3_diff1": 0.359552,
        "nauc_ndcg_at_5_max": 0.141567,
        "nauc_ndcg_at_5_std": -0.115566,
        "nauc_ndcg_at_5_diff1": 0.334813,
        "nauc_ndcg_at_10_max": 0.13907,
        "nauc_ndcg_at_10_std": -0.106208,
        "nauc_ndcg_at_10_diff1": 0.336928,
        "nauc_ndcg_at_20_max": 0.145487,
        "nauc_ndcg_at_20_std": -0.111724,
        "nauc_ndcg_at_20_diff1": 0.328288,
        "nauc_ndcg_at_100_max": 0.142977,
        "nauc_ndcg_at_100_std": -0.113678,
        "nauc_ndcg_at_100_diff1": 0.321525,
        "nauc_ndcg_at_1000_max": 0.154405,
        "nauc_ndcg_at_1000_std": -0.107412,
        "nauc_ndcg_at_1000_diff1": 0.344229,
        "nauc_map_at_1_max": 0.23563,
        "nauc_map_at_1_std": -0.067746,
        "nauc_map_at_1_diff1": 0.473124,
        "nauc_map_at_3_max": 0.172774,
        "nauc_map_at_3_std": -0.112297,
        "nauc_map_at_3_diff1": 0.382517,
        "nauc_map_at_5_max": 0.164908,
        "nauc_map_at_5_std": -0.110083,
        "nauc_map_at_5_diff1": 0.368414,
        "nauc_map_at_10_max": 0.163269,
        "nauc_map_at_10_std": -0.105333,
        "nauc_map_at_10_diff1": 0.368372,
        "nauc_map_at_20_max": 0.165515,
        "nauc_map_at_20_std": -0.1066,
        "nauc_map_at_20_diff1": 0.36558,
        "nauc_map_at_100_max": 0.165855,
        "nauc_map_at_100_std": -0.105842,
        "nauc_map_at_100_diff1": 0.364923,
        "nauc_map_at_1000_max": 0.166299,
        "nauc_map_at_1000_std": -0.105659,
        "nauc_map_at_1000_diff1": 0.366036,
        "nauc_recall_at_1_max": 0.23563,
        "nauc_recall_at_1_std": -0.067746,
        "nauc_recall_at_1_diff1": 0.473124,
        "nauc_recall_at_3_max": 0.112495,
        "nauc_recall_at_3_std": -0.137027,
        "nauc_recall_at_3_diff1": 0.301155,
        "nauc_recall_at_5_max": 0.0812,
        "nauc_recall_at_5_std": -0.127261,
        "nauc_recall_at_5_diff1": 0.24819,
        "nauc_recall_at_10_max": 0.076679,
        "nauc_recall_at_10_std": -0.104619,
        "nauc_recall_at_10_diff1": 0.258148,
        "nauc_recall_at_20_max": 0.093573,
        "nauc_recall_at_20_std": -0.127243,
        "nauc_recall_at_20_diff1": 0.222909,
        "nauc_recall_at_100_max": -0.04856,
        "nauc_recall_at_100_std": -0.222976,
        "nauc_recall_at_100_diff1": -0.036927,
        "nauc_recall_at_1000_max": NaN,
        "nauc_recall_at_1000_std": NaN,
        "nauc_recall_at_1000_diff1": NaN,
        "nauc_precision_at_1_max": 0.23563,
        "nauc_precision_at_1_std": -0.067746,
        "nauc_precision_at_1_diff1": 0.473124,
        "nauc_precision_at_3_max": 0.112495,
        "nauc_precision_at_3_std": -0.137027,
        "nauc_precision_at_3_diff1": 0.301155,
        "nauc_precision_at_5_max": 0.0812,
        "nauc_precision_at_5_std": -0.127261,
        "nauc_precision_at_5_diff1": 0.24819,
        "nauc_precision_at_10_max": 0.076679,
        "nauc_precision_at_10_std": -0.104619,
        "nauc_precision_at_10_diff1": 0.258148,
        "nauc_precision_at_20_max": 0.093573,
        "nauc_precision_at_20_std": -0.127243,
        "nauc_precision_at_20_diff1": 0.222909,
        "nauc_precision_at_100_max": -0.04856,
        "nauc_precision_at_100_std": -0.222976,
        "nauc_precision_at_100_diff1": -0.036927,
        "nauc_precision_at_1000_max": 1.0,
        "nauc_precision_at_1000_std": 1.0,
        "nauc_precision_at_1000_diff1": 1.0,
        "nauc_mrr_at_1_max": 0.23563,
        "nauc_mrr_at_1_std": -0.067746,
        "nauc_mrr_at_1_diff1": 0.473124,
        "nauc_mrr_at_3_max": 0.172774,
        "nauc_mrr_at_3_std": -0.112297,
        "nauc_mrr_at_3_diff1": 0.382517,
        "nauc_mrr_at_5_max": 0.164908,
        "nauc_mrr_at_5_std": -0.110083,
        "nauc_mrr_at_5_diff1": 0.368414,
        "nauc_mrr_at_10_max": 0.163269,
        "nauc_mrr_at_10_std": -0.105333,
        "nauc_mrr_at_10_diff1": 0.368372,
        "nauc_mrr_at_20_max": 0.165515,
        "nauc_mrr_at_20_std": -0.1066,
        "nauc_mrr_at_20_diff1": 0.36558,
        "nauc_mrr_at_100_max": 0.165855,
        "nauc_mrr_at_100_std": -0.105842,
        "nauc_mrr_at_100_diff1": 0.364923,
        "nauc_mrr_at_1000_max": 0.166299,
        "nauc_mrr_at_1000_std": -0.105659,
        "nauc_mrr_at_1000_diff1": 0.366036,
        "main_score": 0.30504,
        "hf_subset": "default",
        "languages": [
          "deu-Latn"
        ]
      }
    ]
  },
  "evaluation_time": 0.8242254257202148,
  "kg_co2_emissions": null
}