{
  "dataset_revision": "3920fa0e9ae78f6af3d8a20b33b39e1f9acdfdf9",
  "task_name": "SwednRetrieval",
  "mteb_version": "2.1.17",
  "scores": {
    "test": [
      {
        "ndcg_at_1": 0.46582,
        "ndcg_at_3": 0.44246,
        "ndcg_at_5": 0.48505,
        "ndcg_at_10": 0.5233,
        "ndcg_at_20": 0.54653,
        "ndcg_at_100": 0.57795,
        "ndcg_at_1000": 0.59809,
        "map_at_1": 0.23291,
        "map_at_3": 0.39209,
        "map_at_5": 0.42344,
        "map_at_10": 0.44412,
        "map_at_20": 0.45271,
        "map_at_100": 0.45853,
        "map_at_1000": 0.45949,
        "recall_at_1": 0.23291,
        "recall_at_3": 0.44971,
        "recall_at_5": 0.53418,
        "recall_at_10": 0.62988,
        "recall_at_20": 0.70459,
        "recall_at_100": 0.84229,
        "recall_at_1000": 0.97461,
        "accuracy": 0.23291,
        "precision_at_1": 0.46582,
        "precision_at_3": 0.2998,
        "precision_at_5": 0.21367,
        "precision_at_10": 0.12598,
        "precision_at_20": 0.07046,
        "precision_at_100": 0.01685,
        "precision_at_1000": 0.00195,
        "mrr_at_1": 0.46582,
        "mrr_at_3": 0.536296,
        "mrr_at_5": 0.550309,
        "mrr_at_10": 0.560975,
        "mrr_at_20": 0.564735,
        "mrr_at_100": 0.56738,
        "mrr_at_1000": 0.567737,
        "nauc_ndcg_at_1_max": 0.272667,
        "nauc_ndcg_at_1_std": 0.011804,
        "nauc_ndcg_at_1_diff1": 0.547003,
        "nauc_ndcg_at_3_max": 0.314096,
        "nauc_ndcg_at_3_std": 0.021983,
        "nauc_ndcg_at_3_diff1": 0.444665,
        "nauc_ndcg_at_5_max": 0.338592,
        "nauc_ndcg_at_5_std": 0.04272,
        "nauc_ndcg_at_5_diff1": 0.448333,
        "nauc_ndcg_at_10_max": 0.354727,
        "nauc_ndcg_at_10_std": 0.061368,
        "nauc_ndcg_at_10_diff1": 0.451574,
        "nauc_ndcg_at_20_max": 0.369475,
        "nauc_ndcg_at_20_std": 0.075735,
        "nauc_ndcg_at_20_diff1": 0.449249,
        "nauc_ndcg_at_100_max": 0.372554,
        "nauc_ndcg_at_100_std": 0.092329,
        "nauc_ndcg_at_100_diff1": 0.449147,
        "nauc_ndcg_at_1000_max": 0.358781,
        "nauc_ndcg_at_1000_std": 0.077437,
        "nauc_ndcg_at_1000_diff1": 0.453635,
        "nauc_map_at_1_max": 0.272667,
        "nauc_map_at_1_std": 0.011804,
        "nauc_map_at_1_diff1": 0.547003,
        "nauc_map_at_3_max": 0.306985,
        "nauc_map_at_3_std": 0.012916,
        "nauc_map_at_3_diff1": 0.430969,
        "nauc_map_at_5_max": 0.325105,
        "nauc_map_at_5_std": 0.028477,
        "nauc_map_at_5_diff1": 0.437345,
        "nauc_map_at_10_max": 0.333324,
        "nauc_map_at_10_std": 0.036338,
        "nauc_map_at_10_diff1": 0.439301,
        "nauc_map_at_20_max": 0.3383,
        "nauc_map_at_20_std": 0.041398,
        "nauc_map_at_20_diff1": 0.438845,
        "nauc_map_at_100_max": 0.338962,
        "nauc_map_at_100_std": 0.044661,
        "nauc_map_at_100_diff1": 0.438858,
        "nauc_map_at_1000_max": 0.338588,
        "nauc_map_at_1000_std": 0.044378,
        "nauc_map_at_1000_diff1": 0.438969,
        "nauc_recall_at_1_max": 0.272667,
        "nauc_recall_at_1_std": 0.011804,
        "nauc_recall_at_1_diff1": 0.547003,
        "nauc_recall_at_3_max": 0.321518,
        "nauc_recall_at_3_std": 0.024968,
        "nauc_recall_at_3_diff1": 0.406749,
        "nauc_recall_at_5_max": 0.366025,
        "nauc_recall_at_5_std": 0.066419,
        "nauc_recall_at_5_diff1": 0.407265,
        "nauc_recall_at_10_max": 0.407715,
        "nauc_recall_at_10_std": 0.117687,
        "nauc_recall_at_10_diff1": 0.406154,
        "nauc_recall_at_20_max": 0.468811,
        "nauc_recall_at_20_std": 0.179822,
        "nauc_recall_at_20_diff1": 0.384431,
        "nauc_recall_at_100_max": 0.563207,
        "nauc_recall_at_100_std": 0.371811,
        "nauc_recall_at_100_diff1": 0.353856,
        "nauc_recall_at_1000_max": 0.658002,
        "nauc_recall_at_1000_std": 0.659505,
        "nauc_recall_at_1000_diff1": 0.360268,
        "nauc_precision_at_1_max": 0.272667,
        "nauc_precision_at_1_std": 0.011804,
        "nauc_precision_at_1_diff1": 0.547003,
        "nauc_precision_at_3_max": 0.321518,
        "nauc_precision_at_3_std": 0.024968,
        "nauc_precision_at_3_diff1": 0.406749,
        "nauc_precision_at_5_max": 0.366025,
        "nauc_precision_at_5_std": 0.066419,
        "nauc_precision_at_5_diff1": 0.407265,
        "nauc_precision_at_10_max": 0.407715,
        "nauc_precision_at_10_std": 0.117687,
        "nauc_precision_at_10_diff1": 0.406154,
        "nauc_precision_at_20_max": 0.468811,
        "nauc_precision_at_20_std": 0.179822,
        "nauc_precision_at_20_diff1": 0.384431,
        "nauc_precision_at_100_max": 0.563207,
        "nauc_precision_at_100_std": 0.371811,
        "nauc_precision_at_100_diff1": 0.353856,
        "nauc_precision_at_1000_max": 0.658002,
        "nauc_precision_at_1000_std": 0.659505,
        "nauc_precision_at_1000_diff1": 0.360268,
        "nauc_mrr_at_1_max": 0.272667,
        "nauc_mrr_at_1_std": 0.011804,
        "nauc_mrr_at_1_diff1": 0.547003,
        "nauc_mrr_at_3_max": 0.309785,
        "nauc_mrr_at_3_std": 0.034337,
        "nauc_mrr_at_3_diff1": 0.512228,
        "nauc_mrr_at_5_max": 0.317587,
        "nauc_mrr_at_5_std": 0.040681,
        "nauc_mrr_at_5_diff1": 0.508299,
        "nauc_mrr_at_10_max": 0.320685,
        "nauc_mrr_at_10_std": 0.049048,
        "nauc_mrr_at_10_diff1": 0.508396,
        "nauc_mrr_at_20_max": 0.322673,
        "nauc_mrr_at_20_std": 0.050561,
        "nauc_mrr_at_20_diff1": 0.508888,
        "nauc_mrr_at_100_max": 0.322559,
        "nauc_mrr_at_100_std": 0.051172,
        "nauc_mrr_at_100_diff1": 0.509137,
        "nauc_mrr_at_1000_max": 0.322171,
        "nauc_mrr_at_1000_std": 0.050807,
        "nauc_mrr_at_1000_diff1": 0.509289,
        "cv_recall_at_1": 0.46582,
        "cv_recall_at_3": 0.62402,
        "cv_recall_at_5": 0.68555,
        "cv_recall_at_10": 0.76367,
        "cv_recall_at_20": 0.81836,
        "cv_recall_at_100": 0.91504,
        "cv_recall_at_1000": 0.99414,
        "main_score": 0.5233,
        "hf_subset": "default",
        "languages": [
          "swe-Latn"
        ]
      }
    ]
  },
  "evaluation_time": 7.753976345062256,
  "kg_co2_emissions": null
}