{
  "dataset_revision": "0a3d4aa409b22f80eb22cbf59b492637637b536d",
  "task_name": "CDSC-E",
  "mteb_version": "1.18.0",
  "scores": {
    "test": [
      {
        "similarity_accuracy": 0.887,
        "similarity_accuracy_threshold": 0.915519,
        "similarity_f1": 0.66838,
        "similarity_f1_threshold": 0.849193,
        "similarity_precision": 0.653266,
        "similarity_recall": 0.684211,
        "similarity_ap": 0.757624,
        "cosine_accuracy": 0.887,
        "cosine_accuracy_threshold": 0.915519,
        "cosine_f1": 0.66838,
        "cosine_f1_threshold": 0.849193,
        "cosine_precision": 0.653266,
        "cosine_recall": 0.684211,
        "cosine_ap": 0.757624,
        "manhattan_accuracy": 0.886,
        "manhattan_accuracy_threshold": 9.188715,
        "manhattan_f1": 0.666667,
        "manhattan_f1_threshold": 11.712549,
        "manhattan_precision": 0.670213,
        "manhattan_recall": 0.663158,
        "manhattan_ap": 0.756237,
        "euclidean_accuracy": 0.887,
        "euclidean_accuracy_threshold": 0.411048,
        "euclidean_f1": 0.66838,
        "euclidean_f1_threshold": 0.549195,
        "euclidean_precision": 0.653266,
        "euclidean_recall": 0.684211,
        "euclidean_ap": 0.757624,
        "dot_accuracy": 0.887,
        "dot_accuracy_threshold": 0.915519,
        "dot_f1": 0.66838,
        "dot_f1_threshold": 0.849193,
        "dot_precision": 0.653266,
        "dot_recall": 0.684211,
        "dot_ap": 0.757624,
        "max_accuracy": 0.887,
        "max_f1": 0.66838,
        "max_precision": 0.670213,
        "max_recall": 0.684211,
        "max_ap": 0.757624,
        "main_score": 0.757624,
        "hf_subset": "default",
        "languages": [
          "pol-Latn"
        ]
      }
    ]
  },
  "evaluation_time": 0.45624494552612305,
  "kg_co2_emissions": 1.7942445725907645e-05
}