{
  "dataset_revision": "281562cb8a1265ab5c0824bfa6ddcd9b0a15618f",
  "task_name": "CodeTransOceanDL",
  "mteb_version": "1.18.0",
  "scores": {
    "test": [
      {
        "ndcg_at_1": 0.08333,
        "ndcg_at_3": 0.09722,
        "ndcg_at_5": 0.13214,
        "ndcg_at_10": 0.19661,
        "ndcg_at_20": 0.24069,
        "ndcg_at_100": 0.29525,
        "ndcg_at_1000": 0.31234,
        "map_at_1": 0.08333,
        "map_at_3": 0.09259,
        "map_at_5": 0.11231,
        "map_at_10": 0.13772,
        "map_at_20": 0.15012,
        "map_at_100": 0.15681,
        "map_at_1000": 0.15771,
        "recall_at_1": 0.08333,
        "recall_at_3": 0.11111,
        "recall_at_5": 0.19444,
        "recall_at_10": 0.4,
        "recall_at_20": 0.57222,
        "recall_at_100": 0.87778,
        "recall_at_1000": 1.0,
        "precision_at_1": 0.08333,
        "precision_at_3": 0.03704,
        "precision_at_5": 0.03889,
        "precision_at_10": 0.04,
        "precision_at_20": 0.02861,
        "precision_at_100": 0.00878,
        "precision_at_1000": 0.001,
        "mrr_at_1": 0.033333,
        "mrr_at_3": 0.074074,
        "mrr_at_5": 0.08213,
        "mrr_at_10": 0.114422,
        "mrr_at_20": 0.126602,
        "mrr_at_100": 0.133337,
        "mrr_at_1000": 0.134237,
        "nauc_ndcg_at_1_max": -0.402737,
        "nauc_ndcg_at_1_std": -0.379769,
        "nauc_ndcg_at_1_diff1": 0.504749,
        "nauc_ndcg_at_3_max": -0.410045,
        "nauc_ndcg_at_3_std": -0.388845,
        "nauc_ndcg_at_3_diff1": 0.411186,
        "nauc_ndcg_at_5_max": -0.424171,
        "nauc_ndcg_at_5_std": -0.426188,
        "nauc_ndcg_at_5_diff1": 0.327344,
        "nauc_ndcg_at_10_max": -0.374491,
        "nauc_ndcg_at_10_std": -0.453415,
        "nauc_ndcg_at_10_diff1": 0.223764,
        "nauc_ndcg_at_20_max": -0.412933,
        "nauc_ndcg_at_20_std": -0.554182,
        "nauc_ndcg_at_20_diff1": 0.238009,
        "nauc_ndcg_at_100_max": -0.363534,
        "nauc_ndcg_at_100_std": -0.54079,
        "nauc_ndcg_at_100_diff1": 0.268157,
        "nauc_ndcg_at_1000_max": -0.388827,
        "nauc_ndcg_at_1000_std": -0.483005,
        "nauc_ndcg_at_1000_diff1": 0.292267,
        "nauc_map_at_1_max": -0.402737,
        "nauc_map_at_1_std": -0.379769,
        "nauc_map_at_1_diff1": 0.504749,
        "nauc_map_at_3_max": -0.407822,
        "nauc_map_at_3_std": -0.386085,
        "nauc_map_at_3_diff1": 0.43964,
        "nauc_map_at_5_max": -0.416971,
        "nauc_map_at_5_std": -0.410267,
        "nauc_map_at_5_diff1": 0.378378,
        "nauc_map_at_10_max": -0.394514,
        "nauc_map_at_10_std": -0.424741,
        "nauc_map_at_10_diff1": 0.326239,
        "nauc_map_at_20_max": -0.404431,
        "nauc_map_at_20_std": -0.457419,
        "nauc_map_at_20_diff1": 0.33218,
        "nauc_map_at_100_max": -0.397575,
        "nauc_map_at_100_std": -0.452215,
        "nauc_map_at_100_diff1": 0.337518,
        "nauc_map_at_1000_max": -0.398574,
        "nauc_map_at_1000_std": -0.44827,
        "nauc_map_at_1000_diff1": 0.338904,
        "nauc_recall_at_1_max": -0.402737,
        "nauc_recall_at_1_std": -0.379769,
        "nauc_recall_at_1_diff1": 0.504749,
        "nauc_recall_at_3_max": -0.415718,
        "nauc_recall_at_3_std": -0.39589,
        "nauc_recall_at_3_diff1": 0.338559,
        "nauc_recall_at_5_max": -0.438853,
        "nauc_recall_at_5_std": -0.45872,
        "nauc_recall_at_5_diff1": 0.227911,
        "nauc_recall_at_10_max": -0.331717,
        "nauc_recall_at_10_std": -0.505006,
        "nauc_recall_at_10_diff1": 0.038599,
        "nauc_recall_at_20_max": -0.443042,
        "nauc_recall_at_20_std": -0.78184,
        "nauc_recall_at_20_diff1": 0.055331,
        "nauc_recall_at_100_max": -0.080123,
        "nauc_recall_at_100_std": -1.079819,
        "nauc_recall_at_100_diff1": 0.013173,
        "nauc_recall_at_1000_max": NaN,
        "nauc_recall_at_1000_std": NaN,
        "nauc_recall_at_1000_diff1": NaN,
        "nauc_precision_at_1_max": -0.402737,
        "nauc_precision_at_1_std": -0.379769,
        "nauc_precision_at_1_diff1": 0.504749,
        "nauc_precision_at_3_max": -0.415718,
        "nauc_precision_at_3_std": -0.39589,
        "nauc_precision_at_3_diff1": 0.338559,
        "nauc_precision_at_5_max": -0.438853,
        "nauc_precision_at_5_std": -0.45872,
        "nauc_precision_at_5_diff1": 0.227911,
        "nauc_precision_at_10_max": -0.331717,
        "nauc_precision_at_10_std": -0.505006,
        "nauc_precision_at_10_diff1": 0.038599,
        "nauc_precision_at_20_max": -0.443042,
        "nauc_precision_at_20_std": -0.78184,
        "nauc_precision_at_20_diff1": 0.055331,
        "nauc_precision_at_100_max": -0.080123,
        "nauc_precision_at_100_std": -1.079819,
        "nauc_precision_at_100_diff1": 0.013173,
        "nauc_precision_at_1000_max": 1.0,
        "nauc_precision_at_1000_std": 1.0,
        "nauc_precision_at_1000_diff1": 1.0,
        "nauc_mrr_at_1_max": -0.427824,
        "nauc_mrr_at_1_std": -0.408863,
        "nauc_mrr_at_1_diff1": -0.24564,
        "nauc_mrr_at_3_max": -0.426288,
        "nauc_mrr_at_3_std": -0.402871,
        "nauc_mrr_at_3_diff1": -0.171487,
        "nauc_mrr_at_5_max": -0.424198,
        "nauc_mrr_at_5_std": -0.414942,
        "nauc_mrr_at_5_diff1": -0.08741,
        "nauc_mrr_at_10_max": -0.393787,
        "nauc_mrr_at_10_std": -0.442546,
        "nauc_mrr_at_10_diff1": -0.07978,
        "nauc_mrr_at_20_max": -0.410793,
        "nauc_mrr_at_20_std": -0.481441,
        "nauc_mrr_at_20_diff1": -0.077199,
        "nauc_mrr_at_100_max": -0.401927,
        "nauc_mrr_at_100_std": -0.475426,
        "nauc_mrr_at_100_diff1": -0.081923,
        "nauc_mrr_at_1000_max": -0.403236,
        "nauc_mrr_at_1000_std": -0.470494,
        "nauc_mrr_at_1000_diff1": -0.082677,
        "main_score": 0.19661,
        "hf_subset": "default",
        "languages": [
          "python-Code"
        ]
      }
    ]
  },
  "evaluation_time": 1.578549861907959,
  "kg_co2_emissions": 0.00011431690859756328
}