{
  "dataset_revision": "76631901a18387f85eaa53e5450019b87ad58ef9",
  "task_name": "T2Reranking",
  "mteb_version": "1.18.0",
  "scores": {
    "dev": [
      {
        "map": 0.65403,
        "mrr": 0.756546,
        "nAUC_map_max": 0.206977,
        "nAUC_map_std": -0.026565,
        "nAUC_map_diff1": -0.088974,
        "nAUC_mrr_max": 0.166764,
        "nAUC_mrr_std": -0.044535,
        "nAUC_mrr_diff1": -0.10559,
        "main_score": 0.65403,
        "hf_subset": "default",
        "languages": [
          "cmn-Hans"
        ]
      }
    ]
  },
  "evaluation_time": 124.61205649375916,
  "kg_co2_emissions": 0.009780912925370396
}