{
  "dataset_revision": "080c9ed6267b65029207906e815d44a9240bafca",
  "task_name": "FEVERHardNegatives",
  "mteb_version": "1.18.0",
  "scores": {
    "test": [
      {
        "ndcg_at_1": 0.847,
        "ndcg_at_3": 0.89357,
        "ndcg_at_5": 0.90186,
        "ndcg_at_10": 0.90446,
        "ndcg_at_20": 0.90712,
        "ndcg_at_100": 0.91092,
        "ndcg_at_1000": 0.913,
        "map_at_1": 0.79305,
        "map_at_3": 0.86696,
        "map_at_5": 0.87369,
        "map_at_10": 0.87558,
        "map_at_20": 0.87662,
        "map_at_100": 0.87752,
        "map_at_1000": 0.87765,
        "recall_at_1": 0.79305,
        "recall_at_3": 0.92973,
        "recall_at_5": 0.9518,
        "recall_at_10": 0.95915,
        "recall_at_20": 0.9682,
        "recall_at_100": 0.98409,
        "recall_at_1000": 0.99558,
        "precision_at_1": 0.847,
        "precision_at_3": 0.337,
        "precision_at_5": 0.2084,
        "precision_at_10": 0.1059,
        "precision_at_20": 0.0538,
        "precision_at_100": 0.0111,
        "precision_at_1000": 0.00115,
        "mrr_at_1": 0.847,
        "mrr_at_3": 0.904167,
        "mrr_at_5": 0.907967,
        "mrr_at_10": 0.908217,
        "mrr_at_20": 0.908737,
        "mrr_at_100": 0.909052,
        "mrr_at_1000": 0.909052,
        "nauc_ndcg_at_1_max": 0.276385,
        "nauc_ndcg_at_1_std": -0.217789,
        "nauc_ndcg_at_1_diff1": 0.770798,
        "nauc_ndcg_at_3_max": 0.274328,
        "nauc_ndcg_at_3_std": -0.15978,
        "nauc_ndcg_at_3_diff1": 0.634158,
        "nauc_ndcg_at_5_max": 0.273239,
        "nauc_ndcg_at_5_std": -0.141128,
        "nauc_ndcg_at_5_diff1": 0.618309,
        "nauc_ndcg_at_10_max": 0.271337,
        "nauc_ndcg_at_10_std": -0.149811,
        "nauc_ndcg_at_10_diff1": 0.620361,
        "nauc_ndcg_at_20_max": 0.268868,
        "nauc_ndcg_at_20_std": -0.145789,
        "nauc_ndcg_at_20_diff1": 0.624453,
        "nauc_ndcg_at_100_max": 0.264435,
        "nauc_ndcg_at_100_std": -0.145485,
        "nauc_ndcg_at_100_diff1": 0.624596,
        "nauc_ndcg_at_1000_max": 0.268524,
        "nauc_ndcg_at_1000_std": -0.151005,
        "nauc_ndcg_at_1000_diff1": 0.637313,
        "nauc_map_at_1_max": 0.201326,
        "nauc_map_at_1_std": -0.164117,
        "nauc_map_at_1_diff1": 0.629397,
        "nauc_map_at_3_max": 0.23932,
        "nauc_map_at_3_std": -0.155458,
        "nauc_map_at_3_diff1": 0.606999,
        "nauc_map_at_5_max": 0.241113,
        "nauc_map_at_5_std": -0.149215,
        "nauc_map_at_5_diff1": 0.605099,
        "nauc_map_at_10_max": 0.241594,
        "nauc_map_at_10_std": -0.152668,
        "nauc_map_at_10_diff1": 0.608396,
        "nauc_map_at_20_max": 0.242258,
        "nauc_map_at_20_std": -0.150587,
        "nauc_map_at_20_diff1": 0.610389,
        "nauc_map_at_100_max": 0.24242,
        "nauc_map_at_100_std": -0.149936,
        "nauc_map_at_100_diff1": 0.61113,
        "nauc_map_at_1000_max": 0.2427,
        "nauc_map_at_1000_std": -0.149904,
        "nauc_map_at_1000_diff1": 0.611583,
        "nauc_recall_at_1_max": 0.201326,
        "nauc_recall_at_1_std": -0.164117,
        "nauc_recall_at_1_diff1": 0.629397,
        "nauc_recall_at_3_max": 0.285906,
        "nauc_recall_at_3_std": -0.080826,
        "nauc_recall_at_3_diff1": 0.472502,
        "nauc_recall_at_5_max": 0.307278,
        "nauc_recall_at_5_std": 0.016327,
        "nauc_recall_at_5_diff1": 0.383573,
        "nauc_recall_at_10_max": 0.295739,
        "nauc_recall_at_10_std": -0.014131,
        "nauc_recall_at_10_diff1": 0.363778,
        "nauc_recall_at_20_max": 0.260452,
        "nauc_recall_at_20_std": 0.059367,
        "nauc_recall_at_20_diff1": 0.31721,
        "nauc_recall_at_100_max": 0.105165,
        "nauc_recall_at_100_std": 0.192555,
        "nauc_recall_at_100_diff1": 0.000321,
        "nauc_recall_at_1000_max": 0.11744,
        "nauc_recall_at_1000_std": 0.4039,
        "nauc_recall_at_1000_diff1": -0.240026,
        "nauc_precision_at_1_max": 0.276385,
        "nauc_precision_at_1_std": -0.217789,
        "nauc_precision_at_1_diff1": 0.770798,
        "nauc_precision_at_3_max": 0.197146,
        "nauc_precision_at_3_std": -0.050283,
        "nauc_precision_at_3_diff1": 0.164939,
        "nauc_precision_at_5_max": 0.144151,
        "nauc_precision_at_5_std": 0.010445,
        "nauc_precision_at_5_diff1": 0.009056,
        "nauc_precision_at_10_max": 0.105125,
        "nauc_precision_at_10_std": 0.013474,
        "nauc_precision_at_10_diff1": -0.03127,
        "nauc_precision_at_20_max": 0.09528,
        "nauc_precision_at_20_std": 0.074772,
        "nauc_precision_at_20_diff1": -0.069993,
        "nauc_precision_at_100_max": 0.057097,
        "nauc_precision_at_100_std": 0.116108,
        "nauc_precision_at_100_diff1": -0.142457,
        "nauc_precision_at_1000_max": 0.034843,
        "nauc_precision_at_1000_std": 0.086257,
        "nauc_precision_at_1000_diff1": -0.117109,
        "nauc_mrr_at_1_max": 0.276385,
        "nauc_mrr_at_1_std": -0.217789,
        "nauc_mrr_at_1_diff1": 0.770798,
        "nauc_mrr_at_3_max": 0.334162,
        "nauc_mrr_at_3_std": -0.222667,
        "nauc_mrr_at_3_diff1": 0.779021,
        "nauc_mrr_at_5_max": 0.333141,
        "nauc_mrr_at_5_std": -0.216546,
        "nauc_mrr_at_5_diff1": 0.778067,
        "nauc_mrr_at_10_max": 0.331253,
        "nauc_mrr_at_10_std": -0.219596,
        "nauc_mrr_at_10_diff1": 0.777624,
        "nauc_mrr_at_20_max": 0.328974,
        "nauc_mrr_at_20_std": -0.220425,
        "nauc_mrr_at_20_diff1": 0.777479,
        "nauc_mrr_at_100_max": 0.326622,
        "nauc_mrr_at_100_std": -0.220457,
        "nauc_mrr_at_100_diff1": 0.776796,
        "nauc_mrr_at_1000_max": 0.326622,
        "nauc_mrr_at_1000_std": -0.220457,
        "nauc_mrr_at_1000_diff1": 0.776796,
        "main_score": 0.90446,
        "hf_subset": "default",
        "languages": [
          "eng-Latn"
        ]
      }
    ]
  },
  "evaluation_time": 2019.920265197754,
  "kg_co2_emissions": 0.19109172682732042
}