{
  "dataset_revision": "4b70e90197901da24f3cfcd51d27111292878680",
  "task_name": "TempReasonL3Fact",
  "mteb_version": "1.18.0",
  "scores": {
    "test": [
      {
        "ndcg_at_1": 0.12698,
        "ndcg_at_3": 0.28113,
        "ndcg_at_5": 0.34194,
        "ndcg_at_10": 0.39179,
        "ndcg_at_20": 0.41992,
        "ndcg_at_100": 0.44283,
        "ndcg_at_1000": 0.44974,
        "map_at_1": 0.12698,
        "map_at_3": 0.24123,
        "map_at_5": 0.27499,
        "map_at_10": 0.29592,
        "map_at_20": 0.30383,
        "map_at_100": 0.30713,
        "map_at_1000": 0.3074,
        "recall_at_1": 0.12698,
        "recall_at_3": 0.39742,
        "recall_at_5": 0.54496,
        "recall_at_10": 0.69724,
        "recall_at_20": 0.80705,
        "recall_at_100": 0.9286,
        "recall_at_1000": 0.98238,
        "precision_at_1": 0.12698,
        "precision_at_3": 0.13247,
        "precision_at_5": 0.10899,
        "precision_at_10": 0.06972,
        "precision_at_20": 0.04035,
        "precision_at_100": 0.00929,
        "precision_at_1000": 0.00098,
        "mrr_at_1": 0.126977,
        "mrr_at_3": 0.241226,
        "mrr_at_5": 0.274992,
        "mrr_at_10": 0.295918,
        "mrr_at_20": 0.30383,
        "mrr_at_100": 0.307129,
        "mrr_at_1000": 0.307399,
        "nauc_ndcg_at_1_max": -0.024734,
        "nauc_ndcg_at_1_std": -0.054804,
        "nauc_ndcg_at_1_diff1": 0.001817,
        "nauc_ndcg_at_3_max": -0.002836,
        "nauc_ndcg_at_3_std": -0.078738,
        "nauc_ndcg_at_3_diff1": 0.023768,
        "nauc_ndcg_at_5_max": -0.00451,
        "nauc_ndcg_at_5_std": -0.083411,
        "nauc_ndcg_at_5_diff1": 0.008822,
        "nauc_ndcg_at_10_max": -0.001482,
        "nauc_ndcg_at_10_std": -0.070312,
        "nauc_ndcg_at_10_diff1": 0.002905,
        "nauc_ndcg_at_20_max": 0.00731,
        "nauc_ndcg_at_20_std": -0.045351,
        "nauc_ndcg_at_20_diff1": -0.005876,
        "nauc_ndcg_at_100_max": 0.002762,
        "nauc_ndcg_at_100_std": -0.039295,
        "nauc_ndcg_at_100_diff1": 0.001398,
        "nauc_ndcg_at_1000_max": -0.000344,
        "nauc_ndcg_at_1000_std": -0.047782,
        "nauc_ndcg_at_1000_diff1": 0.004071,
        "nauc_map_at_1_max": -0.024734,
        "nauc_map_at_1_std": -0.054804,
        "nauc_map_at_1_diff1": 0.001817,
        "nauc_map_at_3_max": -0.005944,
        "nauc_map_at_3_std": -0.073483,
        "nauc_map_at_3_diff1": 0.019843,
        "nauc_map_at_5_max": -0.007308,
        "nauc_map_at_5_std": -0.076406,
        "nauc_map_at_5_diff1": 0.011253,
        "nauc_map_at_10_max": -0.006203,
        "nauc_map_at_10_std": -0.070742,
        "nauc_map_at_10_diff1": 0.008862,
        "nauc_map_at_20_max": -0.00393,
        "nauc_map_at_20_std": -0.063927,
        "nauc_map_at_20_diff1": 0.006316,
        "nauc_map_at_100_max": -0.004403,
        "nauc_map_at_100_std": -0.062919,
        "nauc_map_at_100_diff1": 0.007007,
        "nauc_map_at_1000_max": -0.004511,
        "nauc_map_at_1000_std": -0.063178,
        "nauc_map_at_1000_diff1": 0.007159,
        "nauc_recall_at_1_max": -0.024734,
        "nauc_recall_at_1_std": -0.054804,
        "nauc_recall_at_1_diff1": 0.001817,
        "nauc_recall_at_3_max": 0.003803,
        "nauc_recall_at_3_std": -0.090702,
        "nauc_recall_at_3_diff1": 0.032475,
        "nauc_recall_at_5_max": 0.001892,
        "nauc_recall_at_5_std": -0.100526,
        "nauc_recall_at_5_diff1": 0.000858,
        "nauc_recall_at_10_max": 0.0135,
        "nauc_recall_at_10_std": -0.063918,
        "nauc_recall_at_10_diff1": -0.019912,
        "nauc_recall_at_20_max": 0.066171,
        "nauc_recall_at_20_std": 0.069223,
        "nauc_recall_at_20_diff1": -0.072886,
        "nauc_recall_at_100_max": 0.067335,
        "nauc_recall_at_100_std": 0.321414,
        "nauc_recall_at_100_diff1": -0.034907,
        "nauc_recall_at_1000_max": -0.03893,
        "nauc_recall_at_1000_std": 0.567792,
        "nauc_recall_at_1000_diff1": 0.05878,
        "nauc_precision_at_1_max": -0.024734,
        "nauc_precision_at_1_std": -0.054804,
        "nauc_precision_at_1_diff1": 0.001817,
        "nauc_precision_at_3_max": 0.003803,
        "nauc_precision_at_3_std": -0.090702,
        "nauc_precision_at_3_diff1": 0.032475,
        "nauc_precision_at_5_max": 0.001892,
        "nauc_precision_at_5_std": -0.100526,
        "nauc_precision_at_5_diff1": 0.000858,
        "nauc_precision_at_10_max": 0.0135,
        "nauc_precision_at_10_std": -0.063918,
        "nauc_precision_at_10_diff1": -0.019912,
        "nauc_precision_at_20_max": 0.066171,
        "nauc_precision_at_20_std": 0.069223,
        "nauc_precision_at_20_diff1": -0.072886,
        "nauc_precision_at_100_max": 0.067335,
        "nauc_precision_at_100_std": 0.321414,
        "nauc_precision_at_100_diff1": -0.034907,
        "nauc_precision_at_1000_max": -0.03893,
        "nauc_precision_at_1000_std": 0.567792,
        "nauc_precision_at_1000_diff1": 0.05878,
        "nauc_mrr_at_1_max": -0.024734,
        "nauc_mrr_at_1_std": -0.054804,
        "nauc_mrr_at_1_diff1": 0.001817,
        "nauc_mrr_at_3_max": -0.005944,
        "nauc_mrr_at_3_std": -0.073483,
        "nauc_mrr_at_3_diff1": 0.019843,
        "nauc_mrr_at_5_max": -0.007308,
        "nauc_mrr_at_5_std": -0.076406,
        "nauc_mrr_at_5_diff1": 0.011253,
        "nauc_mrr_at_10_max": -0.006203,
        "nauc_mrr_at_10_std": -0.070742,
        "nauc_mrr_at_10_diff1": 0.008862,
        "nauc_mrr_at_20_max": -0.00393,
        "nauc_mrr_at_20_std": -0.063927,
        "nauc_mrr_at_20_diff1": 0.006316,
        "nauc_mrr_at_100_max": -0.004403,
        "nauc_mrr_at_100_std": -0.062919,
        "nauc_mrr_at_100_diff1": 0.007007,
        "nauc_mrr_at_1000_max": -0.004511,
        "nauc_mrr_at_1000_std": -0.063178,
        "nauc_mrr_at_1000_diff1": 0.007159,
        "main_score": 0.39179,
        "hf_subset": "default",
        "languages": [
          "eng-Latn"
        ]
      }
    ]
  },
  "evaluation_time": 171.58131504058838,
  "kg_co2_emissions": 0.014029225135145634
}