{
  "dataset_revision": "6e346642246bfb4928c560ee08640dc84d074e8c",
  "task_name": "LEMBNarrativeQARetrieval",
  "mteb_version": "1.18.0",
  "scores": {
    "test": [
      {
        "ndcg_at_1": 0.29639,
        "ndcg_at_3": 0.35156,
        "ndcg_at_5": 0.37149,
        "ndcg_at_10": 0.392,
        "ndcg_at_20": 0.40884,
        "ndcg_at_100": 0.44963,
        "ndcg_at_1000": 0.47707,
        "map_at_1": 0.29639,
        "map_at_3": 0.33786,
        "map_at_5": 0.34894,
        "map_at_10": 0.35743,
        "map_at_20": 0.36202,
        "map_at_100": 0.3672,
        "map_at_1000": 0.36844,
        "recall_at_1": 0.29639,
        "recall_at_3": 0.39123,
        "recall_at_5": 0.43956,
        "recall_at_10": 0.50282,
        "recall_at_20": 0.56972,
        "recall_at_100": 0.79644,
        "recall_at_1000": 1.0,
        "precision_at_1": 0.29639,
        "precision_at_3": 0.13041,
        "precision_at_5": 0.08791,
        "precision_at_10": 0.05028,
        "precision_at_20": 0.02849,
        "precision_at_100": 0.00796,
        "precision_at_1000": 0.001,
        "mrr_at_1": 0.296392,
        "mrr_at_3": 0.337863,
        "mrr_at_5": 0.348941,
        "mrr_at_10": 0.357434,
        "mrr_at_20": 0.36202,
        "mrr_at_100": 0.3672,
        "mrr_at_1000": 0.368436,
        "nauc_ndcg_at_1_max": 0.605519,
        "nauc_ndcg_at_1_std": 0.208405,
        "nauc_ndcg_at_1_diff1": 0.665074,
        "nauc_ndcg_at_3_max": 0.580689,
        "nauc_ndcg_at_3_std": 0.220191,
        "nauc_ndcg_at_3_diff1": 0.599889,
        "nauc_ndcg_at_5_max": 0.570253,
        "nauc_ndcg_at_5_std": 0.225598,
        "nauc_ndcg_at_5_diff1": 0.583982,
        "nauc_ndcg_at_10_max": 0.558885,
        "nauc_ndcg_at_10_std": 0.226126,
        "nauc_ndcg_at_10_diff1": 0.571232,
        "nauc_ndcg_at_20_max": 0.554344,
        "nauc_ndcg_at_20_std": 0.225746,
        "nauc_ndcg_at_20_diff1": 0.566934,
        "nauc_ndcg_at_100_max": 0.554072,
        "nauc_ndcg_at_100_std": 0.224667,
        "nauc_ndcg_at_100_diff1": 0.567207,
        "nauc_ndcg_at_1000_max": 0.564914,
        "nauc_ndcg_at_1000_std": 0.223079,
        "nauc_ndcg_at_1000_diff1": 0.583201,
        "nauc_map_at_1_max": 0.605519,
        "nauc_map_at_1_std": 0.208405,
        "nauc_map_at_1_diff1": 0.665074,
        "nauc_map_at_3_max": 0.586916,
        "nauc_map_at_3_std": 0.217085,
        "nauc_map_at_3_diff1": 0.615541,
        "nauc_map_at_5_max": 0.581111,
        "nauc_map_at_5_std": 0.220069,
        "nauc_map_at_5_diff1": 0.6066,
        "nauc_map_at_10_max": 0.57638,
        "nauc_map_at_10_std": 0.220357,
        "nauc_map_at_10_diff1": 0.601378,
        "nauc_map_at_20_max": 0.575166,
        "nauc_map_at_20_std": 0.220137,
        "nauc_map_at_20_diff1": 0.60037,
        "nauc_map_at_100_max": 0.575177,
        "nauc_map_at_100_std": 0.220089,
        "nauc_map_at_100_diff1": 0.600429,
        "nauc_map_at_1000_max": 0.575635,
        "nauc_map_at_1000_std": 0.220021,
        "nauc_map_at_1000_diff1": 0.601099,
        "nauc_recall_at_1_max": 0.605519,
        "nauc_recall_at_1_std": 0.208405,
        "nauc_recall_at_1_diff1": 0.665074,
        "nauc_recall_at_3_max": 0.563062,
        "nauc_recall_at_3_std": 0.229044,
        "nauc_recall_at_3_diff1": 0.555841,
        "nauc_recall_at_5_max": 0.537914,
        "nauc_recall_at_5_std": 0.242163,
        "nauc_recall_at_5_diff1": 0.517778,
        "nauc_recall_at_10_max": 0.50232,
        "nauc_recall_at_10_std": 0.243731,
        "nauc_recall_at_10_diff1": 0.476848,
        "nauc_recall_at_20_max": 0.47972,
        "nauc_recall_at_20_std": 0.244157,
        "nauc_recall_at_20_diff1": 0.451832,
        "nauc_recall_at_100_max": 0.427022,
        "nauc_recall_at_100_std": 0.243894,
        "nauc_recall_at_100_diff1": 0.378799,
        "nauc_recall_at_1000_max": NaN,
        "nauc_recall_at_1000_std": NaN,
        "nauc_recall_at_1000_diff1": NaN,
        "nauc_precision_at_1_max": 0.605519,
        "nauc_precision_at_1_std": 0.208405,
        "nauc_precision_at_1_diff1": 0.665074,
        "nauc_precision_at_3_max": 0.563062,
        "nauc_precision_at_3_std": 0.229044,
        "nauc_precision_at_3_diff1": 0.555841,
        "nauc_precision_at_5_max": 0.537914,
        "nauc_precision_at_5_std": 0.242163,
        "nauc_precision_at_5_diff1": 0.517778,
        "nauc_precision_at_10_max": 0.50232,
        "nauc_precision_at_10_std": 0.243731,
        "nauc_precision_at_10_diff1": 0.476848,
        "nauc_precision_at_20_max": 0.47972,
        "nauc_precision_at_20_std": 0.244157,
        "nauc_precision_at_20_diff1": 0.451832,
        "nauc_precision_at_100_max": 0.427022,
        "nauc_precision_at_100_std": 0.243894,
        "nauc_precision_at_100_diff1": 0.378799,
        "nauc_precision_at_1000_max": 1.0,
        "nauc_precision_at_1000_std": 1.0,
        "nauc_precision_at_1000_diff1": 1.0,
        "nauc_mrr_at_1_max": 0.605519,
        "nauc_mrr_at_1_std": 0.208405,
        "nauc_mrr_at_1_diff1": 0.665074,
        "nauc_mrr_at_3_max": 0.586916,
        "nauc_mrr_at_3_std": 0.217085,
        "nauc_mrr_at_3_diff1": 0.615541,
        "nauc_mrr_at_5_max": 0.581111,
        "nauc_mrr_at_5_std": 0.220069,
        "nauc_mrr_at_5_diff1": 0.6066,
        "nauc_mrr_at_10_max": 0.57638,
        "nauc_mrr_at_10_std": 0.220357,
        "nauc_mrr_at_10_diff1": 0.601378,
        "nauc_mrr_at_20_max": 0.575166,
        "nauc_mrr_at_20_std": 0.220137,
        "nauc_mrr_at_20_diff1": 0.60037,
        "nauc_mrr_at_100_max": 0.575177,
        "nauc_mrr_at_100_std": 0.220089,
        "nauc_mrr_at_100_diff1": 0.600429,
        "nauc_mrr_at_1000_max": 0.575635,
        "nauc_mrr_at_1000_std": 0.220021,
        "nauc_mrr_at_1000_diff1": 0.601099,
        "main_score": 0.392,
        "hf_subset": "default",
        "languages": [
          "eng-Latn"
        ]
      }
    ]
  },
  "evaluation_time": 27.718372344970703,
  "kg_co2_emissions": 0.007499160047129056
}