{
  "dataset_revision": "c9a9a6c3ef0765622a6de0af6ebb68f323ad73ba",
  "evaluation_time": 503.1927750110626,
  "kg_co2_emissions": 0.030364544966717373,
  "mteb_version": "1.14.15",
  "scores": {
    "test": [
      {
        "cv_recall_at_1": 0.283,
        "cv_recall_at_10": 0.596,
        "cv_recall_at_100": 0.838,
        "cv_recall_at_1000": 0.967,
        "cv_recall_at_20": 0.677,
        "cv_recall_at_3": 0.458,
        "cv_recall_at_5": 0.517,
        "hf_subset": "default",
        "languages": [
          "eng-Latn"
        ],
        "main_score": 0.4359,
        "map_at_1": 0.283,
        "map_at_10": 0.38507,
        "map_at_100": 0.39472,
        "map_at_1000": 0.39529,
        "map_at_20": 0.39062,
        "map_at_3": 0.3605,
        "map_at_5": 0.3743,
        "mrr_at_1": 0.283,
        "mrr_at_10": 0.38506865079365066,
        "mrr_at_100": 0.39471834035976605,
        "mrr_at_1000": 0.3952904699604972,
        "mrr_at_20": 0.39062442263189145,
        "mrr_at_3": 0.36049999999999977,
        "mrr_at_5": 0.3742999999999997,
        "nauc_cv_recall_at_1000_diff1": 0.2778768072885744,
        "nauc_cv_recall_at_1000_max": 0.014062190532775834,
        "nauc_cv_recall_at_1000_std": 0.4133491780550631,
        "nauc_cv_recall_at_100_diff1": 0.39260535608110586,
        "nauc_cv_recall_at_100_max": 0.15881981774277737,
        "nauc_cv_recall_at_100_std": 0.24013177852471274,
        "nauc_cv_recall_at_10_diff1": 0.3803415141504694,
        "nauc_cv_recall_at_10_max": 0.10907001069632498,
        "nauc_cv_recall_at_10_std": -0.023907172447212768,
        "nauc_cv_recall_at_1_diff1": 0.433707949487271,
        "nauc_cv_recall_at_1_max": 0.09063885789091153,
        "nauc_cv_recall_at_1_std": -0.009156717589819494,
        "nauc_cv_recall_at_20_diff1": 0.40090418800791877,
        "nauc_cv_recall_at_20_max": 0.13128754930022393,
        "nauc_cv_recall_at_20_std": 0.012790156610307954,
        "nauc_cv_recall_at_3_diff1": 0.37617688228944784,
        "nauc_cv_recall_at_3_max": 0.10932760463583291,
        "nauc_cv_recall_at_3_std": -0.031472819764006274,
        "nauc_cv_recall_at_5_diff1": 0.3679109810552692,
        "nauc_cv_recall_at_5_max": 0.10666326761686377,
        "nauc_cv_recall_at_5_std": -0.004314804443896102,
        "nauc_map_at_1000_diff1": 0.4087689468524431,
        "nauc_map_at_1000_max": 0.09830158309255332,
        "nauc_map_at_1000_std": -0.012305624186185877,
        "nauc_map_at_100_diff1": 0.4087383092229812,
        "nauc_map_at_100_max": 0.09842643549342603,
        "nauc_map_at_100_std": -0.012013721427197371,
        "nauc_map_at_10_diff1": 0.4067905533769777,
        "nauc_map_at_10_max": 0.09772790410264738,
        "nauc_map_at_10_std": -0.016852346695498895,
        "nauc_map_at_1_diff1": 0.433707949487271,
        "nauc_map_at_1_max": 0.09063885789091153,
        "nauc_map_at_1_std": -0.009156717589819494,
        "nauc_map_at_20_diff1": 0.4090433353219712,
        "nauc_map_at_20_max": 0.09939065549608032,
        "nauc_map_at_20_std": -0.014538202799636961,
        "nauc_map_at_3_diff1": 0.40686995965141454,
        "nauc_map_at_3_max": 0.09853493830392374,
        "nauc_map_at_3_std": -0.01895914691690097,
        "nauc_map_at_5_diff1": 0.4055111760629558,
        "nauc_map_at_5_max": 0.09724551910223621,
        "nauc_map_at_5_std": -0.013597997036948759,
        "nauc_mrr_at_1000_diff1": 0.4087689468524431,
        "nauc_mrr_at_1000_max": 0.09830158309255332,
        "nauc_mrr_at_1000_std": -0.012305624186185877,
        "nauc_mrr_at_100_diff1": 0.4087383092229812,
        "nauc_mrr_at_100_max": 0.09842643549342603,
        "nauc_mrr_at_100_std": -0.012013721427197371,
        "nauc_mrr_at_10_diff1": 0.4067905533769777,
        "nauc_mrr_at_10_max": 0.09772790410264738,
        "nauc_mrr_at_10_std": -0.016852346695498895,
        "nauc_mrr_at_1_diff1": 0.433707949487271,
        "nauc_mrr_at_1_max": 0.09063885789091153,
        "nauc_mrr_at_1_std": -0.009156717589819494,
        "nauc_mrr_at_20_diff1": 0.4090433353219712,
        "nauc_mrr_at_20_max": 0.09939065549608032,
        "nauc_mrr_at_20_std": -0.014538202799636961,
        "nauc_mrr_at_3_diff1": 0.40686995965141454,
        "nauc_mrr_at_3_max": 0.09853493830392374,
        "nauc_mrr_at_3_std": -0.01895914691690097,
        "nauc_mrr_at_5_diff1": 0.4055111760629558,
        "nauc_mrr_at_5_max": 0.09724551910223621,
        "nauc_mrr_at_5_std": -0.013597997036948759,
        "nauc_ndcg_at_1000_diff1": 0.4043261041423328,
        "nauc_ndcg_at_1000_max": 0.09939407185626346,
        "nauc_ndcg_at_1000_std": 4.8579185208421736e-05,
        "nauc_ndcg_at_100_diff1": 0.40503341340277815,
        "nauc_ndcg_at_100_max": 0.1041036849117637,
        "nauc_ndcg_at_100_std": 0.009430152999019826,
        "nauc_ndcg_at_10_diff1": 0.3998495141270989,
        "nauc_ndcg_at_10_max": 0.10042001856395774,
        "nauc_ndcg_at_10_std": -0.018662309703509204,
        "nauc_ndcg_at_1_diff1": 0.433707949487271,
        "nauc_ndcg_at_1_max": 0.09063885789091153,
        "nauc_ndcg_at_1_std": -0.009156717589819494,
        "nauc_ndcg_at_20_diff1": 0.40600083348672567,
        "nauc_ndcg_at_20_max": 0.10550341455734194,
        "nauc_ndcg_at_20_std": -0.010451473505942747,
        "nauc_ndcg_at_3_diff1": 0.3988155010367844,
        "nauc_ndcg_at_3_max": 0.101331978659425,
        "nauc_ndcg_at_3_std": -0.022216974685223885,
        "nauc_ndcg_at_5_diff1": 0.39598358977754533,
        "nauc_ndcg_at_5_max": 0.09960210395260106,
        "nauc_ndcg_at_5_std": -0.011738389027082232,
        "nauc_precision_at_1000_diff1": 0.27787680728856495,
        "nauc_precision_at_1000_max": 0.01406219053277645,
        "nauc_precision_at_1000_std": 0.41334917805505306,
        "nauc_precision_at_100_diff1": 0.39260535608110675,
        "nauc_precision_at_100_max": 0.15881981774277754,
        "nauc_precision_at_100_std": 0.240131778524712,
        "nauc_precision_at_10_diff1": 0.3803415141504689,
        "nauc_precision_at_10_max": 0.10907001069632434,
        "nauc_precision_at_10_std": -0.02390717244721293,
        "nauc_precision_at_1_diff1": 0.433707949487271,
        "nauc_precision_at_1_max": 0.09063885789091153,
        "nauc_precision_at_1_std": -0.009156717589819494,
        "nauc_precision_at_20_diff1": 0.40090418800791777,
        "nauc_precision_at_20_max": 0.1312875493002235,
        "nauc_precision_at_20_std": 0.012790156610307527,
        "nauc_precision_at_3_diff1": 0.37617688228944846,
        "nauc_precision_at_3_max": 0.10932760463583327,
        "nauc_precision_at_3_std": -0.031472819764006184,
        "nauc_precision_at_5_diff1": 0.3679109810552693,
        "nauc_precision_at_5_max": 0.10666326761686344,
        "nauc_precision_at_5_std": -0.004314804443895866,
        "nauc_recall_at_1000_diff1": 0.2778768072885744,
        "nauc_recall_at_1000_max": 0.014062190532775834,
        "nauc_recall_at_1000_std": 0.4133491780550631,
        "nauc_recall_at_100_diff1": 0.39260535608110586,
        "nauc_recall_at_100_max": 0.15881981774277737,
        "nauc_recall_at_100_std": 0.24013177852471274,
        "nauc_recall_at_10_diff1": 0.3803415141504694,
        "nauc_recall_at_10_max": 0.10907001069632498,
        "nauc_recall_at_10_std": -0.023907172447212768,
        "nauc_recall_at_1_diff1": 0.433707949487271,
        "nauc_recall_at_1_max": 0.09063885789091153,
        "nauc_recall_at_1_std": -0.009156717589819494,
        "nauc_recall_at_20_diff1": 0.40090418800791877,
        "nauc_recall_at_20_max": 0.13128754930022393,
        "nauc_recall_at_20_std": 0.012790156610307954,
        "nauc_recall_at_3_diff1": 0.37617688228944784,
        "nauc_recall_at_3_max": 0.10932760463583291,
        "nauc_recall_at_3_std": -0.031472819764006274,
        "nauc_recall_at_5_diff1": 0.3679109810552692,
        "nauc_recall_at_5_max": 0.10666326761686377,
        "nauc_recall_at_5_std": -0.004314804443896102,
        "ndcg_at_1": 0.283,
        "ndcg_at_10": 0.4359,