{
    "dataset_revision": "c5a29a104738b98a9e76336939199e264163d4a0",
    "task_name": "MSMARCO",
    "evaluation_time": null,
    "mteb_version": null,
    "scores": {
        "test": [
            {
                "hf_subset": "default",
                "languages": [
                    "eng-Latn"
                ],
                "main_score": 0.34981,
                "map_at_1": 0.00937,
                "map_at_10": 0.06105000000000001,
                "map_at_100": 0.16573000000000002,
                "map_at_1000": 0.20952,
                "map_at_20": 0.09495,
                "map_at_3": 0.02429,
                "map_at_5": 0.0372,
                "mrr_at_1": 0.5581395348837209,
                "mrr_at_10": 0.6806201550387597,
                "mrr_at_100": 0.6819155717311289,
                "mrr_at_1000": 0.6820171255038516,
                "mrr_at_20": 0.6806201550387597,
                "mrr_at_3": 0.6589147286821705,
                "mrr_at_5": 0.6705426356589147,
                "nauc_map_at_1000_diff1": 0.18395978949265307,
                "nauc_map_at_1000_max": 0.6548459554837219,
                "nauc_map_at_1000_std": 0.6001425674651855,
                "nauc_map_at_100_diff1": 0.1766459171040137,
                "nauc_map_at_100_max": 0.5691214775388199,
                "nauc_map_at_100_std": 0.5126999006986676,
                "nauc_map_at_10_diff1": 0.16954292128521953,
                "nauc_map_at_10_max": 0.29470502786246144,
                "nauc_map_at_10_std": 0.26609751637393325,
                "nauc_map_at_1_diff1": 0.10947697022780029,
                "nauc_map_at_1_max": 0.11333211449460881,
                "nauc_map_at_1_std": 0.19475048420924634,
                "nauc_map_at_20_diff1": 0.13788525799384063,
                "nauc_map_at_20_max": 0.3686668066777578,
                "nauc_map_at_20_std": 0.3164971965701265,
                "nauc_map_at_3_diff1": 0.17859630126844694,
                "nauc_map_at_3_max": 0.2146834280704547,
                "nauc_map_at_3_std": 0.21076387895251825,
                "nauc_map_at_5_diff1": 0.2017441650295119,
                "nauc_map_at_5_max": 0.24878188082696867,
                "nauc_map_at_5_std": 0.25307502719861175,
                "nauc_mrr_at_1000_diff1": 0.1419274912646389,
                "nauc_mrr_at_1000_max": 0.5254526357757101,
                "nauc_mrr_at_1000_std": 0.44496694053499597,
                "nauc_mrr_at_100_diff1": 0.14215939043892334,
                "nauc_mrr_at_100_max": 0.5256425129467223,
                "nauc_mrr_at_100_std": 0.44518902185942166,
                "nauc_mrr_at_10_diff1": 0.14433120969285196,
                "nauc_mrr_at_10_max": 0.5278365722715205,
                "nauc_mrr_at_10_std": 0.4472011559301776,
                "nauc_mrr_at_1_diff1": 0.047355957804700415,
                "nauc_mrr_at_1_max": 0.3993352486009351,
                "nauc_mrr_at_1_std": 0.3955801119967461,
                "nauc_mrr_at_20_diff1": 0.14433120969285196,
                "nauc_mrr_at_20_max": 0.5278365722715205,
                "nauc_mrr_at_20_std": 0.4472011559301776,
                "nauc_mrr_at_3_diff1": 0.1311183382637074,
                "nauc_mrr_at_3_max": 0.5112370908328734,
                "nauc_mrr_at_3_std": 0.4023840180446008,
                "nauc_mrr_at_5_diff1": 0.13179254658692854,
                "nauc_mrr_at_5_max": 0.5338265101836388,
                "nauc_mrr_at_5_std": 0.44541370972177624,
                "nauc_ndcg_at_1000_diff1": 0.21695879459169412,
                "nauc_ndcg_at_1000_max": 0.633706664531325,
                "nauc_ndcg_at_1000_std": 0.6297303091219909,
                "nauc_ndcg_at_100_diff1": 0.1479631401032885,
                "nauc_ndcg_at_100_max": 0.5871101997436683,
                "nauc_ndcg_at_100_std": 0.5681420228421644,
                "nauc_ndcg_at_10_diff1": 0.03194403093296008,
                "nauc_ndcg_at_10_max": 0.48557543871968784,
                "nauc_ndcg_at_10_std": 0.4748615570741263,
                "nauc_ndcg_at_1_diff1": -0.061481697346588725,
                "nauc_ndcg_at_1_max": 0.25556355503841666,
                "nauc_ndcg_at_1_std": 0.21488053891510048,
                "nauc_ndcg_at_20_diff1": 0.04461683170351036,
                "nauc_ndcg_at_20_max": 0.5688294190421314,
                "nauc_ndcg_at_20_std": 0.5193821404537562,
                "nauc_ndcg_at_3_diff1": -0.02861880240597804,
                "nauc_ndcg_at_3_max": 0.41334504750965384,
                "nauc_ndcg_at_3_std": 0.3727470370159716,
                "nauc_ndcg_at_5_diff1": 0.0008149020695323854,
                "nauc_ndcg_at_5_max": 0.4672295475161226,
                "nauc_ndcg_at_5_std": 0.4466524729330342,
                "nauc_precision_at_1000_diff1": 0.06514642381748156,
                "nauc_precision_at_1000_max": 0.5461143553569596,
                "nauc_precision_at_1000_std": 0.5184636945565138,
                "nauc_precision_at_100_diff1": 0.09181266993927008,
                "nauc_precision_at_100_max": 0.6329553111429812,
                "nauc_precision_at_100_std": 0.5901306072187104,
                "nauc_precision_at_10_diff1": 0.16062673027273505,
                "nauc_precision_at_10_max": 0.6485826828536603,
                "nauc_precision_at_10_std": 0.58476222375984,
                "nauc_precision_at_1_diff1": 0.047355957804700415,
                "nauc_precision_at_1_max": 0.3993352486009351,
                "nauc_precision_at_1_std": 0.3955801119967461,
                "nauc_precision_at_20_diff1": 0.12061096674017728,
                "nauc_precision_at_20_max": 0.6681322466200473,
                "nauc_precision_at_20_std": 0.5818606533749746,
                "nauc_precision_at_3_diff1": 0.0910289433878097,
                "nauc_precision_at_3_max": 0.6100901833818042,
                "nauc_precision_at_3_std": 0.5294626237786337,
                "nauc_precision_at_5_diff1": 0.13765083369324818,
                "nauc_precision_at_5_max": 0.670735717931603,
                "nauc_precision_at_5_std": 0.6016075915819233,
                "nauc_recall_at_1000_diff1": 0.33378885488094184,
                "nauc_recall_at_1000_max": 0.5897167459966026,
                "nauc_recall_at_1000_std": 0.5959218645358476,
                "nauc_recall_at_100_diff1": 0.251307767949282,
                "nauc_recall_at_100_max": 0.4829698220976826,
                "nauc_recall_at_100_std": 0.44765274676017647,
                "nauc_recall_at_10_diff1": 0.21012536607264715,
                "nauc_recall_at_10_max": 0.21719714919287136,
                "nauc_recall_at_10_std": 0.18503987452436643,
                "nauc_recall_at_1_diff1": 0.10947697022780029,
                "nauc_recall_at_1_max": 0.11333211449460881,
                "nauc_recall_at_1_std": 0.19475048420924634,
                "nauc_recall_at_20_diff1": 0.14221666924930962,
                "nauc_recall_at_20_max": 0.3083326629354958,
                "nauc_recall_at_20_std": 0.25419400751031634,
                "nauc_recall_at_3_diff1": 0.19488515137385437,
                "nauc_recall_at_3_max": 0.18682366339227507,
                "nauc_recall_at_3_std": 0.14801487977327957,
                "nauc_recall_at_5_diff1": 0.2149340437264526,
                "nauc_recall_at_5_max": 0.22470910257369972,
                "nauc_recall_at_5_std": 0.2091789333035049,
                "ndcg_at_1": 0.36047000000000007,
                "ndcg_at_10": 0.34981,
                "ndcg_at_100": 0.33928,
                "ndcg_at_1000": 0.42554,
                "ndcg_at_20": 0.33768,
                "ndcg_at_3": 0.35477,
                "ndcg_at_5": 0.3554,
                "precision_at_1": 0.55814,
                "precision_at_10": 0.46744,
                "precision_at_100": 0.22721,
                "precision_at_1000": 0.04781,
                "precision_at_20": 0.40465,
                "precision_at_3": 0.52713,