{
  "dataset_revision": "c6470936de49d6d2ae5fc09612752c75175ce5b6",
  "evaluation_time": 16.78216791152954,
  "kg_co2_emissions": null,
  "mteb_version": "1.14.15",
  "scores": {
    "test": [
      {
        "cv_recall_at_1": 0.22194,
        "cv_recall_at_10": 0.82346,
        "cv_recall_at_100": 1.0,
        "cv_recall_at_1000": 1.0,
        "cv_recall_at_20": 1.0,
        "cv_recall_at_3": 0.51324,
        "cv_recall_at_5": 0.63934,
        "hf_subset": "default",
        "languages": [
          "eng-Latn"
        ],
        "main_score": 0.22194,
        "map_at_1": 0.22194,
        "map_at_10": 0.40936,
        "map_at_100": 0.4205,
        "map_at_1000": 0.4205,
        "map_at_20": 0.4205,
        "map_at_3": 0.35561,
        "map_at_5": 0.38455,
        "mrr_at_1": 0.22194199243379573,
        "mrr_at_10": 0.40935967493344505,
        "mrr_at_100": 0.4205006859819765,
        "mrr_at_1000": 0.4205006859819765,
        "mrr_at_20": 0.4205006859819765,
        "mrr_at_3": 0.3556116015132407,
        "mrr_at_5": 0.38455233291298835,
        "nauc_cv_recall_at_1000_diff1": NaN,
        "nauc_cv_recall_at_1000_max": NaN,
        "nauc_cv_recall_at_1000_std": NaN,
        "nauc_cv_recall_at_100_diff1": NaN,
        "nauc_cv_recall_at_100_max": NaN,
        "nauc_cv_recall_at_100_std": NaN,
        "nauc_cv_recall_at_10_diff1": 0.2101759722925505,
        "nauc_cv_recall_at_10_max": 0.7332965749699789,
        "nauc_cv_recall_at_10_std": 0.23907268405053633,
        "nauc_cv_recall_at_1_diff1": 0.19811326260006742,
        "nauc_cv_recall_at_1_max": 0.3495552009475979,
        "nauc_cv_recall_at_1_std": 0.24505530643957374,
        "nauc_cv_recall_at_20_diff1": NaN,
        "nauc_cv_recall_at_20_max": NaN,
        "nauc_cv_recall_at_20_std": NaN,
        "nauc_cv_recall_at_3_diff1": 0.2932293595679431,
        "nauc_cv_recall_at_3_max": 0.6148302990130781,
        "nauc_cv_recall_at_3_std": 0.4567469763763834,
        "nauc_cv_recall_at_5_diff1": 0.26581063925711024,
        "nauc_cv_recall_at_5_max": 0.6564099358705843,
        "nauc_cv_recall_at_5_std": 0.47661979602255317,
        "nauc_map_at_1000_diff1": 0.24187502653878903,
        "nauc_map_at_1000_max": 0.48426419964708406,
        "nauc_map_at_1000_std": 0.32746107386771706,
        "nauc_map_at_100_diff1": 0.24187502653878903,
        "nauc_map_at_100_max": 0.48426419964708406,
        "nauc_map_at_100_std": 0.32746107386771706,
        "nauc_map_at_10_diff1": 0.24148518004068328,
        "nauc_map_at_10_max": 0.49337265655904855,
        "nauc_map_at_10_std": 0.3245787405522365,
        "nauc_map_at_1_diff1": 0.19811326260006742,
        "nauc_map_at_1_max": 0.3495552009475979,
        "nauc_map_at_1_std": 0.24505530643957374,
        "nauc_map_at_20_diff1": 0.24187502653878903,
        "nauc_map_at_20_max": 0.48426419964708406,
        "nauc_map_at_20_std": 0.32746107386771706,
        "nauc_map_at_3_diff1": 0.25441884089381805,
        "nauc_map_at_3_max": 0.492326599597508,
        "nauc_map_at_3_std": 0.34902904161948434,
        "nauc_map_at_5_diff1": 0.24583813084938422,
        "nauc_map_at_5_max": 0.49636748945860626,
        "nauc_map_at_5_std": 0.34980416094743066,
        "nauc_mrr_at_1000_diff1": 0.24187502653878903,
        "nauc_mrr_at_1000_max": 0.48426419964708406,
        "nauc_mrr_at_1000_std": 0.32746107386771706,
        "nauc_mrr_at_100_diff1": 0.24187502653878903,
        "nauc_mrr_at_100_max": 0.48426419964708406,
        "nauc_mrr_at_100_std": 0.32746107386771706,
        "nauc_mrr_at_10_diff1": 0.24148518004068328,
        "nauc_mrr_at_10_max": 0.49337265655904855,
        "nauc_mrr_at_10_std": 0.3245787405522365,
        "nauc_mrr_at_1_diff1": 0.19811326260006742,
        "nauc_mrr_at_1_max": 0.3495552009475979,
        "nauc_mrr_at_1_std": 0.24505530643957374,
        "nauc_mrr_at_20_diff1": 0.24187502653878903,
        "nauc_mrr_at_20_max": 0.48426419964708406,
        "nauc_mrr_at_20_std": 0.32746107386771706,
        "nauc_mrr_at_3_diff1": 0.25441884089381805,
        "nauc_mrr_at_3_max": 0.492326599597508,
        "nauc_mrr_at_3_std": 0.34902904161948434,
        "nauc_mrr_at_5_diff1": 0.24583813084938422,
        "nauc_mrr_at_5_max": 0.49636748945860626,
        "nauc_mrr_at_5_std": 0.34980416094743066,
        "nauc_ndcg_at_1000_diff1": 0.24321356571947608,
        "nauc_ndcg_at_1000_max": 0.49686036818275386,
        "nauc_ndcg_at_1000_std": 0.3321568231465085,
        "nauc_ndcg_at_100_diff1": 0.24321356571947608,
        "nauc_ndcg_at_100_max": 0.49686036818275386,
        "nauc_ndcg_at_100_std": 0.3321568231465085,
        "nauc_ndcg_at_10_diff1": 0.23921250219066661,
        "nauc_ndcg_at_10_max": 0.5331485321026186,
        "nauc_ndcg_at_10_std": 0.31837659875929547,
        "nauc_ndcg_at_1_diff1": 0.19811326260006742,
        "nauc_ndcg_at_1_max": 0.3495552009475979,
        "nauc_ndcg_at_1_std": 0.24505530643957374,
        "nauc_ndcg_at_20_diff1": 0.24321356571947608,
        "nauc_ndcg_at_20_max": 0.49686036818275386,
        "nauc_ndcg_at_20_std": 0.3321568231465085,
        "nauc_ndcg_at_3_diff1": 0.2652900394298583,
        "nauc_ndcg_at_3_max": 0.5258856538709878,
        "nauc_ndcg_at_3_std": 0.3780715801762801,
        "nauc_ndcg_at_5_diff1": 0.25152884788644697,
        "nauc_ndcg_at_5_max": 0.5357230423923095,
        "nauc_ndcg_at_5_std": 0.3808774242303049,
        "nauc_precision_at_1000_diff1": 1.0,
        "nauc_precision_at_1000_max": 1.0,
        "nauc_precision_at_1000_std": 1.0,
        "nauc_precision_at_100_diff1": NaN,
        "nauc_precision_at_100_max": NaN,
        "nauc_precision_at_100_std": NaN,
        "nauc_precision_at_10_diff1": 0.21017597229255106,
        "nauc_precision_at_10_max": 0.7332965749699789,
        "nauc_precision_at_10_std": 0.23907268405053472,
        "nauc_precision_at_1_diff1": 0.19811326260006742,
        "nauc_precision_at_1_max": 0.3495552009475979,
        "nauc_precision_at_1_std": 0.24505530643957374,
        "nauc_precision_at_20_diff1": 1.0,
        "nauc_precision_at_20_max": 1.0,
        "nauc_precision_at_20_std": 1.0,
        "nauc_precision_at_3_diff1": 0.2932293595679424,
        "nauc_precision_at_3_max": 0.6148302990130776,
        "nauc_precision_at_3_std": 0.45674697637638323,
        "nauc_precision_at_5_diff1": 0.26581063925710957,
        "nauc_precision_at_5_max": 0.6564099358705829,
        "nauc_precision_at_5_std": 0.47661979602255256,
        "nauc_recall_at_1000_diff1": NaN,
        "nauc_recall_at_1000_max": NaN,
        "nauc_recall_at_1000_std": NaN,
        "nauc_recall_at_100_diff1": NaN,
        "nauc_recall_at_100_max": NaN,
        "nauc_recall_at_100_std": NaN,
        "nauc_recall_at_10_diff1": 0.2101759722925505,
        "nauc_recall_at_10_max": 0.7332965749699789,
        "nauc_recall_at_10_std": 0.23907268405053633,
        "nauc_recall_at_1_diff1": 0.19811326260006742,
        "nauc_recall_at_1_max": 0.3495552009475979,
        "nauc_recall_at_1_std": 0.24505530643957374,
        "nauc_recall_at_20_diff1": NaN,
        "nauc_recall_at_20_max": NaN,
        "nauc_recall_at_20_std": NaN,
        "nauc_recall_at_3_diff1": 0.2932293595679431,
        "nauc_recall_at_3_max": 0.6148302990130781,
        "nauc_recall_at_3_std": 0.4567469763763834,
        "nauc_recall_at_5_diff1": 0.26581063925711024,
        "nauc_recall_at_5_max": 0.6564099358705843,
        "nauc_recall_at_5_std": 0.47661979602255317,
        "ndcg_at_1": 0.22194,
        "ndcg_at_10": 0.50815,
        "ndcg_at_100": 0.55136,
        "ndcg_at_1000": 0.55136,
        "ndcg_at_20": 0.55136,
        "ndcg_at_3": 0.39632,
        "ndcg_at_5": 0.44836,
        "precision_at_1": 0.22194,
        "precision_at_10": 0.08235,
        "precision_at_100": 0.01,
        "precision_at_1000": 0.001,
        "precision_at_20": 0.05,
        "precision_at_3": 0.17108,
        "precision_at_5": 0.12787,
        "recall_at_1": 0.22194,
        "recall_at_10": 0.82346,
        "recall_at_100": 1.0,