{
  "dataset_revision": "561ee9ca47ff3e4a657283c59416deca8dc169f2",
  "evaluation_time": 56.97560501098633,
  "kg_co2_emissions": 0.003778863905366929,
  "mteb_version": "1.14.15",
  "scores": {
    "test": [
      {
        "cosine_pearson": 0.46948785608806676,
        "cosine_spearman": 0.47460309237943027,
        "euclidean_pearson": 0.47691723349374604,
        "euclidean_spearman": 0.47460309237943027,
        "hf_subset": "default",
        "languages": [
          "eng-Latn"
        ],
        "main_score": 0.47460309237943027,
        "manhattan_pearson": 0.47275931130474297,
        "manhattan_spearman": 0.470095988796128,
        "pearson": 0.46948785608806676,
        "spearman": 0.47460309237943027
      }
    ]
  },
  "task_name": "STS13VisualSTS"
}