{
  "dataset_revision": "d7c0de2777da35d6aae2200a62c6e0e5af397c4c",
  "mteb_dataset_name": "ToxicConversationsClassification",
  "mteb_version": "1.0.3.dev0",
  "test": {
    "accuracy": 0.88331,
    "accuracy_stderr": 0.012239971405195367,
    "ap": 0.33691924028251746,
    "ap_stderr": 0.01450391253936986,
    "evaluation_time": 8681.1,
    "f1": 0.7317792913117287,
    "f1_stderr": 0.013344070687911035,
    "main_score": 0.88331
  }
}