{
    "dataset_revision": "None",
    "task_name": "EcomRetrieval",
    "evaluation_time": null,
    "mteb_version": null,
    "scores": {
        "dev": [
            {
                "hf_subset": "default",
                "languages": [
                    "cmn-Hans"
                ],
                "map_at_1": 0.548,
                "map_at_10": 0.65613,
                "map_at_100": 0.66185,
                "map_at_1000": 0.66191,
                "map_at_3": 0.628,
                "map_at_5": 0.64535,
                "mrr_at_1": 0.548,
                "mrr_at_10": 0.65613,
                "mrr_at_100": 0.66185,
                "mrr_at_1000": 0.66191,
                "mrr_at_3": 0.628,
                "mrr_at_5": 0.64535,
                "ndcg_at_1": 0.548,
                "ndcg_at_10": 0.70991,
                "ndcg_at_100": 0.73434,
                "ndcg_at_1000": 0.73587,
                "ndcg_at_3": 0.6532399999999999,
                "ndcg_at_5": 0.68431,
                "precision_at_1": 0.548,
                "precision_at_10": 0.0879,
                "precision_at_100": 0.00986,
                "precision_at_1000": 0.001,
                "precision_at_3": 0.242,
                "precision_at_5": 0.1602,
                "recall_at_1": 0.548,
                "recall_at_10": 0.879,
                "recall_at_100": 0.986,
                "recall_at_1000": 0.998,
                "recall_at_3": 0.726,
                "recall_at_5": 0.801,
                "main_score": 0.70991
            }
        ]
    }
}