{
  "dataset_revision": "bb30be7e9184e6b6b1d99bbfe1bb90a3a81842e6",
  "task_name": "PIQA",
  "mteb_version": "1.18.0",
  "scores": {
    "test": [
      {
        "ndcg_at_1": 0.14037,
        "ndcg_at_3": 0.23278,
        "ndcg_at_5": 0.25141,
        "ndcg_at_10": 0.27467,
        "ndcg_at_20": 0.29307,
        "ndcg_at_100": 0.3181,
        "ndcg_at_1000": 0.33934,
        "map_at_1": 0.14037,
        "map_at_3": 0.21083,
        "map_at_5": 0.22119,
        "map_at_10": 0.23071,
        "map_at_20": 0.23581,
        "map_at_100": 0.23923,
        "map_at_1000": 0.23992,
        "recall_at_1": 0.14037,
        "recall_at_3": 0.29597,
        "recall_at_5": 0.34113,
        "recall_at_10": 0.41349,
        "recall_at_20": 0.48585,
        "recall_at_100": 0.62133,
        "recall_at_1000": 0.79543,
        "precision_at_1": 0.14037,
        "precision_at_3": 0.09866,
        "precision_at_5": 0.06823,
        "precision_at_10": 0.04135,
        "precision_at_20": 0.02429,
        "precision_at_100": 0.00621,
        "precision_at_1000": 0.0008,
        "mrr_at_1": 0.14037,
        "mrr_at_3": 0.210827,
        "mrr_at_5": 0.221192,
        "mrr_at_10": 0.230709,
        "mrr_at_20": 0.235811,
        "mrr_at_100": 0.239235,
        "mrr_at_1000": 0.239923,
        "nauc_ndcg_at_1_max": 0.340947,
        "nauc_ndcg_at_1_std": -0.027004,
        "nauc_ndcg_at_1_diff1": 0.158682,
        "nauc_ndcg_at_3_max": 0.392417,
        "nauc_ndcg_at_3_std": -0.005844,
        "nauc_ndcg_at_3_diff1": 0.10159,
        "nauc_ndcg_at_5_max": 0.385032,
        "nauc_ndcg_at_5_std": -0.009587,
        "nauc_ndcg_at_5_diff1": 0.100002,
        "nauc_ndcg_at_10_max": 0.383234,
        "nauc_ndcg_at_10_std": -0.008199,
        "nauc_ndcg_at_10_diff1": 0.093955,
        "nauc_ndcg_at_20_max": 0.381409,
        "nauc_ndcg_at_20_std": -0.008364,
        "nauc_ndcg_at_20_diff1": 0.088753,
        "nauc_ndcg_at_100_max": 0.381252,
        "nauc_ndcg_at_100_std": -0.008843,
        "nauc_ndcg_at_100_diff1": 0.086965,
        "nauc_ndcg_at_1000_max": 0.377801,
        "nauc_ndcg_at_1000_std": -0.015636,
        "nauc_ndcg_at_1000_diff1": 0.087542,
        "nauc_map_at_1_max": 0.340947,
        "nauc_map_at_1_std": -0.027004,
        "nauc_map_at_1_diff1": 0.158682,
        "nauc_map_at_3_max": 0.383097,
        "nauc_map_at_3_std": -0.010571,
        "nauc_map_at_3_diff1": 0.110967,
        "nauc_map_at_5_max": 0.378809,
        "nauc_map_at_5_std": -0.012658,
        "nauc_map_at_5_diff1": 0.110319,
        "nauc_map_at_10_max": 0.3778,
        "nauc_map_at_10_std": -0.012016,
        "nauc_map_at_10_diff1": 0.107855,
        "nauc_map_at_20_max": 0.3772,
        "nauc_map_at_20_std": -0.012293,
        "nauc_map_at_20_diff1": 0.10608,
        "nauc_map_at_100_max": 0.37715,
        "nauc_map_at_100_std": -0.012591,
        "nauc_map_at_100_diff1": 0.105956,
        "nauc_map_at_1000_max": 0.376948,
        "nauc_map_at_1000_std": -0.012915,
        "nauc_map_at_1000_diff1": 0.105963,
        "nauc_recall_at_1_max": 0.340947,
        "nauc_recall_at_1_std": -0.027004,
        "nauc_recall_at_1_diff1": 0.158682,
        "nauc_recall_at_3_max": 0.413997,
        "nauc_recall_at_3_std": 0.005417,
        "nauc_recall_at_3_diff1": 0.080215,
        "nauc_recall_at_5_max": 0.398211,
        "nauc_recall_at_5_std": -0.002874,
        "nauc_recall_at_5_diff1": 0.076317,
        "nauc_recall_at_10_max": 0.394242,
        "nauc_recall_at_10_std": 0.000497,
        "nauc_recall_at_10_diff1": 0.060224,
        "nauc_recall_at_20_max": 0.388719,
        "nauc_recall_at_20_std": 0.00154,
        "nauc_recall_at_20_diff1": 0.043537,
        "nauc_recall_at_100_max": 0.389428,
        "nauc_recall_at_100_std": 0.00398,
        "nauc_recall_at_100_diff1": 0.025501,
        "nauc_recall_at_1000_max": 0.358602,
        "nauc_recall_at_1000_std": -0.062873,
        "nauc_recall_at_1000_diff1": 0.000344,
        "nauc_precision_at_1_max": 0.340947,
        "nauc_precision_at_1_std": -0.027004,
        "nauc_precision_at_1_diff1": 0.158682,
        "nauc_precision_at_3_max": 0.413997,
        "nauc_precision_at_3_std": 0.005417,
        "nauc_precision_at_3_diff1": 0.080215,
        "nauc_precision_at_5_max": 0.398211,
        "nauc_precision_at_5_std": -0.002874,
        "nauc_precision_at_5_diff1": 0.076317,
        "nauc_precision_at_10_max": 0.394242,
        "nauc_precision_at_10_std": 0.000497,
        "nauc_precision_at_10_diff1": 0.060224,
        "nauc_precision_at_20_max": 0.388719,
        "nauc_precision_at_20_std": 0.00154,
        "nauc_precision_at_20_diff1": 0.043537,
        "nauc_precision_at_100_max": 0.389428,
        "nauc_precision_at_100_std": 0.00398,
        "nauc_precision_at_100_diff1": 0.025501,
        "nauc_precision_at_1000_max": 0.358602,
        "nauc_precision_at_1000_std": -0.062873,
        "nauc_precision_at_1000_diff1": 0.000344,
        "nauc_mrr_at_1_max": 0.340947,
        "nauc_mrr_at_1_std": -0.027004,
        "nauc_mrr_at_1_diff1": 0.158682,
        "nauc_mrr_at_3_max": 0.383097,
        "nauc_mrr_at_3_std": -0.010571,
        "nauc_mrr_at_3_diff1": 0.110967,
        "nauc_mrr_at_5_max": 0.378809,
        "nauc_mrr_at_5_std": -0.012658,
        "nauc_mrr_at_5_diff1": 0.110319,
        "nauc_mrr_at_10_max": 0.3778,
        "nauc_mrr_at_10_std": -0.012016,
        "nauc_mrr_at_10_diff1": 0.107855,
        "nauc_mrr_at_20_max": 0.3772,
        "nauc_mrr_at_20_std": -0.012293,
        "nauc_mrr_at_20_diff1": 0.10608,
        "nauc_mrr_at_100_max": 0.37715,
        "nauc_mrr_at_100_std": -0.012591,
        "nauc_mrr_at_100_diff1": 0.105956,
        "nauc_mrr_at_1000_max": 0.376948,
        "nauc_mrr_at_1000_std": -0.012915,
        "nauc_mrr_at_1000_diff1": 0.105963,
        "main_score": 0.27467,
        "hf_subset": "default",
        "languages": [
          "eng-Latn"
        ]
      }
    ]
  },
  "evaluation_time": 90.4501268863678,
  "kg_co2_emissions": 0.003150249684397751
}