{
  "dataset_revision": "76631901a18387f85eaa53e5450019b87ad58ef9",
  "task_name": "T2Reranking",
  "mteb_version": "1.18.0",
  "scores": {
    "dev": [
      {
        "map": 0.551705,
        "mrr": 0.61054,
        "nAUC_map_max": -0.021726,
        "nAUC_map_std": -0.166757,
        "nAUC_map_diff1": -0.101616,
        "nAUC_mrr_max": -0.005357,
        "nAUC_mrr_std": -0.112374,
        "nAUC_mrr_diff1": -0.129051,
        "main_score": 0.551705,
        "hf_subset": "default",
        "languages": [
          "cmn-Hans"
        ]
      }
    ]
  },
  "evaluation_time": 1158.5328419208527,
  "kg_co2_emissions": 0.09687888626474933
}