{
  "dataset_revision": "eea276dc58c52eab33e9476acb137ff5530b78e9",
  "evaluation_time": 156.84444189071655,
  "kg_co2_emissions": 0.00616563307284389,
  "mteb_version": "1.14.15",
  "scores": {
    "test": [
      {
        "cv_recall_at_1": 0.02638,
        "cv_recall_at_10": 0.07231,
        "cv_recall_at_100": 0.17881,
        "cv_recall_at_1000": 0.46031,
        "cv_recall_at_20": 0.09457,
        "cv_recall_at_3": 0.04421,
        "cv_recall_at_5": 0.05356,
        "hf_subset": "default",
        "languages": [
          "eng-Latn"
        ],
        "main_score": 0.04652,
        "map_at_1": 0.02638,
        "map_at_10": 0.03863,
        "map_at_100": 0.04201,
        "map_at_1000": 0.04292,
        "map_at_20": 0.04015,
        "map_at_3": 0.034,
        "map_at_5": 0.03613,
        "mrr_at_1": 0.026378896882494004,
        "mrr_at_10": 0.038634660037537745,
        "mrr_at_100": 0.04200558837831669,
        "mrr_at_1000": 0.04292361629350704,
        "mrr_at_20": 0.04014784368841202,
        "mrr_at_3": 0.03400356637766705,
        "mrr_at_5": 0.03613416958740697,
        "nauc_cv_recall_at_1000_diff1": 0.09992190677149138,
        "nauc_cv_recall_at_1000_max": 0.04187195790570847,
        "nauc_cv_recall_at_1000_std": 0.29177121544486523,
        "nauc_cv_recall_at_100_diff1": 0.15014098225383535,
        "nauc_cv_recall_at_100_max": 0.019633804160799066,
        "nauc_cv_recall_at_100_std": 0.3390168828403354,
        "nauc_cv_recall_at_10_diff1": 0.24365526045192645,
        "nauc_cv_recall_at_10_max": 0.0588122822259942,
        "nauc_cv_recall_at_10_std": 0.4190230864989092,
        "nauc_cv_recall_at_1_diff1": 0.48995868546950017,
        "nauc_cv_recall_at_1_max": 0.11680817467768406,
        "nauc_cv_recall_at_1_std": 0.4781237189268168,
        "nauc_cv_recall_at_20_diff1": 0.21035643998418724,
        "nauc_cv_recall_at_20_max": 0.04085997762923656,
        "nauc_cv_recall_at_20_std": 0.3923015798762701,
        "nauc_cv_recall_at_3_diff1": 0.35058583403864035,
        "nauc_cv_recall_at_3_max": 0.10551923614770789,
        "nauc_cv_recall_at_3_std": 0.45731764866148233,
        "nauc_cv_recall_at_5_diff1": 0.2998813048506241,
        "nauc_cv_recall_at_5_max": 0.08602609013528903,
        "nauc_cv_recall_at_5_std": 0.4536769401293589,
        "nauc_map_at_1000_diff1": 0.3509616943367611,
        "nauc_map_at_1000_max": 0.08854699287204006,
        "nauc_map_at_1000_std": 0.44281915258944243,
        "nauc_map_at_100_diff1": 0.35348588003337794,
        "nauc_map_at_100_max": 0.08878707314680291,
        "nauc_map_at_100_std": 0.4447880468325585,
        "nauc_map_at_10_diff1": 0.37338078111376244,
        "nauc_map_at_10_max": 0.09691814211215141,
        "nauc_map_at_10_std": 0.45638513230454925,
        "nauc_map_at_1_diff1": 0.48995868546950017,
        "nauc_map_at_1_max": 0.11680817467768406,
        "nauc_map_at_1_std": 0.4781237189268168,
        "nauc_map_at_20_diff1": 0.363040092092202,
        "nauc_map_at_20_max": 0.09237998426660113,
        "nauc_map_at_20_std": 0.4506150328255062,
        "nauc_map_at_3_diff1": 0.41397366527447965,
        "nauc_map_at_3_max": 0.11165680436787419,
        "nauc_map_at_3_std": 0.467025940146375,
        "nauc_map_at_5_diff1": 0.39358122672504914,
        "nauc_map_at_5_max": 0.1051617706054931,
        "nauc_map_at_5_std": 0.4650400021933481,
        "nauc_mrr_at_1000_diff1": 0.3509616855764037,
        "nauc_mrr_at_1000_max": 0.0885469885814387,
        "nauc_mrr_at_1000_std": 0.4428191466049894,
        "nauc_mrr_at_100_diff1": 0.35348588003337794,
        "nauc_mrr_at_100_max": 0.08878707314680291,
        "nauc_mrr_at_100_std": 0.4447880468325585,
        "nauc_mrr_at_10_diff1": 0.37338078111376244,
        "nauc_mrr_at_10_max": 0.09691814211215141,
        "nauc_mrr_at_10_std": 0.45638513230454925,
        "nauc_mrr_at_1_diff1": 0.48995868546950017,
        "nauc_mrr_at_1_max": 0.11680817467768406,
        "nauc_mrr_at_1_std": 0.4781237189268168,
        "nauc_mrr_at_20_diff1": 0.363040092092202,
        "nauc_mrr_at_20_max": 0.09237998426660113,
        "nauc_mrr_at_20_std": 0.4506150328255062,
        "nauc_mrr_at_3_diff1": 0.41397366527447965,
        "nauc_mrr_at_3_max": 0.11165680436787419,
        "nauc_mrr_at_3_std": 0.467025940146375,
        "nauc_mrr_at_5_diff1": 0.39358122672504914,
        "nauc_mrr_at_5_max": 0.1051617706054931,
        "nauc_mrr_at_5_std": 0.4650400021933481,
        "nauc_ndcg_at_1000_diff1": 0.2316166877295884,
        "nauc_ndcg_at_1000_max": 0.06146231922089896,
        "nauc_ndcg_at_1000_std": 0.3757987537758428,
        "nauc_ndcg_at_100_diff1": 0.26114968244663356,
        "nauc_ndcg_at_100_max": 0.057749287642097594,
        "nauc_ndcg_at_100_std": 0.39994482162898787,
        "nauc_ndcg_at_10_diff1": 0.3264787308586559,
        "nauc_ndcg_at_10_max": 0.08358864100922911,
        "nauc_ndcg_at_10_std": 0.44347968740576693,
        "nauc_ndcg_at_1_diff1": 0.48995868546950017,
        "nauc_ndcg_at_1_max": 0.11680817467768406,
        "nauc_ndcg_at_1_std": 0.4781237189268168,
        "nauc_ndcg_at_20_diff1": 0.30230465050666255,
        "nauc_ndcg_at_20_max": 0.07252864119635878,
        "nauc_ndcg_at_20_std": 0.42860059367527703,
        "nauc_ndcg_at_3_diff1": 0.39444860198068465,
        "nauc_ndcg_at_3_max": 0.10980397234441665,
        "nauc_ndcg_at_3_std": 0.4640447647513202,
        "nauc_ndcg_at_5_diff1": 0.36304427991973864,
        "nauc_ndcg_at_5_max": 0.09913710515912096,
        "nauc_ndcg_at_5_std": 0.4612795259366634,
        "nauc_precision_at_1000_diff1": 0.09992190677149101,
        "nauc_precision_at_1000_max": 0.04187195790570791,
        "nauc_precision_at_1000_std": 0.29177121544486495,
        "nauc_precision_at_100_diff1": 0.1501409822538354,
        "nauc_precision_at_100_max": 0.019633804160799115,
        "nauc_precision_at_100_std": 0.33901688284033554,
        "nauc_precision_at_10_diff1": 0.2436552604519266,
        "nauc_precision_at_10_max": 0.05881228222599431,
        "nauc_precision_at_10_std": 0.4190230864989092,
        "nauc_precision_at_1_diff1": 0.48995868546950017,
        "nauc_precision_at_1_max": 0.11680817467768406,
        "nauc_precision_at_1_std": 0.4781237189268168,
        "nauc_precision_at_20_diff1": 0.21035643998418735,
        "nauc_precision_at_20_max": 0.04085997762923659,
        "nauc_precision_at_20_std": 0.3923015798762701,
        "nauc_precision_at_3_diff1": 0.3505858340386402,
        "nauc_precision_at_3_max": 0.10551923614770788,
        "nauc_precision_at_3_std": 0.4573176486614823,
        "nauc_precision_at_5_diff1": 0.29988130485062414,
        "nauc_precision_at_5_max": 0.08602609013528911,
        "nauc_precision_at_5_std": 0.4536769401293588,
        "nauc_recall_at_1000_diff1": 0.09992190677149138,
        "nauc_recall_at_1000_max": 0.04187195790570847,
        "nauc_recall_at_1000_std": 0.29177121544486523,
        "nauc_recall_at_100_diff1": 0.15014098225383535,
        "nauc_recall_at_100_max": 0.019633804160799066,
        "nauc_recall_at_100_std": 0.3390168828403354,
        "nauc_recall_at_10_diff1": 0.24365526045192645,
        "nauc_recall_at_10_max": 0.0588122822259942,
        "nauc_recall_at_10_std": 0.4190230864989092,
        "nauc_recall_at_1_diff1": 0.48995868546950017,
        "nauc_recall_at_1_max": 0.11680817467768406,
        "nauc_recall_at_1_std": 0.4781237189268168,
        "nauc_recall_at_20_diff1": 0.21035643998418724,
        "nauc_recall_at_20_max": 0.04085997762923656,
        "nauc_recall_at_20_std": 0.3923015798762701,
        "nauc_recall_at_3_diff1": 0.35058583403864035,
        "nauc_recall_at_3_max": 0.10551923614770789,
        "nauc_recall_at_3_std": 0.45731764866148233,
        "nauc_recall_at_5_diff1": 0.2998813048506241,
        "nauc_recall_at_5_max": 0.08602609013528903,
        "nauc_recall_at_5_std": 0.4536769401293589,
        "ndcg_at_1": 0.02638,
        "ndcg_at_10": 0.04652,
        "ndcg_at_100": 0.06712,