{
  "dataset_revision": "5a77092c28e51558c5586e9c5eb71a7e17a5e43f",
  "evaluation_time": 34.95293593406677,
  "kg_co2_emissions": 0.0015662385688731335,
  "mteb_version": "1.14.15",
  "scores": {
    "valid": [
      {
        "accuracy": 0.0024,
        "ari": 0.33233243783107846,
        "cluster_accuracy": 0.5273,
        "hf_subset": "default",
        "languages": [
          "eng-Latn"
        ],
        "main_score": 0.7265478676622801,
        "nmi": 0.7265478676622801,
        "v_measure": 0.7265478676622801
      }
    ]
  },
  "task_name": "TinyImageNetClustering"
}