{
  "dataset_revision": "6c6430d3a6d36f8d2a829195bc5dc94d7e063e53",
  "task_name": "CQADupstackUnixRetrieval",
  "mteb_version": "1.18.0",
  "scores": {
    "test": [
      {
        "ndcg_at_1": 0.23041,
        "ndcg_at_3": 0.27597,
        "ndcg_at_5": 0.28964,
        "ndcg_at_10": 0.31312,
        "ndcg_at_20": 0.33258,
        "ndcg_at_100": 0.36927,
        "ndcg_at_1000": 0.39808,
        "map_at_1": 0.19736,
        "map_at_3": 0.24963,
        "map_at_5": 0.25901,
        "map_at_10": 0.26951,
        "map_at_20": 0.27539,
        "map_at_100": 0.28076,
        "map_at_1000": 0.28193,
        "recall_at_1": 0.19736,
        "recall_at_3": 0.30783,
        "recall_at_5": 0.34366,
        "recall_at_10": 0.41209,
        "recall_at_20": 0.4821,
        "recall_at_100": 0.66393,
        "recall_at_1000": 0.87131,
        "precision_at_1": 0.23041,
        "precision_at_3": 0.12531,
        "precision_at_5": 0.08545,
        "precision_at_10": 0.05252,
        "precision_at_20": 0.03162,
        "precision_at_100": 0.00922,
        "precision_at_1000": 0.00127,
        "mrr_at_1": 0.23041,
        "mrr_at_3": 0.285448,
        "mrr_at_5": 0.29459,
        "mrr_at_10": 0.304504,
        "mrr_at_20": 0.309605,
        "mrr_at_100": 0.314016,
        "mrr_at_1000": 0.314793,
        "nauc_ndcg_at_1_max": 0.342391,
        "nauc_ndcg_at_1_std": -0.015032,
        "nauc_ndcg_at_1_diff1": 0.51632,
        "nauc_ndcg_at_3_max": 0.320952,
        "nauc_ndcg_at_3_std": 0.011785,
        "nauc_ndcg_at_3_diff1": 0.416574,
        "nauc_ndcg_at_5_max": 0.316075,
        "nauc_ndcg_at_5_std": 0.010761,
        "nauc_ndcg_at_5_diff1": 0.417152,
        "nauc_ndcg_at_10_max": 0.306489,
        "nauc_ndcg_at_10_std": 0.018973,
        "nauc_ndcg_at_10_diff1": 0.408598,
        "nauc_ndcg_at_20_max": 0.306238,
        "nauc_ndcg_at_20_std": 0.022423,
        "nauc_ndcg_at_20_diff1": 0.400168,
        "nauc_ndcg_at_100_max": 0.315232,
        "nauc_ndcg_at_100_std": 0.043482,
        "nauc_ndcg_at_100_diff1": 0.397722,
        "nauc_ndcg_at_1000_max": 0.325822,
        "nauc_ndcg_at_1000_std": 0.049237,
        "nauc_ndcg_at_1000_diff1": 0.402885,
        "nauc_map_at_1_max": 0.304898,
        "nauc_map_at_1_std": -0.025439,
        "nauc_map_at_1_diff1": 0.50086,
        "nauc_map_at_3_max": 0.313473,
        "nauc_map_at_3_std": 0.002886,
        "nauc_map_at_3_diff1": 0.430566,
        "nauc_map_at_5_max": 0.313152,
        "nauc_map_at_5_std": 0.002893,
        "nauc_map_at_5_diff1": 0.430439,
        "nauc_map_at_10_max": 0.30912,
        "nauc_map_at_10_std": 0.00616,
        "nauc_map_at_10_diff1": 0.426949,
        "nauc_map_at_20_max": 0.309162,
        "nauc_map_at_20_std": 0.007247,
        "nauc_map_at_20_diff1": 0.424509,
        "nauc_map_at_100_max": 0.311323,
        "nauc_map_at_100_std": 0.011222,
        "nauc_map_at_100_diff1": 0.424429,
        "nauc_map_at_1000_max": 0.311981,
        "nauc_map_at_1000_std": 0.011761,
        "nauc_map_at_1000_diff1": 0.424658,
        "nauc_recall_at_1_max": 0.304898,
        "nauc_recall_at_1_std": -0.025439,
        "nauc_recall_at_1_diff1": 0.50086,
        "nauc_recall_at_3_max": 0.306498,
        "nauc_recall_at_3_std": 0.030916,
        "nauc_recall_at_3_diff1": 0.355415,
        "nauc_recall_at_5_max": 0.299469,
        "nauc_recall_at_5_std": 0.028959,
        "nauc_recall_at_5_diff1": 0.355109,
        "nauc_recall_at_10_max": 0.268443,
        "nauc_recall_at_10_std": 0.047773,
        "nauc_recall_at_10_diff1": 0.324802,
        "nauc_recall_at_20_max": 0.265913,
        "nauc_recall_at_20_std": 0.060975,
        "nauc_recall_at_20_diff1": 0.292426,
        "nauc_recall_at_100_max": 0.279665,
        "nauc_recall_at_100_std": 0.168525,
        "nauc_recall_at_100_diff1": 0.248091,
        "nauc_recall_at_1000_max": 0.435544,
        "nauc_recall_at_1000_std": 0.410334,
        "nauc_recall_at_1000_diff1": 0.204671,
        "nauc_precision_at_1_max": 0.342391,
        "nauc_precision_at_1_std": -0.015032,
        "nauc_precision_at_1_diff1": 0.51632,
        "nauc_precision_at_3_max": 0.331709,
        "nauc_precision_at_3_std": 0.035585,
        "nauc_precision_at_3_diff1": 0.358359,
        "nauc_precision_at_5_max": 0.315214,
        "nauc_precision_at_5_std": 0.034966,
        "nauc_precision_at_5_diff1": 0.34179,
        "nauc_precision_at_10_max": 0.28086,
        "nauc_precision_at_10_std": 0.061137,
        "nauc_precision_at_10_diff1": 0.304987,
        "nauc_precision_at_20_max": 0.248962,
        "nauc_precision_at_20_std": 0.062379,
        "nauc_precision_at_20_diff1": 0.244361,
        "nauc_precision_at_100_max": 0.252795,
        "nauc_precision_at_100_std": 0.155278,
        "nauc_precision_at_100_diff1": 0.137091,
        "nauc_precision_at_1000_max": 0.156127,
        "nauc_precision_at_1000_std": 0.116167,
        "nauc_precision_at_1000_diff1": 0.010784,
        "nauc_mrr_at_1_max": 0.342391,
        "nauc_mrr_at_1_std": -0.015032,
        "nauc_mrr_at_1_diff1": 0.51632,
        "nauc_mrr_at_3_max": 0.332958,
        "nauc_mrr_at_3_std": 0.00588,
        "nauc_mrr_at_3_diff1": 0.451075,
        "nauc_mrr_at_5_max": 0.329982,
        "nauc_mrr_at_5_std": 0.006288,
        "nauc_mrr_at_5_diff1": 0.451329,
        "nauc_mrr_at_10_max": 0.327131,
        "nauc_mrr_at_10_std": 0.009939,
        "nauc_mrr_at_10_diff1": 0.446925,
        "nauc_mrr_at_20_max": 0.327282,
        "nauc_mrr_at_20_std": 0.010625,
        "nauc_mrr_at_20_diff1": 0.444892,
        "nauc_mrr_at_100_max": 0.32752,
        "nauc_mrr_at_100_std": 0.012524,
        "nauc_mrr_at_100_diff1": 0.444443,
        "nauc_mrr_at_1000_max": 0.327968,
        "nauc_mrr_at_1000_std": 0.012834,
        "nauc_mrr_at_1000_diff1": 0.444686,
        "main_score": 0.31312,
        "hf_subset": "default",
        "languages": [
          "eng-Latn"
        ]
      }
    ]
  },
  "evaluation_time": 1278.7958579063416,
  "kg_co2_emissions": 0.1195334567703321
}