{
  "dataset_revision": "bc5efb7e9d437246ce393ed19d772e08e4a79535",
  "task_name": "CosQA",
  "mteb_version": "2.6.7",
  "scores": {
    "test": [
      {
        "ndcg_at_1": 0.178,
        "ndcg_at_3": 0.27126,
        "ndcg_at_5": 0.33728,
        "ndcg_at_10": 0.3987,
        "ndcg_at_20": 0.43169,
        "ndcg_at_100": 0.46088,
        "ndcg_at_1000": 0.46455,
        "map_at_1": 0.178,
        "map_at_3": 0.247,
        "map_at_5": 0.2837,
        "map_at_10": 0.30942,
        "map_at_20": 0.31881,
        "map_at_100": 0.32308,
        "map_at_1000": 0.32323,
        "recall_at_1": 0.178,
        "recall_at_3": 0.342,
        "recall_at_5": 0.502,
        "recall_at_10": 0.69,
        "recall_at_20": 0.818,
        "recall_at_100": 0.972,
        "recall_at_1000": 1.0,
        "accuracy": 0.178,
        "precision_at_1": 0.178,
        "precision_at_3": 0.114,
        "precision_at_5": 0.1004,
        "precision_at_10": 0.069,
        "precision_at_20": 0.0409,
        "precision_at_100": 0.00972,
        "precision_at_1000": 0.001,
        "mrr_at_1": 0.162,
        "mrr_at_3": 0.227333,
        "mrr_at_5": 0.247733,
        "mrr_at_10": 0.28172,
        "mrr_at_20": 0.290434,
        "mrr_at_100": 0.296075,
        "mrr_at_1000": 0.29623,
        "nauc_ndcg_at_1_max": 0.029795,
        "nauc_ndcg_at_1_std": -0.196728,
        "nauc_ndcg_at_1_diff1": 0.343994,
        "nauc_ndcg_at_3_max": 0.100813,
        "nauc_ndcg_at_3_std": -0.200161,
        "nauc_ndcg_at_3_diff1": 0.230348,
        "nauc_ndcg_at_5_max": 0.131829,
        "nauc_ndcg_at_5_std": -0.216126,
        "nauc_ndcg_at_5_diff1": 0.187062,
        "nauc_ndcg_at_10_max": 0.119402,
        "nauc_ndcg_at_10_std": -0.239549,
        "nauc_ndcg_at_10_diff1": 0.202284,
        "nauc_ndcg_at_20_max": 0.127466,
        "nauc_ndcg_at_20_std": -0.2162,
        "nauc_ndcg_at_20_diff1": 0.211525,
        "nauc_ndcg_at_100_max": 0.107425,
        "nauc_ndcg_at_100_std": -0.210813,
        "nauc_ndcg_at_100_diff1": 0.224798,
        "nauc_ndcg_at_1000_max": 0.108292,
        "nauc_ndcg_at_1000_std": -0.212116,
        "nauc_ndcg_at_1000_diff1": 0.229116,
        "nauc_map_at_1_max": 0.029795,
        "nauc_map_at_1_std": -0.196728,
        "nauc_map_at_1_diff1": 0.343994,
        "nauc_map_at_3_max": 0.083514,
        "nauc_map_at_3_std": -0.199226,
        "nauc_map_at_3_diff1": 0.257914,
        "nauc_map_at_5_max": 0.100541,
        "nauc_map_at_5_std": -0.20771,
        "nauc_map_at_5_diff1": 0.232662,
        "nauc_map_at_10_max": 0.095082,
        "nauc_map_at_10_std": -0.21753,
        "nauc_map_at_10_diff1": 0.240116,
        "nauc_map_at_20_max": 0.096395,
        "nauc_map_at_20_std": -0.211888,
        "nauc_map_at_20_diff1": 0.243034,
        "nauc_map_at_100_max": 0.094348,
        "nauc_map_at_100_std": -0.210442,
        "nauc_map_at_100_diff1": 0.245289,
        "nauc_map_at_1000_max": 0.094466,
        "nauc_map_at_1000_std": -0.210417,
        "nauc_map_at_1000_diff1": 0.245427,
        "nauc_recall_at_1_max": 0.029795,
        "nauc_recall_at_1_std": -0.196728,
        "nauc_recall_at_1_diff1": 0.343994,
        "nauc_recall_at_3_max": 0.144656,
        "nauc_recall_at_3_std": -0.202564,
        "nauc_recall_at_3_diff1": 0.160519,
        "nauc_recall_at_5_max": 0.215999,
        "nauc_recall_at_5_std": -0.240147,
        "nauc_recall_at_5_diff1": 0.066241,
        "nauc_recall_at_10_max": 0.19637,
        "nauc_recall_at_10_std": -0.323153,
        "nauc_recall_at_10_diff1": 0.081186,
        "nauc_recall_at_20_max": 0.289072,
        "nauc_recall_at_20_std": -0.216461,
        "nauc_recall_at_20_diff1": 0.075626,
        "nauc_recall_at_100_max": 0.102841,
        "nauc_recall_at_100_std": -0.088535,
        "nauc_recall_at_100_diff1": -0.054889,
        "nauc_recall_at_1000_max": NaN,
        "nauc_recall_at_1000_std": NaN,
        "nauc_recall_at_1000_diff1": NaN,
        "nauc_precision_at_1_max": 0.029795,
        "nauc_precision_at_1_std": -0.196728,
        "nauc_precision_at_1_diff1": 0.343994,
        "nauc_precision_at_3_max": 0.144656,
        "nauc_precision_at_3_std": -0.202564,
        "nauc_precision_at_3_diff1": 0.160519,
        "nauc_precision_at_5_max": 0.215999,
        "nauc_precision_at_5_std": -0.240147,
        "nauc_precision_at_5_diff1": 0.066241,
        "nauc_precision_at_10_max": 0.19637,
        "nauc_precision_at_10_std": -0.323153,
        "nauc_precision_at_10_diff1": 0.081186,
        "nauc_precision_at_20_max": 0.289072,
        "nauc_precision_at_20_std": -0.216461,
        "nauc_precision_at_20_diff1": 0.075626,
        "nauc_precision_at_100_max": 0.102841,
        "nauc_precision_at_100_std": -0.088535,
        "nauc_precision_at_100_diff1": -0.054889,
        "nauc_precision_at_1000_max": 1.0,
        "nauc_precision_at_1000_std": 1.0,
        "nauc_precision_at_1000_diff1": 1.0,
        "nauc_mrr_at_1_max": 0.060165,
        "nauc_mrr_at_1_std": -0.26003,
        "nauc_mrr_at_1_diff1": 0.385843,
        "nauc_mrr_at_3_max": 0.076858,
        "nauc_mrr_at_3_std": -0.277436,
        "nauc_mrr_at_3_diff1": 0.291853,
        "nauc_mrr_at_5_max": 0.061972,
        "nauc_mrr_at_5_std": -0.281799,
        "nauc_mrr_at_5_diff1": 0.270149,
        "nauc_mrr_at_10_max": 0.074326,
        "nauc_mrr_at_10_std": -0.296978,
        "nauc_mrr_at_10_diff1": 0.275124,
        "nauc_mrr_at_20_max": 0.076708,
        "nauc_mrr_at_20_std": -0.290197,
        "nauc_mrr_at_20_diff1": 0.273024,
        "nauc_mrr_at_100_max": 0.076108,
        "nauc_mrr_at_100_std": -0.285774,
        "nauc_mrr_at_100_diff1": 0.276441,
        "nauc_mrr_at_1000_max": 0.076215,
        "nauc_mrr_at_1000_std": -0.285791,
        "nauc_mrr_at_1000_diff1": 0.276599,
        "cv_recall_at_1": 0.162,
        "cv_recall_at_3": 0.322,
        "cv_recall_at_5": 0.408,
        "cv_recall_at_10": 0.662,
        "cv_recall_at_20": 0.784,
        "cv_recall_at_100": 0.972,
        "cv_recall_at_1000": 1.0,
        "main_score": 0.3987,
        "hf_subset": "default",
        "languages": [
          "eng-Latn",
          "python-Code"
        ]
      }
    ]
  },
  "evaluation_time": 87.13298630714417,
  "kg_co2_emissions": null
}