{
  "dataset_revision": "506f29f8ce59648efe99afee736b0b158eced516",
  "task_name": "CQADupstackWebmastersRetrieval-Fa",
  "mteb_version": "2.6.7",
  "scores": {
    "test": [
      {
        "ndcg_at_1": 0.32016,
        "ndcg_at_3": 0.36353,
        "ndcg_at_5": 0.38466,
        "ndcg_at_10": 0.41257,
        "ndcg_at_20": 0.43285,
        "ndcg_at_100": 0.47455,
        "ndcg_at_1000": 0.49597,
        "map_at_1": 0.26563,
        "map_at_3": 0.3216,
        "map_at_5": 0.33733,
        "map_at_10": 0.35196,
        "map_at_20": 0.35972,
        "map_at_100": 0.36863,
        "map_at_1000": 0.37084,
        "recall_at_1": 0.26563,
        "recall_at_3": 0.38394,
        "recall_at_5": 0.43869,
        "recall_at_10": 0.52686,
        "recall_at_20": 0.60564,
        "recall_at_100": 0.81017,
        "recall_at_1000": 0.93762,
        "accuracy": 0.26563,
        "precision_at_1": 0.32016,
        "precision_at_3": 0.16864,
        "precision_at_5": 0.12451,
        "precision_at_10": 0.07964,
        "precision_at_20": 0.04951,
        "precision_at_100": 0.01611,
        "precision_at_1000": 0.00245,
        "mrr_at_1": 0.320158,
        "mrr_at_3": 0.3778,
        "mrr_at_5": 0.389657,
        "mrr_at_10": 0.402617,
        "mrr_at_20": 0.408041,
        "mrr_at_100": 0.412142,
        "mrr_at_1000": 0.412569,
        "nauc_ndcg_at_1_max": 0.30478,
        "nauc_ndcg_at_1_std": -0.100797,
        "nauc_ndcg_at_1_diff1": 0.506753,
        "nauc_ndcg_at_3_max": 0.311328,
        "nauc_ndcg_at_3_std": -0.047502,
        "nauc_ndcg_at_3_diff1": 0.454669,
        "nauc_ndcg_at_5_max": 0.318437,
        "nauc_ndcg_at_5_std": -0.034813,
        "nauc_ndcg_at_5_diff1": 0.441917,
        "nauc_ndcg_at_10_max": 0.325301,
        "nauc_ndcg_at_10_std": -0.024492,
        "nauc_ndcg_at_10_diff1": 0.44117,
        "nauc_ndcg_at_20_max": 0.333667,
        "nauc_ndcg_at_20_std": -0.01701,
        "nauc_ndcg_at_20_diff1": 0.43944,
        "nauc_ndcg_at_100_max": 0.341609,
        "nauc_ndcg_at_100_std": 0.001522,
        "nauc_ndcg_at_100_diff1": 0.435079,
        "nauc_ndcg_at_1000_max": 0.336658,
        "nauc_ndcg_at_1000_std": -0.004158,
        "nauc_ndcg_at_1000_diff1": 0.44597,
        "nauc_map_at_1_max": 0.306204,
        "nauc_map_at_1_std": -0.114418,
        "nauc_map_at_1_diff1": 0.51948,
        "nauc_map_at_3_max": 0.314255,
        "nauc_map_at_3_std": -0.077771,
        "nauc_map_at_3_diff1": 0.473128,
        "nauc_map_at_5_max": 0.32248,
        "nauc_map_at_5_std": -0.068456,
        "nauc_map_at_5_diff1": 0.463799,
        "nauc_map_at_10_max": 0.326272,
        "nauc_map_at_10_std": -0.062316,
        "nauc_map_at_10_diff1": 0.463981,
        "nauc_map_at_20_max": 0.327768,
        "nauc_map_at_20_std": -0.057507,
        "nauc_map_at_20_diff1": 0.464035,
        "nauc_map_at_100_max": 0.328416,
        "nauc_map_at_100_std": -0.051252,
        "nauc_map_at_100_diff1": 0.463333,
        "nauc_map_at_1000_max": 0.326051,
        "nauc_map_at_1000_std": -0.05137,
        "nauc_map_at_1000_diff1": 0.46291,
        "nauc_recall_at_1_max": 0.306204,
        "nauc_recall_at_1_std": -0.114418,
        "nauc_recall_at_1_diff1": 0.51948,
        "nauc_recall_at_3_max": 0.306357,
        "nauc_recall_at_3_std": -0.01868,
        "nauc_recall_at_3_diff1": 0.399407,
        "nauc_recall_at_5_max": 0.321521,
        "nauc_recall_at_5_std": 0.017345,
        "nauc_recall_at_5_diff1": 0.358433,
        "nauc_recall_at_10_max": 0.326757,
        "nauc_recall_at_10_std": 0.058116,
        "nauc_recall_at_10_diff1": 0.349501,
        "nauc_recall_at_20_max": 0.339016,
        "nauc_recall_at_20_std": 0.093125,
        "nauc_recall_at_20_diff1": 0.330564,
        "nauc_recall_at_100_max": 0.399193,
        "nauc_recall_at_100_std": 0.281546,
        "nauc_recall_at_100_diff1": 0.249226,
        "nauc_recall_at_1000_max": 0.553726,
        "nauc_recall_at_1000_std": 0.600024,
        "nauc_recall_at_1000_diff1": 0.343985,
        "nauc_precision_at_1_max": 0.30478,
        "nauc_precision_at_1_std": -0.100797,
        "nauc_precision_at_1_diff1": 0.506753,
        "nauc_precision_at_3_max": 0.280989,
        "nauc_precision_at_3_std": 0.020371,
        "nauc_precision_at_3_diff1": 0.338848,
        "nauc_precision_at_5_max": 0.253402,
        "nauc_precision_at_5_std": 0.054274,
        "nauc_precision_at_5_diff1": 0.258697,
        "nauc_precision_at_10_max": 0.205214,
        "nauc_precision_at_10_std": 0.096409,
        "nauc_precision_at_10_diff1": 0.205888,
        "nauc_precision_at_20_max": 0.164053,
        "nauc_precision_at_20_std": 0.152145,
        "nauc_precision_at_20_diff1": 0.148164,
        "nauc_precision_at_100_max": -0.017264,
        "nauc_precision_at_100_std": 0.15802,
        "nauc_precision_at_100_diff1": 0.00342,
        "nauc_precision_at_1000_max": -0.199405,
        "nauc_precision_at_1000_std": 0.034676,
        "nauc_precision_at_1000_diff1": -0.054462,
        "nauc_mrr_at_1_max": 0.30478,
        "nauc_mrr_at_1_std": -0.100797,
        "nauc_mrr_at_1_diff1": 0.506753,
        "nauc_mrr_at_3_max": 0.308251,
        "nauc_mrr_at_3_std": -0.056899,
        "nauc_mrr_at_3_diff1": 0.462453,
        "nauc_mrr_at_5_max": 0.310718,
        "nauc_mrr_at_5_std": -0.049269,
        "nauc_mrr_at_5_diff1": 0.455926,
        "nauc_mrr_at_10_max": 0.313957,
        "nauc_mrr_at_10_std": -0.042972,
        "nauc_mrr_at_10_diff1": 0.455274,
        "nauc_mrr_at_20_max": 0.314483,
        "nauc_mrr_at_20_std": -0.043567,
        "nauc_mrr_at_20_diff1": 0.455857,
        "nauc_mrr_at_100_max": 0.314265,
        "nauc_mrr_at_100_std": -0.043352,
        "nauc_mrr_at_100_diff1": 0.455784,
        "nauc_mrr_at_1000_max": 0.314087,
        "nauc_mrr_at_1000_std": -0.043655,
        "nauc_mrr_at_1000_diff1": 0.455984,
        "cv_recall_at_1": 0.32016,
        "cv_recall_at_3": 0.45257,
        "cv_recall_at_5": 0.50593,
        "cv_recall_at_10": 0.60474,
        "cv_recall_at_20": 0.68182,
        "cv_recall_at_100": 0.85573,
        "cv_recall_at_1000": 0.95059,
        "main_score": 0.41257,
        "hf_subset": "default",
        "languages": [
          "fas-Arab"
        ]
      }
    ]
  },
  "evaluation_time": 294.4919784069061,
  "kg_co2_emissions": null
}