{
  "dataset_revision": "438f1c25129f05db6238699b5afdc9c6b58d2096",
  "task_name": "NanoDBPediaRetrieval",
  "mteb_version": "2.6.7",
  "scores": {
    "train": [
      {
        "ndcg_at_1": 0.9,
        "ndcg_at_3": 0.77881,
        "ndcg_at_5": 0.72453,
        "ndcg_at_10": 0.6757,
        "ndcg_at_20": 0.65388,
        "ndcg_at_100": 0.74119,
        "ndcg_at_1000": 0.80331,
        "map_at_1": 0.11847,
        "map_at_3": 0.20726,
        "map_at_5": 0.25479,
        "map_at_10": 0.32265,
        "map_at_20": 0.40159,
        "map_at_100": 0.52634,
        "map_at_1000": 0.54991,
        "recall_at_1": 0.11847,
        "recall_at_3": 0.21534,
        "recall_at_5": 0.27649,
        "recall_at_10": 0.37628,
        "recall_at_20": 0.50399,
        "recall_at_100": 0.85735,
        "recall_at_1000": 0.99774,
        "accuracy": 0.11847,
        "precision_at_1": 0.9,
        "precision_at_3": 0.70667,
        "precision_at_5": 0.616,
        "precision_at_10": 0.514,
        "precision_at_20": 0.413,
        "precision_at_100": 0.179,
        "precision_at_1000": 0.02306,
        "mrr_at_1": 0.9,
        "mrr_at_3": 0.92,
        "mrr_at_5": 0.929,
        "mrr_at_10": 0.931222,
        "mrr_at_20": 0.931222,
        "mrr_at_100": 0.931222,
        "mrr_at_1000": 0.931222,
        "nauc_ndcg_at_1_max": 0.372736,
        "nauc_ndcg_at_1_std": -0.025957,
        "nauc_ndcg_at_1_diff1": 0.671335,
        "nauc_ndcg_at_3_max": 0.322992,
        "nauc_ndcg_at_3_std": 0.190787,
        "nauc_ndcg_at_3_diff1": 0.074649,
        "nauc_ndcg_at_5_max": 0.397675,
        "nauc_ndcg_at_5_std": 0.119371,
        "nauc_ndcg_at_5_diff1": 0.135702,
        "nauc_ndcg_at_10_max": 0.324465,
        "nauc_ndcg_at_10_std": 0.041878,
        "nauc_ndcg_at_10_diff1": 0.121457,
        "nauc_ndcg_at_20_max": 0.3028,
        "nauc_ndcg_at_20_std": -0.051381,
        "nauc_ndcg_at_20_diff1": 0.141911,
        "nauc_ndcg_at_100_max": 0.38676,
        "nauc_ndcg_at_100_std": -0.036633,
        "nauc_ndcg_at_100_diff1": 0.162036,
        "nauc_ndcg_at_1000_max": 0.386834,
        "nauc_ndcg_at_1000_std": 0.103323,
        "nauc_ndcg_at_1000_diff1": 0.162645,
        "nauc_map_at_1_max": -0.290282,
        "nauc_map_at_1_std": -0.574187,
        "nauc_map_at_1_diff1": 0.08706,
        "nauc_map_at_3_max": -0.217653,
        "nauc_map_at_3_std": -0.522191,
        "nauc_map_at_3_diff1": -0.01013,
        "nauc_map_at_5_max": -0.109316,
        "nauc_map_at_5_std": -0.482627,
        "nauc_map_at_5_diff1": 0.005609,
        "nauc_map_at_10_max": 0.019988,
        "nauc_map_at_10_std": -0.420292,
        "nauc_map_at_10_diff1": 0.056559,
        "nauc_map_at_20_max": 0.140071,
        "nauc_map_at_20_std": -0.292926,
        "nauc_map_at_20_diff1": 0.088439,
        "nauc_map_at_100_max": 0.296164,
        "nauc_map_at_100_std": -0.077339,
        "nauc_map_at_100_diff1": 0.111507,
        "nauc_map_at_1000_max": 0.288798,
        "nauc_map_at_1000_std": -0.030121,
        "nauc_map_at_1000_diff1": 0.096943,
        "nauc_recall_at_1_max": -0.290282,
        "nauc_recall_at_1_std": -0.574187,
        "nauc_recall_at_1_diff1": 0.08706,
        "nauc_recall_at_3_max": -0.240704,
        "nauc_recall_at_3_std": -0.51765,
        "nauc_recall_at_3_diff1": -0.032987,
        "nauc_recall_at_5_max": -0.163683,
        "nauc_recall_at_5_std": -0.516108,
        "nauc_recall_at_5_diff1": -0.038702,
        "nauc_recall_at_10_max": -0.043977,
        "nauc_recall_at_10_std": -0.472133,
        "nauc_recall_at_10_diff1": 0.009263,
        "nauc_recall_at_20_max": 0.102359,
        "nauc_recall_at_20_std": -0.351793,
        "nauc_recall_at_20_diff1": 0.065923,
        "nauc_recall_at_100_max": 0.277112,
        "nauc_recall_at_100_std": -0.258798,
        "nauc_recall_at_100_diff1": 0.06013,
        "nauc_recall_at_1000_max": -0.298343,
        "nauc_recall_at_1000_std": 0.372885,
        "nauc_recall_at_1000_diff1": -0.298187,
        "nauc_precision_at_1_max": 0.372736,
        "nauc_precision_at_1_std": -0.025957,
        "nauc_precision_at_1_diff1": 0.671335,
        "nauc_precision_at_3_max": 0.356794,
        "nauc_precision_at_3_std": 0.356002,
        "nauc_precision_at_3_diff1": -0.046021,
        "nauc_precision_at_5_max": 0.530946,
        "nauc_precision_at_5_std": 0.344813,
        "nauc_precision_at_5_diff1": 0.0879,
        "nauc_precision_at_10_max": 0.505726,
        "nauc_precision_at_10_std": 0.412534,
        "nauc_precision_at_10_diff1": 0.141906,
        "nauc_precision_at_20_max": 0.469126,
        "nauc_precision_at_20_std": 0.500173,
        "nauc_precision_at_20_diff1": 0.104572,
        "nauc_precision_at_100_max": 0.268913,
        "nauc_precision_at_100_std": 0.580163,
        "nauc_precision_at_100_diff1": -0.019552,
        "nauc_precision_at_1000_max": 0.103101,
        "nauc_precision_at_1000_std": 0.528977,
        "nauc_precision_at_1000_diff1": -0.065248,
        "nauc_mrr_at_1_max": 0.372736,
        "nauc_mrr_at_1_std": -0.025957,
        "nauc_mrr_at_1_diff1": 0.671335,
        "nauc_mrr_at_3_max": 0.351891,
        "nauc_mrr_at_3_std": 0.140289,
        "nauc_mrr_at_3_diff1": 0.704132,
        "nauc_mrr_at_5_max": 0.331512,
        "nauc_mrr_at_5_std": 0.070074,
        "nauc_mrr_at_5_diff1": 0.686189,
        "nauc_mrr_at_10_max": 0.347759,
        "nauc_mrr_at_10_std": 0.077874,
        "nauc_mrr_at_10_diff1": 0.690455,
        "nauc_mrr_at_20_max": 0.347759,
        "nauc_mrr_at_20_std": 0.077874,
        "nauc_mrr_at_20_diff1": 0.690455,
        "nauc_mrr_at_100_max": 0.347759,
        "nauc_mrr_at_100_std": 0.077874,
        "nauc_mrr_at_100_diff1": 0.690455,
        "nauc_mrr_at_1000_max": 0.347759,
        "nauc_mrr_at_1000_std": 0.077874,
        "nauc_mrr_at_1000_diff1": 0.690455,
        "cv_recall_at_1": 0.9,
        "cv_recall_at_3": 0.94,
        "cv_recall_at_5": 0.98,
        "cv_recall_at_10": 1.0,
        "cv_recall_at_20": 1.0,
        "cv_recall_at_100": 1.0,
        "cv_recall_at_1000": 1.0,
        "main_score": 0.6757,
        "hf_subset": "default",
        "languages": [
          "eng-Latn"
        ]
      }
    ]
  },
  "evaluation_time": 30.556480884552002,
  "kg_co2_emissions": null
}