{
  "dataset_revision": "7723397096199c4d6f367b445fccaf282c518abe",
  "task_name": "SciFact-Fa",
  "mteb_version": "2.6.7",
  "scores": {
    "test": [
      {
        "ndcg_at_1": 0.60333,
        "ndcg_at_3": 0.69752,
        "ndcg_at_5": 0.72716,
        "ndcg_at_10": 0.74759,
        "ndcg_at_20": 0.75394,
        "ndcg_at_100": 0.76197,
        "ndcg_at_1000": 0.76646,
        "map_at_1": 0.57161,
        "map_at_3": 0.66441,
        "map_at_5": 0.68425,
        "map_at_10": 0.69461,
        "map_at_20": 0.69701,
        "map_at_100": 0.6982,
        "map_at_1000": 0.69835,
        "recall_at_1": 0.57161,
        "recall_at_3": 0.76361,
        "recall_at_5": 0.84106,
        "recall_at_10": 0.89922,
        "recall_at_20": 0.92167,
        "recall_at_100": 0.96333,
        "recall_at_1000": 1.0,
        "accuracy": 0.57161,
        "precision_at_1": 0.60333,
        "precision_at_3": 0.28111,
        "precision_at_5": 0.18733,
        "precision_at_10": 0.10133,
        "precision_at_20": 0.05233,
        "precision_at_100": 0.01093,
        "precision_at_1000": 0.00113,
        "mrr_at_1": 0.603333,
        "mrr_at_3": 0.681111,
        "mrr_at_5": 0.697611,
        "mrr_at_10": 0.704567,
        "mrr_at_20": 0.705819,
        "mrr_at_100": 0.706902,
        "mrr_at_1000": 0.707048,
        "nauc_ndcg_at_1_max": 0.448413,
        "nauc_ndcg_at_1_std": -0.029723,
        "nauc_ndcg_at_1_diff1": 0.692341,
        "nauc_ndcg_at_3_max": 0.445229,
        "nauc_ndcg_at_3_std": -0.082569,
        "nauc_ndcg_at_3_diff1": 0.648752,
        "nauc_ndcg_at_5_max": 0.44289,
        "nauc_ndcg_at_5_std": -0.090887,
        "nauc_ndcg_at_5_diff1": 0.638416,
        "nauc_ndcg_at_10_max": 0.471559,
        "nauc_ndcg_at_10_std": -0.065948,
        "nauc_ndcg_at_10_diff1": 0.649591,
        "nauc_ndcg_at_20_max": 0.474971,
        "nauc_ndcg_at_20_std": -0.048327,
        "nauc_ndcg_at_20_diff1": 0.653931,
        "nauc_ndcg_at_100_max": 0.471119,
        "nauc_ndcg_at_100_std": -0.042758,
        "nauc_ndcg_at_100_diff1": 0.657507,
        "nauc_ndcg_at_1000_max": 0.464519,
        "nauc_ndcg_at_1000_std": -0.050861,
        "nauc_ndcg_at_1000_diff1": 0.659301,
        "nauc_map_at_1_max": 0.381832,
        "nauc_map_at_1_std": -0.100588,
        "nauc_map_at_1_diff1": 0.690475,
        "nauc_map_at_3_max": 0.419585,
        "nauc_map_at_3_std": -0.101455,
        "nauc_map_at_3_diff1": 0.660526,
        "nauc_map_at_5_max": 0.428261,
        "nauc_map_at_5_std": -0.095907,
        "nauc_map_at_5_diff1": 0.656388,
        "nauc_map_at_10_max": 0.444781,
        "nauc_map_at_10_std": -0.082459,
        "nauc_map_at_10_diff1": 0.660922,
        "nauc_map_at_20_max": 0.446552,
        "nauc_map_at_20_std": -0.075355,
        "nauc_map_at_20_diff1": 0.662886,
        "nauc_map_at_100_max": 0.44619,
        "nauc_map_at_100_std": -0.074125,
        "nauc_map_at_100_diff1": 0.66336,
        "nauc_map_at_1000_max": 0.446006,
        "nauc_map_at_1000_std": -0.0743,
        "nauc_map_at_1000_diff1": 0.663465,
        "nauc_recall_at_1_max": 0.381832,
        "nauc_recall_at_1_std": -0.100588,
        "nauc_recall_at_1_diff1": 0.690475,
        "nauc_recall_at_3_max": 0.417674,
        "nauc_recall_at_3_std": -0.139903,
        "nauc_recall_at_3_diff1": 0.591426,
        "nauc_recall_at_5_max": 0.439331,
        "nauc_recall_at_5_std": -0.16065,
        "nauc_recall_at_5_diff1": 0.525403,
        "nauc_recall_at_10_max": 0.592838,
        "nauc_recall_at_10_std": -0.059919,
        "nauc_recall_at_10_diff1": 0.549269,
        "nauc_recall_at_20_max": 0.665286,
        "nauc_recall_at_20_std": 0.086388,
        "nauc_recall_at_20_diff1": 0.57866,
        "nauc_recall_at_100_max": 0.757491,
        "nauc_recall_at_100_std": 0.333418,
        "nauc_recall_at_100_diff1": 0.599907,
        "nauc_recall_at_1000_max": NaN,
        "nauc_recall_at_1000_std": NaN,
        "nauc_recall_at_1000_diff1": NaN,
        "nauc_precision_at_1_max": 0.448413,
        "nauc_precision_at_1_std": -0.029723,
        "nauc_precision_at_1_diff1": 0.692341,
        "nauc_precision_at_3_max": 0.456117,
        "nauc_precision_at_3_std": 0.104929,
        "nauc_precision_at_3_diff1": 0.353861,
        "nauc_precision_at_5_max": 0.452702,
        "nauc_precision_at_5_std": 0.195982,
        "nauc_precision_at_5_diff1": 0.209905,
        "nauc_precision_at_10_max": 0.460645,
        "nauc_precision_at_10_std": 0.295341,
        "nauc_precision_at_10_diff1": 0.091347,
        "nauc_precision_at_20_max": 0.427938,
        "nauc_precision_at_20_std": 0.380969,
        "nauc_precision_at_20_diff1": 0.055748,
        "nauc_precision_at_100_max": 0.365977,
        "nauc_precision_at_100_std": 0.435089,
        "nauc_precision_at_100_diff1": -0.043525,
        "nauc_precision_at_1000_max": 0.302512,
        "nauc_precision_at_1000_std": 0.45157,
        "nauc_precision_at_1000_diff1": -0.147826,
        "nauc_mrr_at_1_max": 0.448413,
        "nauc_mrr_at_1_std": -0.029723,
        "nauc_mrr_at_1_diff1": 0.692341,
        "nauc_mrr_at_3_max": 0.458153,
        "nauc_mrr_at_3_std": -0.042512,
        "nauc_mrr_at_3_diff1": 0.662211,
        "nauc_mrr_at_5_max": 0.46228,
        "nauc_mrr_at_5_std": -0.04354,
        "nauc_mrr_at_5_diff1": 0.657878,
        "nauc_mrr_at_10_max": 0.465177,
        "nauc_mrr_at_10_std": -0.038859,
        "nauc_mrr_at_10_diff1": 0.662189,
        "nauc_mrr_at_20_max": 0.464567,
        "nauc_mrr_at_20_std": -0.038362,
        "nauc_mrr_at_20_diff1": 0.662799,
        "nauc_mrr_at_100_max": 0.464464,
        "nauc_mrr_at_100_std": -0.036745,
        "nauc_mrr_at_100_diff1": 0.663403,
        "nauc_mrr_at_1000_max": 0.464288,
        "nauc_mrr_at_1000_std": -0.0369,
        "nauc_mrr_at_1000_diff1": 0.66351,
        "cv_recall_at_1": 0.60333,
        "cv_recall_at_3": 0.78333,
        "cv_recall_at_5": 0.85667,
        "cv_recall_at_10": 0.90667,
        "cv_recall_at_20": 0.92333,
        "cv_recall_at_100": 0.96333,
        "cv_recall_at_1000": 1.0,
        "main_score": 0.74759,
        "hf_subset": "default",
        "languages": [
          "fas-Arab"
        ]
      }
    ]
  },
  "evaluation_time": 175.21387100219727,
  "kg_co2_emissions": null
}