{
  "dataset_revision": "2128d809e27ab8528906e2231f8e824516fb8e5a",
  "task_name": "SynPerChatbotRAGFAQPC",
  "mteb_version": "2.6.7",
  "scores": {
    "test": [
      {
        "similarity_accuracy": 0.723091,
        "similarity_f1": 0.726756,
        "similarity_precision": 0.650436,
        "similarity_recall": 0.823367,
        "similarity_ap": 0.805436,
        "cosine_accuracy": 0.723091,
        "cosine_f1": 0.726756,
        "cosine_precision": 0.650436,
        "cosine_recall": 0.823367,
        "cosine_ap": 0.805436,
        "manhattan_accuracy": 0.722171,
        "manhattan_f1": 0.72854,
        "manhattan_precision": 0.692053,
        "manhattan_recall": 0.769089,
        "manhattan_ap": 0.804887,
        "euclidean_accuracy": 0.724011,
        "euclidean_f1": 0.726829,
        "euclidean_precision": 0.651129,
        "euclidean_recall": 0.822447,
        "euclidean_ap": 0.805453,
        "dot_accuracy": 0.723091,
        "dot_f1": 0.726384,
        "dot_precision": 0.65157,
        "dot_recall": 0.820607,
        "dot_ap": 0.805614,
        "max_accuracy": 0.724011,
        "max_f1": 0.72854,
        "max_precision": 0.692053,
        "max_recall": 0.823367,
        "max_ap": 0.805614,
        "main_score": 0.805614,
        "hf_subset": "default",
        "languages": [
          "fas-Arab"
        ]
      }
    ]
  },
  "evaluation_time": 52.859463930130005,
  "kg_co2_emissions": null
}