{
  "dataset_revision": "54d73a1ea11ea0ae4ec0214ec519c93db79dee88",
  "task_name": "TRECCOVID-VN",
  "mteb_version": "2.6.7",
  "scores": {
    "test": [
      {
        "ndcg_at_1": 0.70455,
        "ndcg_at_3": 0.69991,
        "ndcg_at_5": 0.70238,
        "ndcg_at_10": 0.68511,
        "ndcg_at_20": 0.65637,
        "ndcg_at_100": 0.55107,
        "ndcg_at_1000": 0.50282,
        "map_at_1": 0.0021,
        "map_at_3": 0.00555,
        "map_at_5": 0.00895,
        "map_at_10": 0.01671,
        "map_at_20": 0.03002,
        "map_at_100": 0.10349,
        "map_at_1000": 0.24787,
        "recall_at_1": 0.0021,
        "recall_at_3": 0.00592,
        "recall_at_5": 0.00989,
        "recall_at_10": 0.01887,
        "recall_at_20": 0.03558,
        "recall_at_100": 0.13934,
        "recall_at_1000": 0.47942,
        "accuracy": 0.0021,
        "precision_at_1": 0.77273,
        "precision_at_3": 0.75758,
        "precision_at_5": 0.75455,
        "precision_at_10": 0.72955,
        "precision_at_20": 0.70341,
        "precision_at_100": 0.57705,
        "precision_at_1000": 0.22161,
        "mrr_at_1": 0.772727,
        "mrr_at_3": 0.867424,
        "mrr_at_5": 0.867424,
        "mrr_at_10": 0.870671,
        "mrr_at_20": 0.870671,
        "mrr_at_100": 0.870671,
        "mrr_at_1000": 0.870671,
        "nauc_ndcg_at_1_max": 0.112874,
        "nauc_ndcg_at_1_std": 0.279861,
        "nauc_ndcg_at_1_diff1": -0.109002,
        "nauc_ndcg_at_3_max": 0.352864,
        "nauc_ndcg_at_3_std": 0.470608,
        "nauc_ndcg_at_3_diff1": -0.045396,
        "nauc_ndcg_at_5_max": 0.406106,
        "nauc_ndcg_at_5_std": 0.51431,
        "nauc_ndcg_at_5_diff1": -0.057597,
        "nauc_ndcg_at_10_max": 0.467253,
        "nauc_ndcg_at_10_std": 0.616969,
        "nauc_ndcg_at_10_diff1": 0.056237,
        "nauc_ndcg_at_20_max": 0.420965,
        "nauc_ndcg_at_20_std": 0.572675,
        "nauc_ndcg_at_20_diff1": 0.0318,
        "nauc_ndcg_at_100_max": 0.392804,
        "nauc_ndcg_at_100_std": 0.671223,
        "nauc_ndcg_at_100_diff1": 0.113337,
        "nauc_ndcg_at_1000_max": 0.394408,
        "nauc_ndcg_at_1000_std": 0.61385,
        "nauc_ndcg_at_1000_diff1": 0.264531,
        "nauc_map_at_1_max": 0.041833,
        "nauc_map_at_1_std": -0.041526,
        "nauc_map_at_1_diff1": -0.118543,
        "nauc_map_at_3_max": 0.285063,
        "nauc_map_at_3_std": 0.062945,
        "nauc_map_at_3_diff1": 0.063534,
        "nauc_map_at_5_max": 0.319248,
        "nauc_map_at_5_std": 0.098169,
        "nauc_map_at_5_diff1": 0.04652,
        "nauc_map_at_10_max": 0.372544,
        "nauc_map_at_10_std": 0.168334,
        "nauc_map_at_10_diff1": 0.106208,
        "nauc_map_at_20_max": 0.384717,
        "nauc_map_at_20_std": 0.19498,
        "nauc_map_at_20_diff1": 0.077083,
        "nauc_map_at_100_max": 0.413066,
        "nauc_map_at_100_std": 0.454672,
        "nauc_map_at_100_diff1": 0.124215,
        "nauc_map_at_1000_max": 0.39084,
        "nauc_map_at_1000_std": 0.607208,
        "nauc_map_at_1000_diff1": 0.264261,
        "nauc_recall_at_1_max": 0.041833,
        "nauc_recall_at_1_std": -0.041526,
        "nauc_recall_at_1_diff1": -0.118543,
        "nauc_recall_at_3_max": 0.315537,
        "nauc_recall_at_3_std": 0.048882,
        "nauc_recall_at_3_diff1": 0.095083,
        "nauc_recall_at_5_max": 0.320616,
        "nauc_recall_at_5_std": 0.063356,
        "nauc_recall_at_5_diff1": 0.068457,
        "nauc_recall_at_10_max": 0.357031,
        "nauc_recall_at_10_std": 0.123109,
        "nauc_recall_at_10_diff1": 0.133274,
        "nauc_recall_at_20_max": 0.336546,
        "nauc_recall_at_20_std": 0.119812,
        "nauc_recall_at_20_diff1": 0.07598,
        "nauc_recall_at_100_max": 0.382119,
        "nauc_recall_at_100_std": 0.356429,
        "nauc_recall_at_100_diff1": 0.138291,
        "nauc_recall_at_1000_max": 0.337124,
        "nauc_recall_at_1000_std": 0.458813,
        "nauc_recall_at_1000_diff1": 0.284929,
        "nauc_precision_at_1_max": 0.136405,
        "nauc_precision_at_1_std": 0.387424,
        "nauc_precision_at_1_diff1": -0.336173,
        "nauc_precision_at_3_max": 0.466555,
        "nauc_precision_at_3_std": 0.55836,
        "nauc_precision_at_3_diff1": -0.066452,
        "nauc_precision_at_5_max": 0.470968,
        "nauc_precision_at_5_std": 0.543975,
        "nauc_precision_at_5_diff1": -0.094303,
        "nauc_precision_at_10_max": 0.499802,
        "nauc_precision_at_10_std": 0.617881,
        "nauc_precision_at_10_diff1": 0.061326,
        "nauc_precision_at_20_max": 0.404711,
        "nauc_precision_at_20_std": 0.547373,
        "nauc_precision_at_20_diff1": 0.001657,
        "nauc_precision_at_100_max": 0.378541,
        "nauc_precision_at_100_std": 0.686634,
        "nauc_precision_at_100_diff1": 0.079194,
        "nauc_precision_at_1000_max": 0.135107,
        "nauc_precision_at_1000_std": 0.393093,
        "nauc_precision_at_1000_diff1": 0.07014,
        "nauc_mrr_at_1_max": 0.136405,
        "nauc_mrr_at_1_std": 0.387424,
        "nauc_mrr_at_1_diff1": -0.336173,
        "nauc_mrr_at_3_max": 0.18798,
        "nauc_mrr_at_3_std": 0.413268,
        "nauc_mrr_at_3_diff1": -0.485368,
        "nauc_mrr_at_5_max": 0.18798,
        "nauc_mrr_at_5_std": 0.413268,
        "nauc_mrr_at_5_diff1": -0.485368,
        "nauc_mrr_at_10_max": 0.177932,
        "nauc_mrr_at_10_std": 0.400772,
        "nauc_mrr_at_10_diff1": -0.449811,
        "nauc_mrr_at_20_max": 0.177932,
        "nauc_mrr_at_20_std": 0.400772,
        "nauc_mrr_at_20_diff1": -0.449811,
        "nauc_mrr_at_100_max": 0.177932,
        "nauc_mrr_at_100_std": 0.400772,
        "nauc_mrr_at_100_diff1": -0.449811,
        "nauc_mrr_at_1000_max": 0.177932,
        "nauc_mrr_at_1000_std": 0.400772,
        "nauc_mrr_at_1000_diff1": -0.449811,
        "cv_recall_at_1": 0.77273,
        "cv_recall_at_3": 0.97727,
        "cv_recall_at_5": 0.97727,
        "cv_recall_at_10": 1.0,
        "cv_recall_at_20": 1.0,
        "cv_recall_at_100": 1.0,
        "cv_recall_at_1000": 1.0,
        "main_score": 0.68511,
        "hf_subset": "default",
        "languages": [
          "vie-Latn"
        ]
      }
    ]
  },
  "evaluation_time": 3041.0053441524506,
  "kg_co2_emissions": null
}