{
  "dataset_revision": "d3fb88f8f02e40887cd149695127462bbcf29b4a",
  "evaluation_time": 0.3908226490020752,
  "kg_co2_emissions": 6.51271931988201e-05,
  "mteb_version": "1.12.75",
  "scores": {
    "test": [
      {
        "cosine_pearson": 0.7941070354311329,
        "cosine_spearman": 0.7417578653115743,
        "euclidean_pearson": 0.7299143360896562,
        "euclidean_spearman": 0.6921181800208033,
        "hf_subset": "default",
        "languages": [
          "eng-Latn"
        ],
        "main_score": 0.7417578653115743,
        "manhattan_pearson": 0.7199588620634331,
        "manhattan_spearman": 0.6773467591066076,
        "pearson": [
          0.7941070200320905,
          6.454102949234373e-23
        ],
        "spearman": [
          0.7417578653115743,
          1.0695575397427202e-18
        ]
      }
    ]
  },
  "task_name": "BIOSSES"
}