{
    "dataset_revision": "962818770efbb0395130a3abb04dcae3b4ef7c30",
    "task_name": "SlovakPharmacyMojaLekarenReranking",
    "mteb_version": "1.39.7",
    "scores": {
        "test": [
            {
                "ndcg_at_1": 0.74797,
                "ndcg_at_3": 0.87353,
                "ndcg_at_5": 0.89056,
                "ndcg_at_10": 0.89056,
                "ndcg_at_20": 0.89056,
                "ndcg_at_100": 0.89056,
                "ndcg_at_1000": 0.89056,
                "map_at_1": 0.74797,
                "map_at_3": 0.84372,
                "map_at_5": 0.85334,
                "map_at_10": 0.85334,
                "map_at_20": 0.85334,
                "map_at_100": 0.85334,
                "map_at_1000": 0.85334,
                "recall_at_1": 0.74797,
                "recall_at_3": 0.95935,
                "recall_at_5": 1.0,
                "recall_at_10": 1.0,
                "recall_at_20": 1.0,
                "recall_at_100": 1.0,
                "recall_at_1000": 1.0,
                "accuracy": 0.74797,
                "precision_at_1": 0.74797,
                "precision_at_3": 0.31978,
                "precision_at_5": 0.2,
                "precision_at_10": 0.1,
                "precision_at_20": 0.05,
                "precision_at_100": 0.01,
                "precision_at_1000": 0.001,
                "mrr_at_1": 0.747967,
                "mrr_at_3": 0.843722,
                "mrr_at_5": 0.853342,
                "mrr_at_10": 0.853342,
                "mrr_at_20": 0.853342,
                "mrr_at_100": 0.853342,
                "mrr_at_1000": 0.853342,
                "nauc_ndcg_at_1_max": 0.395916,
                "nauc_ndcg_at_1_std": 0.260812,
                "nauc_ndcg_at_1_diff1": 0.662138,
                "nauc_ndcg_at_3_max": 0.418812,
                "nauc_ndcg_at_3_std": 0.355131,
                "nauc_ndcg_at_3_diff1": 0.656607,
                "nauc_ndcg_at_5_max": 0.408184,
                "nauc_ndcg_at_5_std": 0.30363,
                "nauc_ndcg_at_5_diff1": 0.65889,
                "nauc_ndcg_at_10_max": 0.408184,
                "nauc_ndcg_at_10_std": 0.30363,
                "nauc_ndcg_at_10_diff1": 0.65889,
                "nauc_ndcg_at_20_max": 0.408184,
                "nauc_ndcg_at_20_std": 0.30363,
                "nauc_ndcg_at_20_diff1": 0.65889,
                "nauc_ndcg_at_100_max": 0.408184,
                "nauc_ndcg_at_100_std": 0.30363,
                "nauc_ndcg_at_100_diff1": 0.65889,
                "nauc_ndcg_at_1000_max": 0.408184,
                "nauc_ndcg_at_1000_std": 0.30363,
                "nauc_ndcg_at_1000_diff1": 0.65889,
                "nauc_map_at_1_max": 0.395916,
                "nauc_map_at_1_std": 0.260812,
                "nauc_map_at_1_diff1": 0.662138,
                "nauc_map_at_3_max": 0.412698,
                "nauc_map_at_3_std": 0.323998,
                "nauc_map_at_3_diff1": 0.657854,
                "nauc_map_at_5_max": 0.407488,
                "nauc_map_at_5_std": 0.300601,
                "nauc_map_at_5_diff1": 0.65905,
                "nauc_map_at_10_max": 0.407488,
                "nauc_map_at_10_std": 0.300601,
                "nauc_map_at_10_diff1": 0.65905,
                "nauc_map_at_20_max": 0.407488,
                "nauc_map_at_20_std": 0.300601,
                "nauc_map_at_20_diff1": 0.65905,
                "nauc_map_at_100_max": 0.407488,
                "nauc_map_at_100_std": 0.300601,
                "nauc_map_at_100_diff1": 0.65905,
                "nauc_map_at_1000_max": 0.407488,
                "nauc_map_at_1000_std": 0.300601,
                "nauc_map_at_1000_diff1": 0.65905,
                "nauc_recall_at_1_max": 0.395916,
                "nauc_recall_at_1_std": 0.260812,
                "nauc_recall_at_1_diff1": 0.662138,
                "nauc_recall_at_3_max": 0.476941,
                "nauc_recall_at_3_std": 0.663412,
                "nauc_recall_at_3_diff1": 0.645233,
                "nauc_recall_at_5_max": NaN,
                "nauc_recall_at_5_std": NaN,
                "nauc_recall_at_5_diff1": NaN,
                "nauc_recall_at_10_max": NaN,
                "nauc_recall_at_10_std": NaN,
                "nauc_recall_at_10_diff1": NaN,
                "nauc_recall_at_20_max": NaN,
                "nauc_recall_at_20_std": NaN,
                "nauc_recall_at_20_diff1": NaN,
                "nauc_recall_at_100_max": NaN,
                "nauc_recall_at_100_std": NaN,
                "nauc_recall_at_100_diff1": NaN,
                "nauc_recall_at_1000_max": NaN,
                "nauc_recall_at_1000_std": NaN,
                "nauc_recall_at_1000_diff1": NaN,
                "nauc_precision_at_1_max": 0.395916,
                "nauc_precision_at_1_std": 0.260812,
                "nauc_precision_at_1_diff1": 0.662138,
                "nauc_precision_at_3_max": 0.476941,
                "nauc_precision_at_3_std": 0.663412,
                "nauc_precision_at_3_diff1": 0.645233,
                "nauc_precision_at_5_max": NaN,
                "nauc_precision_at_5_std": NaN,
                "nauc_precision_at_5_diff1": NaN,
                "nauc_precision_at_10_max": NaN,
                "nauc_precision_at_10_std": NaN,
                "nauc_precision_at_10_diff1": NaN,
                "nauc_precision_at_20_max": NaN,
                "nauc_precision_at_20_std": NaN,
                "nauc_precision_at_20_diff1": NaN,
                "nauc_precision_at_100_max": NaN,
                "nauc_precision_at_100_std": NaN,
                "nauc_precision_at_100_diff1": NaN,
                "nauc_precision_at_1000_max": 1.0,
                "nauc_precision_at_1000_std": 1.0,
                "nauc_precision_at_1000_diff1": 1.0,
                "nauc_mrr_at_1_max": 0.395916,
                "nauc_mrr_at_1_std": 0.260812,
                "nauc_mrr_at_1_diff1": 0.662138,
                "nauc_mrr_at_3_max": 0.412698,
                "nauc_mrr_at_3_std": 0.323998,
                "nauc_mrr_at_3_diff1": 0.657854,
                "nauc_mrr_at_5_max": 0.407488,
                "nauc_mrr_at_5_std": 0.300601,
                "nauc_mrr_at_5_diff1": 0.65905,
                "nauc_mrr_at_10_max": 0.407488,
                "nauc_mrr_at_10_std": 0.300601,
                "nauc_mrr_at_10_diff1": 0.65905,
                "nauc_mrr_at_20_max": 0.407488,
                "nauc_mrr_at_20_std": 0.300601,
                "nauc_mrr_at_20_diff1": 0.65905,
                "nauc_mrr_at_100_max": 0.407488,
                "nauc_mrr_at_100_std": 0.300601,
                "nauc_mrr_at_100_diff1": 0.65905,
                "nauc_mrr_at_1000_max": 0.407488,
                "nauc_mrr_at_1000_std": 0.300601,
                "nauc_mrr_at_1000_diff1": 0.65905,
                "cv_recall_at_1": 0.74797,
                "cv_recall_at_3": 0.95935,
                "cv_recall_at_5": 1.0,
                "cv_recall_at_10": 1.0,
                "cv_recall_at_20": 1.0,
                "cv_recall_at_100": 1.0,
                "cv_recall_at_1000": 1.0,
                "main_score": 0.85334,
                "hf_subset": "default",
                "languages": [
                    "slk-Latn"
                ]
            }
        ]
    },
    "evaluation_time": 4.077399253845215,
    "kg_co2_emissions": null
}
