{
  "dataset_revision": "e4af6c73182bebb41d94cb336846e5a452454ea7",
  "task_name": "NLPJournalTitleAbsRetrieval",
  "mteb_version": "1.18.0",
  "scores": {
    "test": [
      {
        "ndcg_at_1": 0.00714,
        "ndcg_at_3": 0.01165,
        "ndcg_at_5": 0.01165,
        "ndcg_at_10": 0.0161,
        "ndcg_at_20": 0.02849,
        "ndcg_at_100": 0.07393,
        "ndcg_at_1000": 0.15823,
        "map_at_1": 0.00714,
        "map_at_3": 0.01071,
        "map_at_5": 0.01071,
        "map_at_10": 0.01245,
        "map_at_20": 0.01572,
        "map_at_100": 0.02122,
        "map_at_1000": 0.02428,
        "recall_at_1": 0.00714,
        "recall_at_3": 0.01429,
        "recall_at_5": 0.01429,
        "recall_at_10": 0.02857,
        "recall_at_20": 0.07857,
        "recall_at_100": 0.33571,
        "recall_at_1000": 1.0,
        "precision_at_1": 0.00714,
        "precision_at_3": 0.00476,
        "precision_at_5": 0.00286,
        "precision_at_10": 0.00286,
        "precision_at_20": 0.00393,
        "precision_at_100": 0.00336,
        "precision_at_1000": 0.001,
        "mrr_at_1": 0.007143,
        "mrr_at_3": 0.010714,
        "mrr_at_5": 0.010714,
        "mrr_at_10": 0.012449,
        "mrr_at_20": 0.015719,
        "mrr_at_100": 0.021218,
        "mrr_at_1000": 0.024277,
        "nauc_ndcg_at_1_max": -0.574725,
        "nauc_ndcg_at_1_std": -0.318487,
        "nauc_ndcg_at_1_diff1": 1.0,
        "nauc_ndcg_at_3_max": -0.545662,
        "nauc_ndcg_at_3_std": 0.060789,
        "nauc_ndcg_at_3_diff1": 0.390813,
        "nauc_ndcg_at_5_max": -0.545662,
        "nauc_ndcg_at_5_std": 0.060789,
        "nauc_ndcg_at_5_diff1": 0.390813,
        "nauc_ndcg_at_10_max": -0.479109,
        "nauc_ndcg_at_10_std": -0.038959,
        "nauc_ndcg_at_10_diff1": 0.357067,
        "nauc_ndcg_at_20_max": -0.34376,
        "nauc_ndcg_at_20_std": -0.031637,
        "nauc_ndcg_at_20_diff1": 0.098305,
        "nauc_ndcg_at_100_max": -0.169386,
        "nauc_ndcg_at_100_std": -0.103869,
        "nauc_ndcg_at_100_diff1": 0.209738,
        "nauc_ndcg_at_1000_max": -0.272062,
        "nauc_ndcg_at_1000_std": -0.052594,
        "nauc_ndcg_at_1000_diff1": 0.203013,
        "nauc_map_at_1_max": -0.574725,
        "nauc_map_at_1_std": -0.318487,
        "nauc_map_at_1_diff1": 1.0,
        "nauc_map_at_3_max": -0.549682,
        "nauc_map_at_3_std": 0.008318,
        "nauc_map_at_3_diff1": 0.475092,
        "nauc_map_at_5_max": -0.549682,
        "nauc_map_at_5_std": 0.008318,
        "nauc_map_at_5_diff1": 0.475092,
        "nauc_map_at_10_max": -0.511848,
        "nauc_map_at_10_std": -0.037841,
        "nauc_map_at_10_diff1": 0.457882,
        "nauc_map_at_20_max": -0.434086,
        "nauc_map_at_20_std": -0.038586,
        "nauc_map_at_20_diff1": 0.31114,
        "nauc_map_at_100_max": -0.35111,
        "nauc_map_at_100_std": -0.065597,
        "nauc_map_at_100_diff1": 0.307609,
        "nauc_map_at_1000_max": -0.365744,
        "nauc_map_at_1000_std": -0.054345,
        "nauc_map_at_1000_diff1": 0.306282,
        "nauc_recall_at_1_max": -0.574725,
        "nauc_recall_at_1_std": -0.318487,
        "nauc_recall_at_1_diff1": 1.0,
        "nauc_recall_at_3_max": -0.537161,
        "nauc_recall_at_3_std": 0.17172,
        "nauc_recall_at_3_diff1": 0.212638,
        "nauc_recall_at_5_max": -0.537161,
        "nauc_recall_at_5_std": 0.17172,
        "nauc_recall_at_5_diff1": 0.212638,
        "nauc_recall_at_10_max": -0.429903,
        "nauc_recall_at_10_std": -0.056681,
        "nauc_recall_at_10_diff1": 0.212638,
        "nauc_recall_at_20_max": -0.273069,
        "nauc_recall_at_20_std": -0.028002,
        "nauc_recall_at_20_diff1": -0.071005,
        "nauc_recall_at_100_max": -0.079764,
        "nauc_recall_at_100_std": -0.127085,
        "nauc_recall_at_100_diff1": 0.198712,
        "nauc_recall_at_1000_max": NaN,
        "nauc_recall_at_1000_std": NaN,
        "nauc_recall_at_1000_diff1": NaN,
        "nauc_precision_at_1_max": -0.574725,
        "nauc_precision_at_1_std": -0.318487,
        "nauc_precision_at_1_diff1": 1.0,
        "nauc_precision_at_3_max": -0.537161,
        "nauc_precision_at_3_std": 0.17172,
        "nauc_precision_at_3_diff1": 0.212638,
        "nauc_precision_at_5_max": -0.537161,
        "nauc_precision_at_5_std": 0.17172,
        "nauc_precision_at_5_diff1": 0.212638,
        "nauc_precision_at_10_max": -0.429903,
        "nauc_precision_at_10_std": -0.056681,
        "nauc_precision_at_10_diff1": 0.212638,
        "nauc_precision_at_20_max": -0.273069,
        "nauc_precision_at_20_std": -0.028002,
        "nauc_precision_at_20_diff1": -0.071005,
        "nauc_precision_at_100_max": -0.079764,
        "nauc_precision_at_100_std": -0.127085,
        "nauc_precision_at_100_diff1": 0.198712,
        "nauc_precision_at_1000_max": 1.0,
        "nauc_precision_at_1000_std": 1.0,
        "nauc_precision_at_1000_diff1": 1.0,
        "nauc_mrr_at_1_max": -0.574725,
        "nauc_mrr_at_1_std": -0.318487,
        "nauc_mrr_at_1_diff1": 1.0,
        "nauc_mrr_at_3_max": -0.549682,
        "nauc_mrr_at_3_std": 0.008318,
        "nauc_mrr_at_3_diff1": 0.475092,
        "nauc_mrr_at_5_max": -0.549682,
        "nauc_mrr_at_5_std": 0.008318,
        "nauc_mrr_at_5_diff1": 0.475092,
        "nauc_mrr_at_10_max": -0.511848,
        "nauc_mrr_at_10_std": -0.037841,
        "nauc_mrr_at_10_diff1": 0.457882,
        "nauc_mrr_at_20_max": -0.434086,
        "nauc_mrr_at_20_std": -0.038586,
        "nauc_mrr_at_20_diff1": 0.31114,
        "nauc_mrr_at_100_max": -0.35111,
        "nauc_mrr_at_100_std": -0.065597,
        "nauc_mrr_at_100_diff1": 0.307609,
        "nauc_mrr_at_1000_max": -0.365744,
        "nauc_mrr_at_1000_std": -0.054345,
        "nauc_mrr_at_1000_diff1": 0.306282,
        "main_score": 0.0161,
        "hf_subset": "default",
        "languages": [
          "jpn-Jpan"
        ]
      }
    ]
  },
  "evaluation_time": 0.6985428333282471,
  "kg_co2_emissions": 2.399896044194901e-05
}