{
  "dataset_revision": "76631901a18387f85eaa53e5450019b87ad58ef9",
  "task_name": "T2Reranking",
  "mteb_version": "1.18.0",
  "scores": {
    "dev": [
      {
        "map": 0.516091,
        "mrr": 0.548512,
        "nAUC_map_max": -0.091708,
        "nAUC_map_std": -0.195055,
        "nAUC_map_diff1": -0.082826,
        "nAUC_mrr_max": -0.104708,
        "nAUC_mrr_std": -0.1618,
        "nAUC_mrr_diff1": -0.115002,
        "main_score": 0.516091,
        "hf_subset": "default",
        "languages": [
          "cmn-Hans"
        ]
      }
    ]
  },
  "evaluation_time": 96.60064768791199,
  "kg_co2_emissions": 0.005708915076360345
}