{
  "dataset_revision": "15d6c030d3336cbb09de97b2cefc46db93262d40",
  "task_name": "FalseFriendsGermanEnglish",
  "mteb_version": "1.18.0",
  "scores": {
    "test": [
      {
        "similarity_accuracy": 0.501969,
        "similarity_accuracy_threshold": 0.749811,
        "similarity_f1": 0.666083,
        "similarity_f1_threshold": 0.724231,
        "similarity_precision": 0.499672,
        "similarity_recall": 0.998688,
        "similarity_ap": 0.476525,
        "cosine_accuracy": 0.501969,
        "cosine_accuracy_threshold": 0.749811,
        "cosine_f1": 0.666083,
        "cosine_f1_threshold": 0.72423,
        "cosine_precision": 0.499672,
        "cosine_recall": 0.998688,
        "cosine_ap": 0.476525,
        "manhattan_accuracy": 0.504593,
        "manhattan_accuracy_threshold": 10.717612,
        "manhattan_f1": 0.666667,
        "manhattan_f1_threshold": 11.222639,
        "manhattan_precision": 0.500329,
        "manhattan_recall": 0.998688,
        "manhattan_ap": 0.476201,
        "euclidean_accuracy": 0.501969,
        "euclidean_accuracy_threshold": 0.707374,
        "euclidean_f1": 0.666083,
        "euclidean_f1_threshold": 0.742657,
        "euclidean_precision": 0.499672,
        "euclidean_recall": 0.998688,
        "euclidean_ap": 0.476525,
        "dot_accuracy": 0.501969,
        "dot_accuracy_threshold": 0.749811,
        "dot_f1": 0.666083,
        "dot_f1_threshold": 0.724231,
        "dot_precision": 0.499672,
        "dot_recall": 0.998688,
        "dot_ap": 0.476527,
        "max_accuracy": 0.504593,
        "max_f1": 0.666667,
        "max_precision": 0.500329,
        "max_recall": 0.998688,
        "max_ap": 0.476527,
        "main_score": 0.476527,
        "hf_subset": "default",
        "languages": [
          "deu-Latn"
        ]
      }
    ]
  },
  "evaluation_time": 0.4317045211791992,
  "kg_co2_emissions": 1.3462630344947841e-05
}