{
  "dataset_revision": "83eec1aa9c58f1dc8acfac015f653a9c25bda3f4",
  "task_name": "OpenTenderRetrieval",
  "mteb_version": "2.1.14",
  "scores": {
    "test": [
      {
        "ndcg_at_1": 0.252,
        "ndcg_at_3": 0.30622,
        "ndcg_at_5": 0.32055,
        "ndcg_at_10": 0.33344,
        "ndcg_at_20": 0.34358,
        "ndcg_at_100": 0.36487,
        "ndcg_at_1000": 0.38349,
        "map_at_1": 0.252,
        "map_at_3": 0.29283,
        "map_at_5": 0.30073,
        "map_at_10": 0.30601,
        "map_at_20": 0.30882,
        "map_at_100": 0.31182,
        "map_at_1000": 0.3124,
        "recall_at_1": 0.252,
        "recall_at_3": 0.345,
        "recall_at_5": 0.38,
        "recall_at_10": 0.42,
        "recall_at_20": 0.46,
        "recall_at_100": 0.574,
        "recall_at_1000": 0.727,
        "accuracy": 0.252,
        "precision_at_1": 0.252,
        "precision_at_3": 0.115,
        "precision_at_5": 0.076,
        "precision_at_10": 0.042,
        "precision_at_20": 0.023,
        "precision_at_100": 0.00574,
        "precision_at_1000": 0.00073,
        "mrr_at_1": 0.24,
        "mrr_at_3": 0.287667,
        "mrr_at_5": 0.295267,
        "mrr_at_10": 0.30081,
        "mrr_at_20": 0.30351,
        "mrr_at_100": 0.306406,
        "mrr_at_1000": 0.306992,
        "nauc_ndcg_at_1_max": 0.401956,
        "nauc_ndcg_at_1_std": -0.059552,
        "nauc_ndcg_at_1_diff1": 0.532275,
        "nauc_ndcg_at_3_max": 0.386737,
        "nauc_ndcg_at_3_std": -0.077509,
        "nauc_ndcg_at_3_diff1": 0.457107,
        "nauc_ndcg_at_5_max": 0.375618,
        "nauc_ndcg_at_5_std": -0.084203,
        "nauc_ndcg_at_5_diff1": 0.444385,
        "nauc_ndcg_at_10_max": 0.370139,
        "nauc_ndcg_at_10_std": -0.075381,
        "nauc_ndcg_at_10_diff1": 0.44056,
        "nauc_ndcg_at_20_max": 0.364662,
        "nauc_ndcg_at_20_std": -0.078561,
        "nauc_ndcg_at_20_diff1": 0.432864,
        "nauc_ndcg_at_100_max": 0.356435,
        "nauc_ndcg_at_100_std": -0.073801,
        "nauc_ndcg_at_100_diff1": 0.427688,
        "nauc_ndcg_at_1000_max": 0.361656,
        "nauc_ndcg_at_1000_std": -0.064392,
        "nauc_ndcg_at_1000_diff1": 0.431599,
        "nauc_map_at_1_max": 0.401956,
        "nauc_map_at_1_std": -0.059552,
        "nauc_map_at_1_diff1": 0.532275,
        "nauc_map_at_3_max": 0.390648,
        "nauc_map_at_3_std": -0.072626,
        "nauc_map_at_3_diff1": 0.474135,
        "nauc_map_at_5_max": 0.384382,
        "nauc_map_at_5_std": -0.0766,
        "nauc_map_at_5_diff1": 0.467043,
        "nauc_map_at_10_max": 0.382147,
        "nauc_map_at_10_std": -0.072856,
        "nauc_map_at_10_diff1": 0.465458,
        "nauc_map_at_20_max": 0.380803,
        "nauc_map_at_20_std": -0.073727,
        "nauc_map_at_20_diff1": 0.463553,
        "nauc_map_at_100_max": 0.379585,
        "nauc_map_at_100_std": -0.073263,
        "nauc_map_at_100_diff1": 0.462902,
        "nauc_map_at_1000_max": 0.379692,
        "nauc_map_at_1000_std": -0.072971,
        "nauc_map_at_1000_diff1": 0.463052,
        "nauc_recall_at_1_max": 0.401956,
        "nauc_recall_at_1_std": -0.059552,
        "nauc_recall_at_1_diff1": 0.532275,
        "nauc_recall_at_3_max": 0.375871,
        "nauc_recall_at_3_std": -0.091169,
        "nauc_recall_at_3_diff1": 0.410605,
        "nauc_recall_at_5_max": 0.350239,
        "nauc_recall_at_5_std": -0.105738,
        "nauc_recall_at_5_diff1": 0.381347,
        "nauc_recall_at_10_max": 0.333804,
        "nauc_recall_at_10_std": -0.080037,
        "nauc_recall_at_10_diff1": 0.370056,
        "nauc_recall_at_20_max": 0.31128,
        "nauc_recall_at_20_std": -0.092343,
        "nauc_recall_at_20_diff1": 0.338377,
        "nauc_recall_at_100_max": 0.261652,
        "nauc_recall_at_100_std": -0.063957,
        "nauc_recall_at_100_diff1": 0.300795,
        "nauc_recall_at_1000_max": 0.293382,
        "nauc_recall_at_1000_std": 0.045592,
        "nauc_recall_at_1000_diff1": 0.29975,
        "nauc_precision_at_1_max": 0.401956,
        "nauc_precision_at_1_std": -0.059552,
        "nauc_precision_at_1_diff1": 0.532275,
        "nauc_precision_at_3_max": 0.375871,
        "nauc_precision_at_3_std": -0.091169,
        "nauc_precision_at_3_diff1": 0.410605,
        "nauc_precision_at_5_max": 0.350239,
        "nauc_precision_at_5_std": -0.105738,
        "nauc_precision_at_5_diff1": 0.381347,
        "nauc_precision_at_10_max": 0.333804,
        "nauc_precision_at_10_std": -0.080037,
        "nauc_precision_at_10_diff1": 0.370056,
        "nauc_precision_at_20_max": 0.31128,
        "nauc_precision_at_20_std": -0.092343,
        "nauc_precision_at_20_diff1": 0.338377,
        "nauc_precision_at_100_max": 0.261652,
        "nauc_precision_at_100_std": -0.063957,
        "nauc_precision_at_100_diff1": 0.300795,
        "nauc_precision_at_1000_max": 0.293382,
        "nauc_precision_at_1000_std": 0.045592,
        "nauc_precision_at_1000_diff1": 0.29975,
        "nauc_mrr_at_1_max": 0.40044,
        "nauc_mrr_at_1_std": -0.067992,
        "nauc_mrr_at_1_diff1": 0.582319,
        "nauc_mrr_at_3_max": 0.389965,
        "nauc_mrr_at_3_std": -0.078668,
        "nauc_mrr_at_3_diff1": 0.496448,
        "nauc_mrr_at_5_max": 0.384576,
        "nauc_mrr_at_5_std": -0.081116,
        "nauc_mrr_at_5_diff1": 0.489078,
        "nauc_mrr_at_10_max": 0.382799,
        "nauc_mrr_at_10_std": -0.077452,
        "nauc_mrr_at_10_diff1": 0.487927,
        "nauc_mrr_at_20_max": 0.380925,
        "nauc_mrr_at_20_std": -0.077999,
        "nauc_mrr_at_20_diff1": 0.485442,
        "nauc_mrr_at_100_max": 0.379887,
        "nauc_mrr_at_100_std": -0.077629,
        "nauc_mrr_at_100_diff1": 0.484994,
        "nauc_mrr_at_1000_max": 0.379996,
        "nauc_mrr_at_1000_std": -0.077337,
        "nauc_mrr_at_1000_diff1": 0.485164,
        "cv_recall_at_1": 0.24,
        "cv_recall_at_3": 0.346,
        "cv_recall_at_5": 0.38,
        "cv_recall_at_10": 0.422,
        "cv_recall_at_20": 0.462,
        "cv_recall_at_100": 0.574,
        "cv_recall_at_1000": 0.727,
        "main_score": 0.33344,
        "hf_subset": "default",
        "languages": [
          "nld-Latn"
        ]
      }
    ]
  },
  "evaluation_time": 218.8419795036316,
  "kg_co2_emissions": null
}