{
  "dataset_revision": "e39ff896cf3efbbdeeb950e6bd7c79f266995b07",
  "task_name": "Core17InstructionRetrieval",
  "mteb_version": "1.18.0",
  "scores": {
    "test": [
      {
        "p-MRR": 0.020463,
        "individual": {
          "original": {
            "ndcg_at_1": 0.225,
            "ndcg_at_3": 0.22987,
            "ndcg_at_5": 0.21856,
            "ndcg_at_10": 0.21888,
            "ndcg_at_20": 0.27064,
            "ndcg_at_100": 0.37544,
            "ndcg_at_1000": 0.55091,
            "map_at_1": 0.00677,
            "map_at_3": 0.02227,
            "map_at_5": 0.02968,
            "map_at_10": 0.0452,
            "map_at_20": 0.08455,
            "map_at_100": 0.16454,
            "map_at_1000": 0.20625,
            "recall_at_1": 0.00677,
            "recall_at_3": 0.03188,
            "recall_at_5": 0.04502,
            "recall_at_10": 0.07617,
            "recall_at_20": 0.19226,
            "recall_at_100": 0.48234,
            "recall_at_1000": 1.0,
            "precision_at_1": 0.25,
            "precision_at_3": 0.26667,
            "precision_at_5": 0.26,
            "precision_at_10": 0.25,
            "precision_at_20": 0.2825,
            "precision_at_100": 0.1575,
            "precision_at_1000": 0.0327,
            "naucs_at_1_max": -0.070394,
            "naucs_at_1_std": 0.15719,
            "naucs_at_1_diff1": -0.196543,
            "naucs_at_3_max": 0.090081,
            "naucs_at_3_std": 0.028253,
            "naucs_at_3_diff1": -0.091638,
            "naucs_at_5_max": 0.034788,
            "naucs_at_5_std": 0.063749,
            "naucs_at_5_diff1": -0.085481,
            "naucs_at_10_max": -0.000714,
            "naucs_at_10_std": 0.042851,
            "naucs_at_10_diff1": -0.06463,
            "naucs_at_20_max": 0.013911,
            "naucs_at_20_std": 0.027891,
            "naucs_at_20_diff1": -0.081141,
            "naucs_at_100_max": 0.013686,
            "naucs_at_100_std": 0.031537,
            "naucs_at_100_diff1": -0.082451,
            "naucs_at_1000_max": 0.013686,
            "naucs_at_1000_std": 0.031537,
            "naucs_at_1000_diff1": -0.082451,
            "mrr_at_1": 0.25,
            "mrr_at_3": 0.366667,
            "mrr_at_5": 0.401667,
            "mrr_at_10": 0.415952,
            "mrr_at_20": 0.433435,
            "mrr_at_100": 0.434045,
            "mrr_at_1000": 0.434045
          },
          "changed": {
            "ndcg_at_1": 0.6,
            "ndcg_at_3": 0.55307,
            "ndcg_at_5": 0.54635,
            "ndcg_at_10": 0.51286,
            "ndcg_at_20": 0.50871,
            "ndcg_at_100": 0.52661,
            "ndcg_at_1000": 0.71999,
            "map_at_1": 0.01763,
            "map_at_3": 0.04261,
            "map_at_5": 0.06614,
            "map_at_10": 0.10616,
            "map_at_20": 0.17493,
            "map_at_100": 0.31524,
            "map_at_1000": 0.38276,
            "recall_at_1": 0.01763,
            "recall_at_3": 0.04388,
            "recall_at_5": 0.0785,
            "recall_at_10": 0.13078,
            "recall_at_20": 0.23067,
            "recall_at_100": 0.52526,
            "recall_at_1000": 1.0,
            "precision_at_1": 0.75,
            "precision_at_3": 0.63333,
            "precision_at_5": 0.64,
            "precision_at_10": 0.585,
            "precision_at_20": 0.54,
            "precision_at_100": 0.278,
            "precision_at_1000": 0.0545,
            "naucs_at_1_max": 0.069806,
            "naucs_at_1_std": -0.279644,
            "naucs_at_1_diff1": 0.148927,
            "naucs_at_3_max": 0.215406,
            "naucs_at_3_std": -0.327842,
            "naucs_at_3_diff1": 0.300383,
            "naucs_at_5_max": 0.169512,
            "naucs_at_5_std": -0.312649,
            "naucs_at_5_diff1": 0.252643,
            "naucs_at_10_max": 0.169512,
            "naucs_at_10_std": -0.312649,
            "naucs_at_10_diff1": 0.252643,
            "naucs_at_20_max": 0.169512,
            "naucs_at_20_std": -0.312649,
            "naucs_at_20_diff1": 0.252643,
            "naucs_at_100_max": 0.169512,
            "naucs_at_100_std": -0.312649,
            "naucs_at_100_diff1": 0.252643,
            "naucs_at_1000_max": 0.169512,
            "naucs_at_1000_std": -0.312649,
            "naucs_at_1000_diff1": 0.252643,
            "mrr_at_1": 0.75,
            "mrr_at_3": 0.825,
            "mrr_at_5": 0.845,
            "mrr_at_10": 0.845,
            "mrr_at_20": 0.845,
            "mrr_at_100": 0.845,
            "mrr_at_1000": 0.845
          }
        },
        "main_score": 0.020463,
        "hf_subset": "default",
        "languages": [
          "eng-Latn"
        ]
      }
    ]
  },
  "evaluation_time": 1228.4495060443878,
  "kg_co2_emissions": 0.11938263365277069
}