{
  "dataset_revision": "6b453d3a65280200d1931c7edd3e64be230cd69b",
  "task_name": "SWEbenchCodeRetrieval",
  "mteb_version": "2.12.15",
  "scores": {
    "test": [
      {
        "ndcg_at_1": 0.012,
        "ndcg_at_3": 0.0313,
        "ndcg_at_5": 0.04784,
        "ndcg_at_10": 0.08088,
        "ndcg_at_20": 0.10919,
        "ndcg_at_100": 0.1719,
        "ndcg_at_1000": 0.21152,
        "map_at_1": 0.012,
        "map_at_3": 0.026,
        "map_at_5": 0.03523,
        "map_at_10": 0.04835,
        "map_at_20": 0.05595,
        "map_at_100": 0.06482,
        "map_at_1000": 0.06631,
        "recall_at_1": 0.012,
        "recall_at_3": 0.04567,
        "recall_at_5": 0.08533,
        "recall_at_10": 0.1875,
        "recall_at_20": 0.29567,
        "recall_at_100": 0.6219,
        "recall_at_1000": 0.92165,
        "accuracy": 0.012,
        "precision_at_1": 0.012,
        "precision_at_3": 0.016,
        "precision_at_5": 0.018,
        "precision_at_10": 0.02,
        "precision_at_20": 0.0162,
        "precision_at_100": 0.00704,
        "precision_at_1000": 0.0011,
        "mrr_at_1": 0.012,
        "mrr_at_3": 0.027,
        "mrr_at_5": 0.0366,
        "mrr_at_10": 0.050442,
        "mrr_at_20": 0.059075,
        "mrr_at_100": 0.067779,
        "mrr_at_1000": 0.06905,
        "nauc_ndcg_at_1_max": -0.065066,
        "nauc_ndcg_at_1_std": 0.129192,
        "nauc_ndcg_at_1_diff1": -0.424962,
        "nauc_ndcg_at_3_max": 0.203991,
        "nauc_ndcg_at_3_std": 0.277326,
        "nauc_ndcg_at_3_diff1": -0.177679,
        "nauc_ndcg_at_5_max": 0.26023,
        "nauc_ndcg_at_5_std": 0.307883,
        "nauc_ndcg_at_5_diff1": -0.102682,
        "nauc_ndcg_at_10_max": 0.255911,
        "nauc_ndcg_at_10_std": 0.23638,
        "nauc_ndcg_at_10_diff1": -0.090161,
        "nauc_ndcg_at_20_max": 0.246134,
        "nauc_ndcg_at_20_std": 0.245265,
        "nauc_ndcg_at_20_diff1": -0.067408,
        "nauc_ndcg_at_100_max": 0.243991,
        "nauc_ndcg_at_100_std": 0.30704,
        "nauc_ndcg_at_100_diff1": -0.086229,
        "nauc_ndcg_at_1000_max": 0.243934,
        "nauc_ndcg_at_1000_std": 0.312398,
        "nauc_ndcg_at_1000_diff1": -0.093237,
        "nauc_map_at_1_max": -0.065066,
        "nauc_map_at_1_std": 0.129192,
        "nauc_map_at_1_diff1": -0.424962,
        "nauc_map_at_3_max": 0.187344,
        "nauc_map_at_3_std": 0.276258,
        "nauc_map_at_3_diff1": -0.208995,
        "nauc_map_at_5_max": 0.234308,
        "nauc_map_at_5_std": 0.297123,
        "nauc_map_at_5_diff1": -0.145296,
        "nauc_map_at_10_max": 0.237298,
        "nauc_map_at_10_std": 0.253977,
        "nauc_map_at_10_diff1": -0.127637,
        "nauc_map_at_20_max": 0.232228,
        "nauc_map_at_20_std": 0.25537,
        "nauc_map_at_20_diff1": -0.115208,
        "nauc_map_at_100_max": 0.231035,
        "nauc_map_at_100_std": 0.272507,
        "nauc_map_at_100_diff1": -0.123502,
        "nauc_map_at_1000_max": 0.232434,
        "nauc_map_at_1000_std": 0.274441,
        "nauc_map_at_1000_diff1": -0.124832,
        "nauc_recall_at_1_max": -0.065066,
        "nauc_recall_at_1_std": 0.129192,
        "nauc_recall_at_1_diff1": -0.424962,
        "nauc_recall_at_3_max": 0.243776,
        "nauc_recall_at_3_std": 0.292055,
        "nauc_recall_at_3_diff1": -0.122822,
        "nauc_recall_at_5_max": 0.298394,
        "nauc_recall_at_5_std": 0.326519,
        "nauc_recall_at_5_diff1": -0.044582,
        "nauc_recall_at_10_max": 0.268445,
        "nauc_recall_at_10_std": 0.213268,
        "nauc_recall_at_10_diff1": -0.053232,
        "nauc_recall_at_20_max": 0.249901,
        "nauc_recall_at_20_std": 0.228604,
        "nauc_recall_at_20_diff1": -0.0174,
        "nauc_recall_at_100_max": 0.233402,
        "nauc_recall_at_100_std": 0.347993,
        "nauc_recall_at_100_diff1": -0.043403,
        "nauc_recall_at_1000_max": 0.11919,
        "nauc_recall_at_1000_std": 0.41203,
        "nauc_recall_at_1000_diff1": 0.013742,
        "nauc_precision_at_1_max": -0.065066,
        "nauc_precision_at_1_std": 0.129192,
        "nauc_precision_at_1_diff1": -0.424962,
        "nauc_precision_at_3_max": 0.212671,
        "nauc_precision_at_3_std": 0.260364,
        "nauc_precision_at_3_diff1": -0.129986,
        "nauc_precision_at_5_max": 0.275288,
        "nauc_precision_at_5_std": 0.306651,
        "nauc_precision_at_5_diff1": -0.05628,
        "nauc_precision_at_10_max": 0.269256,
        "nauc_precision_at_10_std": 0.212481,
        "nauc_precision_at_10_diff1": -0.064905,
        "nauc_precision_at_20_max": 0.260821,
        "nauc_precision_at_20_std": 0.24843,
        "nauc_precision_at_20_diff1": -0.043914,
        "nauc_precision_at_100_max": 0.247555,
        "nauc_precision_at_100_std": 0.366787,
        "nauc_precision_at_100_diff1": -0.057133,
        "nauc_precision_at_1000_max": 0.114841,
        "nauc_precision_at_1000_std": 0.185428,
        "nauc_precision_at_1000_diff1": 0.010227,
        "nauc_mrr_at_1_max": -0.065066,
        "nauc_mrr_at_1_std": 0.129192,
        "nauc_mrr_at_1_diff1": -0.424962,
        "nauc_mrr_at_3_max": 0.171521,
        "nauc_mrr_at_3_std": 0.253038,
        "nauc_mrr_at_3_diff1": -0.231414,
        "nauc_mrr_at_5_max": 0.238176,
        "nauc_mrr_at_5_std": 0.293668,
        "nauc_mrr_at_5_diff1": -0.135836,
        "nauc_mrr_at_10_max": 0.237707,
        "nauc_mrr_at_10_std": 0.248989,
        "nauc_mrr_at_10_diff1": -0.132235,
        "nauc_mrr_at_20_max": 0.232151,
        "nauc_mrr_at_20_std": 0.252837,
        "nauc_mrr_at_20_diff1": -0.123083,
        "nauc_mrr_at_100_max": 0.229661,
        "nauc_mrr_at_100_std": 0.264452,
        "nauc_mrr_at_100_diff1": -0.128667,
        "nauc_mrr_at_1000_max": 0.230477,
        "nauc_mrr_at_1000_std": 0.265666,
        "nauc_mrr_at_1000_diff1": -0.129204,
        "hit_rate_at_1": 0.012,
        "hit_rate_at_3": 0.048,
        "hit_rate_at_5": 0.088,
        "hit_rate_at_10": 0.198,
        "hit_rate_at_20": 0.32,
        "hit_rate_at_100": 0.652,
        "hit_rate_at_1000": 0.938,
        "main_score": 0.08088,
        "hf_subset": "default",
        "languages": [
          "eng-Latn",
          "python-Code"
        ]
      }
    ]
  },
  "evaluation_time": 8206.9944794178,
  "kg_co2_emissions": null,
  "date": null
}