{
  "dataset_revision": "4f58c6b202a23cf9a4da393831edf4f9183cad37",
  "mteb_dataset_name": "EmotionClassification",
  "mteb_version": "1.1.1.dev0",
  "test": {
    "accuracy": 0.5981500000000001,
    "accuracy_stderr": 0.011493585167387943,
    "evaluation_time": 7.14,
    "f1": 0.558965488749984,
    "f1_stderr": 0.013719442700562268,
    "main_score": 0.5981500000000001
  }
}