{
  "dataset_revision": "fd5c2441b7eeff8676768036142af4cfa42c1339",
  "task_name": "SICK-R-PL",
  "mteb_version": "1.18.0",
  "scores": {
    "test": [
      {
        "pearson": 0.563736,
        "spearman": 0.520148,
        "cosine_pearson": 0.563736,
        "cosine_spearman": 0.520148,
        "manhattan_pearson": 0.549611,
        "manhattan_spearman": 0.522497,
        "euclidean_pearson": 0.549665,
        "euclidean_spearman": 0.522634,
        "main_score": 0.520148,
        "hf_subset": "default",
        "languages": [
          "pol-Latn"
        ]
      }
    ]
  },
  "evaluation_time": 2.547187089920044,
  "kg_co2_emissions": 0.0001346524725189729
}