{
  "dataset_revision": "099ee143c7fdfa6bd7965be8c801cb161c313b29",
  "task_name": "TwitterHjerneRetrieval",
  "mteb_version": "2.3.11",
  "scores": {
    "train": [
      {
        "ndcg_at_1": 0.79221,
        "ndcg_at_3": 0.66129,
        "ndcg_at_5": 0.66478,
        "ndcg_at_10": 0.71545,
        "ndcg_at_20": 0.73932,
        "ndcg_at_100": 0.7689,
        "ndcg_at_1000": 0.78346,
        "map_at_1": 0.25498,
        "map_at_3": 0.4816,
        "map_at_5": 0.56749,
        "map_at_10": 0.61153,
        "map_at_20": 0.62575,
        "map_at_100": 0.63404,
        "map_at_1000": 0.63532,
        "recall_at_1": 0.25498,
        "recall_at_3": 0.51299,
        "recall_at_5": 0.63182,
        "recall_at_10": 0.74827,
        "recall_at_20": 0.80974,
        "recall_at_100": 0.9184,
        "recall_at_1000": 1.0,
        "accuracy": 0.25498,
        "precision_at_1": 0.79221,
        "precision_at_3": 0.57143,
        "precision_at_5": 0.43896,
        "precision_at_10": 0.25974,
        "precision_at_20": 0.14091,
        "precision_at_100": 0.03195,
        "precision_at_1000": 0.0034,
        "mrr_at_1": 0.792208,
        "mrr_at_3": 0.852814,
        "mrr_at_5": 0.852814,
        "mrr_at_10": 0.859179,
        "mrr_at_20": 0.859179,
        "mrr_at_100": 0.859678,
        "mrr_at_1000": 0.859759,
        "nauc_ndcg_at_1_max": 0.675303,
        "nauc_ndcg_at_1_std": 0.259513,
        "nauc_ndcg_at_1_diff1": 0.507002,
        "nauc_ndcg_at_3_max": 0.537879,
        "nauc_ndcg_at_3_std": 0.170959,
        "nauc_ndcg_at_3_diff1": 0.164112,
        "nauc_ndcg_at_5_max": 0.534009,
        "nauc_ndcg_at_5_std": 0.118869,
        "nauc_ndcg_at_5_diff1": 0.194777,
        "nauc_ndcg_at_10_max": 0.602856,
        "nauc_ndcg_at_10_std": 0.177584,
        "nauc_ndcg_at_10_diff1": 0.193291,
        "nauc_ndcg_at_20_max": 0.596149,
        "nauc_ndcg_at_20_std": 0.163093,
        "nauc_ndcg_at_20_diff1": 0.194021,
        "nauc_ndcg_at_100_max": 0.61452,
        "nauc_ndcg_at_100_std": 0.214928,
        "nauc_ndcg_at_100_diff1": 0.171978,
        "nauc_ndcg_at_1000_max": 0.605342,
        "nauc_ndcg_at_1000_std": 0.19897,
        "nauc_ndcg_at_1000_diff1": 0.195572,
        "nauc_map_at_1_max": 0.232068,
        "nauc_map_at_1_std": -0.081457,
        "nauc_map_at_1_diff1": 0.377099,
        "nauc_map_at_3_max": 0.442949,
        "nauc_map_at_3_std": 0.015477,
        "nauc_map_at_3_diff1": 0.222172,
        "nauc_map_at_5_max": 0.513186,
        "nauc_map_at_5_std": 0.089699,
        "nauc_map_at_5_diff1": 0.172884,
        "nauc_map_at_10_max": 0.574278,
        "nauc_map_at_10_std": 0.15102,
        "nauc_map_at_10_diff1": 0.17001,
        "nauc_map_at_20_max": 0.568745,
        "nauc_map_at_20_std": 0.138446,
        "nauc_map_at_20_diff1": 0.166364,
        "nauc_map_at_100_max": 0.569225,
        "nauc_map_at_100_std": 0.15032,
        "nauc_map_at_100_diff1": 0.160592,
        "nauc_map_at_1000_max": 0.568406,
        "nauc_map_at_1000_std": 0.14935,
        "nauc_map_at_1000_diff1": 0.16132,
        "nauc_recall_at_1_max": 0.232068,
        "nauc_recall_at_1_std": -0.081457,
        "nauc_recall_at_1_diff1": 0.377099,
        "nauc_recall_at_3_max": 0.399693,
        "nauc_recall_at_3_std": -0.028488,
        "nauc_recall_at_3_diff1": 0.192008,
        "nauc_recall_at_5_max": 0.459437,
        "nauc_recall_at_5_std": 0.038108,
        "nauc_recall_at_5_diff1": 0.14119,
        "nauc_recall_at_10_max": 0.545398,
        "nauc_recall_at_10_std": 0.153177,
        "nauc_recall_at_10_diff1": 0.09591,
        "nauc_recall_at_20_max": 0.513211,
        "nauc_recall_at_20_std": 0.100644,
        "nauc_recall_at_20_diff1": 0.088207,
        "nauc_recall_at_100_max": 0.656879,
        "nauc_recall_at_100_std": 0.410674,
        "nauc_recall_at_100_diff1": -0.153671,
        "nauc_recall_at_1000_max": NaN,
        "nauc_recall_at_1000_std": NaN,
        "nauc_recall_at_1000_diff1": NaN,
        "nauc_precision_at_1_max": 0.675303,
        "nauc_precision_at_1_std": 0.259513,
        "nauc_precision_at_1_diff1": 0.507002,
        "nauc_precision_at_3_max": 0.497418,
        "nauc_precision_at_3_std": 0.236384,
        "nauc_precision_at_3_diff1": -0.005983,
        "nauc_precision_at_5_max": 0.419787,
        "nauc_precision_at_5_std": 0.251296,
        "nauc_precision_at_5_diff1": -0.06989,
        "nauc_precision_at_10_max": 0.428524,
        "nauc_precision_at_10_std": 0.337961,
        "nauc_precision_at_10_diff1": -0.104988,
        "nauc_precision_at_20_max": 0.357261,
        "nauc_precision_at_20_std": 0.310049,
        "nauc_precision_at_20_diff1": -0.132287,
        "nauc_precision_at_100_max": 0.273017,
        "nauc_precision_at_100_std": 0.400572,
        "nauc_precision_at_100_diff1": -0.228576,
        "nauc_precision_at_1000_max": 0.181734,
        "nauc_precision_at_1000_std": 0.393419,
        "nauc_precision_at_1000_diff1": -0.243695,
        "nauc_mrr_at_1_max": 0.675303,
        "nauc_mrr_at_1_std": 0.259513,
        "nauc_mrr_at_1_diff1": 0.507002,
        "nauc_mrr_at_3_max": 0.705455,
        "nauc_mrr_at_3_std": 0.297872,
        "nauc_mrr_at_3_diff1": 0.507822,
        "nauc_mrr_at_5_max": 0.705455,
        "nauc_mrr_at_5_std": 0.297872,
        "nauc_mrr_at_5_diff1": 0.507822,
        "nauc_mrr_at_10_max": 0.698081,
        "nauc_mrr_at_10_std": 0.300119,
        "nauc_mrr_at_10_diff1": 0.491541,
        "nauc_mrr_at_20_max": 0.698081,
        "nauc_mrr_at_20_std": 0.300119,
        "nauc_mrr_at_20_diff1": 0.491541,
        "nauc_mrr_at_100_max": 0.699363,
        "nauc_mrr_at_100_std": 0.299902,
        "nauc_mrr_at_100_diff1": 0.49292,
        "nauc_mrr_at_1000_max": 0.699179,
        "nauc_mrr_at_1000_std": 0.299473,
        "nauc_mrr_at_1000_diff1": 0.493565,
        "cv_recall_at_1": 0.79221,
        "cv_recall_at_3": 0.92208,
        "cv_recall_at_5": 0.92208,
        "cv_recall_at_10": 0.97403,
        "cv_recall_at_20": 0.97403,
        "cv_recall_at_100": 0.98701,
        "cv_recall_at_1000": 1.0,
        "main_score": 0.71545,
        "hf_subset": "default",
        "languages": [
          "dan-Latn"
        ]
      }
    ]
  },
  "evaluation_time": 3.1299328804016113,
  "kg_co2_emissions": null
}