{
  "dataset_revision": "bd2050c52b480e48c51372b4ec98a1cbbc4515f2",
  "task_name": "VoyageMMarcoReranking",
  "mteb_version": "2.3.11",
  "scores": {
    "test": [
      {
        "ndcg_at_1": 0.58057,
        "ndcg_at_3": 0.68279,
        "ndcg_at_5": 0.71047,
        "ndcg_at_10": 0.73752,
        "ndcg_at_20": 0.75517,
        "ndcg_at_100": 0.7616,
        "ndcg_at_1000": 0.7616,
        "map_at_1": 0.56319,
        "map_at_3": 0.65401,
        "map_at_5": 0.66982,
        "map_at_10": 0.68175,
        "map_at_20": 0.68699,
        "map_at_100": 0.68835,
        "map_at_1000": 0.68835,
        "recall_at_1": 0.56319,
        "recall_at_3": 0.75602,
        "recall_at_5": 0.82279,
        "recall_at_10": 0.90369,
        "recall_at_20": 0.97107,
        "recall_at_100": 1.0,
        "recall_at_1000": 1.0,
        "accuracy": 0.56319,
        "precision_at_1": 0.58057,
        "precision_at_3": 0.26335,
        "precision_at_5": 0.17266,
        "precision_at_10": 0.09512,
        "precision_at_20": 0.05144,
        "precision_at_100": 0.01062,
        "precision_at_1000": 0.00106,
        "mrr_at_1": 0.580566,
        "mrr_at_3": 0.664469,
        "mrr_at_5": 0.678923,
        "mrr_at_10": 0.68965,
        "mrr_at_20": 0.694114,
        "mrr_at_100": 0.695218,
        "mrr_at_1000": 0.695218,
        "nauc_ndcg_at_1_max": 0.175356,
        "nauc_ndcg_at_1_std": 0.247838,
        "nauc_ndcg_at_1_diff1": 0.703408,
        "nauc_ndcg_at_3_max": 0.174896,
        "nauc_ndcg_at_3_std": 0.325941,
        "nauc_ndcg_at_3_diff1": 0.637565,
        "nauc_ndcg_at_5_max": 0.162013,
        "nauc_ndcg_at_5_std": 0.337453,
        "nauc_ndcg_at_5_diff1": 0.635986,
        "nauc_ndcg_at_10_max": 0.170934,
        "nauc_ndcg_at_10_std": 0.333387,
        "nauc_ndcg_at_10_diff1": 0.641662,
        "nauc_ndcg_at_20_max": 0.180358,
        "nauc_ndcg_at_20_std": 0.316359,
        "nauc_ndcg_at_20_diff1": 0.64986,
        "nauc_ndcg_at_100_max": 0.175547,
        "nauc_ndcg_at_100_std": 0.30758,
        "nauc_ndcg_at_100_diff1": 0.654231,
        "nauc_ndcg_at_1000_max": 0.175547,
        "nauc_ndcg_at_1000_std": 0.30758,
        "nauc_ndcg_at_1000_diff1": 0.654231,
        "nauc_map_at_1_max": 0.150249,
        "nauc_map_at_1_std": 0.232309,
        "nauc_map_at_1_diff1": 0.707318,
        "nauc_map_at_3_max": 0.16951,
        "nauc_map_at_3_std": 0.306496,
        "nauc_map_at_3_diff1": 0.65708,
        "nauc_map_at_5_max": 0.163599,
        "nauc_map_at_5_std": 0.31057,
        "nauc_map_at_5_diff1": 0.657009,
        "nauc_map_at_10_max": 0.167314,
        "nauc_map_at_10_std": 0.307856,
        "nauc_map_at_10_diff1": 0.659397,
        "nauc_map_at_20_max": 0.170722,
        "nauc_map_at_20_std": 0.303756,
        "nauc_map_at_20_diff1": 0.661092,
        "nauc_map_at_100_max": 0.170013,
        "nauc_map_at_100_std": 0.302141,
        "nauc_map_at_100_diff1": 0.661821,
        "nauc_map_at_1000_max": 0.170013,
        "nauc_map_at_1000_std": 0.302141,
        "nauc_map_at_1000_diff1": 0.661821,
        "nauc_recall_at_1_max": 0.150249,
        "nauc_recall_at_1_std": 0.232309,
        "nauc_recall_at_1_diff1": 0.707318,
        "nauc_recall_at_3_max": 0.173681,
        "nauc_recall_at_3_std": 0.399573,
        "nauc_recall_at_3_diff1": 0.566846,
        "nauc_recall_at_5_max": 0.127281,
        "nauc_recall_at_5_std": 0.464852,
        "nauc_recall_at_5_diff1": 0.539429,
        "nauc_recall_at_10_max": 0.160224,
        "nauc_recall_at_10_std": 0.53779,
        "nauc_recall_at_10_diff1": 0.517153,
        "nauc_recall_at_20_max": 0.329321,
        "nauc_recall_at_20_std": 0.566394,
        "nauc_recall_at_20_diff1": 0.505089,
        "nauc_recall_at_100_max": NaN,
        "nauc_recall_at_100_std": NaN,
        "nauc_recall_at_100_diff1": NaN,
        "nauc_recall_at_1000_max": NaN,
        "nauc_recall_at_1000_std": NaN,
        "nauc_recall_at_1000_diff1": NaN,
        "nauc_precision_at_1_max": 0.175356,
        "nauc_precision_at_1_std": 0.247838,
        "nauc_precision_at_1_diff1": 0.703408,
        "nauc_precision_at_3_max": 0.201676,
        "nauc_precision_at_3_std": 0.385718,
        "nauc_precision_at_3_diff1": 0.448161,
        "nauc_precision_at_5_max": 0.164277,
        "nauc_precision_at_5_std": 0.398309,
        "nauc_precision_at_5_diff1": 0.353332,
        "nauc_precision_at_10_max": 0.195685,
        "nauc_precision_at_10_std": 0.341177,
        "nauc_precision_at_10_diff1": 0.189108,
        "nauc_precision_at_20_max": 0.235833,
        "nauc_precision_at_20_std": 0.116486,
        "nauc_precision_at_20_diff1": -0.092641,
        "nauc_precision_at_100_max": 0.175983,
        "nauc_precision_at_100_std": -0.047216,
        "nauc_precision_at_100_diff1": -0.261073,
        "nauc_precision_at_1000_max": 0.175983,
        "nauc_precision_at_1000_std": -0.047216,
        "nauc_precision_at_1000_diff1": -0.261073,
        "nauc_mrr_at_1_max": 0.175356,
        "nauc_mrr_at_1_std": 0.247838,
        "nauc_mrr_at_1_diff1": 0.703408,
        "nauc_mrr_at_3_max": 0.185006,
        "nauc_mrr_at_3_std": 0.301902,
        "nauc_mrr_at_3_diff1": 0.651662,
        "nauc_mrr_at_5_max": 0.17783,
        "nauc_mrr_at_5_std": 0.306054,
        "nauc_mrr_at_5_diff1": 0.651289,
        "nauc_mrr_at_10_max": 0.180226,
        "nauc_mrr_at_10_std": 0.303724,
        "nauc_mrr_at_10_diff1": 0.654296,
        "nauc_mrr_at_20_max": 0.182175,
        "nauc_mrr_at_20_std": 0.300053,
        "nauc_mrr_at_20_diff1": 0.656601,
        "nauc_mrr_at_100_max": 0.181443,
        "nauc_mrr_at_100_std": 0.298858,
        "nauc_mrr_at_100_diff1": 0.657284,
        "nauc_mrr_at_1000_max": 0.181443,
        "nauc_mrr_at_1000_std": 0.298858,
        "nauc_mrr_at_1000_diff1": 0.657284,
        "cv_recall_at_1": 0.58057,
        "cv_recall_at_3": 0.76855,
        "cv_recall_at_5": 0.83301,
        "cv_recall_at_10": 0.91016,
        "cv_recall_at_20": 0.97363,
        "cv_recall_at_100": 1.0,
        "cv_recall_at_1000": 1.0,
        "main_score": 0.68835,
        "hf_subset": "default",
        "languages": [
          "jpn-Jpan"
        ]
      }
    ]
  },
  "evaluation_time": 475.5527319908142,
  "kg_co2_emissions": null
}