{
  "dataset_revision": "85d6b32f2762313714618171b9d1a65eb7408835",
  "evaluation_time": 5.978914737701416,
  "kg_co2_emissions": 0.0004552924479099227,
  "mteb_version": "1.12.41",
  "scores": {
    "test": [
      {
        "hf_subset": "default",
        "languages": [
          "slk-Latn"
        ],
        "main_score": 0.93042,
        "map_at_1": 0.895,
        "map_at_10": 0.91924,
        "map_at_100": 0.92067,
        "map_at_1000": 0.92068,
        "map_at_20": 0.91994,
        "map_at_3": 0.91361,
        "map_at_5": 0.91728,
        "mrr_at_1": 0.895,
        "mrr_at_10": 0.9192400793650795,
        "mrr_at_100": 0.9206689365042344,
        "mrr_at_1000": 0.9206811981340045,
        "mrr_at_20": 0.9199398148148148,
        "mrr_at_3": 0.9136111111111113,
        "mrr_at_5": 0.9172777777777777,
        "nauc_map_at_1000_diff1": 0.9350779661000994,
        "nauc_map_at_1000_max": 0.9074216537935257,
        "nauc_map_at_1000_std": 0.43769406227390717,
        "nauc_map_at_100_diff1": 0.9350677542784206,
        "nauc_map_at_100_max": 0.9074157342902098,
        "nauc_map_at_100_std": 0.4377813333488157,
        "nauc_map_at_10_diff1": 0.9354015947803103,
        "nauc_map_at_10_max": 0.9079922655234896,
        "nauc_map_at_10_std": 0.4372645956159587,
        "nauc_map_at_1_diff1": 0.9375494012199305,
        "nauc_map_at_1_max": 0.8903255633603272,
        "nauc_map_at_1_std": 0.4136056552279541,
        "nauc_map_at_20_diff1": 0.935168645202767,
        "nauc_map_at_20_max": 0.9078977336275453,
        "nauc_map_at_20_std": 0.440373993947681,
        "nauc_map_at_3_diff1": 0.9350930170182127,
        "nauc_map_at_3_max": 0.9117159552891487,
        "nauc_map_at_3_std": 0.4171375530783173,
        "nauc_map_at_5_diff1": 0.9349313688642613,
        "nauc_map_at_5_max": 0.9098529733023862,
        "nauc_map_at_5_std": 0.44821910969334827,
        "nauc_mrr_at_1000_diff1": 0.9350779661000994,
        "nauc_mrr_at_1000_max": 0.9074216537935257,
        "nauc_mrr_at_1000_std": 0.43769406227390717,
        "nauc_mrr_at_100_diff1": 0.9350677542784206,
        "nauc_mrr_at_100_max": 0.9074157342902098,
        "nauc_mrr_at_100_std": 0.4377813333488157,
        "nauc_mrr_at_10_diff1": 0.9354015947803103,
        "nauc_mrr_at_10_max": 0.9079922655234896,
        "nauc_mrr_at_10_std": 0.4372645956159587,
        "nauc_mrr_at_1_diff1": 0.9375494012199305,
        "nauc_mrr_at_1_max": 0.8903255633603272,
        "nauc_mrr_at_1_std": 0.4136056552279541,
        "nauc_mrr_at_20_diff1": 0.935168645202767,
        "nauc_mrr_at_20_max": 0.9078977336275453,
        "nauc_mrr_at_20_std": 0.440373993947681,
        "nauc_mrr_at_3_diff1": 0.9350930170182127,
        "nauc_mrr_at_3_max": 0.9117159552891487,
        "nauc_mrr_at_3_std": 0.4171375530783173,
        "nauc_mrr_at_5_diff1": 0.9349313688642613,
        "nauc_mrr_at_5_max": 0.9098529733023862,
        "nauc_mrr_at_5_std": 0.44821910969334827,
        "nauc_ndcg_at_1000_diff1": 0.9348147587359454,
        "nauc_ndcg_at_1000_max": 0.9092115856522742,
        "nauc_ndcg_at_1000_std": 0.44852025204472806,
        "nauc_ndcg_at_100_diff1": 0.9342139197119085,
        "nauc_ndcg_at_100_max": 0.908845486654819,
        "nauc_ndcg_at_100_std": 0.4535764366930164,
        "nauc_ndcg_at_10_diff1": 0.9361768739365072,
        "nauc_ndcg_at_10_max": 0.9122931982497937,
        "nauc_ndcg_at_10_std": 0.45633957568212535,
        "nauc_ndcg_at_1_diff1": 0.9375494012199305,
        "nauc_ndcg_at_1_max": 0.8903255633603272,
        "nauc_ndcg_at_1_std": 0.4136056552279541,
        "nauc_ndcg_at_20_diff1": 0.935333916901002,
        "nauc_ndcg_at_20_max": 0.9122603951459358,
        "nauc_ndcg_at_20_std": 0.47119548728698923,
        "nauc_ndcg_at_3_diff1": 0.9351515942854132,
        "nauc_ndcg_at_3_max": 0.9196776205988025,
        "nauc_ndcg_at_3_std": 0.42070838539023836,
        "nauc_ndcg_at_5_diff1": 0.9347838794188202,
        "nauc_ndcg_at_5_max": 0.9167003057339538,
        "nauc_ndcg_at_5_std": 0.4822733036755784,
        "nauc_precision_at_1000_diff1": 1.0,
        "nauc_precision_at_1000_max": 1.0,
        "nauc_precision_at_1000_std": 1.0,
        "nauc_precision_at_100_diff1": 0.869281045751673,
        "nauc_precision_at_100_max": 0.869281045751673,
        "nauc_precision_at_100_std": 1.0,
        "nauc_precision_at_10_diff1": 0.9431995020230324,
        "nauc_precision_at_10_max": 0.9361967009025849,
        "nauc_precision_at_10_std": 0.585278555866788,
        "nauc_precision_at_1_diff1": 0.9375494012199305,
        "nauc_precision_at_1_max": 0.8903255633603272,
        "nauc_precision_at_1_std": 0.4136056552279541,
        "nauc_precision_at_20_diff1": 0.9379084967320244,
        "nauc_precision_at_20_max": 0.9466230936819137,
        "nauc_precision_at_20_std": 0.7966697790227196,
        "nauc_precision_at_3_diff1": 0.9358076563958903,
        "nauc_precision_at_3_max": 0.9505503955968359,
        "nauc_precision_at_3_std": 0.43554965845987675,
        "nauc_precision_at_5_diff1": 0.9344795389420144,
        "nauc_precision_at_5_max": 0.9492900608519259,
        "nauc_precision_at_5_std": 0.6640265301522869,
        "nauc_recall_at_1000_diff1": NaN,
        "nauc_recall_at_1000_max": NaN,
        "nauc_recall_at_1000_std": NaN,
        "nauc_recall_at_100_diff1": 0.8692810457516423,
        "nauc_recall_at_100_max": 0.8692810457516423,
        "nauc_recall_at_100_std": 1.0,
        "nauc_recall_at_10_diff1": 0.9431995020230326,
        "nauc_recall_at_10_max": 0.9361967009025833,
        "nauc_recall_at_10_std": 0.5852785558667956,
        "nauc_recall_at_1_diff1": 0.9375494012199305,
        "nauc_recall_at_1_max": 0.8903255633603272,
        "nauc_recall_at_1_std": 0.4136056552279541,
        "nauc_recall_at_20_diff1": 0.9379084967320271,
        "nauc_recall_at_20_max": 0.9466230936819179,
        "nauc_recall_at_20_std": 0.7966697790227192,
        "nauc_recall_at_3_diff1": 0.9358076563958917,
        "nauc_recall_at_3_max": 0.9505503955968351,
        "nauc_recall_at_3_std": 0.43554965845987553,
        "nauc_recall_at_5_diff1": 0.9344795389420135,
        "nauc_recall_at_5_max": 0.949290060851927,
        "nauc_recall_at_5_std": 0.6640265301522912,
        "ndcg_at_1": 0.895,
        "ndcg_at_10": 0.93042,
        "ndcg_at_100": 0.93708,
        "ndcg_at_1000": 0.93766,
        "ndcg_at_20": 0.93296,
        "ndcg_at_3": 0.91954,
        "ndcg_at_5": 0.92593,
        "precision_at_1": 0.895,
        "precision_at_10": 0.0965,
        "precision_at_100": 0.00995,
        "precision_at_1000": 0.001,
        "precision_at_20": 0.04875,
        "precision_at_3": 0.31222,
        "precision_at_5": 0.19033,
        "recall_at_1": 0.895,
        "recall_at_10": 0.965,
        "recall_at_100": 0.995,
        "recall_at_1000": 1.0,
        "recall_at_20": 0.975,
        "recall_at_3": 0.93667,
        "recall_at_5": 0.95167
      }
    ]
  },
  "task_name": "SlovakSumRetrieval"
}