{
  "dataset_revision": "0ff9c86779e06855536d8775ce5550550e1e5a2d",
  "evaluation_time": 12.616046667098999,
  "kg_co2_emissions": 0.002378611707486132,
  "mteb_version": "1.12.75",
  "scores": {
    "test": [
      {
        "cosine_accuracy": 0.80322265625,
        "cosine_accuracy_threshold": 0.9276528358459473,
        "cosine_ap": 0.8662831183210085,
        "cosine_f1": 0.8132666969559291,
        "cosine_f1_threshold": 0.9211717844009399,
        "cosine_precision": 0.7604078164825828,
        "cosine_recall": 0.8740234375,
        "dot_accuracy": 0.80322265625,
        "dot_accuracy_threshold": 0.9276530742645264,
        "dot_ap": 0.8662833275162262,
        "dot_f1": 0.8132666969559291,
        "dot_f1_threshold": 0.9211713075637817,
        "dot_precision": 0.7604078164825828,
        "dot_recall": 0.8740234375,
        "euclidean_accuracy": 0.80322265625,
        "euclidean_accuracy_threshold": 0.3803871273994446,
        "euclidean_ap": 0.8662831183210085,
        "euclidean_f1": 0.8132666969559291,
        "euclidean_f1_threshold": 0.39705973863601685,
        "euclidean_precision": 0.7604078164825828,
        "euclidean_recall": 0.8740234375,
        "hf_subset": "default",
        "languages": [
          "por-Latn"
        ],
        "main_score": 0.8662833275162262,
        "manhattan_accuracy": 0.8037109375,
        "manhattan_accuracy_threshold": 9.62485122680664,
        "manhattan_ap": 0.8652901342706424,
        "manhattan_f1": 0.8127853881278538,
        "manhattan_f1_threshold": 10.011218070983887,
        "manhattan_precision": 0.7632933104631218,
        "manhattan_recall": 0.869140625,
        "max_ap": 0.8662833275162262,
        "max_f1": 0.8132666969559291,
        "max_precision": 0.7632933104631218,
        "max_recall": 0.8740234375,
        "similarity_accuracy": 0.80322265625,
        "similarity_accuracy_threshold": 0.9276528358459473,
        "similarity_ap": 0.8662831183210085,
        "similarity_f1": 0.8132666969559291,
        "similarity_f1_threshold": 0.9211717844009399,
        "similarity_precision": 0.7604078164825828,
        "similarity_recall": 0.8740234375
      }
    ]
  },
  "task_name": "Assin2RTE"
}