{
    "dataset_revision": "None",
    "task_name": "SciFact",
    "evaluation_time": null,
    "mteb_version": null,
    "scores": {
        "test": [
            {
                "hf_subset": "default",
                "languages": [
                    "eng-Latn"
                ],
                "map_at_1": 0.38983000000000007,
                "map_at_10": 0.47858000000000006,
                "map_at_100": 0.48695,
                "map_at_1000": 0.48752,
                "map_at_3": 0.45444,
                "map_at_5": 0.46906,
                "mrr_at_1": 0.41333,
                "mrr_at_10": 0.49935,
                "mrr_at_100": 0.5051,
                "mrr_at_1000": 0.50555,
                "mrr_at_3": 0.47833,
                "mrr_at_5": 0.49117,
                "ndcg_at_1": 0.41333,
                "ndcg_at_10": 0.52399,
                "ndcg_at_100": 0.56196,
                "ndcg_at_1000": 0.57838,
                "ndcg_at_3": 0.47987,
                "ndcg_at_5": 0.50356,
                "precision_at_1": 0.41333,
                "precision_at_10": 0.07167,
                "precision_at_100": 0.0093,
                "precision_at_1000": 0.00108,
                "precision_at_3": 0.19,
                "precision_at_5": 0.128,
                "recall_at_1": 0.38983000000000007,
                "recall_at_10": 0.6418300000000001,
                "recall_at_100": 0.82022,
                "recall_at_1000": 0.95167,
                "recall_at_3": 0.52383,
                "recall_at_5": 0.58411,
                "main_score": 0.52399
            }
        ]
    }
}