{
  "dataset_revision": "6c6430d3a6d36f8d2a829195bc5dc94d7e063e53",
  "evaluation_time": 131.18657660484314,
  "kg_co2_emissions": null,
  "mteb_version": "1.14.5",
  "scores": {
    "test": [
      {
        "hf_subset": "default",
        "languages": [
          "eng-Latn"
        ],
        "main_score": 0.48873,
        "map_at_1": 0.33123,
        "map_at_10": 0.43451,
        "map_at_100": 0.44676,
        "map_at_1000": 0.44763,
        "map_at_20": 0.44143,
        "map_at_3": 0.40454,
        "map_at_5": 0.42058,
        "mrr_at_1": 0.3880597014925373,
        "mrr_at_10": 0.47599539504856647,
        "mrr_at_100": 0.4845489366071689,
        "mrr_at_1000": 0.48501220778659254,
        "mrr_at_20": 0.4812681706918191,
        "mrr_at_3": 0.4532027363184076,
        "mrr_at_5": 0.46500310945273576,
        "nauc_map_at_1000_diff1": 0.47848184655531956,
        "nauc_map_at_1000_max": 0.43492595270909157,
        "nauc_map_at_1000_std": 0.004247115999806377,
        "nauc_map_at_100_diff1": 0.4784421966901343,
        "nauc_map_at_100_max": 0.43503863620405236,
        "nauc_map_at_100_std": 0.00422897242766412,
        "nauc_map_at_10_diff1": 0.48020823310332755,
        "nauc_map_at_10_max": 0.4341065193673555,
        "nauc_map_at_10_std": 0.002433195624750899,
        "nauc_map_at_1_diff1": 0.5416292027050548,
        "nauc_map_at_1_max": 0.41572284386787095,
        "nauc_map_at_1_std": -0.022395507469054467,
        "nauc_map_at_20_diff1": 0.47781305329790297,
        "nauc_map_at_20_max": 0.43336106513407535,
        "nauc_map_at_20_std": 0.001631756353915909,
        "nauc_map_at_3_diff1": 0.49277600616589556,
        "nauc_map_at_3_max": 0.4293888122743412,
        "nauc_map_at_3_std": -0.008113970622533592,
        "nauc_map_at_5_diff1": 0.4843106795915068,
        "nauc_map_at_5_max": 0.4298438671631088,
        "nauc_map_at_5_std": -0.0016213852577353612,
        "nauc_mrr_at_1000_diff1": 0.47686725885027254,
        "nauc_mrr_at_1000_max": 0.4538579846094681,
        "nauc_mrr_at_1000_std": 0.02475647548351011,
        "nauc_mrr_at_100_diff1": 0.47674851312859334,
        "nauc_mrr_at_100_max": 0.45382708640995356,
        "nauc_mrr_at_100_std": 0.024812821725669898,
        "nauc_mrr_at_10_diff1": 0.4770358334402678,
        "nauc_mrr_at_10_max": 0.45484581370240074,
        "nauc_mrr_at_10_std": 0.024399397055902074,
        "nauc_mrr_at_1_diff1": 0.5346083076687376,
        "nauc_mrr_at_1_max": 0.4568350251694675,
        "nauc_mrr_at_1_std": -0.0017282958306239125,
        "nauc_mrr_at_20_diff1": 0.475440823301079,
        "nauc_mrr_at_20_max": 0.4533849462371277,
        "nauc_mrr_at_20_std": 0.023871173613043455,
        "nauc_mrr_at_3_diff1": 0.4847426335409621,
        "nauc_mrr_at_3_max": 0.458678550770487,
        "nauc_mrr_at_3_std": 0.023408069406507047,
        "nauc_mrr_at_5_diff1": 0.47787019044445395,
        "nauc_mrr_at_5_max": 0.4520557513039126,
        "nauc_mrr_at_5_std": 0.023320599262763697,
        "nauc_ndcg_at_1000_diff1": 0.45986199076920803,
        "nauc_ndcg_at_1000_max": 0.4441743280896641,
        "nauc_ndcg_at_1000_std": 0.03136090724521832,
        "nauc_ndcg_at_100_diff1": 0.4554866962069142,
        "nauc_ndcg_at_100_max": 0.4451466590348722,
        "nauc_ndcg_at_100_std": 0.035242992265790064,
        "nauc_ndcg_at_10_diff1": 0.45730519755308185,
        "nauc_ndcg_at_10_max": 0.43912441932685115,
        "nauc_ndcg_at_10_std": 0.020890270995240177,
        "nauc_ndcg_at_1_diff1": 0.5346083076687376,
        "nauc_ndcg_at_1_max": 0.4568350251694675,
        "nauc_ndcg_at_1_std": -0.0017282958306239125,
        "nauc_ndcg_at_20_diff1": 0.4495021608935371,
        "nauc_ndcg_at_20_max": 0.4348454477164496,
        "nauc_ndcg_at_20_std": 0.019328409906273582,
        "nauc_ndcg_at_3_diff1": 0.47269553059047087,
        "nauc_ndcg_at_3_max": 0.4377073112930517,
        "nauc_ndcg_at_3_std": 0.008804284281451167,
        "nauc_ndcg_at_5_diff1": 0.4626697145800704,
        "nauc_ndcg_at_5_max": 0.4312985118198018,
        "nauc_ndcg_at_5_std": 0.01338538084402837,
        "nauc_precision_at_1000_diff1": -0.17851106129444666,
        "nauc_precision_at_1000_max": -0.012168131233968756,
        "nauc_precision_at_1000_std": 0.07035903246668815,
        "nauc_precision_at_100_diff1": -0.06709877439505076,
        "nauc_precision_at_100_max": 0.15453706701024805,
        "nauc_precision_at_100_std": 0.14356076962565115,
        "nauc_precision_at_10_diff1": 0.1336506377095439,
        "nauc_precision_at_10_max": 0.31501478436992497,
        "nauc_precision_at_10_std": 0.09405242735005433,
        "nauc_precision_at_1_diff1": 0.5346083076687376,
        "nauc_precision_at_1_max": 0.4568350251694675,
        "nauc_precision_at_1_std": -0.0017282958306239125,
        "nauc_precision_at_20_diff1": 0.05289110547188101,
        "nauc_precision_at_20_max": 0.2546380082697567,
        "nauc_precision_at_20_std": 0.08628248503833882,
        "nauc_precision_at_3_diff1": 0.3133946477029059,
        "nauc_precision_at_3_max": 0.41153899356159174,
        "nauc_precision_at_3_std": 0.06471953305265105,
        "nauc_precision_at_5_diff1": 0.22581910640881953,
        "nauc_precision_at_5_max": 0.35438081342406363,
        "nauc_precision_at_5_std": 0.07708045235330069,
        "nauc_recall_at_1000_diff1": 0.3235775512525314,
        "nauc_recall_at_1000_max": 0.5251956084394188,
        "nauc_recall_at_1000_std": 0.46776335564500765,
        "nauc_recall_at_100_diff1": 0.32431746467548284,
        "nauc_recall_at_100_max": 0.44694810462409773,
        "nauc_recall_at_100_std": 0.20590001203753336,
        "nauc_recall_at_10_diff1": 0.3685228802902402,
        "nauc_recall_at_10_max": 0.4050213735079392,
        "nauc_recall_at_10_std": 0.053921862037954967,
        "nauc_recall_at_1_diff1": 0.5416292027050548,
        "nauc_recall_at_1_max": 0.41572284386787095,
        "nauc_recall_at_1_std": -0.022395507469054467,
        "nauc_recall_at_20_diff1": 0.32233882331006547,
        "nauc_recall_at_20_max": 0.37602233416193326,
        "nauc_recall_at_20_std": 0.05017119014435506,
        "nauc_recall_at_3_diff1": 0.42923796034201434,
        "nauc_recall_at_3_max": 0.41136985232344914,
        "nauc_recall_at_3_std": 0.01497343966811875,
        "nauc_recall_at_5_diff1": 0.3930325181713267,
        "nauc_recall_at_5_max": 0.3955775718686661,
        "nauc_recall_at_5_std": 0.03304377872253801,
        "ndcg_at_1": 0.38806,
        "ndcg_at_10": 0.48873,
        "ndcg_at_100": 0.54104,
        "ndcg_at_1000": 0.55926,
        "ndcg_at_20": 0.51032,
        "ndcg_at_3": 0.43978,
        "ndcg_at_5": 0.46104,
        "precision_at_1": 0.38806,
        "precision_at_10": 0.08125,
        "precision_at_100": 0.01195,
        "precision_at_1000": 0.00145,
        "precision_at_20": 0.04669,
        "precision_at_3": 0.19869,
        "precision_at_5": 0.13675,
        "recall_at_1": 0.33123,
        "recall_at_10": 0.61024,
        "recall_at_100": 0.83247,
        "recall_at_1000": 0.95617,
        "recall_at_20": 0.68735,
        "recall_at_3": 0.47543,
        "recall_at_5": 0.53134
      }
    ]
  },
  "task_name": "CQADupstackUnixRetrieval"
}