{
    "dataset_revision": "19661ccdca4dfc2d15122d776b61685f48c68ca9",
    "task_name": "SyntecRetrieval",
    "evaluation_time": -1,
    "mteb_version": "0.0.0",
    "scores": {
        "test": [
            {
                "hf_subset": "default",
                "languages": [
                    "fra-Latn"
                ],
                "map_at_1": 12.0,
                "map_at_10": 21.644,
                "map_at_100": 24.02,
                "map_at_1000": 24.02,
                "map_at_20": 23.088,
                "map_at_3": 18.167,
                "map_at_5": 19.967,
                "mrr_at_1": 12.0,
                "mrr_at_10": 21.644,
                "mrr_at_100": 24.02,
                "mrr_at_1000": 24.02,
                "mrr_at_20": 23.088,
                "mrr_at_3": 18.167,
                "mrr_at_5": 19.967,
                "ndcg_at_1": 12.0,
                "ndcg_at_10": 27.644999999999996,
                "ndcg_at_100": 39.085,
                "ndcg_at_1000": 39.085,
                "ndcg_at_20": 32.940999999999995,
                "ndcg_at_3": 20.416999999999998,
                "ndcg_at_5": 23.687,
                "precision_at_1": 12.0,
                "precision_at_10": 4.7,
                "precision_at_100": 1.0,
                "precision_at_1000": 0.1,
                "precision_at_20": 3.4000000000000004,
                "precision_at_3": 9.0,
                "precision_at_5": 7.000000000000001,
                "recall_at_1": 12.0,
                "recall_at_10": 47.0,
                "recall_at_100": 100.0,
                "recall_at_1000": 100.0,
                "recall_at_20": 68.0,
                "recall_at_3": 27.0,
                "recall_at_5": 35.0,
                "main_score": 27.644999999999996
            }
        ]
    }
}