{
  "dataset_revision": "6d7308571a1572e22d5c0c1cb87385a7bb6b2c6d",
  "task_name": "FrenchLegal1Retrieval",
  "mteb_version": "1.38.54",
  "scores": {
    "test": [
      {
        "ndcg_at_1": 0.85888,
        "ndcg_at_3": 0.90256,
        "ndcg_at_5": 0.9093,
        "ndcg_at_10": 0.91482,
        "ndcg_at_20": 0.91827,
        "ndcg_at_100": 0.92053,
        "ndcg_at_1000": 0.92148,
        "map_at_1": 0.85888,
        "map_at_3": 0.89217,
        "map_at_5": 0.8959,
        "map_at_10": 0.89822,
        "map_at_20": 0.89917,
        "map_at_100": 0.89951,
        "map_at_1000": 0.89954,
        "recall_at_1": 0.85888,
        "recall_at_3": 0.93249,
        "recall_at_5": 0.9489,
        "recall_at_10": 0.96578,
        "recall_at_20": 0.97937,
        "recall_at_100": 0.99109,
        "recall_at_1000": 0.99859,
        "precision_at_1": 0.85888,
        "precision_at_3": 0.31083,
        "precision_at_5": 0.18978,
        "precision_at_10": 0.09658,
        "precision_at_20": 0.04897,
        "precision_at_100": 0.00991,
        "precision_at_1000": 0.001,
        "mrr_at_1": 0.858884,
        "mrr_at_3": 0.892171,
        "mrr_at_5": 0.895898,
        "mrr_at_10": 0.898216,
        "mrr_at_20": 0.899165,
        "mrr_at_100": 0.89951,
        "mrr_at_1000": 0.899545,
        "nauc_ndcg_at_1_max": 0.781166,
        "nauc_ndcg_at_1_std": 0.31892,
        "nauc_ndcg_at_1_diff1": 0.917091,
        "nauc_ndcg_at_3_max": 0.813864,
        "nauc_ndcg_at_3_std": 0.372851,
        "nauc_ndcg_at_3_diff1": 0.906198,
        "nauc_ndcg_at_5_max": 0.818449,
        "nauc_ndcg_at_5_std": 0.378859,
        "nauc_ndcg_at_5_diff1": 0.907814,
        "nauc_ndcg_at_10_max": 0.816271,
        "nauc_ndcg_at_10_std": 0.375584,
        "nauc_ndcg_at_10_diff1": 0.90648,
        "nauc_ndcg_at_20_max": 0.813796,
        "nauc_ndcg_at_20_std": 0.376875,
        "nauc_ndcg_at_20_diff1": 0.907947,
        "nauc_ndcg_at_100_max": 0.810585,
        "nauc_ndcg_at_100_std": 0.371068,
        "nauc_ndcg_at_100_diff1": 0.908124,
        "nauc_ndcg_at_1000_max": 0.808983,
        "nauc_ndcg_at_1000_std": 0.367682,
        "nauc_ndcg_at_1000_diff1": 0.908935,
        "nauc_map_at_1_max": 0.781166,
        "nauc_map_at_1_std": 0.31892,
        "nauc_map_at_1_diff1": 0.917091,
        "nauc_map_at_3_max": 0.803753,
        "nauc_map_at_3_std": 0.356931,
        "nauc_map_at_3_diff1": 0.908777,
        "nauc_map_at_5_max": 0.805762,
        "nauc_map_at_5_std": 0.35937,
        "nauc_map_at_5_diff1": 0.909768,
        "nauc_map_at_10_max": 0.80484,
        "nauc_map_at_10_std": 0.35777,
        "nauc_map_at_10_diff1": 0.909366,
        "nauc_map_at_20_max": 0.804223,
        "nauc_map_at_20_std": 0.357965,
        "nauc_map_at_20_diff1": 0.909756,
        "nauc_map_at_100_max": 0.803795,
        "nauc_map_at_100_std": 0.357262,
        "nauc_map_at_100_diff1": 0.909813,
        "nauc_map_at_1000_max": 0.803748,
        "nauc_map_at_1000_std": 0.357188,
        "nauc_map_at_1000_diff1": 0.909841,
        "nauc_recall_at_1_max": 0.781166,
        "nauc_recall_at_1_std": 0.31892,
        "nauc_recall_at_1_diff1": 0.917091,
        "nauc_recall_at_3_max": 0.859258,
        "nauc_recall_at_3_std": 0.443836,
        "nauc_recall_at_3_diff1": 0.895127,
        "nauc_recall_at_5_max": 0.891878,
        "nauc_recall_at_5_std": 0.491071,
        "nauc_recall_at_5_diff1": 0.897467,
        "nauc_recall_at_10_max": 0.909767,
        "nauc_recall_at_10_std": 0.522168,
        "nauc_recall_at_10_diff1": 0.882105,
        "nauc_recall_at_20_max": 0.931938,
        "nauc_recall_at_20_std": 0.63578,
        "nauc_recall_at_20_diff1": 0.887163,
        "nauc_recall_at_100_max": 0.944106,
        "nauc_recall_at_100_std": 0.704251,
        "nauc_recall_at_100_diff1": 0.86302,
        "nauc_recall_at_1000_max": 0.956434,
        "nauc_recall_at_1000_std": 0.907403,
        "nauc_recall_at_1000_diff1": 0.956434,
        "nauc_precision_at_1_max": 0.781166,
        "nauc_precision_at_1_std": 0.31892,
        "nauc_precision_at_1_diff1": 0.917091,
        "nauc_precision_at_3_max": 0.859258,
        "nauc_precision_at_3_std": 0.443836,
        "nauc_precision_at_3_diff1": 0.895127,
        "nauc_precision_at_5_max": 0.891878,
        "nauc_precision_at_5_std": 0.491071,
        "nauc_precision_at_5_diff1": 0.897467,
        "nauc_precision_at_10_max": 0.909767,
        "nauc_precision_at_10_std": 0.522168,
        "nauc_precision_at_10_diff1": 0.882105,
        "nauc_precision_at_20_max": 0.931938,
        "nauc_precision_at_20_std": 0.63578,
        "nauc_precision_at_20_diff1": 0.887163,
        "nauc_precision_at_100_max": 0.944106,
        "nauc_precision_at_100_std": 0.704251,
        "nauc_precision_at_100_diff1": 0.86302,
        "nauc_precision_at_1000_max": 0.956434,
        "nauc_precision_at_1000_std": 0.907403,
        "nauc_precision_at_1000_diff1": 0.956434,
        "nauc_mrr_at_1_max": 0.781166,
        "nauc_mrr_at_1_std": 0.31892,
        "nauc_mrr_at_1_diff1": 0.917091,
        "nauc_mrr_at_3_max": 0.803753,
        "nauc_mrr_at_3_std": 0.356931,
        "nauc_mrr_at_3_diff1": 0.908777,
        "nauc_mrr_at_5_max": 0.805762,
        "nauc_mrr_at_5_std": 0.35937,
        "nauc_mrr_at_5_diff1": 0.909768,
        "nauc_mrr_at_10_max": 0.80484,
        "nauc_mrr_at_10_std": 0.35777,
        "nauc_mrr_at_10_diff1": 0.909366,
        "nauc_mrr_at_20_max": 0.804223,
        "nauc_mrr_at_20_std": 0.357965,
        "nauc_mrr_at_20_diff1": 0.909756,
        "nauc_mrr_at_100_max": 0.803795,
        "nauc_mrr_at_100_std": 0.357262,
        "nauc_mrr_at_100_diff1": 0.909813,
        "nauc_mrr_at_1000_max": 0.803748,
        "nauc_mrr_at_1000_std": 0.357188,
        "nauc_mrr_at_1000_diff1": 0.909841,
        "main_score": 0.91482,
        "hf_subset": "default",
        "languages": [
          "fra-Latn"
        ]
      }
    ]
  },
  "evaluation_time": 253.69562602043152,
  "kg_co2_emissions": null
}