{
    "dataset_revision": "70970daeab8776df92f5ea462b6173c0b46fd2d1",
    "task_name": "TwitterSemEval2015",
    "evaluation_time": null,
    "mteb_version": null,
    "scores": {
        "test": [
            {
                "hf_subset": "default",
                "languages": [
                    "eng-Latn"
                ],
                "cos_sim_accuracy": 0.8365619598259522,
                "cos_sim_ap": 0.6617412885183878,
                "cos_sim_f1": 0.6309125656951745,
                "cos_sim_precision": 0.5763858577040594,
                "cos_sim_recall": 0.6968337730870712,
                "dot_accuracy": 0.8365619598259522,
                "dot_ap": 0.6617413621964547,
                "dot_f1": 0.6309125656951745,
                "dot_precision": 0.5763858577040594,
                "dot_recall": 0.6968337730870712,
                "euclidean_accuracy": 0.8365619598259522,
                "euclidean_ap": 0.6617412836413127,
                "euclidean_f1": 0.6309125656951745,
                "euclidean_precision": 0.5763858577040594,
                "euclidean_recall": 0.6968337730870712,
                "manhattan_accuracy": 0.835548667819038,
                "manhattan_ap": 0.6607998834521334,
                "manhattan_f1": 0.6296433419721091,
                "manhattan_precision": 0.5914676559239509,
                "manhattan_recall": 0.6730870712401056,
                "max_accuracy": 0.8365619598259522,
                "max_ap": 0.6617413621964547,
                "max_f1": 0.6309125656951745,
                "main_score": 0.6617413621964547
            }
        ]
    }
}