{
    "dataset_revision": "6d1ba47164174a496b7fa5d3569dae26a6813b80",
    "task_name": "STS22",
    "evaluation_time": null,
    "mteb_version": null,
    "scores": {
        "test": [
            {
                "hf_subset": "en",
                "languages": [
                    "eng-Latn"
                ],
                "cos_sim_pearson": 0.6448071151079803,
                "cos_sim_spearman": 0.6537838108084044,
                "euclidean_pearson": 0.6467378947096257,
                "euclidean_spearman": 0.6539187147219869,
                "manhattan_pearson": 0.6535487466133207,
                "manhattan_spearman": 0.6551328499442272,
                "cosine_pearson": 0.6448071151079803,
                "cosine_spearman": 0.6537838108084044,
                "main_score": 0.6537838108084044
            }
        ]
    }
}