{
  "dataset_revision": "ebfcd844eadd3d667efa3c57fc5c8c87f5c2867e",
  "task_name": "AILAStatutes",
  "mteb_version": "2.6.9",
  "scores": {
    "test": [
      {
        "ndcg_at_1": 0.54,
        "ndcg_at_3": 0.40819,
        "ndcg_at_5": 0.40439,
        "ndcg_at_10": 0.49781,
        "ndcg_at_20": 0.57921,
        "ndcg_at_100": 0.65319,
        "ndcg_at_1000": 0.65319,
        "map_at_1": 0.135,
        "map_at_3": 0.21789,
        "map_at_5": 0.27989,
        "map_at_10": 0.34149,
        "map_at_20": 0.38811,
        "map_at_100": 0.41564,
        "map_at_1000": 0.41564,
        "recall_at_1": 0.135,
        "recall_at_3": 0.26167,
        "recall_at_5": 0.38267,
        "recall_at_10": 0.56633,
        "recall_at_20": 0.76267,
        "recall_at_100": 1.0,
        "recall_at_1000": 1.0,
        "accuracy": 0.135,
        "precision_at_1": 0.54,
        "precision_at_3": 0.36667,
        "precision_at_5": 0.332,
        "precision_at_10": 0.242,
        "precision_at_20": 0.166,
        "precision_at_100": 0.0434,
        "precision_at_1000": 0.00434,
        "mrr_at_1": 0.54,
        "mrr_at_3": 0.633333,
        "mrr_at_5": 0.656333,
        "mrr_at_10": 0.66369,
        "mrr_at_20": 0.668086,
        "mrr_at_100": 0.668086,
        "mrr_at_1000": 0.668086,
        "nauc_ndcg_at_1_max": 0.236226,
        "nauc_ndcg_at_1_std": 0.115723,
        "nauc_ndcg_at_1_diff1": 0.044372,
        "nauc_ndcg_at_3_max": 0.315534,
        "nauc_ndcg_at_3_std": 0.196267,
        "nauc_ndcg_at_3_diff1": 0.152657,
        "nauc_ndcg_at_5_max": 0.296978,
        "nauc_ndcg_at_5_std": 0.192487,
        "nauc_ndcg_at_5_diff1": 0.103355,
        "nauc_ndcg_at_10_max": 0.237274,
        "nauc_ndcg_at_10_std": 0.165575,
        "nauc_ndcg_at_10_diff1": 0.06447,
        "nauc_ndcg_at_20_max": 0.221667,
        "nauc_ndcg_at_20_std": 0.253481,
        "nauc_ndcg_at_20_diff1": 0.028388,
        "nauc_ndcg_at_100_max": 0.250394,
        "nauc_ndcg_at_100_std": 0.214992,
        "nauc_ndcg_at_100_diff1": 0.037065,
        "nauc_ndcg_at_1000_max": 0.250394,
        "nauc_ndcg_at_1000_std": 0.214992,
        "nauc_ndcg_at_1000_diff1": 0.037065,
        "nauc_map_at_1_max": 0.180611,
        "nauc_map_at_1_std": 0.051785,
        "nauc_map_at_1_diff1": 0.055228,
        "nauc_map_at_3_max": 0.282751,
        "nauc_map_at_3_std": 0.119758,
        "nauc_map_at_3_diff1": 0.157294,
        "nauc_map_at_5_max": 0.290649,
        "nauc_map_at_5_std": 0.149493,
        "nauc_map_at_5_diff1": 0.08546,
        "nauc_map_at_10_max": 0.270717,
        "nauc_map_at_10_std": 0.140089,
        "nauc_map_at_10_diff1": 0.067614,
        "nauc_map_at_20_max": 0.274958,
        "nauc_map_at_20_std": 0.20583,
        "nauc_map_at_20_diff1": 0.053683,
        "nauc_map_at_100_max": 0.275607,
        "nauc_map_at_100_std": 0.204219,
        "nauc_map_at_100_diff1": 0.045311,
        "nauc_map_at_1000_max": 0.275607,
        "nauc_map_at_1000_std": 0.204219,
        "nauc_map_at_1000_diff1": 0.045311,
        "nauc_recall_at_1_max": 0.180611,
        "nauc_recall_at_1_std": 0.051785,
        "nauc_recall_at_1_diff1": 0.055228,
        "nauc_recall_at_3_max": 0.336082,
        "nauc_recall_at_3_std": 0.215874,
        "nauc_recall_at_3_diff1": 0.260058,
        "nauc_recall_at_5_max": 0.296373,
        "nauc_recall_at_5_std": 0.21228,
        "nauc_recall_at_5_diff1": 0.12438,
        "nauc_recall_at_10_max": 0.116474,
        "nauc_recall_at_10_std": 0.098177,
        "nauc_recall_at_10_diff1": 0.032028,
        "nauc_recall_at_20_max": 0.012871,
        "nauc_recall_at_20_std": 0.281611,
        "nauc_recall_at_20_diff1": -0.069578,
        "nauc_recall_at_100_max": NaN,
        "nauc_recall_at_100_std": NaN,
        "nauc_recall_at_100_diff1": NaN,
        "nauc_recall_at_1000_max": NaN,
        "nauc_recall_at_1000_std": NaN,
        "nauc_recall_at_1000_diff1": NaN,
        "nauc_precision_at_1_max": 0.236226,
        "nauc_precision_at_1_std": 0.115723,
        "nauc_precision_at_1_diff1": 0.044372,
        "nauc_precision_at_3_max": 0.342369,
        "nauc_precision_at_3_std": 0.252688,
        "nauc_precision_at_3_diff1": 0.208812,
        "nauc_precision_at_5_max": 0.251612,
        "nauc_precision_at_5_std": 0.209276,
        "nauc_precision_at_5_diff1": 0.045837,
        "nauc_precision_at_10_max": 0.135916,
        "nauc_precision_at_10_std": 0.159841,
        "nauc_precision_at_10_diff1": -0.029941,
        "nauc_precision_at_20_max": 0.012239,
        "nauc_precision_at_20_std": 0.261211,
        "nauc_precision_at_20_diff1": -0.132009,
        "nauc_precision_at_100_max": -0.167048,
        "nauc_precision_at_100_std": -0.021386,
        "nauc_precision_at_100_diff1": -0.29747,
        "nauc_precision_at_1000_max": -0.167048,
        "nauc_precision_at_1000_std": -0.021386,
        "nauc_precision_at_1000_diff1": -0.29747,
        "nauc_mrr_at_1_max": 0.236226,
        "nauc_mrr_at_1_std": 0.115723,
        "nauc_mrr_at_1_diff1": 0.044372,
        "nauc_mrr_at_3_max": 0.308763,
        "nauc_mrr_at_3_std": 0.244616,
        "nauc_mrr_at_3_diff1": 0.120331,
        "nauc_mrr_at_5_max": 0.261023,
        "nauc_mrr_at_5_std": 0.208062,
        "nauc_mrr_at_5_diff1": 0.098184,
        "nauc_mrr_at_10_max": 0.253811,
        "nauc_mrr_at_10_std": 0.210746,
        "nauc_mrr_at_10_diff1": 0.076769,
        "nauc_mrr_at_20_max": 0.264084,
        "nauc_mrr_at_20_std": 0.202573,
        "nauc_mrr_at_20_diff1": 0.085893,
        "nauc_mrr_at_100_max": 0.264084,
        "nauc_mrr_at_100_std": 0.202573,
        "nauc_mrr_at_100_diff1": 0.085893,
        "nauc_mrr_at_1000_max": 0.264084,
        "nauc_mrr_at_1000_std": 0.202573,
        "nauc_mrr_at_1000_diff1": 0.085893,
        "cv_recall_at_1": 0.54,
        "cv_recall_at_3": 0.78,
        "cv_recall_at_5": 0.88,
        "cv_recall_at_10": 0.94,
        "cv_recall_at_20": 1.0,
        "cv_recall_at_100": 1.0,
        "cv_recall_at_1000": 1.0,
        "main_score": 0.49781,
        "hf_subset": "default",
        "languages": [
          "eng-Latn"
        ]
      }
    ]
  },
  "evaluation_time": 63.84716486930847,
  "kg_co2_emissions": null
}