{
    "dataset_revision": "bea83ef9e8fb933d90a2f1d5515737465d613e12",
    "task_name": "FEVER",
    "evaluation_time": null,
    "mteb_version": null,
    "scores": {
        "test": [
            {
                "hf_subset": "default",
                "languages": [
                    "eng-Latn"
                ],
                "main_score": 22.016,
                "map_at_1": 12.193,
                "map_at_10": 18.082,
                "map_at_100": 19.041,
                "map_at_1000": 19.127,
                "map_at_20": 18.614,
                "map_at_3": 15.791,
                "map_at_5": 17.074,
                "mrr_at_1": 12.946294629462946,
                "mrr_at_10": 19.172619642916665,
                "mrr_at_100": 20.154909631396883,
                "mrr_at_1000": 20.23555740317628,
                "mrr_at_20": 19.71354143370259,
                "mrr_at_3": 16.76167616761678,
                "mrr_at_5": 18.12756275627569,
                "nauc_map_at_1000_diff1": 20.290997144547806,
                "nauc_map_at_1000_max": 11.450991275708125,
                "nauc_map_at_1000_std": -10.04517962568564,
                "nauc_map_at_100_diff1": 20.286419962395446,
                "nauc_map_at_100_max": 11.425096874032468,
                "nauc_map_at_100_std": -10.065217561013961,
                "nauc_map_at_10_diff1": 20.352678660604802,
                "nauc_map_at_10_max": 11.01767996890229,
                "nauc_map_at_10_std": -10.707087936088575,
                "nauc_map_at_1_diff1": 25.032419107186094,
                "nauc_map_at_1_max": 12.369813614872736,
                "nauc_map_at_1_std": -14.118939916139569,
                "nauc_map_at_20_diff1": 20.389612922681682,
                "nauc_map_at_20_max": 11.353929159428661,
                "nauc_map_at_20_std": -10.297859728424513,
                "nauc_map_at_3_diff1": 21.10704599787224,
                "nauc_map_at_3_max": 10.930500499862571,
                "nauc_map_at_3_std": -12.150965535677678,
                "nauc_map_at_5_diff1": 20.842777278284128,
                "nauc_map_at_5_max": 10.827383306142737,
                "nauc_map_at_5_std": -11.221709408333618,
                "nauc_mrr_at_1000_diff1": 20.318256054389476,
                "nauc_mrr_at_1000_max": 11.796117937558172,
                "nauc_mrr_at_1000_std": -10.287039413450211,
                "nauc_mrr_at_100_diff1": 20.30841620615174,
                "nauc_mrr_at_100_max": 11.779189553888532,
                "nauc_mrr_at_100_std": -10.294866807046127,
                "nauc_mrr_at_10_diff1": 20.374243995449877,
                "nauc_mrr_at_10_max": 11.378404399185833,
                "nauc_mrr_at_10_std": -10.875685274480453,
                "nauc_mrr_at_1_diff1": 25.100637371748824,
                "nauc_mrr_at_1_max": 12.75349173425225,
                "nauc_mrr_at_1_std": -14.395108761279237,
                "nauc_mrr_at_20_diff1": 20.39503308580974,
                "nauc_mrr_at_20_max": 11.68589575755117,
                "nauc_mrr_at_20_std": -10.492915215640092,
                "nauc_mrr_at_3_diff1": 21.15981004354575,
                "nauc_mrr_at_3_max": 11.28231678901033,
                "nauc_mrr_at_3_std": -12.354174511822121,
                "nauc_mrr_at_5_diff1": 20.799863945954275,
                "nauc_mrr_at_5_max": 11.185632335820825,
                "nauc_mrr_at_5_std": -11.469723683281297,
                "nauc_ndcg_at_1000_diff1": 18.464587317922547,
                "nauc_ndcg_at_1000_max": 13.008062904816914,
                "nauc_ndcg_at_1000_std": -5.664914582345968,
                "nauc_ndcg_at_100_diff1": 18.16644191513211,
                "nauc_ndcg_at_100_max": 12.562444143891966,
                "nauc_ndcg_at_100_std": -6.1441260439999,
                "nauc_ndcg_at_10_diff1": 18.686352401538496,
                "nauc_ndcg_at_10_max": 10.869744096886084,
                "nauc_ndcg_at_10_std": -8.944207877220036,
                "nauc_ndcg_at_1_diff1": 25.100637371748824,
                "nauc_ndcg_at_1_max": 12.75349173425225,
                "nauc_ndcg_at_1_std": -14.395108761279237,
                "nauc_ndcg_at_20_diff1": 18.771980400862198,
                "nauc_ndcg_at_20_max": 11.905846688294329,
                "nauc_ndcg_at_20_std": -7.692989490709515,
                "nauc_ndcg_at_3_diff1": 20.08654674967674,
                "nauc_ndcg_at_3_max": 10.663033509421721,
                "nauc_ndcg_at_3_std": -11.574039012307594,
                "nauc_ndcg_at_5_diff1": 19.6605128392337,
                "nauc_ndcg_at_5_max": 10.508598217516415,
                "nauc_ndcg_at_5_std": -10.065510128768713,
                "nauc_precision_at_1000_diff1": 7.843686893129402,
                "nauc_precision_at_1000_max": 21.12867481889994,
                "nauc_precision_at_1000_std": 17.397771341896146,
                "nauc_precision_at_100_diff1": 10.964367718664041,
                "nauc_precision_at_100_max": 18.134742533867346,
                "nauc_precision_at_100_std": 7.826000941250076,
                "nauc_precision_at_10_diff1": 15.105380802537063,
                "nauc_precision_at_10_max": 11.285261334237703,
                "nauc_precision_at_10_std": -4.37944714089422,
                "nauc_precision_at_1_diff1": 25.100637371748824,
                "nauc_precision_at_1_max": 12.75349173425225,
                "nauc_precision_at_1_std": -14.395108761279237,
                "nauc_precision_at_20_diff1": 15.077505620030765,
                "nauc_precision_at_20_max": 14.539549230107863,
                "nauc_precision_at_20_std": -0.3542706803956202,
                "nauc_precision_at_3_diff1": 17.885365023585084,
                "nauc_precision_at_3_max": 10.292960240507334,
                "nauc_precision_at_3_std": -10.022232347175288,
                "nauc_precision_at_5_diff1": 17.139957329877934,
                "nauc_precision_at_5_max": 10.26986709887834,
                "nauc_precision_at_5_std": -7.222300752002702,
                "nauc_recall_at_1000_diff1": 10.939852794630156,
                "nauc_recall_at_1000_max": 20.445200176227928,
                "nauc_recall_at_1000_std": 17.423637451714775,
                "nauc_recall_at_100_diff1": 11.453503005311378,
                "nauc_recall_at_100_max": 15.652758603853172,
                "nauc_recall_at_100_std": 6.527801869334319,
                "nauc_recall_at_10_diff1": 14.432828795666774,
                "nauc_recall_at_10_max": 9.917611920139953,
                "nauc_recall_at_10_std": -4.640402932242214,
                "nauc_recall_at_1_diff1": 25.032419107186094,
                "nauc_recall_at_1_max": 12.369813614872736,
                "nauc_recall_at_1_std": -14.118939916139569,
                "nauc_recall_at_20_diff1": 14.649940175342705,
                "nauc_recall_at_20_max": 12.839139966470082,
                "nauc_recall_at_20_std": -1.1007068094900396,
                "nauc_recall_at_3_diff1": 17.369984220537575,
                "nauc_recall_at_3_max": 9.706157288728694,
                "nauc_recall_at_3_std": -9.933996418659476,
                "nauc_recall_at_5_diff1": 16.73461655268465,
                "nauc_recall_at_5_max": 9.307482112802237,
                "nauc_recall_at_5_std": -7.03240216549824,
                "ndcg_at_1": 12.946,
                "ndcg_at_10": 22.016,
                "ndcg_at_100": 27.1,
                "ndcg_at_1000": 29.608,
                "ndcg_at_20": 23.949,
                "ndcg_at_3": 17.254,
                "ndcg_at_5": 19.572,
                "precision_at_1": 12.946,
                "precision_at_10": 3.614,
                "precision_at_100": 0.632,
                "precision_at_1000": 0.086,
                "precision_at_20": 2.2190000000000003,
                "precision_at_3": 7.335999999999999,
                "precision_at_5": 5.62,
                "recall_at_1": 12.193,
                "recall_at_10": 33.477000000000004,