{
  "dataset_revision": "1f8d08d9b9daac7118dfdefeb94b0aac4baf2e5f",
  "evaluation_time": 41.339216232299805,
  "kg_co2_emissions": 0.0014072314732882477,
  "mteb_version": "1.14.15",
  "scores": {
    "test": [
      {
        "cosine_pearson": 0.7490721505147234,
        "cosine_spearman": 0.7548307351374316,
        "euclidean_pearson": 0.7741029134415467,
        "euclidean_spearman": 0.7845034976719656,
        "hf_subset": "default",
        "languages": [
          "eng-Latn"
        ],
        "main_score": 0.7548307351374316,
        "manhattan_pearson": 0.7731480111333731,
        "manhattan_spearman": 0.7838401971201784,
        "pearson": 0.7490721505147234,
        "spearman": 0.7548307351374316
      }
    ]
  },
  "task_name": "STS15VisualSTS"
}