{
    "dataset_revision": "0228b52cf27578f30900b9e5271d331663a030d7",
    "task_name": "SciFact",
    "evaluation_time": null,
    "mteb_version": null,
    "scores": {
        "test": [
            {
                "hf_subset": "default",
                "languages": [
                    "eng-Latn"
                ],
                "main_score": 78.233,
                "map_at_1": 61.49400000000001,
                "map_at_10": 73.30600000000001,
                "map_at_100": 73.719,
                "map_at_1000": 73.724,
                "map_at_20": 73.611,
                "map_at_3": 70.626,
                "map_at_5": 72.417,
                "mrr_at_1": 64.66666666666666,
                "mrr_at_10": 74.30357142857143,
                "mrr_at_100": 74.56950898079988,
                "mrr_at_1000": 74.57295833098681,
                "mrr_at_20": 74.46165223665226,
                "mrr_at_3": 72.3888888888889,
                "mrr_at_5": 73.60555555555557,
                "nauc_map_at_1000_diff1": 76.51524604780636,
                "nauc_map_at_1000_max": 53.48521938401881,
                "nauc_map_at_1000_std": -7.347799382158861,
                "nauc_map_at_100_diff1": 76.5122888096236,
                "nauc_map_at_100_max": 53.49221847471618,
                "nauc_map_at_100_std": -7.329683735681086,
                "nauc_map_at_10_diff1": 76.30928630674504,
                "nauc_map_at_10_max": 53.00102977185941,
                "nauc_map_at_10_std": -7.7467740085108705,
                "nauc_map_at_1_diff1": 79.54189281784247,
                "nauc_map_at_1_max": 46.630071622109526,
                "nauc_map_at_1_std": -14.395943134644112,
                "nauc_map_at_20_diff1": 76.41604361947962,
                "nauc_map_at_20_max": 53.578883876146875,
                "nauc_map_at_20_std": -7.403103451288041,
                "nauc_map_at_3_diff1": 76.25911617571941,
                "nauc_map_at_3_max": 49.140287380513605,
                "nauc_map_at_3_std": -11.35992449218983,
                "nauc_map_at_5_diff1": 76.35122077770336,
                "nauc_map_at_5_max": 52.1744367901208,
                "nauc_map_at_5_std": -7.85753955055384,
                "nauc_mrr_at_1000_diff1": 76.97223309515867,
                "nauc_mrr_at_1000_max": 57.263787498613326,
                "nauc_mrr_at_1000_std": -4.884090708840035,
                "nauc_mrr_at_100_diff1": 76.97312970894603,
                "nauc_mrr_at_100_max": 57.26850730446478,
                "nauc_mrr_at_100_std": -4.875200894216617,
                "nauc_mrr_at_10_diff1": 76.65927674223613,
                "nauc_mrr_at_10_max": 57.30979763941454,
                "nauc_mrr_at_10_std": -4.863331094022142,
                "nauc_mrr_at_1_diff1": 80.0454932568644,
                "nauc_mrr_at_1_max": 56.76038421319305,
                "nauc_mrr_at_1_std": -4.101939392632653,
                "nauc_mrr_at_20_diff1": 76.87237970440503,
                "nauc_mrr_at_20_max": 57.33843605225869,
                "nauc_mrr_at_20_std": -4.96248984417978,
                "nauc_mrr_at_3_diff1": 76.74130186666727,
                "nauc_mrr_at_3_max": 56.19313244846155,
                "nauc_mrr_at_3_std": -5.684365934009136,
                "nauc_mrr_at_5_diff1": 76.66406918799962,
                "nauc_mrr_at_5_max": 57.56110093228628,
                "nauc_mrr_at_5_std": -3.7464413085588073,
                "nauc_ndcg_at_1000_diff1": 76.19194173971773,
                "nauc_ndcg_at_1000_max": 55.57464600170693,
                "nauc_ndcg_at_1000_std": -6.0761689532372625,
                "nauc_ndcg_at_100_diff1": 76.14631273843654,
                "nauc_ndcg_at_100_max": 55.72246565373382,
                "nauc_ndcg_at_100_std": -5.595160698860595,
                "nauc_ndcg_at_10_diff1": 75.0108223611192,
                "nauc_ndcg_at_10_max": 55.27894212877493,
                "nauc_ndcg_at_10_std": -6.968331740214591,
                "nauc_ndcg_at_1_diff1": 80.0454932568644,
                "nauc_ndcg_at_1_max": 56.76038421319305,
                "nauc_ndcg_at_1_std": -4.101939392632653,
                "nauc_ndcg_at_20_diff1": 75.54887755702472,
                "nauc_ndcg_at_20_max": 56.406879417251496,
                "nauc_ndcg_at_20_std": -6.495231061329629,
                "nauc_ndcg_at_3_diff1": 75.03620356688509,
                "nauc_ndcg_at_3_max": 52.147381077773424,
                "nauc_ndcg_at_3_std": -8.448005688956199,
                "nauc_ndcg_at_5_diff1": 75.1195898074229,
                "nauc_ndcg_at_5_max": 54.2321033861173,
                "nauc_ndcg_at_5_std": -5.882690780895338,
                "nauc_precision_at_1000_diff1": -28.081979732100532,
                "nauc_precision_at_1000_max": 35.055348014832916,
                "nauc_precision_at_1000_std": 59.61280468927384,
                "nauc_precision_at_100_diff1": -25.112740730587458,
                "nauc_precision_at_100_max": 38.26331300116496,
                "nauc_precision_at_100_std": 62.46316222328831,
                "nauc_precision_at_10_diff1": -2.6766206473658833,
                "nauc_precision_at_10_max": 45.95321867204845,
                "nauc_precision_at_10_std": 45.07212468670564,
                "nauc_precision_at_1_diff1": 80.0454932568644,
                "nauc_precision_at_1_max": 56.76038421319305,
                "nauc_precision_at_1_std": -4.101939392632653,
                "nauc_precision_at_20_diff1": -10.698911116738385,
                "nauc_precision_at_20_max": 43.467275950182994,
                "nauc_precision_at_20_std": 48.00467321991766,
                "nauc_precision_at_3_diff1": 33.6344708541193,
                "nauc_precision_at_3_max": 49.309242331670504,
                "nauc_precision_at_3_std": 21.02940391379915,
                "nauc_precision_at_5_diff1": 13.560415600596318,
                "nauc_precision_at_5_max": 48.918726500100085,
                "nauc_precision_at_5_std": 39.940930429172184,
                "nauc_recall_at_1000_diff1": NaN,
                "nauc_recall_at_1000_max": NaN,
                "nauc_recall_at_1000_std": NaN,
                "nauc_recall_at_100_diff1": 70.82166199813196,
                "nauc_recall_at_100_max": 76.6106442577042,
                "nauc_recall_at_100_std": 66.47992530345513,
                "nauc_recall_at_10_diff1": 62.68908885556092,
                "nauc_recall_at_10_max": 58.14262437741839,
                "nauc_recall_at_10_std": -12.946717875063369,
                "nauc_recall_at_1_diff1": 79.54189281784247,
                "nauc_recall_at_1_max": 46.630071622109526,
                "nauc_recall_at_1_std": -14.395943134644112,
                "nauc_recall_at_20_diff1": 65.79470497876567,
                "nauc_recall_at_20_max": 71.68308183488456,
                "nauc_recall_at_20_std": -12.556850697268453,
                "nauc_recall_at_3_diff1": 68.3240211318129,
                "nauc_recall_at_3_max": 45.05998217275036,
                "nauc_recall_at_3_std": -14.23179772593869,
                "nauc_recall_at_5_diff1": 67.53366869904056,
                "nauc_recall_at_5_max": 53.57935627081027,
                "nauc_recall_at_5_std": -3.3271112904853393,
                "ndcg_at_1": 64.667,
                "ndcg_at_10": 78.233,
                "ndcg_at_100": 79.806,
                "ndcg_at_1000": 79.92099999999999,
                "ndcg_at_20": 79.006,
                "ndcg_at_3": 74.018,
                "ndcg_at_5": 76.334,
                "precision_at_1": 64.667,
                "precision_at_10": 10.4,
                "precision_at_100": 1.1199999999999999,
                "precision_at_1000": 0.11299999999999999,
                "precision_at_20": 5.383,
                "precision_at_3": 29.444,
                "precision_at_5": 19.467000000000002,
                "recall_at_1": 61.49400000000001,
                "recall_at_10": 92.156,
                "recall_at_100": 99.167,