{
  "dataset_revision": "5fd062d13a1ea8cdf36923faaacc32c43e6de14e",
  "task_name": "AudioCapsAVVT2ARetrieval",
  "mteb_version": "2.12.32",
  "scores": {
    "test": [
      {
        "ndcg_at_1": 0.6797,
        "ndcg_at_3": 0.79506,
        "ndcg_at_5": 0.8168,
        "ndcg_at_10": 0.83121,
        "ndcg_at_20": 0.83718,
        "ndcg_at_100": 0.83718,
        "ndcg_at_1000": 0.83738,
        "map_at_1": 0.6797,
        "map_at_3": 0.76591,
        "map_at_5": 0.77802,
        "map_at_10": 0.78414,
        "map_at_20": 0.78592,
        "map_at_100": 0.78592,
        "map_at_1000": 0.78593,
        "recall_at_1": 0.6797,
        "recall_at_3": 0.8797,
        "recall_at_5": 0.93233,
        "recall_at_10": 0.97594,
        "recall_at_20": 0.9985,
        "recall_at_100": 0.9985,
        "recall_at_1000": 1.0,
        "accuracy": 0.6797,
        "precision_at_1": 0.6797,
        "precision_at_3": 0.29323,
        "precision_at_5": 0.18647,
        "precision_at_10": 0.09759,
        "precision_at_20": 0.04992,
        "precision_at_100": 0.00998,
        "precision_at_1000": 0.001,
        "mrr_at_1": 0.679699,
        "mrr_at_3": 0.765915,
        "mrr_at_5": 0.77802,
        "mrr_at_10": 0.784141,
        "mrr_at_20": 0.785921,
        "mrr_at_100": 0.785921,
        "mrr_at_1000": 0.785928,
        "nauc_ndcg_at_1_max": 0.118927,
        "nauc_ndcg_at_1_std": -0.114683,
        "nauc_ndcg_at_1_diff1": 0.610913,
        "nauc_ndcg_at_3_max": 0.08557,
        "nauc_ndcg_at_3_std": -0.150323,
        "nauc_ndcg_at_3_diff1": 0.541492,
        "nauc_ndcg_at_5_max": 0.082596,
        "nauc_ndcg_at_5_std": -0.147123,
        "nauc_ndcg_at_5_diff1": 0.545471,
        "nauc_ndcg_at_10_max": 0.091822,
        "nauc_ndcg_at_10_std": -0.131256,
        "nauc_ndcg_at_10_diff1": 0.562487,
        "nauc_ndcg_at_20_max": 0.095316,
        "nauc_ndcg_at_20_std": -0.128935,
        "nauc_ndcg_at_20_diff1": 0.565094,
        "nauc_ndcg_at_100_max": 0.095316,
        "nauc_ndcg_at_100_std": -0.128935,
        "nauc_ndcg_at_100_diff1": 0.565094,
        "nauc_ndcg_at_1000_max": 0.097822,
        "nauc_ndcg_at_1000_std": -0.129279,
        "nauc_ndcg_at_1000_diff1": 0.565699,
        "nauc_map_at_1_max": 0.118927,
        "nauc_map_at_1_std": -0.114683,
        "nauc_map_at_1_diff1": 0.610913,
        "nauc_map_at_3_max": 0.097727,
        "nauc_map_at_3_std": -0.136927,
        "nauc_map_at_3_diff1": 0.560589,
        "nauc_map_at_5_max": 0.096229,
        "nauc_map_at_5_std": -0.134891,
        "nauc_map_at_5_diff1": 0.56348,
        "nauc_map_at_10_max": 0.100197,
        "nauc_map_at_10_std": -0.128963,
        "nauc_map_at_10_diff1": 0.569452,
        "nauc_map_at_20_max": 0.101396,
        "nauc_map_at_20_std": -0.128043,
        "nauc_map_at_20_diff1": 0.570013,
        "nauc_map_at_100_max": 0.101396,
        "nauc_map_at_100_std": -0.128043,
        "nauc_map_at_100_diff1": 0.570013,
        "nauc_map_at_1000_max": 0.101466,
        "nauc_map_at_1000_std": -0.128052,
        "nauc_map_at_1000_diff1": 0.57003,
        "nauc_recall_at_1_max": 0.118927,
        "nauc_recall_at_1_std": -0.114683,
        "nauc_recall_at_1_diff1": 0.610913,
        "nauc_recall_at_3_max": 0.022968,
        "nauc_recall_at_3_std": -0.219564,
        "nauc_recall_at_3_diff1": 0.447053,
        "nauc_recall_at_5_max": -0.030657,
        "nauc_recall_at_5_std": -0.249095,
        "nauc_recall_at_5_diff1": 0.4016,
        "nauc_recall_at_10_max": -0.081907,
        "nauc_recall_at_10_std": -0.146203,
        "nauc_recall_at_10_diff1": 0.471236,
        "nauc_recall_at_20_max": -1.736276,
        "nauc_recall_at_20_std": 0.123064,
        "nauc_recall_at_20_diff1": 0.123064,
        "nauc_recall_at_100_max": -1.736276,
        "nauc_recall_at_100_std": 0.123064,
        "nauc_recall_at_100_diff1": 0.123064,
        "nauc_recall_at_1000_max": NaN,
        "nauc_recall_at_1000_std": NaN,
        "nauc_recall_at_1000_diff1": NaN,
        "nauc_precision_at_1_max": 0.118927,
        "nauc_precision_at_1_std": -0.114683,
        "nauc_precision_at_1_diff1": 0.610913,
        "nauc_precision_at_3_max": 0.022968,
        "nauc_precision_at_3_std": -0.219564,
        "nauc_precision_at_3_diff1": 0.447053,
        "nauc_precision_at_5_max": -0.030657,
        "nauc_precision_at_5_std": -0.249095,
        "nauc_precision_at_5_diff1": 0.4016,
        "nauc_precision_at_10_max": -0.081907,
        "nauc_precision_at_10_std": -0.146203,
        "nauc_precision_at_10_diff1": 0.471236,
        "nauc_precision_at_20_max": -1.736276,
        "nauc_precision_at_20_std": 0.123064,
        "nauc_precision_at_20_diff1": 0.123064,
        "nauc_precision_at_100_max": -1.736276,
        "nauc_precision_at_100_std": 0.123064,
        "nauc_precision_at_100_diff1": 0.123064,
        "nauc_precision_at_1000_max": NaN,
        "nauc_precision_at_1000_std": NaN,
        "nauc_precision_at_1000_diff1": NaN,
        "nauc_mrr_at_1_max": 0.118927,
        "nauc_mrr_at_1_std": -0.114683,
        "nauc_mrr_at_1_diff1": 0.610913,
        "nauc_mrr_at_3_max": 0.097727,
        "nauc_mrr_at_3_std": -0.136927,
        "nauc_mrr_at_3_diff1": 0.560589,
        "nauc_mrr_at_5_max": 0.096229,
        "nauc_mrr_at_5_std": -0.134891,
        "nauc_mrr_at_5_diff1": 0.56348,
        "nauc_mrr_at_10_max": 0.100197,
        "nauc_mrr_at_10_std": -0.128963,
        "nauc_mrr_at_10_diff1": 0.569452,
        "nauc_mrr_at_20_max": 0.101396,
        "nauc_mrr_at_20_std": -0.128043,
        "nauc_mrr_at_20_diff1": 0.570013,
        "nauc_mrr_at_100_max": 0.101396,
        "nauc_mrr_at_100_std": -0.128043,
        "nauc_mrr_at_100_diff1": 0.570013,
        "nauc_mrr_at_1000_max": 0.101466,
        "nauc_mrr_at_1000_std": -0.128052,
        "nauc_mrr_at_1000_diff1": 0.57003,
        "hit_rate_at_1": 0.6797,
        "hit_rate_at_3": 0.8797,
        "hit_rate_at_5": 0.93233,
        "hit_rate_at_10": 0.97594,
        "hit_rate_at_20": 0.9985,
        "hit_rate_at_100": 0.9985,
        "hit_rate_at_1000": 1.0,
        "main_score": 0.83121,
        "hf_subset": "default",
        "languages": [
          "eng-Latn"
        ]
      }
    ]
  },
  "evaluation_time": 750.7673606872559,
  "kg_co2_emissions": null,
  "date": null
}