{
  "dataset_revision": "d213819e87aab9010628da8b73ab4eb337c89340",
  "task_name": "CodeFeedbackST",
  "mteb_version": "1.18.0",
  "scores": {
    "test": [
      {
        "ndcg_at_1": 0.53613,
        "ndcg_at_3": 0.64925,
        "ndcg_at_5": 0.67536,
        "ndcg_at_10": 0.69418,
        "ndcg_at_20": 0.70439,
        "ndcg_at_100": 0.71598,
        "ndcg_at_1000": 0.72092,
        "map_at_1": 0.53613,
        "map_at_3": 0.62192,
        "map_at_5": 0.63646,
        "map_at_10": 0.64433,
        "map_at_20": 0.64717,
        "map_at_100": 0.6488,
        "map_at_1000": 0.64898,
        "recall_at_1": 0.53613,
        "recall_at_3": 0.72814,
        "recall_at_5": 0.79132,
        "recall_at_10": 0.84894,
        "recall_at_20": 0.88909,
        "recall_at_100": 0.95116,
        "recall_at_1000": 0.98991,
        "precision_at_1": 0.53613,
        "precision_at_3": 0.24271,
        "precision_at_5": 0.15826,
        "precision_at_10": 0.08489,
        "precision_at_20": 0.04445,
        "precision_at_100": 0.00951,
        "precision_at_1000": 0.00099,
        "mrr_at_1": 0.537629,
        "mrr_at_3": 0.622564,
        "mrr_at_5": 0.637213,
        "mrr_at_10": 0.645009,
        "mrr_at_20": 0.647858,
        "mrr_at_100": 0.649481,
        "mrr_at_1000": 0.649669,
        "nauc_ndcg_at_1_max": 0.190095,
        "nauc_ndcg_at_1_std": -0.219758,
        "nauc_ndcg_at_1_diff1": 0.728085,
        "nauc_ndcg_at_3_max": 0.224445,
        "nauc_ndcg_at_3_std": -0.239766,
        "nauc_ndcg_at_3_diff1": 0.665871,
        "nauc_ndcg_at_5_max": 0.229246,
        "nauc_ndcg_at_5_std": -0.238927,
        "nauc_ndcg_at_5_diff1": 0.658651,
        "nauc_ndcg_at_10_max": 0.229321,
        "nauc_ndcg_at_10_std": -0.232727,
        "nauc_ndcg_at_10_diff1": 0.659998,
        "nauc_ndcg_at_20_max": 0.227094,
        "nauc_ndcg_at_20_std": -0.226075,
        "nauc_ndcg_at_20_diff1": 0.661767,
        "nauc_ndcg_at_100_max": 0.225454,
        "nauc_ndcg_at_100_std": -0.222412,
        "nauc_ndcg_at_100_diff1": 0.667725,
        "nauc_ndcg_at_1000_max": 0.223281,
        "nauc_ndcg_at_1000_std": -0.224692,
        "nauc_ndcg_at_1000_diff1": 0.670999,
        "nauc_map_at_1_max": 0.190095,
        "nauc_map_at_1_std": -0.219758,
        "nauc_map_at_1_diff1": 0.728085,
        "nauc_map_at_3_max": 0.215223,
        "nauc_map_at_3_std": -0.234203,
        "nauc_map_at_3_diff1": 0.681952,
        "nauc_map_at_5_max": 0.217485,
        "nauc_map_at_5_std": -0.233651,
        "nauc_map_at_5_diff1": 0.678826,
        "nauc_map_at_10_max": 0.217334,
        "nauc_map_at_10_std": -0.231169,
        "nauc_map_at_10_diff1": 0.679693,
        "nauc_map_at_20_max": 0.21668,
        "nauc_map_at_20_std": -0.229553,
        "nauc_map_at_20_diff1": 0.680292,
        "nauc_map_at_100_max": 0.216407,
        "nauc_map_at_100_std": -0.229122,
        "nauc_map_at_100_diff1": 0.681072,
        "nauc_map_at_1000_max": 0.216344,
        "nauc_map_at_1000_std": -0.229158,
        "nauc_map_at_1000_diff1": 0.68118,
        "nauc_recall_at_1_max": 0.190095,
        "nauc_recall_at_1_std": -0.219758,
        "nauc_recall_at_1_diff1": 0.728085,
        "nauc_recall_at_3_max": 0.257134,
        "nauc_recall_at_3_std": -0.259585,
        "nauc_recall_at_3_diff1": 0.609196,
        "nauc_recall_at_5_max": 0.279711,
        "nauc_recall_at_5_std": -0.261005,
        "nauc_recall_at_5_diff1": 0.572289,
        "nauc_recall_at_10_max": 0.296114,
        "nauc_recall_at_10_std": -0.236788,
        "nauc_recall_at_10_diff1": 0.551266,
        "nauc_recall_at_20_max": 0.2988,
        "nauc_recall_at_20_std": -0.181821,
        "nauc_recall_at_20_diff1": 0.531609,
        "nauc_recall_at_100_max": 0.349,
        "nauc_recall_at_100_std": -0.038936,
        "nauc_recall_at_100_diff1": 0.518117,
        "nauc_recall_at_1000_max": 0.437514,
        "nauc_recall_at_1000_std": 0.214401,
        "nauc_recall_at_1000_diff1": 0.5056,
        "nauc_precision_at_1_max": 0.190095,
        "nauc_precision_at_1_std": -0.219758,
        "nauc_precision_at_1_diff1": 0.728085,
        "nauc_precision_at_3_max": 0.257134,
        "nauc_precision_at_3_std": -0.259585,
        "nauc_precision_at_3_diff1": 0.609196,
        "nauc_precision_at_5_max": 0.279711,
        "nauc_precision_at_5_std": -0.261005,
        "nauc_precision_at_5_diff1": 0.572289,
        "nauc_precision_at_10_max": 0.296114,
        "nauc_precision_at_10_std": -0.236788,
        "nauc_precision_at_10_diff1": 0.551266,
        "nauc_precision_at_20_max": 0.2988,
        "nauc_precision_at_20_std": -0.181821,
        "nauc_precision_at_20_diff1": 0.531609,
        "nauc_precision_at_100_max": 0.349,
        "nauc_precision_at_100_std": -0.038936,
        "nauc_precision_at_100_diff1": 0.518117,
        "nauc_precision_at_1000_max": 0.437514,
        "nauc_precision_at_1000_std": 0.214401,
        "nauc_precision_at_1000_diff1": 0.5056,
        "nauc_mrr_at_1_max": 0.189527,
        "nauc_mrr_at_1_std": -0.219962,
        "nauc_mrr_at_1_diff1": 0.72479,
        "nauc_mrr_at_3_max": 0.214881,
        "nauc_mrr_at_3_std": -0.234614,
        "nauc_mrr_at_3_diff1": 0.679868,
        "nauc_mrr_at_5_max": 0.217499,
        "nauc_mrr_at_5_std": -0.233857,
        "nauc_mrr_at_5_diff1": 0.67681,
        "nauc_mrr_at_10_max": 0.217257,
        "nauc_mrr_at_10_std": -0.231429,
        "nauc_mrr_at_10_diff1": 0.677604,
        "nauc_mrr_at_20_max": 0.21657,
        "nauc_mrr_at_20_std": -0.22989,
        "nauc_mrr_at_20_diff1": 0.678188,
        "nauc_mrr_at_100_max": 0.216305,
        "nauc_mrr_at_100_std": -0.229452,
        "nauc_mrr_at_100_diff1": 0.678958,
        "nauc_mrr_at_1000_max": 0.216241,
        "nauc_mrr_at_1000_std": -0.229488,
        "nauc_mrr_at_1000_diff1": 0.679065,
        "main_score": 0.69418,
        "hf_subset": "default",
        "languages": [
          "eng-Latn"
        ]
      }
    ]
  },
  "evaluation_time": 696.1841192245483,
  "kg_co2_emissions": null
}