{
  "dataset_revision": "5feb5630fdff4d8d189ffedb2dba56862fdd45c0",
  "evaluation_time": 18.53396773338318,
  "kg_co2_emissions": null,
  "mteb_version": "1.16.5",
  "scores": {
    "test": [
      {
        "cv_recall_at_1": 0.09174,
        "cv_recall_at_10": 0.28858,
        "cv_recall_at_100": 0.73086,
        "cv_recall_at_1000": 1.0,
        "cv_recall_at_20": 0.38943,
        "cv_recall_at_3": 0.17315,
        "cv_recall_at_5": 0.2096,
        "hf_subset": "default",
        "languages": [
          "eng-Latn"
        ],
        "main_score": 0.15413,
        "map_at_1": 0.09174,
        "map_at_10": 0.14463,
        "map_at_100": 0.15921,
        "map_at_1000": 0.16089,
        "map_at_20": 0.15156,
        "map_at_3": 0.12616,
        "map_at_5": 0.135,
        "mrr_at_1": 0.09173754556500607,
        "mrr_at_10": 0.144909737892727,
        "mrr_at_100": 0.15933862636127838,
        "mrr_at_1000": 0.16098639933125097,
        "mrr_at_20": 0.1515968268621761,
        "mrr_at_3": 0.12646820575131643,
        "mrr_at_5": 0.13470028351559343,
        "nauc_cv_recall_at_1000_diff1": NaN,
        "nauc_cv_recall_at_1000_max": NaN,
        "nauc_cv_recall_at_1000_std": NaN,
        "nauc_cv_recall_at_100_diff1": 0.14293918454780913,
        "nauc_cv_recall_at_100_max": 0.1042889258925393,
        "nauc_cv_recall_at_100_std": 0.07640556249002015,
        "nauc_cv_recall_at_10_diff1": 0.13377975917878931,
        "nauc_cv_recall_at_10_max": 0.11920386623136939,
        "nauc_cv_recall_at_10_std": 0.0239472399609833,
        "nauc_cv_recall_at_1_diff1": 0.24559066435064136,
        "nauc_cv_recall_at_1_max": 0.16282548015769496,
        "nauc_cv_recall_at_1_std": -0.010852009383597332,
        "nauc_cv_recall_at_20_diff1": 0.09983099514127874,
        "nauc_cv_recall_at_20_max": 0.0809025430070558,
        "nauc_cv_recall_at_20_std": 0.0018764587764381125,
        "nauc_cv_recall_at_3_diff1": 0.158697050488277,
        "nauc_cv_recall_at_3_max": 0.10379112017648394,
        "nauc_cv_recall_at_3_std": 0.013941604149033027,
        "nauc_cv_recall_at_5_diff1": 0.14266789965517945,
        "nauc_cv_recall_at_5_max": 0.1014825218733352,
        "nauc_cv_recall_at_5_std": 0.008585138949843807,
        "nauc_map_at_1000_diff1": 0.19013656641309057,
        "nauc_map_at_1000_max": 0.13037558591856807,
        "nauc_map_at_1000_std": 0.011280149881730442,
        "nauc_map_at_100_diff1": 0.18980169860131393,
        "nauc_map_at_100_max": 0.13018277225230268,
        "nauc_map_at_100_std": 0.01160091021248233,
        "nauc_map_at_10_diff1": 0.1926237093396704,
        "nauc_map_at_10_max": 0.13299154287260254,
        "nauc_map_at_10_std": 0.01153706721171861,
        "nauc_map_at_1_diff1": 0.24559066435064136,
        "nauc_map_at_1_max": 0.1619367997607712,
        "nauc_map_at_1_std": -4.2100998277055055e-05,
        "nauc_map_at_20_diff1": 0.18850629765663107,
        "nauc_map_at_20_max": 0.12909242361886433,
        "nauc_map_at_20_std": 0.009595544769493983,
        "nauc_map_at_3_diff1": 0.20207776521333745,
        "nauc_map_at_3_max": 0.13127457152546038,
        "nauc_map_at_3_std": 0.009398640815130654,
        "nauc_map_at_5_diff1": 0.19374121107535802,
        "nauc_map_at_5_max": 0.12750811358242148,
        "nauc_map_at_5_std": 0.007125191559138491,
        "nauc_mrr_at_1000_diff1": 0.19026674410654393,
        "nauc_mrr_at_1000_max": 0.1301456839319313,
        "nauc_mrr_at_1000_std": 0.0066622604828951585,
        "nauc_mrr_at_100_diff1": 0.18988043154350692,
        "nauc_mrr_at_100_max": 0.1298607371807566,
        "nauc_mrr_at_100_std": 0.006906847013606367,
        "nauc_mrr_at_10_diff1": 0.1920246583162895,
        "nauc_mrr_at_10_max": 0.1322991348863967,
        "nauc_mrr_at_10_std": 0.006759493414159765,
        "nauc_mrr_at_1_diff1": 0.24559066435064136,
        "nauc_mrr_at_1_max": 0.16282548015769496,
        "nauc_mrr_at_1_std": -0.010852009383597332,
        "nauc_mrr_at_20_diff1": 0.18808507972184474,
        "nauc_mrr_at_20_max": 0.12820175455360733,
        "nauc_mrr_at_20_std": 0.0045887214749446995,
        "nauc_mrr_at_3_diff1": 0.20237848508911335,
        "nauc_mrr_at_3_max": 0.1307600288974586,
        "nauc_mrr_at_3_std": 0.004812034906215444,
        "nauc_mrr_at_5_diff1": 0.19492750844979526,
        "nauc_mrr_at_5_max": 0.12859629419376956,
        "nauc_mrr_at_5_std": 0.0032689712649234806,
        "nauc_ndcg_at_1000_diff1": 0.17719350770889775,
        "nauc_ndcg_at_1000_max": 0.12557959253773404,
        "nauc_ndcg_at_1000_std": 0.015044751739965586,
        "nauc_ndcg_at_100_diff1": 0.17268532888881322,
        "nauc_ndcg_at_100_max": 0.12292663260332418,
        "nauc_ndcg_at_100_std": 0.023595962479202932,
        "nauc_ndcg_at_10_diff1": 0.17447999206747392,
        "nauc_ndcg_at_10_max": 0.12896423602756635,
        "nauc_ndcg_at_10_std": 0.01590369307142468,
        "nauc_ndcg_at_1_diff1": 0.24559066435064136,
        "nauc_ndcg_at_1_max": 0.1619367997607712,
        "nauc_ndcg_at_1_std": -4.2100998277055055e-05,
        "nauc_ndcg_at_20_diff1": 0.16172955261042077,
        "nauc_ndcg_at_20_max": 0.11645328535032337,
        "nauc_ndcg_at_20_std": 0.00934143735206316,
        "nauc_ndcg_at_3_diff1": 0.18873995092418153,
        "nauc_ndcg_at_3_max": 0.12349568052528395,
        "nauc_ndcg_at_3_std": 0.010947296810022232,
        "nauc_ndcg_at_5_diff1": 0.1762493010337419,
        "nauc_ndcg_at_5_max": 0.11810124327496237,
        "nauc_ndcg_at_5_std": 0.007112143535665398,
        "nauc_precision_at_1000_diff1": -0.26784269532768357,
        "nauc_precision_at_1000_max": -0.3379910582132746,
        "nauc_precision_at_1000_std": -0.3439288573634157,
        "nauc_precision_at_100_diff1": 0.13357973106795742,
        "nauc_precision_at_100_max": 0.09330778090366006,
        "nauc_precision_at_100_std": 0.0678716241935616,
        "nauc_precision_at_10_diff1": 0.13785642537411952,
        "nauc_precision_at_10_max": 0.12261674621969844,
        "nauc_precision_at_10_std": 0.024436700523966955,
        "nauc_precision_at_1_diff1": 0.24559066435064136,
        "nauc_precision_at_1_max": 0.1619367997607712,
        "nauc_precision_at_1_std": -4.2100998277055055e-05,
        "nauc_precision_at_20_diff1": 0.1036882929041936,
        "nauc_precision_at_20_max": 0.0873221439966368,
        "nauc_precision_at_20_std": 0.003695604325643303,
        "nauc_precision_at_3_diff1": 0.15779932539730293,
        "nauc_precision_at_3_max": 0.10577640855534716,
        "nauc_precision_at_3_std": 0.014269146187130334,
        "nauc_precision_at_5_diff1": 0.13849153142216014,
        "nauc_precision_at_5_max": 0.09824415668673077,
        "nauc_precision_at_5_std": 0.006528055216899877,
        "nauc_recall_at_1000_diff1": NaN,
        "nauc_recall_at_1000_max": NaN,
        "nauc_recall_at_1000_std": NaN,
        "nauc_recall_at_100_diff1": 0.14481521273998796,
        "nauc_recall_at_100_max": 0.10813456094337805,
        "nauc_recall_at_100_std": 0.08104218120838241,
        "nauc_recall_at_10_diff1": 0.13927503490014964,
        "nauc_recall_at_10_max": 0.12313316994273477,
        "nauc_recall_at_10_std": 0.025857948233887724,
        "nauc_recall_at_1_diff1": 0.24559066435064136,
        "nauc_recall_at_1_max": 0.1619367997607712,
        "nauc_recall_at_1_std": -4.2100998277055055e-05,
        "nauc_recall_at_20_diff1": 0.10623880977805439,
        "nauc_recall_at_20_max": 0.08901998187314304,
        "nauc_recall_at_20_std": 0.00699500201179238,
        "nauc_recall_at_3_diff1": 0.15779932539730307,
        "nauc_recall_at_3_max": 0.10577640855534734,
        "nauc_recall_at_3_std": 0.014269146187130367,
        "nauc_recall_at_5_diff1": 0.13849153142216006,
        "nauc_recall_at_5_max": 0.09824415668673062,
        "nauc_recall_at_5_std": 0.006528055216899546,
        "ndcg_at_1": 0.09174,
        "ndcg_at_10": 0.17799,
        "ndcg_at_100": 0.26473,
        "ndcg_at_1000": 0.30147,
        "ndcg_at_20": 0.20397,