{
    "dataset_revision": "70970daeab8776df92f5ea462b6173c0b46fd2d1",
    "task_name": "TwitterSemEval2015",
    "evaluation_time": null,
    "mteb_version": null,
    "scores": {
        "test": [
            {
                "hf_subset": "default",
                "languages": [
                    "eng-Latn"
                ],
                "cos_sim_accuracy": 0.8646957143708649,
                "cos_sim_ap": 0.7616120197845457,
                "cos_sim_f1": 0.6969919295671315,
                "cos_sim_precision": 0.6494986326344576,
                "cos_sim_recall": 0.7519788918205805,
                "dot_accuracy": 0.8307802348453239,
                "dot_ap": 0.6421717343541934,
                "dot_f1": 0.5948375497624245,
                "dot_precision": 0.5794345759319489,
                "dot_recall": 0.6110817941952507,
                "euclidean_accuracy": 0.866543482148179,
                "euclidean_ap": 0.7645275550102031,
                "euclidean_f1": 0.7010156056477583,
                "euclidean_precision": 0.6605975723622782,
                "euclidean_recall": 0.7467018469656992,
                "manhattan_accuracy": 0.8666030875603503,
                "manhattan_ap": 0.7640304567255436,
                "manhattan_f1": 0.7005275426328058,
                "manhattan_precision": 0.6546663609263931,
                "manhattan_recall": 0.7532981530343008,
                "max_accuracy": 0.8666030875603503,
                "max_ap": 0.7645275550102031,
                "max_f1": 0.7010156056477583,
                "main_score": 0.7645275550102031
            }
        ]
    }
}