{
    "dataset_revision": "None",
    "task_name": "T2Retrieval",
    "evaluation_time": null,
    "mteb_version": null,
    "scores": {
        "dev": [
            {
                "hf_subset": "default",
                "languages": [
                    "cmn-Hans"
                ],
                "map_at_1": 0.26241,
                "map_at_10": 0.73009,
                "map_at_100": 0.76893,
                "map_at_1000": 0.76973,
                "map_at_3": 0.51339,
                "map_at_5": 0.63003,
                "mrr_at_1": 0.87458,
                "mrr_at_10": 0.9044,
                "mrr_at_100": 0.90558,
                "mrr_at_1000": 0.90562,
                "mrr_at_3": 0.8989,
                "mrr_at_5": 0.90231,
                "ndcg_at_1": 0.87458,
                "ndcg_at_10": 0.81325,
                "ndcg_at_100": 0.8561999999999999,
                "ndcg_at_1000": 0.86394,
                "ndcg_at_3": 0.82796,
                "ndcg_at_5": 0.81219,
                "precision_at_1": 0.87458,
                "precision_at_10": 0.40534,
                "precision_at_100": 0.0496,
                "precision_at_1000": 0.0051400000000000005,
                "precision_at_3": 0.72444,
                "precision_at_5": 0.60601,
                "recall_at_1": 0.26241,
                "recall_at_10": 0.8042,
                "recall_at_100": 0.9411799999999999,
                "recall_at_1000": 0.9802199999999999,
                "recall_at_3": 0.53174,
                "recall_at_5": 0.66739,
                "main_score": 0.81325
            }
        ]
    }
}