{
    "dataset_revision": "af5e6fb845001ecf41f4c1e033ce921939a2a68d",
    "task_name": "STS17",
    "evaluation_time": null,
    "mteb_version": null,
    "scores": {
        "test": [
            {
                "hf_subset": "en-en",
                "languages": [
                    "eng-Latn"
                ],
                "cos_sim_pearson": 0.8704715794253148,
                "cos_sim_spearman": 0.8761577496386344,
                "euclidean_pearson": 0.8834713614361046,
                "euclidean_spearman": 0.8756541901567274,
                "manhattan_pearson": 0.8826010824585986,
                "manhattan_spearman": 0.8735211736948182,
                "cosine_pearson": 0.8704715794253148,
                "cosine_spearman": 0.8761577496386344,
                "main_score": 0.8761577496386344
            }
        ]
    }
}