{
    "dataset_revision": "None",
    "task_name": "SCIDOCS",
    "evaluation_time": null,
    "mteb_version": null,
    "scores": {
        "test": [
            {
                "hf_subset": "default",
                "languages": [
                    "eng-Latn"
                ],
                "map_at_1": 0.02635,
                "map_at_10": 0.06061,
                "map_at_100": 0.07287,
                "map_at_1000": 0.07528,
                "map_at_3": 0.04424,
                "map_at_5": 0.05226,
                "mrr_at_1": 0.13,
                "mrr_at_10": 0.20065999999999998,
                "mrr_at_100": 0.21352000000000002,
                "mrr_at_1000": 0.21447,
                "mrr_at_3": 0.17667,
                "mrr_at_5": 0.19002,
                "ndcg_at_1": 0.13,
                "ndcg_at_10": 0.10943,
                "ndcg_at_100": 0.16821999999999998,
                "ndcg_at_1000": 0.21905000000000002,
                "ndcg_at_3": 0.10291,
                "ndcg_at_5": 0.09028,
                "precision_at_1": 0.13,
                "precision_at_10": 0.0568,
                "precision_at_100": 0.0142,
                "precision_at_1000": 0.00265,
                "precision_at_3": 0.095,
                "precision_at_5": 0.0786,
                "recall_at_1": 0.02635,
                "recall_at_10": 0.11501999999999998,
                "recall_at_100": 0.28855,
                "recall_at_1000": 0.53818,
                "recall_at_3": 0.057980000000000004,
                "recall_at_5": 0.07963,
                "main_score": 0.10943
            }
        ]
    }
}