{
    "dataset_revision": "5a8256d0dff9c4bd3be3ba3e67e4e70173f802ea",
    "task_name": "SprintDuplicateQuestions",
    "evaluation_time": NaN,
    "mteb_version": "unknown",
    "scores": {
        "test": [
            {
                "hf_subset": "default",
                "languages": [
                    "eng-Latn"
                ],
                "cos_sim_accuracy": 99.49306930693069,
                "cos_sim_ap": 77.7308550291728,
                "cos_sim_f1": 71.78978681209718,
                "cos_sim_precision": 71.1897738446411,
                "cos_sim_recall": 72.39999999999999,
                "dot_accuracy": 99.08118811881188,
                "dot_ap": 30.267748833368234,
                "dot_f1": 34.335201222618444,
                "dot_precision": 34.994807892004154,
                "dot_recall": 33.7,
                "euclidean_accuracy": 99.51683168316832,
                "euclidean_ap": 78.64498778235628,
                "euclidean_f1": 73.09149972929075,
                "euclidean_precision": 79.69303423848878,
                "euclidean_recall": 67.5,
                "manhattan_accuracy": 99.53168316831683,
                "manhattan_ap": 79.45274878693958,
                "manhattan_f1": 74.19863373620599,
                "manhattan_precision": 78.18383167220377,
                "manhattan_recall": 70.6,
                "max_accuracy": 99.53168316831683,
                "max_ap": 79.45274878693958,
                "max_f1": 74.19863373620599,
                "main_score": 79.45274878693958
            }
        ]
    }
}