{
  "dataset_revision": "9dcfcdb2aa578dd178330d49bf564248935f7fbe",
  "task_name": "NorQuadRetrieval",
  "mteb_version": "1.18.0",
  "scores": {
    "test": [
      {
        "ndcg_at_1": 0.25293,
        "ndcg_at_3": 0.20708,
        "ndcg_at_5": 0.22063,
        "ndcg_at_10": 0.23599,
        "ndcg_at_20": 0.25024,
        "ndcg_at_100": 0.27788,
        "ndcg_at_1000": 0.32383,
        "map_at_1": 0.12646,
        "map_at_3": 0.16797,
        "map_at_5": 0.17549,
        "map_at_10": 0.18193,
        "map_at_20": 0.18569,
        "map_at_100": 0.18926,
        "map_at_1000": 0.19082,
        "recall_at_1": 0.12646,
        "recall_at_3": 0.19873,
        "recall_at_5": 0.22559,
        "recall_at_10": 0.26416,
        "recall_at_20": 0.31006,
        "recall_at_100": 0.43555,
        "recall_at_1000": 0.75244,
        "precision_at_1": 0.25293,
        "precision_at_3": 0.13249,
        "precision_at_5": 0.09023,
        "precision_at_10": 0.05283,
        "precision_at_20": 0.03101,
        "precision_at_100": 0.00871,
        "precision_at_1000": 0.0015,
        "mrr_at_1": 0.25293,
        "mrr_at_3": 0.298177,
        "mrr_at_5": 0.30765,
        "mrr_at_10": 0.315557,
        "mrr_at_20": 0.320824,
        "mrr_at_100": 0.325127,
        "mrr_at_1000": 0.326244,
        "nauc_ndcg_at_1_max": 0.4328,
        "nauc_ndcg_at_1_std": -0.124799,
        "nauc_ndcg_at_1_diff1": 0.483017,
        "nauc_ndcg_at_3_max": 0.426594,
        "nauc_ndcg_at_3_std": -0.101336,
        "nauc_ndcg_at_3_diff1": 0.422265,
        "nauc_ndcg_at_5_max": 0.420769,
        "nauc_ndcg_at_5_std": -0.103152,
        "nauc_ndcg_at_5_diff1": 0.413083,
        "nauc_ndcg_at_10_max": 0.415274,
        "nauc_ndcg_at_10_std": -0.091972,
        "nauc_ndcg_at_10_diff1": 0.399473,
        "nauc_ndcg_at_20_max": 0.406933,
        "nauc_ndcg_at_20_std": -0.092675,
        "nauc_ndcg_at_20_diff1": 0.3923,
        "nauc_ndcg_at_100_max": 0.408693,
        "nauc_ndcg_at_100_std": -0.081896,
        "nauc_ndcg_at_100_diff1": 0.389276,
        "nauc_ndcg_at_1000_max": 0.420756,
        "nauc_ndcg_at_1000_std": -0.077336,
        "nauc_ndcg_at_1000_diff1": 0.400275,
        "nauc_map_at_1_max": 0.4328,
        "nauc_map_at_1_std": -0.124799,
        "nauc_map_at_1_diff1": 0.483017,
        "nauc_map_at_3_max": 0.437766,
        "nauc_map_at_3_std": -0.091983,
        "nauc_map_at_3_diff1": 0.429728,
        "nauc_map_at_5_max": 0.435281,
        "nauc_map_at_5_std": -0.092385,
        "nauc_map_at_5_diff1": 0.425301,
        "nauc_map_at_10_max": 0.433763,
        "nauc_map_at_10_std": -0.087587,
        "nauc_map_at_10_diff1": 0.420984,
        "nauc_map_at_20_max": 0.431201,
        "nauc_map_at_20_std": -0.087322,
        "nauc_map_at_20_diff1": 0.41907,
        "nauc_map_at_100_max": 0.431592,
        "nauc_map_at_100_std": -0.085677,
        "nauc_map_at_100_diff1": 0.418466,
        "nauc_map_at_1000_max": 0.432348,
        "nauc_map_at_1000_std": -0.084883,
        "nauc_map_at_1000_diff1": 0.418815,
        "nauc_recall_at_1_max": 0.4328,
        "nauc_recall_at_1_std": -0.124799,
        "nauc_recall_at_1_diff1": 0.483017,
        "nauc_recall_at_3_max": 0.420432,
        "nauc_recall_at_3_std": -0.090428,
        "nauc_recall_at_3_diff1": 0.390871,
        "nauc_recall_at_5_max": 0.403894,
        "nauc_recall_at_5_std": -0.094487,
        "nauc_recall_at_5_diff1": 0.36908,
        "nauc_recall_at_10_max": 0.382819,
        "nauc_recall_at_10_std": -0.064064,
        "nauc_recall_at_10_diff1": 0.328364,
        "nauc_recall_at_20_max": 0.350864,
        "nauc_recall_at_20_std": -0.065514,
        "nauc_recall_at_20_diff1": 0.301724,
        "nauc_recall_at_100_max": 0.33358,
        "nauc_recall_at_100_std": -0.01149,
        "nauc_recall_at_100_diff1": 0.264456,
        "nauc_recall_at_1000_max": 0.277915,
        "nauc_recall_at_1000_std": 0.052379,
        "nauc_recall_at_1000_diff1": 0.197948,
        "nauc_precision_at_1_max": 0.4328,
        "nauc_precision_at_1_std": -0.124799,
        "nauc_precision_at_1_diff1": 0.483017,
        "nauc_precision_at_3_max": 0.420432,
        "nauc_precision_at_3_std": -0.090428,
        "nauc_precision_at_3_diff1": 0.390871,
        "nauc_precision_at_5_max": 0.403894,
        "nauc_precision_at_5_std": -0.094487,
        "nauc_precision_at_5_diff1": 0.36908,
        "nauc_precision_at_10_max": 0.382819,
        "nauc_precision_at_10_std": -0.064064,
        "nauc_precision_at_10_diff1": 0.328364,
        "nauc_precision_at_20_max": 0.350864,
        "nauc_precision_at_20_std": -0.065514,
        "nauc_precision_at_20_diff1": 0.301724,
        "nauc_precision_at_100_max": 0.33358,
        "nauc_precision_at_100_std": -0.01149,
        "nauc_precision_at_100_diff1": 0.264456,
        "nauc_precision_at_1000_max": 0.277915,
        "nauc_precision_at_1000_std": 0.052379,
        "nauc_precision_at_1000_diff1": 0.197948,
        "nauc_mrr_at_1_max": 0.4328,
        "nauc_mrr_at_1_std": -0.124799,
        "nauc_mrr_at_1_diff1": 0.483017,
        "nauc_mrr_at_3_max": 0.417726,
        "nauc_mrr_at_3_std": -0.122124,
        "nauc_mrr_at_3_diff1": 0.440457,
        "nauc_mrr_at_5_max": 0.413467,
        "nauc_mrr_at_5_std": -0.123798,
        "nauc_mrr_at_5_diff1": 0.434045,
        "nauc_mrr_at_10_max": 0.40985,
        "nauc_mrr_at_10_std": -0.119138,
        "nauc_mrr_at_10_diff1": 0.426147,
        "nauc_mrr_at_20_max": 0.407235,
        "nauc_mrr_at_20_std": -0.120059,
        "nauc_mrr_at_20_diff1": 0.423438,
        "nauc_mrr_at_100_max": 0.407623,
        "nauc_mrr_at_100_std": -0.118735,
        "nauc_mrr_at_100_diff1": 0.423234,
        "nauc_mrr_at_1000_max": 0.407827,
        "nauc_mrr_at_1000_std": -0.118747,
        "nauc_mrr_at_1000_diff1": 0.423773,
        "main_score": 0.23599,
        "hf_subset": "default",
        "languages": [
          "nob-Latn"
        ]
      }
    ]
  },
  "evaluation_time": 3.6020114421844482,
  "kg_co2_emissions": 0.0001929370822925653
}