{
    "dataset_revision": "0f319b1142f28d00e055a6770f3f726ae9b7d865",
    "task_name": "ATEC",
    "evaluation_time": null,
    "mteb_version": null,
    "scores": {
        "test": [
            {
                "hf_subset": "default",
                "languages": [
                    "cmn-Hans"
                ],
                "cos_sim_pearson": 0.39918566602029537,
                "cos_sim_spearman": 0.42163555979292155,
                "euclidean_pearson": 0.4324429263158407,
                "euclidean_spearman": 0.4216355485217486,
                "manhattan_pearson": 0.4323108002349145,
                "manhattan_spearman": 0.42156854810425837,
                "cosine_pearson": 0.39918566602029537,
                "cosine_spearman": 0.42163555979292155,
                "main_score": 0.42163555979292155
            }
        ]
    }
}