{
  "dataset_revision": "c49b2d8fa0d6476520695c52207690b7ec854043",
  "task_name": "ParsinluEntail",
  "mteb_version": "1.25.8",
  "scores": {
    "test": [
      {
        "similarity_accuracy": 0.550725,
        "similarity_accuracy_threshold": 0.848396,
        "similarity_f1": 0.683502,
        "similarity_f1_threshold": 0.555709,
        "similarity_precision": 0.519625,
        "similarity_recall": 0.998361,
        "similarity_ap": 0.563752,
        "cosine_accuracy": 0.550725,
        "cosine_accuracy_threshold": 0.848396,
        "cosine_f1": 0.683502,
        "cosine_f1_threshold": 0.555709,
        "cosine_precision": 0.519625,
        "cosine_recall": 0.998361,
        "cosine_ap": 0.563314,
        "manhattan_accuracy": 0.554135,
        "manhattan_accuracy_threshold": 181.737167,
        "manhattan_f1": 0.683502,
        "manhattan_f1_threshold": 431.5177,
        "manhattan_precision": 0.519625,
        "manhattan_recall": 0.998361,
        "manhattan_ap": 0.563879,
        "euclidean_accuracy": 0.553282,
        "euclidean_accuracy_threshold": 8.213877,
        "euclidean_f1": 0.683502,
        "euclidean_f1_threshold": 19.627583,
        "euclidean_precision": 0.519625,
        "euclidean_recall": 0.998361,
        "euclidean_ap": 0.563725,
        "dot_accuracy": 0.540494,
        "dot_accuracy_threshold": 190.426498,
        "dot_f1": 0.685008,
        "dot_f1_threshold": 156.941803,
        "dot_precision": 0.520922,
        "dot_recall": 1.0,
        "dot_ap": 0.561467,
        "max_accuracy": 0.554135,
        "max_f1": 0.685008,
        "max_precision": 0.520922,
        "max_recall": 1.0,
        "max_ap": 0.563879,
        "main_score": 0.563879,
        "hf_subset": "default",
        "languages": [
          "fas-Arab"
        ]
      }
    ]
  },
  "evaluation_time": 1.4402050971984863,
  "kg_co2_emissions": null
}