{
  "dataset_revision": "099ee143c7fdfa6bd7965be8c801cb161c313b29",
  "task_name": "TwitterHjerneRetrieval",
  "mteb_version": "1.18.0",
  "scores": {
    "train": [
      {
        "ndcg_at_1": 0.01282,
        "ndcg_at_3": 0.00602,
        "ndcg_at_5": 0.005,
        "ndcg_at_10": 0.00825,
        "ndcg_at_20": 0.01268,
        "ndcg_at_100": 0.04779,
        "ndcg_at_1000": 0.05242,
        "map_at_1": 0.00321,
        "map_at_3": 0.00321,
        "map_at_5": 0.00321,
        "map_at_10": 0.00452,
        "map_at_20": 0.00569,
        "map_at_100": 0.03617,
        "map_at_1000": 0.03748,
        "recall_at_1": 0.00321,
        "recall_at_3": 0.00321,
        "recall_at_5": 0.00321,
        "recall_at_10": 0.00962,
        "recall_at_20": 0.02244,
        "recall_at_100": 0.91667,
        "recall_at_1000": 1.0,
        "precision_at_1": 0.01282,
        "precision_at_3": 0.00427,
        "precision_at_5": 0.00256,
        "precision_at_10": 0.00385,
        "precision_at_20": 0.00385,
        "precision_at_100": 0.00333,
        "precision_at_1000": 0.00062,
        "mrr_at_1": 0.038462,
        "mrr_at_3": 0.055556,
        "mrr_at_5": 0.069658,
        "mrr_at_10": 0.081995,
        "mrr_at_20": 0.088329,
        "mrr_at_100": 0.09934,
        "mrr_at_1000": 0.100565,
        "nauc_ndcg_at_1_max": -0.50561,
        "nauc_ndcg_at_1_std": -0.50561,
        "nauc_ndcg_at_1_diff1": -0.50561,
        "nauc_ndcg_at_3_max": -0.50561,
        "nauc_ndcg_at_3_std": -0.50561,
        "nauc_ndcg_at_3_diff1": -0.50561,
        "nauc_ndcg_at_5_max": -0.50561,
        "nauc_ndcg_at_5_std": -0.50561,
        "nauc_ndcg_at_5_diff1": -0.50561,
        "nauc_ndcg_at_10_max": -0.345247,
        "nauc_ndcg_at_10_std": -0.345247,
        "nauc_ndcg_at_10_diff1": -0.470556,
        "nauc_ndcg_at_20_max": -0.1542,
        "nauc_ndcg_at_20_std": -0.101263,
        "nauc_ndcg_at_20_diff1": -0.36818,
        "nauc_ndcg_at_100_max": -0.001271,
        "nauc_ndcg_at_100_std": 0.054375,
        "nauc_ndcg_at_100_diff1": -0.246135,
        "nauc_ndcg_at_1000_max": -0.036165,
        "nauc_ndcg_at_1000_std": 0.023591,
        "nauc_ndcg_at_1000_diff1": -0.237494,
        "nauc_map_at_1_max": -0.50561,
        "nauc_map_at_1_std": -0.50561,
        "nauc_map_at_1_diff1": -0.50561,
        "nauc_map_at_3_max": -0.50561,
        "nauc_map_at_3_std": -0.50561,
        "nauc_map_at_3_diff1": -0.50561,
        "nauc_map_at_5_max": -0.50561,
        "nauc_map_at_5_std": -0.50561,
        "nauc_map_at_5_diff1": -0.50561,
        "nauc_map_at_10_max": -0.431344,
        "nauc_map_at_10_std": -0.431344,
        "nauc_map_at_10_diff1": -0.489376,
        "nauc_map_at_20_max": -0.327883,
        "nauc_map_at_20_std": -0.301024,
        "nauc_map_at_20_diff1": -0.436564,
        "nauc_map_at_100_max": -0.232038,
        "nauc_map_at_100_std": -0.244007,
        "nauc_map_at_100_diff1": -0.263571,
        "nauc_map_at_1000_max": -0.267217,
        "nauc_map_at_1000_std": -0.275522,
        "nauc_map_at_1000_diff1": -0.318177,
        "nauc_recall_at_1_max": -0.50561,
        "nauc_recall_at_1_std": -0.50561,
        "nauc_recall_at_1_diff1": -0.50561,
        "nauc_recall_at_3_max": -0.50561,
        "nauc_recall_at_3_std": -0.50561,
        "nauc_recall_at_3_diff1": -0.50561,
        "nauc_recall_at_5_max": -0.50561,
        "nauc_recall_at_5_std": -0.50561,
        "nauc_recall_at_5_diff1": -0.50561,
        "nauc_recall_at_10_max": -0.226228,
        "nauc_recall_at_10_std": -0.226228,
        "nauc_recall_at_10_diff1": -0.44454,
        "nauc_recall_at_20_max": 0.035517,
        "nauc_recall_at_20_std": 0.130869,
        "nauc_recall_at_20_diff1": -0.280125,
        "nauc_recall_at_100_max": 0.192475,
        "nauc_recall_at_100_std": 0.099571,
        "nauc_recall_at_100_diff1": 0.278394,
        "nauc_recall_at_1000_max": NaN,
        "nauc_recall_at_1000_std": NaN,
        "nauc_recall_at_1000_diff1": NaN,
        "nauc_precision_at_1_max": -0.50561,
        "nauc_precision_at_1_std": -0.50561,
        "nauc_precision_at_1_diff1": -0.50561,
        "nauc_precision_at_3_max": -0.50561,
        "nauc_precision_at_3_std": -0.50561,
        "nauc_precision_at_3_diff1": -0.50561,
        "nauc_precision_at_5_max": -0.50561,
        "nauc_precision_at_5_std": -0.50561,
        "nauc_precision_at_5_diff1": -0.50561,
        "nauc_precision_at_10_max": -0.226228,
        "nauc_precision_at_10_std": -0.226228,
        "nauc_precision_at_10_diff1": -0.44454,
        "nauc_precision_at_20_max": -0.069608,
        "nauc_precision_at_20_std": -0.013986,
        "nauc_precision_at_20_diff1": -0.343542,
        "nauc_precision_at_100_max": 0.092791,
        "nauc_precision_at_100_std": 0.141692,
        "nauc_precision_at_100_diff1": -0.209966,
        "nauc_precision_at_1000_max": 0.011917,
        "nauc_precision_at_1000_std": 0.062927,
        "nauc_precision_at_1000_diff1": -0.206885,
        "nauc_mrr_at_1_max": -0.016043,
        "nauc_mrr_at_1_std": -0.377961,
        "nauc_mrr_at_1_diff1": 0.053154,
        "nauc_mrr_at_3_max": -0.06991,
        "nauc_mrr_at_3_std": -0.318868,
        "nauc_mrr_at_3_diff1": -0.045612,
        "nauc_mrr_at_5_max": 0.005809,
        "nauc_mrr_at_5_std": -0.219885,
        "nauc_mrr_at_5_diff1": -0.05761,
        "nauc_mrr_at_10_max": 0.019374,
        "nauc_mrr_at_10_std": -0.184876,
        "nauc_mrr_at_10_diff1": -0.022462,
        "nauc_mrr_at_20_max": 0.01323,
        "nauc_mrr_at_20_std": -0.181393,
        "nauc_mrr_at_20_diff1": 0.002537,
        "nauc_mrr_at_100_max": 0.023358,
        "nauc_mrr_at_100_std": -0.170023,
        "nauc_mrr_at_100_diff1": -0.010049,
        "nauc_mrr_at_1000_max": 0.019713,
        "nauc_mrr_at_1000_std": -0.175297,
        "nauc_mrr_at_1000_diff1": -0.009943,
        "main_score": 0.00825,
        "hf_subset": "default",
        "languages": [
          "dan-Latn"
        ]
      }
    ]
  },
  "evaluation_time": 0.11487483978271484,
  "kg_co2_emissions": 2.631241968155855e-06
}