{
  "dataset_revision": "5345895c56a601afe1a98519ce3199be60a27dba",
  "task_name": "DiaBlaBitextMining",
  "mteb_version": "1.18.0",
  "scores": {
    "test": [
      {
        "precision": 0.06025,
        "recall": 0.071677,
        "f1": 0.062435,
        "accuracy": 0.071677,
        "main_score": 0.062435,
        "hf_subset": "fr-en",
        "languages": [
          "fra-Latn",
          "eng-Latn"
        ]
      },
      {
        "precision": 0.06025,
        "recall": 0.071677,
        "f1": 0.062435,
        "accuracy": 0.071677,
        "main_score": 0.062435,
        "hf_subset": "en-fr",
        "languages": [
          "eng-Latn",
          "fra-Latn"
        ]
      }
    ]
  },
  "evaluation_time": 51.68737554550171,
  "kg_co2_emissions": 0.0039033780386220907
}