{
  "dataset_revision": "47932a35f045ef8ed01ba82bf9ff67f6e109207e",
  "task_name": "SciFact-PL",
  "mteb_version": "1.18.0",
  "scores": {
    "test": [
      {
        "ndcg_at_1": 0.06333,
        "ndcg_at_3": 0.089,
        "ndcg_at_5": 0.09951,
        "ndcg_at_10": 0.10756,
        "ndcg_at_20": 0.11311,
        "ndcg_at_100": 0.13912,
        "ndcg_at_1000": 0.1822,
        "map_at_1": 0.05722,
        "map_at_3": 0.08037,
        "map_at_5": 0.08626,
        "map_at_10": 0.08976,
        "map_at_20": 0.09123,
        "map_at_100": 0.09469,
        "map_at_1000": 0.09592,
        "recall_at_1": 0.05722,
        "recall_at_3": 0.10944,
        "recall_at_5": 0.13389,
        "recall_at_10": 0.15833,
        "recall_at_20": 0.17833,
        "recall_at_100": 0.31617,
        "recall_at_1000": 0.67078,
        "precision_at_1": 0.06333,
        "precision_at_3": 0.04,
        "precision_at_5": 0.02933,
        "precision_at_10": 0.01733,
        "precision_at_20": 0.01,
        "precision_at_100": 0.00363,
        "precision_at_1000": 0.00076,
        "mrr_at_1": 0.063333,
        "mrr_at_3": 0.085,
        "mrr_at_5": 0.091333,
        "mrr_at_10": 0.094504,
        "mrr_at_20": 0.096496,
        "mrr_at_100": 0.100047,
        "mrr_at_1000": 0.101207,
        "nauc_ndcg_at_1_max": -0.217743,
        "nauc_ndcg_at_1_std": 0.028766,
        "nauc_ndcg_at_1_diff1": 0.395295,
        "nauc_ndcg_at_3_max": -0.202256,
        "nauc_ndcg_at_3_std": 0.059041,
        "nauc_ndcg_at_3_diff1": 0.256222,
        "nauc_ndcg_at_5_max": -0.228672,
        "nauc_ndcg_at_5_std": 0.088731,
        "nauc_ndcg_at_5_diff1": 0.254973,
        "nauc_ndcg_at_10_max": -0.231947,
        "nauc_ndcg_at_10_std": 0.070997,
        "nauc_ndcg_at_10_diff1": 0.25202,
        "nauc_ndcg_at_20_max": -0.222005,
        "nauc_ndcg_at_20_std": 0.063208,
        "nauc_ndcg_at_20_diff1": 0.244022,
        "nauc_ndcg_at_100_max": -0.230103,
        "nauc_ndcg_at_100_std": 0.063246,
        "nauc_ndcg_at_100_diff1": 0.228479,
        "nauc_ndcg_at_1000_max": -0.21641,
        "nauc_ndcg_at_1000_std": 0.084831,
        "nauc_ndcg_at_1000_diff1": 0.225343,
        "nauc_map_at_1_max": -0.265001,
        "nauc_map_at_1_std": 0.063257,
        "nauc_map_at_1_diff1": 0.398548,
        "nauc_map_at_3_max": -0.214056,
        "nauc_map_at_3_std": 0.060705,
        "nauc_map_at_3_diff1": 0.281179,
        "nauc_map_at_5_max": -0.231025,
        "nauc_map_at_5_std": 0.080874,
        "nauc_map_at_5_diff1": 0.280465,
        "nauc_map_at_10_max": -0.231717,
        "nauc_map_at_10_std": 0.071466,
        "nauc_map_at_10_diff1": 0.278271,
        "nauc_map_at_20_max": -0.227989,
        "nauc_map_at_20_std": 0.06853,
        "nauc_map_at_20_diff1": 0.274949,
        "nauc_map_at_100_max": -0.230456,
        "nauc_map_at_100_std": 0.070369,
        "nauc_map_at_100_diff1": 0.272359,
        "nauc_map_at_1000_max": -0.229988,
        "nauc_map_at_1000_std": 0.070163,
        "nauc_map_at_1000_diff1": 0.271736,
        "nauc_recall_at_1_max": -0.265001,
        "nauc_recall_at_1_std": 0.063257,
        "nauc_recall_at_1_diff1": 0.398548,
        "nauc_recall_at_3_max": -0.19155,
        "nauc_recall_at_3_std": 0.070664,
        "nauc_recall_at_3_diff1": 0.195521,
        "nauc_recall_at_5_max": -0.238195,
        "nauc_recall_at_5_std": 0.121485,
        "nauc_recall_at_5_diff1": 0.201687,
        "nauc_recall_at_10_max": -0.246967,
        "nauc_recall_at_10_std": 0.080135,
        "nauc_recall_at_10_diff1": 0.200981,
        "nauc_recall_at_20_max": -0.222388,
        "nauc_recall_at_20_std": 0.060182,
        "nauc_recall_at_20_diff1": 0.188389,
        "nauc_recall_at_100_max": -0.237642,
        "nauc_recall_at_100_std": 0.054407,
        "nauc_recall_at_100_diff1": 0.149253,
        "nauc_recall_at_1000_max": -0.1709,
        "nauc_recall_at_1000_std": 0.180717,
        "nauc_recall_at_1000_diff1": 0.116536,
        "nauc_precision_at_1_max": -0.217743,
        "nauc_precision_at_1_std": 0.028766,
        "nauc_precision_at_1_diff1": 0.395295,
        "nauc_precision_at_3_max": -0.146447,
        "nauc_precision_at_3_std": 0.038472,
        "nauc_precision_at_3_diff1": 0.217065,
        "nauc_precision_at_5_max": -0.198518,
        "nauc_precision_at_5_std": 0.085257,
        "nauc_precision_at_5_diff1": 0.210791,
        "nauc_precision_at_10_max": -0.208384,
        "nauc_precision_at_10_std": 0.042622,
        "nauc_precision_at_10_diff1": 0.20454,
        "nauc_precision_at_20_max": -0.186746,
        "nauc_precision_at_20_std": 0.028592,
        "nauc_precision_at_20_diff1": 0.189209,
        "nauc_precision_at_100_max": -0.203722,
        "nauc_precision_at_100_std": 0.017363,
        "nauc_precision_at_100_diff1": 0.129848,
        "nauc_precision_at_1000_max": -0.074755,
        "nauc_precision_at_1000_std": 0.154113,
        "nauc_precision_at_1000_diff1": 0.0956,
        "nauc_mrr_at_1_max": -0.217743,
        "nauc_mrr_at_1_std": 0.028766,
        "nauc_mrr_at_1_diff1": 0.395295,
        "nauc_mrr_at_3_max": -0.193982,
        "nauc_mrr_at_3_std": 0.040866,
        "nauc_mrr_at_3_diff1": 0.284045,
        "nauc_mrr_at_5_max": -0.211853,
        "nauc_mrr_at_5_std": 0.059603,
        "nauc_mrr_at_5_diff1": 0.280187,
        "nauc_mrr_at_10_max": -0.213554,
        "nauc_mrr_at_10_std": 0.053329,
        "nauc_mrr_at_10_diff1": 0.279415,
        "nauc_mrr_at_20_max": -0.209771,
        "nauc_mrr_at_20_std": 0.050734,
        "nauc_mrr_at_20_diff1": 0.274791,
        "nauc_mrr_at_100_max": -0.210914,
        "nauc_mrr_at_100_std": 0.051544,
        "nauc_mrr_at_100_diff1": 0.273669,
        "nauc_mrr_at_1000_max": -0.21057,
        "nauc_mrr_at_1000_std": 0.051873,
        "nauc_mrr_at_1000_diff1": 0.27342,
        "main_score": 0.10756,
        "hf_subset": "default",
        "languages": [
          "pol-Latn"
        ]
      }
    ]
  },
  "evaluation_time": 461.5769169330597,
  "kg_co2_emissions": 0.042186227821951645
}