{
  "dataset_revision": "46989137a86843e03a6195de44b09deda022eec7",
  "task_name": "CQADupstackTexRetrieval",
  "mteb_version": "1.18.0",
  "scores": {
    "test": [
      {
        "ndcg_at_1": 0.17894,
        "ndcg_at_3": 0.20581,
        "ndcg_at_5": 0.21955,
        "ndcg_at_10": 0.23726,
        "ndcg_at_20": 0.25434,
        "ndcg_at_100": 0.285,
        "ndcg_at_1000": 0.31804,
        "map_at_1": 0.14788,
        "map_at_3": 0.18365,
        "map_at_5": 0.19306,
        "map_at_10": 0.20127,
        "map_at_20": 0.2063,
        "map_at_100": 0.21082,
        "map_at_1000": 0.2121,
        "recall_at_1": 0.14788,
        "recall_at_3": 0.22252,
        "recall_at_5": 0.25948,
        "recall_at_10": 0.31203,
        "recall_at_20": 0.37575,
        "recall_at_100": 0.5287,
        "recall_at_1000": 0.77001,
        "precision_at_1": 0.17894,
        "precision_at_3": 0.09624,
        "precision_at_5": 0.06903,
        "precision_at_10": 0.04264,
        "precision_at_20": 0.02612,
        "precision_at_100": 0.00777,
        "precision_at_1000": 0.00122,
        "mrr_at_1": 0.17894,
        "mrr_at_3": 0.21794,
        "mrr_at_5": 0.227351,
        "mrr_at_10": 0.235174,
        "mrr_at_20": 0.239968,
        "mrr_at_100": 0.243884,
        "mrr_at_1000": 0.244811,
        "nauc_ndcg_at_1_max": 0.28346,
        "nauc_ndcg_at_1_std": 0.00902,
        "nauc_ndcg_at_1_diff1": 0.439542,
        "nauc_ndcg_at_3_max": 0.26765,
        "nauc_ndcg_at_3_std": 0.01217,
        "nauc_ndcg_at_3_diff1": 0.368041,
        "nauc_ndcg_at_5_max": 0.262008,
        "nauc_ndcg_at_5_std": 0.017438,
        "nauc_ndcg_at_5_diff1": 0.360943,
        "nauc_ndcg_at_10_max": 0.258643,
        "nauc_ndcg_at_10_std": 0.025019,
        "nauc_ndcg_at_10_diff1": 0.348878,
        "nauc_ndcg_at_20_max": 0.254556,
        "nauc_ndcg_at_20_std": 0.027636,
        "nauc_ndcg_at_20_diff1": 0.343556,
        "nauc_ndcg_at_100_max": 0.262285,
        "nauc_ndcg_at_100_std": 0.050506,
        "nauc_ndcg_at_100_diff1": 0.334964,
        "nauc_ndcg_at_1000_max": 0.266748,
        "nauc_ndcg_at_1000_std": 0.055344,
        "nauc_ndcg_at_1000_diff1": 0.334227,
        "nauc_map_at_1_max": 0.254944,
        "nauc_map_at_1_std": 0.003035,
        "nauc_map_at_1_diff1": 0.445579,
        "nauc_map_at_3_max": 0.258165,
        "nauc_map_at_3_std": 0.00627,
        "nauc_map_at_3_diff1": 0.387652,
        "nauc_map_at_5_max": 0.257387,
        "nauc_map_at_5_std": 0.010108,
        "nauc_map_at_5_diff1": 0.382883,
        "nauc_map_at_10_max": 0.257537,
        "nauc_map_at_10_std": 0.014318,
        "nauc_map_at_10_diff1": 0.377296,
        "nauc_map_at_20_max": 0.256777,
        "nauc_map_at_20_std": 0.015775,
        "nauc_map_at_20_diff1": 0.375585,
        "nauc_map_at_100_max": 0.258498,
        "nauc_map_at_100_std": 0.019694,
        "nauc_map_at_100_diff1": 0.374222,
        "nauc_map_at_1000_max": 0.258869,
        "nauc_map_at_1000_std": 0.020117,
        "nauc_map_at_1000_diff1": 0.374053,
        "nauc_recall_at_1_max": 0.254944,
        "nauc_recall_at_1_std": 0.003035,
        "nauc_recall_at_1_diff1": 0.445579,
        "nauc_recall_at_3_max": 0.244005,
        "nauc_recall_at_3_std": 0.006616,
        "nauc_recall_at_3_diff1": 0.325794,
        "nauc_recall_at_5_max": 0.235255,
        "nauc_recall_at_5_std": 0.01848,
        "nauc_recall_at_5_diff1": 0.311252,
        "nauc_recall_at_10_max": 0.226159,
        "nauc_recall_at_10_std": 0.040413,
        "nauc_recall_at_10_diff1": 0.274651,
        "nauc_recall_at_20_max": 0.212594,
        "nauc_recall_at_20_std": 0.048622,
        "nauc_recall_at_20_diff1": 0.256321,
        "nauc_recall_at_100_max": 0.233466,
        "nauc_recall_at_100_std": 0.147536,
        "nauc_recall_at_100_diff1": 0.205219,
        "nauc_recall_at_1000_max": 0.254441,
        "nauc_recall_at_1000_std": 0.240707,
        "nauc_recall_at_1000_diff1": 0.139436,
        "nauc_precision_at_1_max": 0.28346,
        "nauc_precision_at_1_std": 0.00902,
        "nauc_precision_at_1_diff1": 0.439542,
        "nauc_precision_at_3_max": 0.287156,
        "nauc_precision_at_3_std": 0.025759,
        "nauc_precision_at_3_diff1": 0.308301,
        "nauc_precision_at_5_max": 0.281811,
        "nauc_precision_at_5_std": 0.043608,
        "nauc_precision_at_5_diff1": 0.282284,
        "nauc_precision_at_10_max": 0.27337,
        "nauc_precision_at_10_std": 0.064778,
        "nauc_precision_at_10_diff1": 0.241034,
        "nauc_precision_at_20_max": 0.254627,
        "nauc_precision_at_20_std": 0.069651,
        "nauc_precision_at_20_diff1": 0.207844,
        "nauc_precision_at_100_max": 0.245494,
        "nauc_precision_at_100_std": 0.145827,
        "nauc_precision_at_100_diff1": 0.102247,
        "nauc_precision_at_1000_max": 0.193893,
        "nauc_precision_at_1000_std": 0.173938,
        "nauc_precision_at_1000_diff1": -0.033131,
        "nauc_mrr_at_1_max": 0.28346,
        "nauc_mrr_at_1_std": 0.00902,
        "nauc_mrr_at_1_diff1": 0.439542,
        "nauc_mrr_at_3_max": 0.282652,
        "nauc_mrr_at_3_std": 0.0174,
        "nauc_mrr_at_3_diff1": 0.378645,
        "nauc_mrr_at_5_max": 0.279686,
        "nauc_mrr_at_5_std": 0.020474,
        "nauc_mrr_at_5_diff1": 0.372679,
        "nauc_mrr_at_10_max": 0.276973,
        "nauc_mrr_at_10_std": 0.022888,
        "nauc_mrr_at_10_diff1": 0.36681,
        "nauc_mrr_at_20_max": 0.275595,
        "nauc_mrr_at_20_std": 0.023465,
        "nauc_mrr_at_20_diff1": 0.364685,
        "nauc_mrr_at_100_max": 0.276441,
        "nauc_mrr_at_100_std": 0.026156,
        "nauc_mrr_at_100_diff1": 0.363933,
        "nauc_mrr_at_1000_max": 0.276562,
        "nauc_mrr_at_1000_std": 0.026221,
        "nauc_mrr_at_1000_diff1": 0.364121,
        "main_score": 0.23726,
        "hf_subset": "default",
        "languages": [
          "eng-Latn"
        ]
      }
    ]
  },
  "evaluation_time": 45.824406147003174,
  "kg_co2_emissions": 0.003625715578672642
}