{
  "dataset_revision": "8cb36efa69428b3dc290e1125995a999963163c5",
  "task_name": "FaroeseSTS",
  "mteb_version": "1.18.0",
  "scores": {
    "train": [
      {
        "pearson": 0.600989,
        "spearman": 0.609571,
        "cosine_pearson": 0.600989,
        "cosine_spearman": 0.609571,
        "manhattan_pearson": 0.397917,
        "manhattan_spearman": 0.39956,
        "euclidean_pearson": 0.397333,
        "euclidean_spearman": 0.400308,
        "main_score": 0.609571,
        "hf_subset": "default",
        "languages": [
          "fao-Latn"
        ]
      }
    ]
  },
  "evaluation_time": 0.45461177825927734,
  "kg_co2_emissions": 1.682032736640611e-05
}