{
  "dataset_revision": "080c9ed6267b65029207906e815d44a9240bafca",
  "task_name": "FEVERHardNegatives",
  "mteb_version": "1.18.0",
  "scores": {
    "test": [
      {
        "ndcg_at_1": 0.564,
        "ndcg_at_3": 0.66201,
        "ndcg_at_5": 0.69206,
        "ndcg_at_10": 0.71159,
        "ndcg_at_20": 0.72001,
        "ndcg_at_100": 0.7316,
        "ndcg_at_1000": 0.73458,
        "map_at_1": 0.53333,
        "map_at_3": 0.62423,
        "map_at_5": 0.64139,
        "map_at_10": 0.65003,
        "map_at_20": 0.65242,
        "map_at_100": 0.65433,
        "map_at_1000": 0.65449,
        "recall_at_1": 0.53333,
        "recall_at_3": 0.7337,
        "recall_at_5": 0.80897,
        "recall_at_10": 0.86754,
        "recall_at_20": 0.89993,
        "recall_at_100": 0.95708,
        "recall_at_1000": 0.97625,
        "precision_at_1": 0.564,
        "precision_at_3": 0.26167,
        "precision_at_5": 0.173,
        "precision_at_10": 0.0933,
        "precision_at_20": 0.0486,
        "precision_at_100": 0.01052,
        "precision_at_1000": 0.0011,
        "mrr_at_1": 0.564,
        "mrr_at_3": 0.6605,
        "mrr_at_5": 0.6773,
        "mrr_at_10": 0.685501,
        "mrr_at_20": 0.687729,
        "mrr_at_100": 0.689041,
        "mrr_at_1000": 0.689082,
        "nauc_ndcg_at_1_max": 0.185934,
        "nauc_ndcg_at_1_std": -0.170044,
        "nauc_ndcg_at_1_diff1": 0.598611,
        "nauc_ndcg_at_3_max": 0.179432,
        "nauc_ndcg_at_3_std": -0.209026,
        "nauc_ndcg_at_3_diff1": 0.49614,
        "nauc_ndcg_at_5_max": 0.174985,
        "nauc_ndcg_at_5_std": -0.197492,
        "nauc_ndcg_at_5_diff1": 0.483009,
        "nauc_ndcg_at_10_max": 0.172921,
        "nauc_ndcg_at_10_std": -0.196795,
        "nauc_ndcg_at_10_diff1": 0.486113,
        "nauc_ndcg_at_20_max": 0.161587,
        "nauc_ndcg_at_20_std": -0.196532,
        "nauc_ndcg_at_20_diff1": 0.486756,
        "nauc_ndcg_at_100_max": 0.167092,
        "nauc_ndcg_at_100_std": -0.183347,
        "nauc_ndcg_at_100_diff1": 0.499403,
        "nauc_ndcg_at_1000_max": 0.169886,
        "nauc_ndcg_at_1000_std": -0.183314,
        "nauc_ndcg_at_1000_diff1": 0.501288,
        "nauc_map_at_1_max": 0.155783,
        "nauc_map_at_1_std": -0.160851,
        "nauc_map_at_1_diff1": 0.550176,
        "nauc_map_at_3_max": 0.163168,
        "nauc_map_at_3_std": -0.193401,
        "nauc_map_at_3_diff1": 0.503512,
        "nauc_map_at_5_max": 0.161407,
        "nauc_map_at_5_std": -0.187006,
        "nauc_map_at_5_diff1": 0.497989,
        "nauc_map_at_10_max": 0.160511,
        "nauc_map_at_10_std": -0.186868,
        "nauc_map_at_10_diff1": 0.500239,
        "nauc_map_at_20_max": 0.157791,
        "nauc_map_at_20_std": -0.18705,
        "nauc_map_at_20_diff1": 0.500645,
        "nauc_map_at_100_max": 0.158905,
        "nauc_map_at_100_std": -0.185254,
        "nauc_map_at_100_diff1": 0.50216,
        "nauc_map_at_1000_max": 0.159048,
        "nauc_map_at_1000_std": -0.185187,
        "nauc_map_at_1000_diff1": 0.502193,
        "nauc_recall_at_1_max": 0.155783,
        "nauc_recall_at_1_std": -0.160851,
        "nauc_recall_at_1_diff1": 0.550176,
        "nauc_recall_at_3_max": 0.172877,
        "nauc_recall_at_3_std": -0.237031,
        "nauc_recall_at_3_diff1": 0.398218,
        "nauc_recall_at_5_max": 0.158637,
        "nauc_recall_at_5_std": -0.206022,
        "nauc_recall_at_5_diff1": 0.317335,
        "nauc_recall_at_10_max": 0.136696,
        "nauc_recall_at_10_std": -0.206768,
        "nauc_recall_at_10_diff1": 0.261345,
        "nauc_recall_at_20_max": 0.025968,
        "nauc_recall_at_20_std": -0.20385,
        "nauc_recall_at_20_diff1": 0.185186,
        "nauc_recall_at_100_max": -0.061573,
        "nauc_recall_at_100_std": 0.084168,
        "nauc_recall_at_100_diff1": 0.150039,
        "nauc_recall_at_1000_max": -0.089081,
        "nauc_recall_at_1000_std": 0.253005,
        "nauc_recall_at_1000_diff1": 0.067493,
        "nauc_precision_at_1_max": 0.185934,
        "nauc_precision_at_1_std": -0.170044,
        "nauc_precision_at_1_diff1": 0.598611,
        "nauc_precision_at_3_max": 0.242364,
        "nauc_precision_at_3_std": -0.268422,
        "nauc_precision_at_3_diff1": 0.441714,
        "nauc_precision_at_5_max": 0.241767,
        "nauc_precision_at_5_std": -0.227482,
        "nauc_precision_at_5_diff1": 0.340957,
        "nauc_precision_at_10_max": 0.252014,
        "nauc_precision_at_10_std": -0.186179,
        "nauc_precision_at_10_diff1": 0.22733,
        "nauc_precision_at_20_max": 0.1214,
        "nauc_precision_at_20_std": -0.161293,
        "nauc_precision_at_20_diff1": 0.103444,
        "nauc_precision_at_100_max": 0.173007,
        "nauc_precision_at_100_std": 0.184318,
        "nauc_precision_at_100_diff1": -0.067518,
        "nauc_precision_at_1000_max": 0.154036,
        "nauc_precision_at_1000_std": 0.174467,
        "nauc_precision_at_1000_diff1": -0.103566,
        "nauc_mrr_at_1_max": 0.185934,
        "nauc_mrr_at_1_std": -0.170044,
        "nauc_mrr_at_1_diff1": 0.598611,
        "nauc_mrr_at_3_max": 0.208856,
        "nauc_mrr_at_3_std": -0.209097,
        "nauc_mrr_at_3_diff1": 0.555321,
        "nauc_mrr_at_5_max": 0.208903,
        "nauc_mrr_at_5_std": -0.204678,
        "nauc_mrr_at_5_diff1": 0.552495,
        "nauc_mrr_at_10_max": 0.210224,
        "nauc_mrr_at_10_std": -0.202912,
        "nauc_mrr_at_10_diff1": 0.554602,
        "nauc_mrr_at_20_max": 0.208082,
        "nauc_mrr_at_20_std": -0.202308,
        "nauc_mrr_at_20_diff1": 0.555889,
        "nauc_mrr_at_100_max": 0.208048,
        "nauc_mrr_at_100_std": -0.20125,
        "nauc_mrr_at_100_diff1": 0.557259,
        "nauc_mrr_at_1000_max": 0.207995,
        "nauc_mrr_at_1000_std": -0.201345,
        "nauc_mrr_at_1000_diff1": 0.557224,
        "main_score": 0.71159,
        "hf_subset": "default",
        "languages": [
          "eng-Latn"
        ]
      }
    ]
  },
  "evaluation_time": 59.67459988594055,
  "kg_co2_emissions": 0.004942421773112128
}