{
    "dataset_revision": "None",
    "task_name": "QuoraRetrieval",
    "evaluation_time": null,
    "mteb_version": null,
    "scores": {
        "test": [
            {
                "hf_subset": "default",
                "languages": [
                    "eng-Latn"
                ],
                "map_at_1": 0.61604,
                "map_at_10": 0.73765,
                "map_at_100": 0.74556,
                "map_at_1000": 0.74595,
                "map_at_3": 0.70962,
                "map_at_5": 0.7263300000000001,
                "mrr_at_1": 0.71,
                "mrr_at_10": 0.7830400000000001,
                "mrr_at_100": 0.78586,
                "mrr_at_1000": 0.78594,
                "mrr_at_3": 0.7680799999999999,
                "mrr_at_5": 0.77779,
                "ndcg_at_1": 0.711,
                "ndcg_at_10": 0.7848,
                "ndcg_at_100": 0.80792,
                "ndcg_at_1000": 0.81294,
                "ndcg_at_3": 0.74956,
                "ndcg_at_5": 0.76742,
                "precision_at_1": 0.711,
                "precision_at_10": 0.11819,
                "precision_at_100": 0.01428,
                "precision_at_1000": 0.00154,
                "precision_at_3": 0.3245,
                "precision_at_5": 0.21398,
                "recall_at_1": 0.61604,
                "recall_at_10": 0.87394,
                "recall_at_100": 0.96301,
                "recall_at_1000": 0.9926200000000001,
                "recall_at_3": 0.77168,
                "recall_at_5": 0.8224000000000001,
                "main_score": 0.7848
            }
        ]
    }
}