{
  "dataset_revision": "f64f483ad0f31d2e78209d524c14a4a867965959",
  "task_name": "WebFAQRetrieval",
  "mteb_version": "2.9.0",
  "scores": {
    "test": [
      {
        "ndcg_at_1": 0.6319,
        "ndcg_at_3": 0.71788,
        "ndcg_at_5": 0.73584,
        "ndcg_at_10": 0.75161,
        "ndcg_at_20": 0.76006,
        "ndcg_at_100": 0.76993,
        "ndcg_at_1000": 0.77464,
        "map_at_1": 0.6319,
        "map_at_3": 0.69733,
        "map_at_5": 0.70732,
        "map_at_10": 0.71394,
        "map_at_20": 0.71629,
        "map_at_100": 0.71766,
        "map_at_1000": 0.71783,
        "recall_at_1": 0.6319,
        "recall_at_3": 0.7771,
        "recall_at_5": 0.8206,
        "recall_at_10": 0.8688,
        "recall_at_20": 0.902,
        "recall_at_100": 0.9551,
        "recall_at_1000": 0.9924,
        "accuracy": 0.6319,
        "precision_at_1": 0.6319,
        "precision_at_3": 0.25903,
        "precision_at_5": 0.16412,
        "precision_at_10": 0.08688,
        "precision_at_20": 0.0451,
        "precision_at_100": 0.00955,
        "precision_at_1000": 0.00099,
        "mrr_at_1": 0.6318,
        "mrr_at_3": 0.6973,
        "mrr_at_5": 0.707215,
        "mrr_at_10": 0.71385,
        "mrr_at_20": 0.716186,
        "mrr_at_100": 0.71757,
        "mrr_at_1000": 0.717745,
        "nauc_ndcg_at_1_max": 0.420419,
        "nauc_ndcg_at_1_std": -0.202768,
        "nauc_ndcg_at_1_diff1": 0.791817,
        "nauc_ndcg_at_3_max": 0.433829,
        "nauc_ndcg_at_3_std": -0.194435,
        "nauc_ndcg_at_3_diff1": 0.754142,
        "nauc_ndcg_at_5_max": 0.435404,
        "nauc_ndcg_at_5_std": -0.1856,
        "nauc_ndcg_at_5_diff1": 0.752508,
        "nauc_ndcg_at_10_max": 0.439321,
        "nauc_ndcg_at_10_std": -0.172444,
        "nauc_ndcg_at_10_diff1": 0.755119,
        "nauc_ndcg_at_20_max": 0.437989,
        "nauc_ndcg_at_20_std": -0.169151,
        "nauc_ndcg_at_20_diff1": 0.755156,
        "nauc_ndcg_at_100_max": 0.435836,
        "nauc_ndcg_at_100_std": -0.167751,
        "nauc_ndcg_at_100_diff1": 0.757294,
        "nauc_ndcg_at_1000_max": 0.435851,
        "nauc_ndcg_at_1000_std": -0.173258,
        "nauc_ndcg_at_1000_diff1": 0.759359,
        "nauc_map_at_1_max": 0.420419,
        "nauc_map_at_1_std": -0.202768,
        "nauc_map_at_1_diff1": 0.791817,
        "nauc_map_at_3_max": 0.430292,
        "nauc_map_at_3_std": -0.197441,
        "nauc_map_at_3_diff1": 0.763918,
        "nauc_map_at_5_max": 0.430895,
        "nauc_map_at_5_std": -0.192981,
        "nauc_map_at_5_diff1": 0.763238,
        "nauc_map_at_10_max": 0.432363,
        "nauc_map_at_10_std": -0.188227,
        "nauc_map_at_10_diff1": 0.764493,
        "nauc_map_at_20_max": 0.432037,
        "nauc_map_at_20_std": -0.18752,
        "nauc_map_at_20_diff1": 0.764561,
        "nauc_map_at_100_max": 0.431669,
        "nauc_map_at_100_std": -0.18741,
        "nauc_map_at_100_diff1": 0.764899,
        "nauc_map_at_1000_max": 0.431673,
        "nauc_map_at_1000_std": -0.187534,
        "nauc_map_at_1000_diff1": 0.764969,
        "nauc_recall_at_1_max": 0.420419,
        "nauc_recall_at_1_std": -0.202768,
        "nauc_recall_at_1_diff1": 0.791817,
        "nauc_recall_at_3_max": 0.446525,
        "nauc_recall_at_3_std": -0.1832,
        "nauc_recall_at_3_diff1": 0.719146,
        "nauc_recall_at_5_max": 0.454808,
        "nauc_recall_at_5_std": -0.152253,
        "nauc_recall_at_5_diff1": 0.707607,
        "nauc_recall_at_10_max": 0.480167,
        "nauc_recall_at_10_std": -0.073894,
        "nauc_recall_at_10_diff1": 0.705932,
        "nauc_recall_at_20_max": 0.480265,
        "nauc_recall_at_20_std": -0.018367,
        "nauc_recall_at_20_diff1": 0.692005,
        "nauc_recall_at_100_max": 0.486454,
        "nauc_recall_at_100_std": 0.188807,
        "nauc_recall_at_100_diff1": 0.665091,
        "nauc_recall_at_1000_max": 0.724053,
        "nauc_recall_at_1000_std": 0.738703,
        "nauc_recall_at_1000_diff1": 0.619828,
        "nauc_precision_at_1_max": 0.420419,
        "nauc_precision_at_1_std": -0.202768,
        "nauc_precision_at_1_diff1": 0.791817,
        "nauc_precision_at_3_max": 0.446525,
        "nauc_precision_at_3_std": -0.1832,
        "nauc_precision_at_3_diff1": 0.719146,
        "nauc_precision_at_5_max": 0.454808,
        "nauc_precision_at_5_std": -0.152253,
        "nauc_precision_at_5_diff1": 0.707607,
        "nauc_precision_at_10_max": 0.480167,
        "nauc_precision_at_10_std": -0.073894,
        "nauc_precision_at_10_diff1": 0.705932,
        "nauc_precision_at_20_max": 0.480265,
        "nauc_precision_at_20_std": -0.018367,
        "nauc_precision_at_20_diff1": 0.692005,
        "nauc_precision_at_100_max": 0.486454,
        "nauc_precision_at_100_std": 0.188807,
        "nauc_precision_at_100_diff1": 0.665091,
        "nauc_precision_at_1000_max": 0.724053,
        "nauc_precision_at_1000_std": 0.738703,
        "nauc_precision_at_1000_diff1": 0.619828,
        "nauc_mrr_at_1_max": 0.419746,
        "nauc_mrr_at_1_std": -0.203019,
        "nauc_mrr_at_1_diff1": 0.792006,
        "nauc_mrr_at_3_max": 0.429905,
        "nauc_mrr_at_3_std": -0.197697,
        "nauc_mrr_at_3_diff1": 0.763929,
        "nauc_mrr_at_5_max": 0.430415,
        "nauc_mrr_at_5_std": -0.193335,
        "nauc_mrr_at_5_diff1": 0.763267,
        "nauc_mrr_at_10_max": 0.431784,
        "nauc_mrr_at_10_std": -0.188655,
        "nauc_mrr_at_10_diff1": 0.764517,
        "nauc_mrr_at_20_max": 0.431473,
        "nauc_mrr_at_20_std": -0.187998,
        "nauc_mrr_at_20_diff1": 0.764563,
        "nauc_mrr_at_100_max": 0.431109,
        "nauc_mrr_at_100_std": -0.187842,
        "nauc_mrr_at_100_diff1": 0.764915,
        "nauc_mrr_at_1000_max": 0.43111,
        "nauc_mrr_at_1000_std": -0.187961,
        "nauc_mrr_at_1000_diff1": 0.764985,
        "cv_recall_at_1": 0.6318,
        "cv_recall_at_3": 0.7772,
        "cv_recall_at_5": 0.8204,
        "cv_recall_at_10": 0.8687,
        "cv_recall_at_20": 0.9017,
        "cv_recall_at_100": 0.955,
        "cv_recall_at_1000": 0.9924,
        "main_score": 0.75161,
        "hf_subset": "nld",
        "languages": [
          "nld-Latn"
        ]
      },
      {
        "ndcg_at_1": 0.65781,
        "ndcg_at_3": 0.72694,
        "ndcg_at_5": 0.74257,
        "ndcg_at_10": 0.75549,
        "ndcg_at_20": 0.76444,
        "ndcg_at_100": 0.77455,
        "ndcg_at_1000": 0.78095,
        "map_at_1": 0.65781,
        "map_at_3": 0.71027,
        "map_at_5": 0.7189,
        "map_at_10": 0.72424,
        "map_at_20": 0.72673,
        "map_at_100": 0.72812,
        "map_at_1000": 0.72837,
        "recall_at_1": 0.65781,
        "recall_at_3": 0.77504,
        "recall_at_5": 0.8132,
        "recall_at_10": 0.85305,
        "recall_at_20": 0.88826,
        "recall_at_100": 0.94286,
        "recall_at_1000": 0.99262,
        "accuracy": 0.65781,
        "precision_at_1": 0.65781,
        "precision_at_3": 0.25835,
        "precision_at_5": 0.16264,
        "precision_at_10": 0.0853,
        "precision_at_20": 0.04441,
        "precision_at_100": 0.00943,
        "precision_at_1000": 0.00099,
        "mrr_at_1": 0.658444,
        "mrr_at_3": 0.710767,
        "mrr_at_5": 0.719274,
        "mrr_at_10": 0.72466,
        "mrr_at_20": 0.727158,
        "mrr_at_100": 0.728527,
        "mrr_at_1000": 0.728775,
        "nauc_ndcg_at_1_max": 0.573975,
        "nauc_ndcg_at_1_std": -0.245771,
        "nauc_ndcg_at_1_diff1": 0.841431,
        "nauc_ndcg_at_3_max": 0.595045,
        "nauc_ndcg_at_3_std": -0.260742,
        "nauc_ndcg_at_3_diff1": 0.808924,
        "nauc_ndcg_at_5_max": 0.598193,
        "nauc_ndcg_at_5_std": -0.258706,
        "nauc_ndcg_at_5_diff1": 0.804313,
        "nauc_ndcg_at_10_max": 0.597794,
        "nauc_ndcg_at_10_std": -0.258736,
        "nauc_ndcg_at_10_diff1": 0.806305,
        "nauc_ndcg_at_20_max": 0.596131,
        "nauc_ndcg_at_20_std": -0.256306,
        "nauc_ndcg_at_20_diff1": 0.806693,
        "nauc_ndcg_at_100_max": 0.595483,