{
  "dataset_revision": "b0f12fa0c0dd67f59c95a5c33d02aeeb4c398c5f",
  "task_name": "CodeFeedbackMT",
  "mteb_version": "1.18.0",
  "scores": {
    "test": [
      {
        "ndcg_at_1": 0.48776,
        "ndcg_at_3": 0.56502,
        "ndcg_at_5": 0.58581,
        "ndcg_at_10": 0.60477,
        "ndcg_at_20": 0.61743,
        "ndcg_at_100": 0.63531,
        "ndcg_at_1000": 0.64662,
        "map_at_1": 0.48776,
        "map_at_3": 0.54633,
        "map_at_5": 0.55786,
        "map_at_10": 0.56575,
        "map_at_20": 0.56924,
        "map_at_100": 0.57165,
        "map_at_1000": 0.57206,
        "recall_at_1": 0.48776,
        "recall_at_3": 0.61897,
        "recall_at_5": 0.6695,
        "recall_at_10": 0.7278,
        "recall_at_20": 0.77774,
        "recall_at_100": 0.87497,
        "recall_at_1000": 0.96513,
        "precision_at_1": 0.48776,
        "precision_at_3": 0.20632,
        "precision_at_5": 0.1339,
        "precision_at_10": 0.07278,
        "precision_at_20": 0.03889,
        "precision_at_100": 0.00875,
        "precision_at_1000": 0.00097,
        "mrr_at_1": 0.487761,
        "mrr_at_3": 0.546333,
        "mrr_at_5": 0.557857,
        "mrr_at_10": 0.565747,
        "mrr_at_20": 0.569237,
        "mrr_at_100": 0.571652,
        "mrr_at_1000": 0.572059,
        "nauc_ndcg_at_1_max": 0.244682,
        "nauc_ndcg_at_1_std": -0.280996,
        "nauc_ndcg_at_1_diff1": 0.712455,
        "nauc_ndcg_at_3_max": 0.256142,
        "nauc_ndcg_at_3_std": -0.278902,
        "nauc_ndcg_at_3_diff1": 0.666632,
        "nauc_ndcg_at_5_max": 0.255283,
        "nauc_ndcg_at_5_std": -0.276372,
        "nauc_ndcg_at_5_diff1": 0.659245,
        "nauc_ndcg_at_10_max": 0.255385,
        "nauc_ndcg_at_10_std": -0.272342,
        "nauc_ndcg_at_10_diff1": 0.657944,
        "nauc_ndcg_at_20_max": 0.256234,
        "nauc_ndcg_at_20_std": -0.268708,
        "nauc_ndcg_at_20_diff1": 0.6572,
        "nauc_ndcg_at_100_max": 0.258295,
        "nauc_ndcg_at_100_std": -0.260152,
        "nauc_ndcg_at_100_diff1": 0.657137,
        "nauc_ndcg_at_1000_max": 0.259674,
        "nauc_ndcg_at_1000_std": -0.26252,
        "nauc_ndcg_at_1000_diff1": 0.661946,
        "nauc_map_at_1_max": 0.244682,
        "nauc_map_at_1_std": -0.280996,
        "nauc_map_at_1_diff1": 0.712455,
        "nauc_map_at_3_max": 0.253609,
        "nauc_map_at_3_std": -0.279771,
        "nauc_map_at_3_diff1": 0.678168,
        "nauc_map_at_5_max": 0.253123,
        "nauc_map_at_5_std": -0.278561,
        "nauc_map_at_5_diff1": 0.674493,
        "nauc_map_at_10_max": 0.253009,
        "nauc_map_at_10_std": -0.277112,
        "nauc_map_at_10_diff1": 0.674121,
        "nauc_map_at_20_max": 0.253243,
        "nauc_map_at_20_std": -0.276237,
        "nauc_map_at_20_diff1": 0.674092,
        "nauc_map_at_100_max": 0.253432,
        "nauc_map_at_100_std": -0.275297,
        "nauc_map_at_100_diff1": 0.674145,
        "nauc_map_at_1000_max": 0.253466,
        "nauc_map_at_1000_std": -0.275336,
        "nauc_map_at_1000_diff1": 0.674278,
        "nauc_recall_at_1_max": 0.244682,
        "nauc_recall_at_1_std": -0.280996,
        "nauc_recall_at_1_diff1": 0.712455,
        "nauc_recall_at_3_max": 0.263921,
        "nauc_recall_at_3_std": -0.276022,
        "nauc_recall_at_3_diff1": 0.630475,
        "nauc_recall_at_5_max": 0.262238,
        "nauc_recall_at_5_std": -0.268162,
        "nauc_recall_at_5_diff1": 0.606273,
        "nauc_recall_at_10_max": 0.26454,
        "nauc_recall_at_10_std": -0.250638,
        "nauc_recall_at_10_diff1": 0.593698,
        "nauc_recall_at_20_max": 0.270556,
        "nauc_recall_at_20_std": -0.226059,
        "nauc_recall_at_20_diff1": 0.577691,
        "nauc_recall_at_100_max": 0.306674,
        "nauc_recall_at_100_std": -0.091353,
        "nauc_recall_at_100_diff1": 0.525351,
        "nauc_recall_at_1000_max": 0.508266,
        "nauc_recall_at_1000_std": 0.15505,
        "nauc_recall_at_1000_diff1": 0.506033,
        "nauc_precision_at_1_max": 0.244682,
        "nauc_precision_at_1_std": -0.280996,
        "nauc_precision_at_1_diff1": 0.712455,
        "nauc_precision_at_3_max": 0.263921,
        "nauc_precision_at_3_std": -0.276022,
        "nauc_precision_at_3_diff1": 0.630475,
        "nauc_precision_at_5_max": 0.262238,
        "nauc_precision_at_5_std": -0.268162,
        "nauc_precision_at_5_diff1": 0.606273,
        "nauc_precision_at_10_max": 0.26454,
        "nauc_precision_at_10_std": -0.250638,
        "nauc_precision_at_10_diff1": 0.593698,
        "nauc_precision_at_20_max": 0.270556,
        "nauc_precision_at_20_std": -0.226059,
        "nauc_precision_at_20_diff1": 0.577691,
        "nauc_precision_at_100_max": 0.306674,
        "nauc_precision_at_100_std": -0.091353,
        "nauc_precision_at_100_diff1": 0.525351,
        "nauc_precision_at_1000_max": 0.508266,
        "nauc_precision_at_1000_std": 0.15505,
        "nauc_precision_at_1000_diff1": 0.506033,
        "nauc_mrr_at_1_max": 0.244682,
        "nauc_mrr_at_1_std": -0.280996,
        "nauc_mrr_at_1_diff1": 0.712455,
        "nauc_mrr_at_3_max": 0.253609,
        "nauc_mrr_at_3_std": -0.279771,
        "nauc_mrr_at_3_diff1": 0.678168,
        "nauc_mrr_at_5_max": 0.253123,
        "nauc_mrr_at_5_std": -0.278561,
        "nauc_mrr_at_5_diff1": 0.674493,
        "nauc_mrr_at_10_max": 0.253009,
        "nauc_mrr_at_10_std": -0.277112,
        "nauc_mrr_at_10_diff1": 0.674121,
        "nauc_mrr_at_20_max": 0.253243,
        "nauc_mrr_at_20_std": -0.276237,
        "nauc_mrr_at_20_diff1": 0.674092,
        "nauc_mrr_at_100_max": 0.253432,
        "nauc_mrr_at_100_std": -0.275297,
        "nauc_mrr_at_100_diff1": 0.674145,
        "nauc_mrr_at_1000_max": 0.253466,
        "nauc_mrr_at_1000_std": -0.275336,
        "nauc_mrr_at_1000_diff1": 0.674278,
        "main_score": 0.60477,
        "hf_subset": "default",
        "languages": [
          "eng-Latn"
        ]
      }
    ]
  },
  "evaluation_time": 3002.656994819641,
  "kg_co2_emissions": null
}