{
  "dataset_revision": "50e79c314a7603ebc92236b66a0973d51a00ed8c",
  "task_name": "JSTS",
  "mteb_version": "1.18.0",
  "scores": {
    "validation": [
      {
        "pearson": 0.504652,
        "spearman": 0.497028,
        "cosine_pearson": 0.504652,
        "cosine_spearman": 0.497033,
        "manhattan_pearson": 0.487892,
        "manhattan_spearman": 0.496417,
        "euclidean_pearson": 0.488272,
        "euclidean_spearman": 0.497034,
        "main_score": 0.497033,
        "hf_subset": "default",
        "languages": [
          "jpn-Jpan"
        ]
      }
    ]
  },
  "evaluation_time": 1.6662297248840332,
  "kg_co2_emissions": 6.78661944062453e-05
}