{
    "dataset_revision": "b0fddb56ed78048fa8b90373c8a3cfc37b684831",
    "task_name": "STSBenchmark",
    "evaluation_time": null,
    "mteb_version": null,
    "scores": {
        "test": [
            {
                "hf_subset": "default",
                "languages": [
                    "eng-Latn"
                ],
                "cos_sim_pearson": 0.8500757054859711,
                "cos_sim_spearman": 0.8729283629622222,
                "euclidean_pearson": 0.8654824171775536,
                "euclidean_spearman": 0.8724364730491402,
                "manhattan_pearson": 0.865062156915074,
                "manhattan_spearman": 0.8715052170378574,
                "cosine_pearson": 0.8500757054859711,
                "cosine_spearman": 0.8729283629622222,
                "main_score": 0.8729283629622222
            }
        ]
    }
}