{
  "dataset_revision": "1271c7809071a13532e05f25fb53511ffce77117",
  "evaluation_time": 220.87131595611572,
  "kg_co2_emissions": null,
  "mteb_version": "1.14.5",
  "scores": {
    "dev": [
      {
        "hf_subset": "default",
        "languages": [
          "cmn-Hans"
        ],
        "main_score": 0.83572,
        "map_at_1": 0.71707,
        "map_at_10": 0.79922,
        "map_at_100": 0.80157,
        "map_at_1000": 0.80162,
        "map_at_20": 0.80104,
        "map_at_3": 0.78249,
        "map_at_5": 0.79307,
        "mrr_at_1": 0.7175974710221286,
        "mrr_at_10": 0.7987204576245676,
        "mrr_at_100": 0.8009767154502381,
        "mrr_at_1000": 0.8010185964863221,
        "mrr_at_20": 0.8004399727713664,
        "mrr_at_3": 0.7824025289778715,
        "mrr_at_5": 0.7926765015806115,
        "nauc_map_at_1000_diff1": 0.8152284390664979,
        "nauc_map_at_1000_max": 0.4463234283883373,
        "nauc_map_at_1000_std": -0.47850293285619305,
        "nauc_map_at_100_diff1": 0.8152100071348303,
        "nauc_map_at_100_max": 0.44642284338915506,
        "nauc_map_at_100_std": -0.47841695586858607,
        "nauc_map_at_10_diff1": 0.8143770039987678,
        "nauc_map_at_10_max": 0.44585850982173425,
        "nauc_map_at_10_std": -0.48156245834201267,
        "nauc_map_at_1_diff1": 0.8369279589543956,
        "nauc_map_at_1_max": 0.42726879215025554,
        "nauc_map_at_1_std": -0.44700065916240694,
        "nauc_map_at_20_diff1": 0.8151268499308847,
        "nauc_map_at_20_max": 0.4473335495347544,
        "nauc_map_at_20_std": -0.4781253728609098,
        "nauc_map_at_3_diff1": 0.810928229293524,
        "nauc_map_at_3_max": 0.4382896901423166,
        "nauc_map_at_3_std": -0.5009220343576591,
        "nauc_map_at_5_diff1": 0.8135276050033047,
        "nauc_map_at_5_max": 0.4446828470617831,
        "nauc_map_at_5_std": -0.4895420212471962,
        "nauc_mrr_at_1000_diff1": 0.8165444607592864,
        "nauc_mrr_at_1000_max": 0.4452944037683418,
        "nauc_mrr_at_1000_std": -0.47805391814183895,
        "nauc_mrr_at_100_diff1": 0.8165257651778105,
        "nauc_mrr_at_100_max": 0.44539381939255,
        "nauc_mrr_at_100_std": -0.4779682542006359,
        "nauc_mrr_at_10_diff1": 0.8157516955593306,
        "nauc_mrr_at_10_max": 0.4449034329407594,
        "nauc_mrr_at_10_std": -0.48078881610512164,
        "nauc_mrr_at_1_diff1": 0.8375945552875346,
        "nauc_mrr_at_1_max": 0.43235530167694036,
        "nauc_mrr_at_1_std": -0.4397886077163575,
        "nauc_mrr_at_20_diff1": 0.8164388709777665,
        "nauc_mrr_at_20_max": 0.4463054095097717,
        "nauc_mrr_at_20_std": -0.4776787168668864,
        "nauc_mrr_at_3_diff1": 0.811872928099149,
        "nauc_mrr_at_3_max": 0.43722637648495555,
        "nauc_mrr_at_3_std": -0.5011436795446822,
        "nauc_mrr_at_5_diff1": 0.8144924833814617,
        "nauc_mrr_at_5_max": 0.44560342922734925,
        "nauc_mrr_at_5_std": -0.4868817297600495,
        "nauc_ndcg_at_1000_diff1": 0.812035152362757,
        "nauc_ndcg_at_1000_max": 0.45160141232416456,
        "nauc_ndcg_at_1000_std": -0.4802399592976872,
        "nauc_ndcg_at_100_diff1": 0.8117127895908737,
        "nauc_ndcg_at_100_max": 0.45448749317860565,
        "nauc_ndcg_at_100_std": -0.47683313913693853,
        "nauc_ndcg_at_10_diff1": 0.8076913374523405,
        "nauc_ndcg_at_10_max": 0.45375931056927726,
        "nauc_ndcg_at_10_std": -0.4898726639069074,
        "nauc_ndcg_at_1_diff1": 0.8359001402963995,
        "nauc_ndcg_at_1_max": 0.4321598557077649,
        "nauc_ndcg_at_1_std": -0.4416770631527694,
        "nauc_ndcg_at_20_diff1": 0.8105322381052376,
        "nauc_ndcg_at_20_max": 0.4598967449397912,
        "nauc_ndcg_at_20_std": -0.4755546544327665,
        "nauc_ndcg_at_3_diff1": 0.8005733337011732,
        "nauc_ndcg_at_3_max": 0.4394770020477209,
        "nauc_ndcg_at_3_std": -0.5266124319493305,
        "nauc_ndcg_at_5_diff1": 0.8050805326659672,
        "nauc_ndcg_at_5_max": 0.45245023273443424,
        "nauc_ndcg_at_5_std": -0.5063193742340604,
        "nauc_precision_at_1000_diff1": -0.355207026024867,
        "nauc_precision_at_1000_max": 0.21153284922927515,
        "nauc_precision_at_1000_std": 0.5761623978762754,
        "nauc_precision_at_100_diff1": -0.0234545691404008,
        "nauc_precision_at_100_max": 0.3872438116802178,
        "nauc_precision_at_100_std": 0.39676250070289876,
        "nauc_precision_at_10_diff1": 0.46858776841682637,
        "nauc_precision_at_10_max": 0.4732738242443016,
        "nauc_precision_at_10_std": -0.23839307262103446,
        "nauc_precision_at_1_diff1": 0.8359001402963995,
        "nauc_precision_at_1_max": 0.4321598557077649,
        "nauc_precision_at_1_std": -0.4416770631527694,
        "nauc_precision_at_20_diff1": 0.26163016747533285,
        "nauc_precision_at_20_max": 0.48785775030640316,
        "nauc_precision_at_20_std": 0.0891462449696288,
        "nauc_precision_at_3_diff1": 0.6961944183161761,
        "nauc_precision_at_3_max": 0.43025477333506623,
        "nauc_precision_at_3_std": -0.567095903271292,
        "nauc_precision_at_5_diff1": 0.6295447806132701,
        "nauc_precision_at_5_max": 0.47325925965547805,
        "nauc_precision_at_5_std": -0.44835888176447575,
        "nauc_recall_at_1000_diff1": 0.6380965844355385,
        "nauc_recall_at_1000_max": 0.8692657390825488,
        "nauc_recall_at_1000_std": -0.5627898233130751,
        "nauc_recall_at_100_diff1": 0.7517992286888403,
        "nauc_recall_at_100_max": 0.824179911801729,
        "nauc_recall_at_100_std": -0.14282891546914264,
        "nauc_recall_at_10_diff1": 0.7474765821960526,
        "nauc_recall_at_10_max": 0.5335097592742508,
        "nauc_recall_at_10_std": -0.560417516530261,
        "nauc_recall_at_1_diff1": 0.8369279589543956,
        "nauc_recall_at_1_max": 0.42726879215025554,
        "nauc_recall_at_1_std": -0.44700065916240694,
        "nauc_recall_at_20_diff1": 0.7503753013400263,
        "nauc_recall_at_20_max": 0.7231674968907085,
        "nauc_recall_at_20_std": -0.3240211561050124,
        "nauc_recall_at_3_diff1": 0.7578557292704541,
        "nauc_recall_at_3_max": 0.4438059471866512,
        "nauc_recall_at_3_std": -0.632936104485851,
        "nauc_recall_at_5_diff1": 0.7593281788480695,
        "nauc_recall_at_5_max": 0.49418962296105745,
        "nauc_recall_at_5_std": -0.6043908432341324,
        "ndcg_at_1": 0.71865,
        "ndcg_at_10": 0.83572,
        "ndcg_at_100": 0.84526,
        "ndcg_at_1000": 0.84634,
        "ndcg_at_20": 0.84193,
        "ndcg_at_3": 0.80192,
        "ndcg_at_5": 0.82135,
        "precision_at_1": 0.71865,
        "precision_at_10": 0.09579,
        "precision_at_100": 0.01,
        "precision_at_1000": 0.00101,
        "precision_at_20": 0.04916,
        "precision_at_3": 0.28732,
        "precision_at_5": 0.18251,
        "recall_at_1": 0.71707,
        "recall_at_10": 0.94889,
        "recall_at_100": 0.98946,
        "recall_at_1000": 0.99789,
        "recall_at_20": 0.9726,
        "recall_at_3": 0.85774,
        "recall_at_5": 0.90516
      }
    ]
  },
  "task_name": "CovidRetrieval"
}