{
  "dataset_revision": "cd540c506dae1cf9e9a59c3e06f42030d54e7301",
  "task_name": "CmedqaRetrieval",
  "mteb_version": "1.18.0",
  "scores": {
    "dev": [
      {
        "ndcg_at_1": 0.0015,
        "ndcg_at_3": 0.0017,
        "ndcg_at_5": 0.002,
        "ndcg_at_10": 0.00255,
        "ndcg_at_20": 0.00313,
        "ndcg_at_100": 0.00555,
        "ndcg_at_1000": 0.01992,
        "map_at_1": 0.00096,
        "map_at_3": 0.0013,
        "map_at_5": 0.00146,
        "map_at_10": 0.00167,
        "map_at_20": 0.00181,
        "map_at_100": 0.00208,
        "map_at_1000": 0.0024,
        "recall_at_1": 0.00096,
        "recall_at_3": 0.00181,
        "recall_at_5": 0.00261,
        "recall_at_10": 0.00423,
        "recall_at_20": 0.00634,
        "recall_at_100": 0.01801,
        "recall_at_1000": 0.12887,
        "precision_at_1": 0.0015,
        "precision_at_3": 0.00108,
        "precision_at_5": 0.0009,
        "precision_at_10": 0.00068,
        "precision_at_20": 0.0005,
        "precision_at_100": 0.00032,
        "precision_at_1000": 0.00022,
        "mrr_at_1": 0.0015,
        "mrr_at_3": 0.002209,
        "mrr_at_5": 0.002471,
        "mrr_at_10": 0.002759,
        "mrr_at_20": 0.00298,
        "mrr_at_100": 0.003438,
        "mrr_at_1000": 0.003871,
        "nauc_ndcg_at_1_max": -0.507073,
        "nauc_ndcg_at_1_std": 0.29195,
        "nauc_ndcg_at_1_diff1": 0.830972,
        "nauc_ndcg_at_3_max": -0.48899,
        "nauc_ndcg_at_3_std": 0.378685,
        "nauc_ndcg_at_3_diff1": 0.764196,
        "nauc_ndcg_at_5_max": -0.441167,
        "nauc_ndcg_at_5_std": 0.256018,
        "nauc_ndcg_at_5_diff1": 0.642215,
        "nauc_ndcg_at_10_max": -0.36322,
        "nauc_ndcg_at_10_std": 0.184926,
        "nauc_ndcg_at_10_diff1": 0.515274,
        "nauc_ndcg_at_20_max": -0.346181,
        "nauc_ndcg_at_20_std": 0.131749,
        "nauc_ndcg_at_20_diff1": 0.453545,
        "nauc_ndcg_at_100_max": -0.289216,
        "nauc_ndcg_at_100_std": 0.04618,
        "nauc_ndcg_at_100_diff1": 0.309964,
        "nauc_ndcg_at_1000_max": -0.146812,
        "nauc_ndcg_at_1000_std": 0.028357,
        "nauc_ndcg_at_1000_diff1": 0.126388,
        "nauc_map_at_1_max": -0.49164,
        "nauc_map_at_1_std": 0.358668,
        "nauc_map_at_1_diff1": 0.853019,
        "nauc_map_at_3_max": -0.49023,
        "nauc_map_at_3_std": 0.36361,
        "nauc_map_at_3_diff1": 0.783711,
        "nauc_map_at_5_max": -0.462083,
        "nauc_map_at_5_std": 0.288749,
        "nauc_map_at_5_diff1": 0.69938,
        "nauc_map_at_10_max": -0.416875,
        "nauc_map_at_10_std": 0.245996,
        "nauc_map_at_10_diff1": 0.622926,
        "nauc_map_at_20_max": -0.407343,
        "nauc_map_at_20_std": 0.222421,
        "nauc_map_at_20_diff1": 0.592606,
        "nauc_map_at_100_max": -0.388216,
        "nauc_map_at_100_std": 0.191971,
        "nauc_map_at_100_diff1": 0.541363,
        "nauc_map_at_1000_max": -0.356517,
        "nauc_map_at_1000_std": 0.172745,
        "nauc_map_at_1000_diff1": 0.483068,
        "nauc_recall_at_1_max": -0.49164,
        "nauc_recall_at_1_std": 0.358668,
        "nauc_recall_at_1_diff1": 0.853019,
        "nauc_recall_at_3_max": -0.497265,
        "nauc_recall_at_3_std": 0.41956,
        "nauc_recall_at_3_diff1": 0.761773,
        "nauc_recall_at_5_max": -0.421728,
        "nauc_recall_at_5_std": 0.195854,
        "nauc_recall_at_5_diff1": 0.534309,
        "nauc_recall_at_10_max": -0.285715,
        "nauc_recall_at_10_std": 0.113205,
        "nauc_recall_at_10_diff1": 0.353312,
        "nauc_recall_at_20_max": -0.283135,
        "nauc_recall_at_20_std": 0.043158,
        "nauc_recall_at_20_diff1": 0.305462,
        "nauc_recall_at_100_max": -0.23022,
        "nauc_recall_at_100_std": -0.031205,
        "nauc_recall_at_100_diff1": 0.185675,
        "nauc_recall_at_1000_max": -0.09463,
        "nauc_recall_at_1000_std": 0.01285,
        "nauc_recall_at_1000_diff1": 0.063242,
        "nauc_precision_at_1_max": -0.507073,
        "nauc_precision_at_1_std": 0.29195,
        "nauc_precision_at_1_diff1": 0.830972,
        "nauc_precision_at_3_max": -0.485985,
        "nauc_precision_at_3_std": 0.413084,
        "nauc_precision_at_3_diff1": 0.728613,
        "nauc_precision_at_5_max": -0.377262,
        "nauc_precision_at_5_std": 0.211648,
        "nauc_precision_at_5_diff1": 0.553526,
        "nauc_precision_at_10_max": -0.28493,
        "nauc_precision_at_10_std": 0.098595,
        "nauc_precision_at_10_diff1": 0.384836,
        "nauc_precision_at_20_max": -0.271266,
        "nauc_precision_at_20_std": 0.018039,
        "nauc_precision_at_20_diff1": 0.289894,
        "nauc_precision_at_100_max": -0.227891,
        "nauc_precision_at_100_std": -0.048076,
        "nauc_precision_at_100_diff1": 0.146487,
        "nauc_precision_at_1000_max": -0.113961,
        "nauc_precision_at_1000_std": 0.000875,
        "nauc_precision_at_1000_diff1": 0.056115,
        "nauc_mrr_at_1_max": -0.507073,
        "nauc_mrr_at_1_std": 0.29195,
        "nauc_mrr_at_1_diff1": 0.830972,
        "nauc_mrr_at_3_max": -0.486441,
        "nauc_mrr_at_3_std": 0.334027,
        "nauc_mrr_at_3_diff1": 0.749273,
        "nauc_mrr_at_5_max": -0.440983,
        "nauc_mrr_at_5_std": 0.265352,
        "nauc_mrr_at_5_diff1": 0.681255,
        "nauc_mrr_at_10_max": -0.408516,
        "nauc_mrr_at_10_std": 0.222709,
        "nauc_mrr_at_10_diff1": 0.618095,
        "nauc_mrr_at_20_max": -0.397033,
        "nauc_mrr_at_20_std": 0.19658,
        "nauc_mrr_at_20_diff1": 0.579217,
        "nauc_mrr_at_100_max": -0.374237,
        "nauc_mrr_at_100_std": 0.163213,
        "nauc_mrr_at_100_diff1": 0.519497,
        "nauc_mrr_at_1000_max": -0.346618,
        "nauc_mrr_at_1000_std": 0.147844,
        "nauc_mrr_at_1000_diff1": 0.47048,
        "main_score": 0.00255,
        "hf_subset": "default",
        "languages": [
          "cmn-Hans"
        ]
      }
    ]
  },
  "evaluation_time": 33.87632918357849,
  "kg_co2_emissions": 0.0015127113383347768
}