{
  "dataset_revision": "3bb1a05c66872889662af04c5691c14489cebd72",
  "task_name": "LegalSummarization",
  "mteb_version": "1.18.0",
  "scores": {
    "test": [
      {
        "ndcg_at_1": 0.28169,
        "ndcg_at_3": 0.33068,
        "ndcg_at_5": 0.34437,
        "ndcg_at_10": 0.38018,
        "ndcg_at_20": 0.41127,
        "ndcg_at_100": 0.46385,
        "ndcg_at_1000": 0.48304,
        "map_at_1": 0.23961,
        "map_at_3": 0.29511,
        "map_at_5": 0.30613,
        "map_at_10": 0.32324,
        "map_at_20": 0.33327,
        "map_at_100": 0.3426,
        "map_at_1000": 0.34373,
        "recall_at_1": 0.23961,
        "recall_at_3": 0.36389,
        "recall_at_5": 0.40486,
        "recall_at_10": 0.5098,
        "recall_at_20": 0.62333,
        "recall_at_100": 0.8725,
        "recall_at_1000": 1.0,
        "precision_at_1": 0.28169,
        "precision_at_3": 0.1561,
        "precision_at_5": 0.10704,
        "precision_at_10": 0.07113,
        "precision_at_20": 0.04454,
        "precision_at_100": 0.01313,
        "precision_at_1000": 0.00155,
        "mrr_at_1": 0.28169,
        "mrr_at_3": 0.340962,
        "mrr_at_5": 0.350646,
        "mrr_at_10": 0.365438,
        "mrr_at_20": 0.372208,
        "mrr_at_100": 0.378483,
        "mrr_at_1000": 0.378934,
        "nauc_ndcg_at_1_max": 0.360721,
        "nauc_ndcg_at_1_std": -0.007466,
        "nauc_ndcg_at_1_diff1": 0.466977,
        "nauc_ndcg_at_3_max": 0.379465,
        "nauc_ndcg_at_3_std": 0.043222,
        "nauc_ndcg_at_3_diff1": 0.386463,
        "nauc_ndcg_at_5_max": 0.392509,
        "nauc_ndcg_at_5_std": 0.048867,
        "nauc_ndcg_at_5_diff1": 0.389448,
        "nauc_ndcg_at_10_max": 0.372017,
        "nauc_ndcg_at_10_std": 0.052861,
        "nauc_ndcg_at_10_diff1": 0.383884,
        "nauc_ndcg_at_20_max": 0.3835,
        "nauc_ndcg_at_20_std": 0.053489,
        "nauc_ndcg_at_20_diff1": 0.38414,
        "nauc_ndcg_at_100_max": 0.378744,
        "nauc_ndcg_at_100_std": 0.056581,
        "nauc_ndcg_at_100_diff1": 0.372777,
        "nauc_ndcg_at_1000_max": 0.375873,
        "nauc_ndcg_at_1000_std": 0.053153,
        "nauc_ndcg_at_1000_diff1": 0.38552,
        "nauc_map_at_1_max": 0.34925,
        "nauc_map_at_1_std": -0.026356,
        "nauc_map_at_1_diff1": 0.447295,
        "nauc_map_at_3_max": 0.375106,
        "nauc_map_at_3_std": 0.023682,
        "nauc_map_at_3_diff1": 0.405551,
        "nauc_map_at_5_max": 0.38543,
        "nauc_map_at_5_std": 0.030401,
        "nauc_map_at_5_diff1": 0.408132,
        "nauc_map_at_10_max": 0.378565,
        "nauc_map_at_10_std": 0.034901,
        "nauc_map_at_10_diff1": 0.402977,
        "nauc_map_at_20_max": 0.383247,
        "nauc_map_at_20_std": 0.036317,
        "nauc_map_at_20_diff1": 0.400482,
        "nauc_map_at_100_max": 0.383365,
        "nauc_map_at_100_std": 0.040708,
        "nauc_map_at_100_diff1": 0.397058,
        "nauc_map_at_1000_max": 0.383134,
        "nauc_map_at_1000_std": 0.040511,
        "nauc_map_at_1000_diff1": 0.397717,
        "nauc_recall_at_1_max": 0.34925,
        "nauc_recall_at_1_std": -0.026356,
        "nauc_recall_at_1_diff1": 0.447295,
        "nauc_recall_at_3_max": 0.383632,
        "nauc_recall_at_3_std": 0.082046,
        "nauc_recall_at_3_diff1": 0.331598,
        "nauc_recall_at_5_max": 0.403406,
        "nauc_recall_at_5_std": 0.090194,
        "nauc_recall_at_5_diff1": 0.329457,
        "nauc_recall_at_10_max": 0.337979,
        "nauc_recall_at_10_std": 0.104334,
        "nauc_recall_at_10_diff1": 0.299094,
        "nauc_recall_at_20_max": 0.378984,
        "nauc_recall_at_20_std": 0.104969,
        "nauc_recall_at_20_diff1": 0.297523,
        "nauc_recall_at_100_max": 0.350779,
        "nauc_recall_at_100_std": 0.09629,
        "nauc_recall_at_100_diff1": 0.141027,
        "nauc_recall_at_1000_max": NaN,
        "nauc_recall_at_1000_std": NaN,
        "nauc_recall_at_1000_diff1": NaN,
        "nauc_precision_at_1_max": 0.360721,
        "nauc_precision_at_1_std": -0.007466,
        "nauc_precision_at_1_diff1": 0.466977,
        "nauc_precision_at_3_max": 0.368144,
        "nauc_precision_at_3_std": 0.095733,
        "nauc_precision_at_3_diff1": 0.299164,
        "nauc_precision_at_5_max": 0.372737,
        "nauc_precision_at_5_std": 0.124813,
        "nauc_precision_at_5_diff1": 0.270647,
        "nauc_precision_at_10_max": 0.273474,
        "nauc_precision_at_10_std": 0.124033,
        "nauc_precision_at_10_diff1": 0.166114,
        "nauc_precision_at_20_max": 0.243896,
        "nauc_precision_at_20_std": 0.133072,
        "nauc_precision_at_20_diff1": 0.071589,
        "nauc_precision_at_100_max": 0.089828,
        "nauc_precision_at_100_std": 0.155766,
        "nauc_precision_at_100_diff1": -0.118563,
        "nauc_precision_at_1000_max": -0.0297,
        "nauc_precision_at_1000_std": 0.094901,
        "nauc_precision_at_1000_diff1": -0.135674,
        "nauc_mrr_at_1_max": 0.360721,
        "nauc_mrr_at_1_std": -0.007466,
        "nauc_mrr_at_1_diff1": 0.466977,
        "nauc_mrr_at_3_max": 0.362225,
        "nauc_mrr_at_3_std": 0.018755,
        "nauc_mrr_at_3_diff1": 0.422476,
        "nauc_mrr_at_5_max": 0.36851,
        "nauc_mrr_at_5_std": 0.024206,
        "nauc_mrr_at_5_diff1": 0.418985,
        "nauc_mrr_at_10_max": 0.359457,
        "nauc_mrr_at_10_std": 0.025147,
        "nauc_mrr_at_10_diff1": 0.416165,
        "nauc_mrr_at_20_max": 0.361759,
        "nauc_mrr_at_20_std": 0.025396,
        "nauc_mrr_at_20_diff1": 0.420163,
        "nauc_mrr_at_100_max": 0.360901,
        "nauc_mrr_at_100_std": 0.02585,
        "nauc_mrr_at_100_diff1": 0.419401,
        "nauc_mrr_at_1000_max": 0.361045,
        "nauc_mrr_at_1000_std": 0.025863,
        "nauc_mrr_at_1000_diff1": 0.419744,
        "main_score": 0.38018,
        "hf_subset": "default",
        "languages": [
          "eng-Latn"
        ]
      }
    ]
  },
  "evaluation_time": 0.48551344871520996,
  "kg_co2_emissions": 1.5745338322265286e-05
}