{
  "dataset_revision": "ec0fa4fe99da2ff19ca1214b7966684033a58814",
  "task_name": "NFCorpus",
  "mteb_version": "1.18.0",
  "scores": {
    "test": [
      {
        "ndcg_at_1": 0.02322,
        "ndcg_at_3": 0.0234,
        "ndcg_at_5": 0.02329,
        "ndcg_at_10": 0.02817,
        "ndcg_at_20": 0.03012,
        "ndcg_at_100": 0.04037,
        "ndcg_at_1000": 0.13204,
        "map_at_1": 0.00118,
        "map_at_3": 0.00271,
        "map_at_5": 0.00317,
        "map_at_10": 0.00404,
        "map_at_20": 0.00464,
        "map_at_100": 0.00639,
        "map_at_1000": 0.01171,
        "recall_at_1": 0.00118,
        "recall_at_3": 0.00429,
        "recall_at_5": 0.00643,
        "recall_at_10": 0.01223,
        "recall_at_20": 0.01933,
        "recall_at_100": 0.05977,
        "recall_at_1000": 0.39,
        "precision_at_1": 0.02477,
        "precision_at_3": 0.0227,
        "precision_at_5": 0.02167,
        "precision_at_10": 0.02632,
        "precision_at_20": 0.02508,
        "precision_at_100": 0.0182,
        "precision_at_1000": 0.01291,
        "mrr_at_1": 0.024768,
        "mrr_at_3": 0.040248,
        "mrr_at_5": 0.047059,
        "mrr_at_10": 0.056984,
        "mrr_at_20": 0.064125,
        "mrr_at_100": 0.070179,
        "mrr_at_1000": 0.071845,
        "nauc_ndcg_at_1_max": 0.185718,
        "nauc_ndcg_at_1_std": 0.221408,
        "nauc_ndcg_at_1_diff1": 0.166719,
        "nauc_ndcg_at_3_max": 0.143778,
        "nauc_ndcg_at_3_std": 0.153214,
        "nauc_ndcg_at_3_diff1": 0.063429,
        "nauc_ndcg_at_5_max": 0.06982,
        "nauc_ndcg_at_5_std": 0.09884,
        "nauc_ndcg_at_5_diff1": -0.022514,
        "nauc_ndcg_at_10_max": -0.039369,
        "nauc_ndcg_at_10_std": 0.026241,
        "nauc_ndcg_at_10_diff1": -0.102154,
        "nauc_ndcg_at_20_max": -0.051362,
        "nauc_ndcg_at_20_std": -0.00154,
        "nauc_ndcg_at_20_diff1": -0.093101,
        "nauc_ndcg_at_100_max": -0.000369,
        "nauc_ndcg_at_100_std": 0.057952,
        "nauc_ndcg_at_100_diff1": -0.058415,
        "nauc_ndcg_at_1000_max": 0.049328,
        "nauc_ndcg_at_1000_std": -0.018179,
        "nauc_ndcg_at_1000_diff1": -0.048846,
        "nauc_map_at_1_max": 0.289027,
        "nauc_map_at_1_std": 0.401828,
        "nauc_map_at_1_diff1": 0.117766,
        "nauc_map_at_3_max": 0.28886,
        "nauc_map_at_3_std": 0.498962,
        "nauc_map_at_3_diff1": 0.001036,
        "nauc_map_at_5_max": 0.235942,
        "nauc_map_at_5_std": 0.425455,
        "nauc_map_at_5_diff1": -0.049991,
        "nauc_map_at_10_max": 0.153298,
        "nauc_map_at_10_std": 0.306785,
        "nauc_map_at_10_diff1": -0.071342,
        "nauc_map_at_20_max": 0.122127,
        "nauc_map_at_20_std": 0.256067,
        "nauc_map_at_20_diff1": -0.046893,
        "nauc_map_at_100_max": 0.102287,
        "nauc_map_at_100_std": 0.21233,
        "nauc_map_at_100_diff1": -0.041858,
        "nauc_map_at_1000_max": 0.033645,
        "nauc_map_at_1000_std": 0.082196,
        "nauc_map_at_1000_diff1": -0.082707,
        "nauc_recall_at_1_max": 0.289027,
        "nauc_recall_at_1_std": 0.401828,
        "nauc_recall_at_1_diff1": 0.117766,
        "nauc_recall_at_3_max": 0.296138,
        "nauc_recall_at_3_std": 0.512809,
        "nauc_recall_at_3_diff1": -0.041505,
        "nauc_recall_at_5_max": 0.16547,
        "nauc_recall_at_5_std": 0.340734,
        "nauc_recall_at_5_diff1": -0.156616,
        "nauc_recall_at_10_max": 0.008219,
        "nauc_recall_at_10_std": 0.106065,
        "nauc_recall_at_10_diff1": -0.173812,
        "nauc_recall_at_20_max": -0.042162,
        "nauc_recall_at_20_std": 0.007353,
        "nauc_recall_at_20_diff1": -0.043885,
        "nauc_recall_at_100_max": 0.047493,
        "nauc_recall_at_100_std": 0.112904,
        "nauc_recall_at_100_diff1": 0.036441,
        "nauc_recall_at_1000_max": 0.052339,
        "nauc_recall_at_1000_std": 0.007677,
        "nauc_recall_at_1000_diff1": -0.016504,
        "nauc_precision_at_1_max": 0.194347,
        "nauc_precision_at_1_std": 0.181671,
        "nauc_precision_at_1_diff1": 0.218799,
        "nauc_precision_at_3_max": 0.162624,
        "nauc_precision_at_3_std": 0.098121,
        "nauc_precision_at_3_diff1": 0.072783,
        "nauc_precision_at_5_max": 0.042664,
        "nauc_precision_at_5_std": 0.01896,
        "nauc_precision_at_5_diff1": -0.050883,
        "nauc_precision_at_10_max": -0.1047,
        "nauc_precision_at_10_std": -0.095488,
        "nauc_precision_at_10_diff1": -0.123324,
        "nauc_precision_at_20_max": -0.112419,
        "nauc_precision_at_20_std": -0.137122,
        "nauc_precision_at_20_diff1": -0.127452,
        "nauc_precision_at_100_max": -0.124457,
        "nauc_precision_at_100_std": -0.119564,
        "nauc_precision_at_100_diff1": -0.161093,
        "nauc_precision_at_1000_max": -0.153306,
        "nauc_precision_at_1000_std": -0.173123,
        "nauc_precision_at_1000_diff1": -0.163285,
        "nauc_mrr_at_1_max": 0.194347,
        "nauc_mrr_at_1_std": 0.181671,
        "nauc_mrr_at_1_diff1": 0.218799,
        "nauc_mrr_at_3_max": 0.192623,
        "nauc_mrr_at_3_std": 0.191467,
        "nauc_mrr_at_3_diff1": 0.159934,
        "nauc_mrr_at_5_max": 0.126115,
        "nauc_mrr_at_5_std": 0.117992,
        "nauc_mrr_at_5_diff1": 0.077986,
        "nauc_mrr_at_10_max": 0.085663,
        "nauc_mrr_at_10_std": 0.080819,
        "nauc_mrr_at_10_diff1": 0.04404,
        "nauc_mrr_at_20_max": 0.087588,
        "nauc_mrr_at_20_std": 0.059762,
        "nauc_mrr_at_20_diff1": 0.058385,
        "nauc_mrr_at_100_max": 0.088699,
        "nauc_mrr_at_100_std": 0.063437,
        "nauc_mrr_at_100_diff1": 0.056055,
        "nauc_mrr_at_1000_max": 0.091042,
        "nauc_mrr_at_1000_std": 0.064846,
        "nauc_mrr_at_1000_diff1": 0.058129,
        "main_score": 0.02817,
        "hf_subset": "default",
        "languages": [
          "eng-Latn"
        ]
      }
    ]
  },
  "evaluation_time": 2.048116683959961,
  "kg_co2_emissions": 9.877696665004884e-05
}