{
  "dataset_revision": null,
  "dev": {
    "evaluation_time": 20.16,
    "map_at_1": 0.421,
    "map_at_10": 0.47175,
    "map_at_100": 0.47713,
    "map_at_1000": 0.47782,
    "map_at_3": 0.45817,
    "map_at_5": 0.46562,
    "mrr_at_1": 0.422,
    "mrr_at_10": 0.47242,
    "mrr_at_100": 0.4778,
    "mrr_at_1000": 0.47849,
    "mrr_at_3": 0.45883,
    "mrr_at_5": 0.46628,
    "ndcg_at_1": 0.421,
    "ndcg_at_10": 0.49799,
    "ndcg_at_100": 0.52764,
    "ndcg_at_1000": 0.54862,
    "ndcg_at_3": 0.4702,
    "ndcg_at_5": 0.4835,
    "precision_at_1": 0.421,
    "precision_at_10": 0.0581,
    "precision_at_100": 0.00728,
    "precision_at_1000": 0.0009,
    "precision_at_3": 0.16833,
    "precision_at_5": 0.1074,
    "recall_at_1": 0.421,
    "recall_at_10": 0.581,
    "recall_at_100": 0.728,
    "recall_at_1000": 0.899,
    "recall_at_3": 0.505,
    "recall_at_5": 0.537
  },
  "mteb_dataset_name": "MedicalRetrieval",
  "mteb_version": "1.1.0"
}