{
  "dataset_revision": "9c6dc4b276bb47c3ff725bbc5ffcafd56dded38b",
  "task_name": "CovidRetrieval",
  "mteb_version": "2.1.11",
  "scores": {
    "dev": [
      {
        "ndcg_at_1": 0.77028,
        "ndcg_at_3": 0.8472,
        "ndcg_at_5": 0.86276,
        "ndcg_at_10": 0.8752,
        "ndcg_at_20": 0.8785,
        "ndcg_at_100": 0.88083,
        "ndcg_at_1000": 0.88095,
        "map_at_1": 0.76633,
        "map_at_3": 0.8285,
        "map_at_5": 0.83754,
        "map_at_10": 0.84298,
        "map_at_20": 0.84393,
        "map_at_100": 0.84425,
        "map_at_1000": 0.84425,
        "recall_at_1": 0.76633,
        "recall_at_3": 0.89963,
        "recall_at_5": 0.93625,
        "recall_at_10": 0.97366,
        "recall_at_20": 0.9863,
        "recall_at_100": 0.99895,
        "recall_at_1000": 1.0,
        "accuracy": 0.76633,
        "precision_at_1": 0.77028,
        "precision_at_3": 0.30207,
        "precision_at_5": 0.18904,
        "precision_at_10": 0.09842,
        "precision_at_20": 0.04984,
        "precision_at_100": 0.01009,
        "precision_at_1000": 0.00101,
        "mrr_at_1": 0.770285,
        "mrr_at_3": 0.830699,
        "mrr_at_5": 0.838813,
        "mrr_at_10": 0.843967,
        "mrr_at_20": 0.844923,
        "mrr_at_100": 0.845236,
        "mrr_at_1000": 0.845238,
        "nauc_ndcg_at_1_max": 0.516585,
        "nauc_ndcg_at_1_std": -0.576262,
        "nauc_ndcg_at_1_diff1": 0.834989,
        "nauc_ndcg_at_3_max": 0.523677,
        "nauc_ndcg_at_3_std": -0.678688,
        "nauc_ndcg_at_3_diff1": 0.806038,
        "nauc_ndcg_at_5_max": 0.530723,
        "nauc_ndcg_at_5_std": -0.659571,
        "nauc_ndcg_at_5_diff1": 0.808834,
        "nauc_ndcg_at_10_max": 0.537461,
        "nauc_ndcg_at_10_std": -0.629029,
        "nauc_ndcg_at_10_diff1": 0.813504,
        "nauc_ndcg_at_20_max": 0.532982,
        "nauc_ndcg_at_20_std": -0.622644,
        "nauc_ndcg_at_20_diff1": 0.814751,
        "nauc_ndcg_at_100_max": 0.529763,
        "nauc_ndcg_at_100_std": -0.62399,
        "nauc_ndcg_at_100_diff1": 0.815891,
        "nauc_ndcg_at_1000_max": 0.529257,
        "nauc_ndcg_at_1000_std": -0.625048,
        "nauc_ndcg_at_1000_diff1": 0.815992,
        "nauc_map_at_1_max": 0.512289,
        "nauc_map_at_1_std": -0.584876,
        "nauc_map_at_1_diff1": 0.841069,
        "nauc_map_at_3_max": 0.518962,
        "nauc_map_at_3_std": -0.651854,
        "nauc_map_at_3_diff1": 0.815622,
        "nauc_map_at_5_max": 0.523229,
        "nauc_map_at_5_std": -0.639739,
        "nauc_map_at_5_diff1": 0.817415,
        "nauc_map_at_10_max": 0.526238,
        "nauc_map_at_10_std": -0.62687,
        "nauc_map_at_10_diff1": 0.81881,
        "nauc_map_at_20_max": 0.525214,
        "nauc_map_at_20_std": -0.625202,
        "nauc_map_at_20_diff1": 0.819062,
        "nauc_map_at_100_max": 0.524898,
        "nauc_map_at_100_std": -0.625221,
        "nauc_map_at_100_diff1": 0.819123,
        "nauc_map_at_1000_max": 0.52489,
        "nauc_map_at_1000_std": -0.625236,
        "nauc_map_at_1000_diff1": 0.819125,
        "nauc_recall_at_1_max": 0.512289,
        "nauc_recall_at_1_std": -0.584876,
        "nauc_recall_at_1_diff1": 0.841069,
        "nauc_recall_at_3_max": 0.536508,
        "nauc_recall_at_3_std": -0.816233,
        "nauc_recall_at_3_diff1": 0.765695,
        "nauc_recall_at_5_max": 0.572361,
        "nauc_recall_at_5_std": -0.80719,
        "nauc_recall_at_5_diff1": 0.755793,
        "nauc_recall_at_10_max": 0.707551,
        "nauc_recall_at_10_std": -0.639515,
        "nauc_recall_at_10_diff1": 0.755452,
        "nauc_recall_at_20_max": 0.717309,
        "nauc_recall_at_20_std": -0.4641,
        "nauc_recall_at_20_diff1": 0.746634,
        "nauc_recall_at_100_max": 1.0,
        "nauc_recall_at_100_std": 0.357809,
        "nauc_recall_at_100_diff1": 0.722168,
        "nauc_recall_at_1000_max": NaN,
        "nauc_recall_at_1000_std": NaN,
        "nauc_recall_at_1000_diff1": NaN,
        "nauc_precision_at_1_max": 0.516585,
        "nauc_precision_at_1_std": -0.576262,
        "nauc_precision_at_1_diff1": 0.834989,
        "nauc_precision_at_3_max": 0.484743,
        "nauc_precision_at_3_std": -0.713698,
        "nauc_precision_at_3_diff1": 0.65412,
        "nauc_precision_at_5_max": 0.461617,
        "nauc_precision_at_5_std": -0.548297,
        "nauc_precision_at_5_diff1": 0.514756,
        "nauc_precision_at_10_max": 0.411346,
        "nauc_precision_at_10_std": -0.119566,
        "nauc_precision_at_10_diff1": 0.228961,
        "nauc_precision_at_20_max": 0.298522,
        "nauc_precision_at_20_std": 0.160872,
        "nauc_precision_at_20_diff1": 0.017227,
        "nauc_precision_at_100_max": 0.040486,
        "nauc_precision_at_100_std": 0.613618,
        "nauc_precision_at_100_diff1": -0.460315,
        "nauc_precision_at_1000_max": -0.014722,
        "nauc_precision_at_1000_std": 0.628337,
        "nauc_precision_at_1000_diff1": -0.528352,
        "nauc_mrr_at_1_max": 0.516585,
        "nauc_mrr_at_1_std": -0.576262,
        "nauc_mrr_at_1_diff1": 0.834989,
        "nauc_mrr_at_3_max": 0.522538,
        "nauc_mrr_at_3_std": -0.638736,
        "nauc_mrr_at_3_diff1": 0.811456,
        "nauc_mrr_at_5_max": 0.525631,
        "nauc_mrr_at_5_std": -0.631745,
        "nauc_mrr_at_5_diff1": 0.814354,
        "nauc_mrr_at_10_max": 0.527587,
        "nauc_mrr_at_10_std": -0.62091,
        "nauc_mrr_at_10_diff1": 0.816315,
        "nauc_mrr_at_20_max": 0.526567,
        "nauc_mrr_at_20_std": -0.619193,
        "nauc_mrr_at_20_diff1": 0.816552,
        "nauc_mrr_at_100_max": 0.526251,
        "nauc_mrr_at_100_std": -0.619199,
        "nauc_mrr_at_100_diff1": 0.816609,
        "nauc_mrr_at_1000_max": 0.526244,
        "nauc_mrr_at_1000_std": -0.619214,
        "nauc_mrr_at_1000_diff1": 0.81661,
        "cv_recall_at_1": 0.77028,
        "cv_recall_at_3": 0.90306,
        "cv_recall_at_5": 0.93678,
        "cv_recall_at_10": 0.97366,
        "cv_recall_at_20": 0.9863,
        "cv_recall_at_100": 0.99895,
        "cv_recall_at_1000": 1.0,
        "main_score": 0.8752,
        "hf_subset": "default",
        "languages": [
          "cmn-Hans"
        ]
      }
    ]
  },
  "evaluation_time": 289.10834288597107,
  "kg_co2_emissions": null
}