{
  "dataset_revision": "cf778c0ea4168ec5174a34d888d6453e4cde9222",
  "task_name": "T2Retrieval",
  "mteb_version": "2.1.11",
  "scores": {
    "dev": [
      {
        "ndcg_at_1": 0.91022,
        "ndcg_at_3": 0.87266,
        "ndcg_at_5": 0.86012,
        "ndcg_at_10": 0.86142,
        "ndcg_at_20": 0.87881,
        "ndcg_at_100": 0.89589,
        "ndcg_at_1000": 0.90114,
        "map_at_1": 0.27991,
        "map_at_3": 0.55397,
        "map_at_5": 0.68158,
        "map_at_10": 0.78916,
        "map_at_20": 0.81718,
        "map_at_100": 0.82553,
        "map_at_1000": 0.82608,
        "recall_at_1": 0.27991,
        "recall_at_3": 0.56984,
        "recall_at_5": 0.71335,
        "recall_at_10": 0.85215,
        "recall_at_20": 0.91098,
        "recall_at_100": 0.96469,
        "recall_at_1000": 0.99183,
        "accuracy": 0.27991,
        "precision_at_1": 0.91022,
        "precision_at_3": 0.7623,
        "precision_at_5": 0.64036,
        "precision_at_10": 0.4277,
        "precision_at_20": 0.2371,
        "precision_at_100": 0.05065,
        "precision_at_1000": 0.00518,
        "mrr_at_1": 0.910223,
        "mrr_at_3": 0.928919,
        "mrr_at_5": 0.931426,
        "mrr_at_10": 0.932932,
        "mrr_at_20": 0.933467,
        "mrr_at_100": 0.93373,
        "mrr_at_1000": 0.933758,
        "nauc_ndcg_at_1_max": 0.769228,
        "nauc_ndcg_at_1_std": 0.302036,
        "nauc_ndcg_at_1_diff1": 0.441659,
        "nauc_ndcg_at_3_max": 0.663563,
        "nauc_ndcg_at_3_std": 0.260272,
        "nauc_ndcg_at_3_diff1": 0.077221,
        "nauc_ndcg_at_5_max": 0.591523,
        "nauc_ndcg_at_5_std": 0.203293,
        "nauc_ndcg_at_5_diff1": 0.079942,
        "nauc_ndcg_at_10_max": 0.504249,
        "nauc_ndcg_at_10_std": 0.118351,
        "nauc_ndcg_at_10_diff1": 0.126083,
        "nauc_ndcg_at_20_max": 0.549131,
        "nauc_ndcg_at_20_std": 0.174468,
        "nauc_ndcg_at_20_diff1": 0.123712,
        "nauc_ndcg_at_100_max": 0.607098,
        "nauc_ndcg_at_100_std": 0.24933,
        "nauc_ndcg_at_100_diff1": 0.123118,
        "nauc_ndcg_at_1000_max": 0.615016,
        "nauc_ndcg_at_1000_std": 0.248347,
        "nauc_ndcg_at_1000_diff1": 0.127856,
        "nauc_map_at_1_max": -0.293421,
        "nauc_map_at_1_std": -0.394931,
        "nauc_map_at_1_diff1": 0.551218,
        "nauc_map_at_3_max": -0.173962,
        "nauc_map_at_3_std": -0.403084,
        "nauc_map_at_3_diff1": 0.397381,
        "nauc_map_at_5_max": -0.004769,
        "nauc_map_at_5_std": -0.319784,
        "nauc_map_at_5_diff1": 0.298685,
        "nauc_map_at_10_max": 0.331868,
        "nauc_map_at_10_std": -0.056826,
        "nauc_map_at_10_diff1": 0.142458,
        "nauc_map_at_20_max": 0.461282,
        "nauc_map_at_20_std": 0.080452,
        "nauc_map_at_20_diff1": 0.090974,
        "nauc_map_at_100_max": 0.491061,
        "nauc_map_at_100_std": 0.118653,
        "nauc_map_at_100_diff1": 0.082922,
        "nauc_map_at_1000_max": 0.491955,
        "nauc_map_at_1000_std": 0.119261,
        "nauc_map_at_1000_diff1": 0.08288,
        "nauc_recall_at_1_max": -0.293421,
        "nauc_recall_at_1_std": -0.394931,
        "nauc_recall_at_1_diff1": 0.551218,
        "nauc_recall_at_3_max": -0.218831,
        "nauc_recall_at_3_std": -0.425796,
        "nauc_recall_at_3_diff1": 0.385895,
        "nauc_recall_at_5_max": -0.096587,
        "nauc_recall_at_5_std": -0.3751,
        "nauc_recall_at_5_diff1": 0.298064,
        "nauc_recall_at_10_max": 0.207284,
        "nauc_recall_at_10_std": -0.132473,
        "nauc_recall_at_10_diff1": 0.14644,
        "nauc_recall_at_20_max": 0.398387,
        "nauc_recall_at_20_std": 0.107482,
        "nauc_recall_at_20_diff1": 0.065931,
        "nauc_recall_at_100_max": 0.551446,
        "nauc_recall_at_100_std": 0.43136,
        "nauc_recall_at_100_diff1": 0.039528,
        "nauc_recall_at_1000_max": 0.656405,
        "nauc_recall_at_1000_std": 0.643806,
        "nauc_recall_at_1000_diff1": 0.085472,
        "nauc_precision_at_1_max": 0.769228,
        "nauc_precision_at_1_std": 0.302036,
        "nauc_precision_at_1_diff1": 0.441659,
        "nauc_precision_at_3_max": 0.681588,
        "nauc_precision_at_3_std": 0.456237,
        "nauc_precision_at_3_diff1": -0.382635,
        "nauc_precision_at_5_max": 0.634012,
        "nauc_precision_at_5_std": 0.506126,
        "nauc_precision_at_5_diff1": -0.418192,
        "nauc_precision_at_10_max": 0.59229,
        "nauc_precision_at_10_std": 0.561989,
        "nauc_precision_at_10_diff1": -0.402588,
        "nauc_precision_at_20_max": 0.577815,
        "nauc_precision_at_20_std": 0.606585,
        "nauc_precision_at_20_diff1": -0.397639,
        "nauc_precision_at_100_max": 0.552292,
        "nauc_precision_at_100_std": 0.626388,
        "nauc_precision_at_100_diff1": -0.391178,
        "nauc_precision_at_1000_max": 0.53706,
        "nauc_precision_at_1000_std": 0.617585,
        "nauc_precision_at_1000_diff1": -0.389598,
        "nauc_mrr_at_1_max": 0.769228,
        "nauc_mrr_at_1_std": 0.302036,
        "nauc_mrr_at_1_diff1": 0.441659,
        "nauc_mrr_at_3_max": 0.803184,
        "nauc_mrr_at_3_std": 0.347891,
        "nauc_mrr_at_3_diff1": 0.440896,
        "nauc_mrr_at_5_max": 0.80544,
        "nauc_mrr_at_5_std": 0.354467,
        "nauc_mrr_at_5_diff1": 0.439617,
        "nauc_mrr_at_10_max": 0.804753,
        "nauc_mrr_at_10_std": 0.355812,
        "nauc_mrr_at_10_diff1": 0.440679,
        "nauc_mrr_at_20_max": 0.804112,
        "nauc_mrr_at_20_std": 0.355378,
        "nauc_mrr_at_20_diff1": 0.440415,
        "nauc_mrr_at_100_max": 0.803526,
        "nauc_mrr_at_100_std": 0.354447,
        "nauc_mrr_at_100_diff1": 0.440262,
        "nauc_mrr_at_1000_max": 0.80346,
        "nauc_mrr_at_1000_std": 0.354278,
        "nauc_mrr_at_1000_diff1": 0.440272,
        "cv_recall_at_1": 0.91022,
        "cv_recall_at_3": 0.95152,
        "cv_recall_at_5": 0.96243,
        "cv_recall_at_10": 0.97365,
        "cv_recall_at_20": 0.98106,
        "cv_recall_at_100": 0.99066,
        "cv_recall_at_1000": 0.99755,
        "main_score": 0.86142,
        "hf_subset": "default",
        "languages": [
          "cmn-Hans"
        ]
      }
    ]
  },
  "evaluation_time": 481.17372846603394,
  "kg_co2_emissions": null
}