{
  "dataset_revision": "686b87296c3a0191b5d9415a00526c62db9fce09",
  "task_name": "SyntheticText2SQL",
  "mteb_version": "1.18.0",
  "scores": {
    "test": [
      {
        "ndcg_at_1": 0.02649,
        "ndcg_at_3": 0.3189,
        "ndcg_at_5": 0.35226,
        "ndcg_at_10": 0.38128,
        "ndcg_at_20": 0.39979,
        "ndcg_at_100": 0.42542,
        "ndcg_at_1000": 0.43756,
        "map_at_1": 0.02649,
        "map_at_3": 0.25292,
        "map_at_5": 0.27147,
        "map_at_10": 0.28351,
        "map_at_20": 0.28862,
        "map_at_100": 0.29214,
        "map_at_1000": 0.2926,
        "recall_at_1": 0.02649,
        "recall_at_3": 0.50743,
        "recall_at_5": 0.58828,
        "recall_at_10": 0.67766,
        "recall_at_20": 0.75064,
        "recall_at_100": 0.88908,
        "recall_at_1000": 0.98462,
        "precision_at_1": 0.02649,
        "precision_at_3": 0.16914,
        "precision_at_5": 0.11766,
        "precision_at_10": 0.06777,
        "precision_at_20": 0.03753,
        "precision_at_100": 0.00889,
        "precision_at_1000": 0.00098,
        "mrr_at_1": 0.231413,
        "mrr_at_3": 0.370991,
        "mrr_at_5": 0.386834,
        "mrr_at_10": 0.397402,
        "mrr_at_20": 0.402329,
        "mrr_at_100": 0.405837,
        "mrr_at_1000": 0.406294,
        "nauc_ndcg_at_1_max": 0.176997,
        "nauc_ndcg_at_1_std": -0.102048,
        "nauc_ndcg_at_1_diff1": 0.681278,
        "nauc_ndcg_at_3_max": 0.37077,
        "nauc_ndcg_at_3_std": -0.112381,
        "nauc_ndcg_at_3_diff1": -0.562368,
        "nauc_ndcg_at_5_max": 0.365873,
        "nauc_ndcg_at_5_std": -0.105407,
        "nauc_ndcg_at_5_diff1": -0.528972,
        "nauc_ndcg_at_10_max": 0.364793,
        "nauc_ndcg_at_10_std": -0.096728,
        "nauc_ndcg_at_10_diff1": -0.49972,
        "nauc_ndcg_at_20_max": 0.359713,
        "nauc_ndcg_at_20_std": -0.097337,
        "nauc_ndcg_at_20_diff1": -0.491151,
        "nauc_ndcg_at_100_max": 0.359868,
        "nauc_ndcg_at_100_std": -0.089757,
        "nauc_ndcg_at_100_diff1": -0.485919,
        "nauc_ndcg_at_1000_max": 0.360237,
        "nauc_ndcg_at_1000_std": -0.092964,
        "nauc_ndcg_at_1000_diff1": -0.487737,
        "nauc_map_at_1_max": 0.176997,
        "nauc_map_at_1_std": -0.102048,
        "nauc_map_at_1_diff1": 0.681278,
        "nauc_map_at_3_max": 0.361336,
        "nauc_map_at_3_std": -0.112333,
        "nauc_map_at_3_diff1": -0.513202,
        "nauc_map_at_5_max": 0.357433,
        "nauc_map_at_5_std": -0.107406,
        "nauc_map_at_5_diff1": -0.489867,
        "nauc_map_at_10_max": 0.356651,
        "nauc_map_at_10_std": -0.103326,
        "nauc_map_at_10_diff1": -0.474809,
        "nauc_map_at_20_max": 0.35497,
        "nauc_map_at_20_std": -0.10363,
        "nauc_map_at_20_diff1": -0.471814,
        "nauc_map_at_100_max": 0.354958,
        "nauc_map_at_100_std": -0.102342,
        "nauc_map_at_100_diff1": -0.470859,
        "nauc_map_at_1000_max": 0.354962,
        "nauc_map_at_1000_std": -0.102371,
        "nauc_map_at_1000_diff1": -0.47089,
        "nauc_recall_at_1_max": 0.176997,
        "nauc_recall_at_1_std": -0.102048,
        "nauc_recall_at_1_diff1": 0.681278,
        "nauc_recall_at_3_max": 0.386016,
        "nauc_recall_at_3_std": -0.112335,
        "nauc_recall_at_3_diff1": -0.638732,
        "nauc_recall_at_5_max": 0.379925,
        "nauc_recall_at_5_std": -0.101264,
        "nauc_recall_at_5_diff1": -0.587803,
        "nauc_recall_at_10_max": 0.379705,
        "nauc_recall_at_10_std": -0.08,
        "nauc_recall_at_10_diff1": -0.528004,
        "nauc_recall_at_20_max": 0.365157,
        "nauc_recall_at_20_std": -0.078551,
        "nauc_recall_at_20_diff1": -0.503875,
        "nauc_recall_at_100_max": 0.371664,
        "nauc_recall_at_100_std": -0.000705,
        "nauc_recall_at_100_diff1": -0.469411,
        "nauc_recall_at_1000_max": 0.471326,
        "nauc_recall_at_1000_std": 0.198304,
        "nauc_recall_at_1000_diff1": -0.512604,
        "nauc_precision_at_1_max": 0.176997,
        "nauc_precision_at_1_std": -0.102048,
        "nauc_precision_at_1_diff1": 0.681278,
        "nauc_precision_at_3_max": 0.386016,
        "nauc_precision_at_3_std": -0.112335,
        "nauc_precision_at_3_diff1": -0.638732,
        "nauc_precision_at_5_max": 0.379925,
        "nauc_precision_at_5_std": -0.101264,
        "nauc_precision_at_5_diff1": -0.587803,
        "nauc_precision_at_10_max": 0.379705,
        "nauc_precision_at_10_std": -0.08,
        "nauc_precision_at_10_diff1": -0.528004,
        "nauc_precision_at_20_max": 0.365157,
        "nauc_precision_at_20_std": -0.078551,
        "nauc_precision_at_20_diff1": -0.503875,
        "nauc_precision_at_100_max": 0.371664,
        "nauc_precision_at_100_std": -0.000705,
        "nauc_precision_at_100_diff1": -0.469411,
        "nauc_precision_at_1000_max": 0.471326,
        "nauc_precision_at_1000_std": 0.198304,
        "nauc_precision_at_1000_diff1": -0.512604,
        "nauc_mrr_at_1_max": 0.263917,
        "nauc_mrr_at_1_std": -0.071476,
        "nauc_mrr_at_1_diff1": -0.398062,
        "nauc_mrr_at_3_max": 0.325345,
        "nauc_mrr_at_3_std": -0.088344,
        "nauc_mrr_at_3_diff1": -0.52879,
        "nauc_mrr_at_5_max": 0.323564,
        "nauc_mrr_at_5_std": -0.086594,
        "nauc_mrr_at_5_diff1": -0.518033,
        "nauc_mrr_at_10_max": 0.323034,
        "nauc_mrr_at_10_std": -0.085408,
        "nauc_mrr_at_10_diff1": -0.510091,
        "nauc_mrr_at_20_max": 0.321824,
        "nauc_mrr_at_20_std": -0.084954,
        "nauc_mrr_at_20_diff1": -0.508862,
        "nauc_mrr_at_100_max": 0.321486,
        "nauc_mrr_at_100_std": -0.084023,
        "nauc_mrr_at_100_diff1": -0.508618,
        "nauc_mrr_at_1000_max": 0.321444,
        "nauc_mrr_at_1000_std": -0.084016,
        "nauc_mrr_at_1000_diff1": -0.50869,
        "main_score": 0.38128,
        "hf_subset": "default",
        "languages": [
          "eng-Latn",
          "sql-Code"
        ]
      }
    ]
  },
  "evaluation_time": 33.200101375579834,
  "kg_co2_emissions": 0.0014993158557579168
}