{
  "dataset_revision": "46da53344c6a968d30cd72e28862732adf747802",
  "task_name": "AVSpeakerBenchVideoAudioCentricQA",
  "mteb_version": "2.13.1",
  "scores": {
    "test": [
      {
        "ndcg_at_1": 0.26806,
        "ndcg_at_3": 0.55435,
        "ndcg_at_5": 0.65304,
        "ndcg_at_10": 0.65304,
        "ndcg_at_20": 0.65304,
        "ndcg_at_100": 0.65304,
        "ndcg_at_1000": 0.65304,
        "map_at_1": 0.26806,
        "map_at_3": 0.48007,
        "map_at_5": 0.53736,
        "map_at_10": 0.53736,
        "map_at_20": 0.53736,
        "map_at_100": 0.53736,
        "map_at_1000": 0.53736,
        "recall_at_1": 0.26806,
        "recall_at_3": 0.77086,
        "recall_at_5": 1.0,
        "recall_at_10": 1.0,
        "recall_at_20": 1.0,
        "recall_at_100": 1.0,
        "recall_at_1000": 1.0,
        "accuracy": 0.26806,
        "precision_at_1": 0.26806,
        "precision_at_3": 0.25695,
        "precision_at_5": 0.2,
        "precision_at_10": 0.1,
        "precision_at_20": 0.05,
        "precision_at_100": 0.01,
        "precision_at_1000": 0.001,
        "mrr_at_1": 0.268057,
        "mrr_at_3": 0.480075,
        "mrr_at_5": 0.53736,
        "mrr_at_10": 0.53736,
        "mrr_at_20": 0.53736,
        "mrr_at_100": 0.53736,
        "mrr_at_1000": 0.53736,
        "nauc_ndcg_at_1_max": 0.041984,
        "nauc_ndcg_at_1_std": 0.037502,
        "nauc_ndcg_at_1_diff1": 0.042427,
        "nauc_ndcg_at_3_max": 0.024534,
        "nauc_ndcg_at_3_std": 0.030163,
        "nauc_ndcg_at_3_diff1": 0.008327,
        "nauc_ndcg_at_5_max": 0.029405,
        "nauc_ndcg_at_5_std": 0.034936,
        "nauc_ndcg_at_5_diff1": 0.026152,
        "nauc_ndcg_at_10_max": 0.029405,
        "nauc_ndcg_at_10_std": 0.034936,
        "nauc_ndcg_at_10_diff1": 0.026152,
        "nauc_ndcg_at_20_max": 0.029405,
        "nauc_ndcg_at_20_std": 0.034936,
        "nauc_ndcg_at_20_diff1": 0.026152,
        "nauc_ndcg_at_100_max": 0.029405,
        "nauc_ndcg_at_100_std": 0.034936,
        "nauc_ndcg_at_100_diff1": 0.026152,
        "nauc_ndcg_at_1000_max": 0.029405,
        "nauc_ndcg_at_1000_std": 0.034936,
        "nauc_ndcg_at_1000_diff1": 0.026152,
        "nauc_map_at_1_max": 0.041984,
        "nauc_map_at_1_std": 0.037502,
        "nauc_map_at_1_diff1": 0.042427,
        "nauc_map_at_3_max": 0.027257,
        "nauc_map_at_3_std": 0.032498,
        "nauc_map_at_3_diff1": 0.017276,
        "nauc_map_at_5_max": 0.029991,
        "nauc_map_at_5_std": 0.035104,
        "nauc_map_at_5_diff1": 0.027061,
        "nauc_map_at_10_max": 0.029991,
        "nauc_map_at_10_std": 0.035104,
        "nauc_map_at_10_diff1": 0.027061,
        "nauc_map_at_20_max": 0.029991,
        "nauc_map_at_20_std": 0.035104,
        "nauc_map_at_20_diff1": 0.027061,
        "nauc_map_at_100_max": 0.029991,
        "nauc_map_at_100_std": 0.035104,
        "nauc_map_at_100_diff1": 0.027061,
        "nauc_map_at_1000_max": 0.029991,
        "nauc_map_at_1000_std": 0.035104,
        "nauc_map_at_1000_diff1": 0.027061,
        "nauc_recall_at_1_max": 0.041984,
        "nauc_recall_at_1_std": 0.037502,
        "nauc_recall_at_1_diff1": 0.042427,
        "nauc_recall_at_3_max": 0.014772,
        "nauc_recall_at_3_std": 0.020595,
        "nauc_recall_at_3_diff1": -0.027405,
        "nauc_recall_at_5_max": NaN,
        "nauc_recall_at_5_std": NaN,
        "nauc_recall_at_5_diff1": NaN,
        "nauc_recall_at_10_max": NaN,
        "nauc_recall_at_10_std": NaN,
        "nauc_recall_at_10_diff1": NaN,
        "nauc_recall_at_20_max": NaN,
        "nauc_recall_at_20_std": NaN,
        "nauc_recall_at_20_diff1": NaN,
        "nauc_recall_at_100_max": NaN,
        "nauc_recall_at_100_std": NaN,
        "nauc_recall_at_100_diff1": NaN,
        "nauc_recall_at_1000_max": NaN,
        "nauc_recall_at_1000_std": NaN,
        "nauc_recall_at_1000_diff1": NaN,
        "nauc_precision_at_1_max": 0.041984,
        "nauc_precision_at_1_std": 0.037502,
        "nauc_precision_at_1_diff1": 0.042427,
        "nauc_precision_at_3_max": 0.014772,
        "nauc_precision_at_3_std": 0.020595,
        "nauc_precision_at_3_diff1": -0.027405,
        "nauc_precision_at_5_max": NaN,
        "nauc_precision_at_5_std": NaN,
        "nauc_precision_at_5_diff1": NaN,
        "nauc_precision_at_10_max": NaN,
        "nauc_precision_at_10_std": NaN,
        "nauc_precision_at_10_diff1": NaN,
        "nauc_precision_at_20_max": NaN,
        "nauc_precision_at_20_std": NaN,
        "nauc_precision_at_20_diff1": NaN,
        "nauc_precision_at_100_max": 1.0,
        "nauc_precision_at_100_std": 1.0,
        "nauc_precision_at_100_diff1": 1.0,
        "nauc_precision_at_1000_max": NaN,
        "nauc_precision_at_1000_std": NaN,
        "nauc_precision_at_1000_diff1": NaN,
        "nauc_mrr_at_1_max": 0.041984,
        "nauc_mrr_at_1_std": 0.037502,
        "nauc_mrr_at_1_diff1": 0.042427,
        "nauc_mrr_at_3_max": 0.027257,
        "nauc_mrr_at_3_std": 0.032498,
        "nauc_mrr_at_3_diff1": 0.017276,
        "nauc_mrr_at_5_max": 0.029991,
        "nauc_mrr_at_5_std": 0.035104,
        "nauc_mrr_at_5_diff1": 0.027061,
        "nauc_mrr_at_10_max": 0.029991,
        "nauc_mrr_at_10_std": 0.035104,
        "nauc_mrr_at_10_diff1": 0.027061,
        "nauc_mrr_at_20_max": 0.029991,
        "nauc_mrr_at_20_std": 0.035104,
        "nauc_mrr_at_20_diff1": 0.027061,
        "nauc_mrr_at_100_max": 0.029991,
        "nauc_mrr_at_100_std": 0.035104,
        "nauc_mrr_at_100_diff1": 0.027061,
        "nauc_mrr_at_1000_max": 0.029991,
        "nauc_mrr_at_1000_std": 0.035104,
        "nauc_mrr_at_1000_diff1": 0.027061,
        "hit_rate_at_1": 0.26806,
        "hit_rate_at_3": 0.77086,
        "hit_rate_at_5": 1.0,
        "hit_rate_at_10": 1.0,
        "hit_rate_at_20": 1.0,
        "hit_rate_at_100": 1.0,
        "hit_rate_at_1000": 1.0,
        "main_score": 0.26806,
        "hf_subset": "default",
        "languages": [
          "eng-Latn"
        ],
        "mteb_version": "2.13.1"
      }
    ]
  },
  "evaluation_time": 1517.7148950099945,
  "kg_co2_emissions": null,
  "date": null
}