{
  "dataset_revision": "f399ecd9713a91c97d7e26ca3917d97b2d98b22a",
  "task_name": "BLINKIT2IRetrieval",
  "mteb_version": "2.13.1",
  "scores": {
    "test": [
      {
        "ndcg_at_1": 0.36318,
        "ndcg_at_3": 0.45312,
        "ndcg_at_5": 0.47603,
        "ndcg_at_10": 0.49844,
        "ndcg_at_20": 0.51495,
        "ndcg_at_100": 0.54623,
        "ndcg_at_1000": 0.56327,
        "map_at_1": 0.36318,
        "map_at_3": 0.43242,
        "map_at_5": 0.44536,
        "map_at_10": 0.45455,
        "map_at_20": 0.45916,
        "map_at_100": 0.46332,
        "map_at_1000": 0.46409,
        "recall_at_1": 0.36318,
        "recall_at_3": 0.51244,
        "recall_at_5": 0.56716,
        "recall_at_10": 0.63682,
        "recall_at_20": 0.70149,
        "recall_at_100": 0.87313,
        "recall_at_1000": 1.0,
        "accuracy": 0.36318,
        "precision_at_1": 0.36318,
        "precision_at_3": 0.17081,
        "precision_at_5": 0.11343,
        "precision_at_10": 0.06368,
        "precision_at_20": 0.03507,
        "precision_at_100": 0.00873,
        "precision_at_1000": 0.001,
        "mrr_at_1": 0.363184,
        "mrr_at_3": 0.432421,
        "mrr_at_5": 0.445357,
        "mrr_at_10": 0.454548,
        "mrr_at_20": 0.459161,
        "mrr_at_100": 0.463321,
        "mrr_at_1000": 0.464092,
        "nauc_ndcg_at_1_max": 0.399117,
        "nauc_ndcg_at_1_std": -0.468544,
        "nauc_ndcg_at_1_diff1": 0.504268,
        "nauc_ndcg_at_3_max": 0.432567,
        "nauc_ndcg_at_3_std": -0.563599,
        "nauc_ndcg_at_3_diff1": 0.485573,
        "nauc_ndcg_at_5_max": 0.429328,
        "nauc_ndcg_at_5_std": -0.589641,
        "nauc_ndcg_at_5_diff1": 0.466482,
        "nauc_ndcg_at_10_max": 0.414982,
        "nauc_ndcg_at_10_std": -0.59564,
        "nauc_ndcg_at_10_diff1": 0.44967,
        "nauc_ndcg_at_20_max": 0.40111,
        "nauc_ndcg_at_20_std": -0.608083,
        "nauc_ndcg_at_20_diff1": 0.462679,
        "nauc_ndcg_at_100_max": 0.396182,
        "nauc_ndcg_at_100_std": -0.591009,
        "nauc_ndcg_at_100_diff1": 0.464243,
        "nauc_ndcg_at_1000_max": 0.407577,
        "nauc_ndcg_at_1000_std": -0.581894,
        "nauc_ndcg_at_1000_diff1": 0.468496,
        "nauc_map_at_1_max": 0.399117,
        "nauc_map_at_1_std": -0.468544,
        "nauc_map_at_1_diff1": 0.504268,
        "nauc_map_at_3_max": 0.425482,
        "nauc_map_at_3_std": -0.544571,
        "nauc_map_at_3_diff1": 0.490241,
        "nauc_map_at_5_max": 0.423756,
        "nauc_map_at_5_std": -0.559095,
        "nauc_map_at_5_diff1": 0.479507,
        "nauc_map_at_10_max": 0.418045,
        "nauc_map_at_10_std": -0.561375,
        "nauc_map_at_10_diff1": 0.472825,
        "nauc_map_at_20_max": 0.414274,
        "nauc_map_at_20_std": -0.564409,
        "nauc_map_at_20_diff1": 0.475894,
        "nauc_map_at_100_max": 0.413118,
        "nauc_map_at_100_std": -0.562689,
        "nauc_map_at_100_diff1": 0.476055,
        "nauc_map_at_1000_max": 0.413644,
        "nauc_map_at_1000_std": -0.562216,
        "nauc_map_at_1000_diff1": 0.47626,
        "nauc_recall_at_1_max": 0.399117,
        "nauc_recall_at_1_std": -0.468544,
        "nauc_recall_at_1_diff1": 0.504268,
        "nauc_recall_at_3_max": 0.452934,
        "nauc_recall_at_3_std": -0.617762,
        "nauc_recall_at_3_diff1": 0.471811,
        "nauc_recall_at_5_max": 0.445292,
        "nauc_recall_at_5_std": -0.684964,
        "nauc_recall_at_5_diff1": 0.423938,
        "nauc_recall_at_10_max": 0.396432,
        "nauc_recall_at_10_std": -0.714764,
        "nauc_recall_at_10_diff1": 0.361346,
        "nauc_recall_at_20_max": 0.326985,
        "nauc_recall_at_20_std": -0.792424,
        "nauc_recall_at_20_diff1": 0.418035,
        "nauc_recall_at_100_max": 0.210818,
        "nauc_recall_at_100_std": -0.73707,
        "nauc_recall_at_100_diff1": 0.395083,
        "nauc_recall_at_1000_max": NaN,
        "nauc_recall_at_1000_std": NaN,
        "nauc_recall_at_1000_diff1": NaN,
        "nauc_precision_at_1_max": 0.399117,
        "nauc_precision_at_1_std": -0.468544,
        "nauc_precision_at_1_diff1": 0.504268,
        "nauc_precision_at_3_max": 0.452934,
        "nauc_precision_at_3_std": -0.617762,
        "nauc_precision_at_3_diff1": 0.471811,
        "nauc_precision_at_5_max": 0.445292,
        "nauc_precision_at_5_std": -0.684964,
        "nauc_precision_at_5_diff1": 0.423938,
        "nauc_precision_at_10_max": 0.396432,
        "nauc_precision_at_10_std": -0.714764,
        "nauc_precision_at_10_diff1": 0.361346,
        "nauc_precision_at_20_max": 0.326985,
        "nauc_precision_at_20_std": -0.792424,
        "nauc_precision_at_20_diff1": 0.418035,
        "nauc_precision_at_100_max": 0.210818,
        "nauc_precision_at_100_std": -0.73707,
        "nauc_precision_at_100_diff1": 0.395083,
        "nauc_precision_at_1000_max": NaN,
        "nauc_precision_at_1000_std": NaN,
        "nauc_precision_at_1000_diff1": NaN,
        "nauc_mrr_at_1_max": 0.399117,
        "nauc_mrr_at_1_std": -0.468544,
        "nauc_mrr_at_1_diff1": 0.504268,
        "nauc_mrr_at_3_max": 0.425482,
        "nauc_mrr_at_3_std": -0.544571,
        "nauc_mrr_at_3_diff1": 0.490241,
        "nauc_mrr_at_5_max": 0.423756,
        "nauc_mrr_at_5_std": -0.559095,
        "nauc_mrr_at_5_diff1": 0.479507,
        "nauc_mrr_at_10_max": 0.418045,
        "nauc_mrr_at_10_std": -0.561375,
        "nauc_mrr_at_10_diff1": 0.472825,
        "nauc_mrr_at_20_max": 0.414274,
        "nauc_mrr_at_20_std": -0.564409,
        "nauc_mrr_at_20_diff1": 0.475894,
        "nauc_mrr_at_100_max": 0.413118,
        "nauc_mrr_at_100_std": -0.562689,
        "nauc_mrr_at_100_diff1": 0.476055,
        "nauc_mrr_at_1000_max": 0.413644,
        "nauc_mrr_at_1000_std": -0.562216,
        "nauc_mrr_at_1000_diff1": 0.47626,
        "hit_rate_at_1": 0.36318,
        "hit_rate_at_3": 0.51244,
        "hit_rate_at_5": 0.56716,
        "hit_rate_at_10": 0.63682,
        "hit_rate_at_20": 0.70149,
        "hit_rate_at_100": 0.87313,
        "hit_rate_at_1000": 1.0,
        "main_score": 0.36318,
        "hf_subset": "default",
        "languages": [
          "eng-Latn"
        ],
        "mteb_version": "2.13.1"
      }
    ]
  },
  "evaluation_time": 99.99089241027832,
  "kg_co2_emissions": null,
  "date": 1778794376.173952
}