{
  "dataset_revision": "80cdb115ec2ef46d4e926b252f2b59af62d6c070",
  "task_name": "TV2Nordretrieval",
  "mteb_version": "1.18.0",
  "scores": {
    "test": [
      {
        "ndcg_at_1": 0.11523,
        "ndcg_at_3": 0.14684,
        "ndcg_at_5": 0.16106,
        "ndcg_at_10": 0.18102,
        "ndcg_at_20": 0.19881,
        "ndcg_at_100": 0.23784,
        "ndcg_at_1000": 0.2828,
        "map_at_1": 0.11523,
        "map_at_3": 0.13859,
        "map_at_5": 0.14645,
        "map_at_10": 0.15463,
        "map_at_20": 0.15946,
        "map_at_100": 0.16452,
        "map_at_1000": 0.16594,
        "recall_at_1": 0.11523,
        "recall_at_3": 0.1709,
        "recall_at_5": 0.20557,
        "recall_at_10": 0.26758,
        "recall_at_20": 0.33838,
        "recall_at_100": 0.55371,
        "recall_at_1000": 0.92285,
        "precision_at_1": 0.11523,
        "precision_at_3": 0.05697,
        "precision_at_5": 0.04111,
        "precision_at_10": 0.02676,
        "precision_at_20": 0.01692,
        "precision_at_100": 0.00554,
        "precision_at_1000": 0.00092,
        "mrr_at_1": 0.115234,
        "mrr_at_3": 0.13859,
        "mrr_at_5": 0.146452,
        "mrr_at_10": 0.154631,
        "mrr_at_20": 0.159458,
        "mrr_at_100": 0.164521,
        "mrr_at_1000": 0.165945,
        "nauc_ndcg_at_1_max": 0.01378,
        "nauc_ndcg_at_1_std": -0.022344,
        "nauc_ndcg_at_1_diff1": 0.3067,
        "nauc_ndcg_at_3_max": -0.011601,
        "nauc_ndcg_at_3_std": -0.010695,
        "nauc_ndcg_at_3_diff1": 0.234733,
        "nauc_ndcg_at_5_max": -0.022606,
        "nauc_ndcg_at_5_std": -0.00988,
        "nauc_ndcg_at_5_diff1": 0.213723,
        "nauc_ndcg_at_10_max": -0.02365,
        "nauc_ndcg_at_10_std": -0.008353,
        "nauc_ndcg_at_10_diff1": 0.201506,
        "nauc_ndcg_at_20_max": -0.032441,
        "nauc_ndcg_at_20_std": -0.006499,
        "nauc_ndcg_at_20_diff1": 0.189262,
        "nauc_ndcg_at_100_max": -0.039493,
        "nauc_ndcg_at_100_std": -0.009913,
        "nauc_ndcg_at_100_diff1": 0.182019,
        "nauc_ndcg_at_1000_max": -0.033615,
        "nauc_ndcg_at_1000_std": -0.009197,
        "nauc_ndcg_at_1000_diff1": 0.196957,
        "nauc_map_at_1_max": 0.01378,
        "nauc_map_at_1_std": -0.022344,
        "nauc_map_at_1_diff1": 0.3067,
        "nauc_map_at_3_max": -0.006059,
        "nauc_map_at_3_std": -0.013168,
        "nauc_map_at_3_diff1": 0.251498,
        "nauc_map_at_5_max": -0.012721,
        "nauc_map_at_5_std": -0.012615,
        "nauc_map_at_5_diff1": 0.238389,
        "nauc_map_at_10_max": -0.013453,
        "nauc_map_at_10_std": -0.012404,
        "nauc_map_at_10_diff1": 0.23231,
        "nauc_map_at_20_max": -0.016061,
        "nauc_map_at_20_std": -0.011566,
        "nauc_map_at_20_diff1": 0.228097,
        "nauc_map_at_100_max": -0.016641,
        "nauc_map_at_100_std": -0.01274,
        "nauc_map_at_100_diff1": 0.226769,
        "nauc_map_at_1000_max": -0.016323,
        "nauc_map_at_1000_std": -0.012757,
        "nauc_map_at_1000_diff1": 0.227402,
        "nauc_recall_at_1_max": 0.01378,
        "nauc_recall_at_1_std": -0.022344,
        "nauc_recall_at_1_diff1": 0.3067,
        "nauc_recall_at_3_max": -0.025327,
        "nauc_recall_at_3_std": -0.004595,
        "nauc_recall_at_3_diff1": 0.19285,
        "nauc_recall_at_5_max": -0.046096,
        "nauc_recall_at_5_std": -0.003641,
        "nauc_recall_at_5_diff1": 0.155689,
        "nauc_recall_at_10_max": -0.045876,
        "nauc_recall_at_10_std": 0.001376,
        "nauc_recall_at_10_diff1": 0.132719,
        "nauc_recall_at_20_max": -0.070943,
        "nauc_recall_at_20_std": 0.004929,
        "nauc_recall_at_20_diff1": 0.102671,
        "nauc_recall_at_100_max": -0.107556,
        "nauc_recall_at_100_std": -0.002483,
        "nauc_recall_at_100_diff1": 0.069111,
        "nauc_recall_at_1000_max": -0.20043,
        "nauc_recall_at_1000_std": 0.043877,
        "nauc_recall_at_1000_diff1": 0.057356,
        "nauc_precision_at_1_max": 0.01378,
        "nauc_precision_at_1_std": -0.022344,
        "nauc_precision_at_1_diff1": 0.3067,
        "nauc_precision_at_3_max": -0.025327,
        "nauc_precision_at_3_std": -0.004595,
        "nauc_precision_at_3_diff1": 0.19285,
        "nauc_precision_at_5_max": -0.046096,
        "nauc_precision_at_5_std": -0.003641,
        "nauc_precision_at_5_diff1": 0.155689,
        "nauc_precision_at_10_max": -0.045876,
        "nauc_precision_at_10_std": 0.001376,
        "nauc_precision_at_10_diff1": 0.132719,
        "nauc_precision_at_20_max": -0.070943,
        "nauc_precision_at_20_std": 0.004929,
        "nauc_precision_at_20_diff1": 0.102671,
        "nauc_precision_at_100_max": -0.107556,
        "nauc_precision_at_100_std": -0.002483,
        "nauc_precision_at_100_diff1": 0.069111,
        "nauc_precision_at_1000_max": -0.20043,
        "nauc_precision_at_1000_std": 0.043877,
        "nauc_precision_at_1000_diff1": 0.057356,
        "nauc_mrr_at_1_max": 0.01378,
        "nauc_mrr_at_1_std": -0.022344,
        "nauc_mrr_at_1_diff1": 0.3067,
        "nauc_mrr_at_3_max": -0.006059,
        "nauc_mrr_at_3_std": -0.013168,
        "nauc_mrr_at_3_diff1": 0.251498,
        "nauc_mrr_at_5_max": -0.012721,
        "nauc_mrr_at_5_std": -0.012615,
        "nauc_mrr_at_5_diff1": 0.238389,
        "nauc_mrr_at_10_max": -0.013453,
        "nauc_mrr_at_10_std": -0.012404,
        "nauc_mrr_at_10_diff1": 0.23231,
        "nauc_mrr_at_20_max": -0.016061,
        "nauc_mrr_at_20_std": -0.011566,
        "nauc_mrr_at_20_diff1": 0.228097,
        "nauc_mrr_at_100_max": -0.016641,
        "nauc_mrr_at_100_std": -0.01274,
        "nauc_mrr_at_100_diff1": 0.226769,
        "nauc_mrr_at_1000_max": -0.016323,
        "nauc_mrr_at_1000_std": -0.012757,
        "nauc_mrr_at_1000_diff1": 0.227402,
        "main_score": 0.18102,
        "hf_subset": "default",
        "languages": [
          "dan-Latn"
        ]
      }
    ]
  },
  "evaluation_time": 8.763607501983643,
  "kg_co2_emissions": 0.0005690457506225912
}