{
  "dataset_revision": "d4ca5f83a6f065471e090a9c6542894c66d4b7d9",
  "task_name": "EgoSchemaVideoCentricQA",
  "mteb_version": "2.13.1",
  "scores": {
    "test": [
      {
        "ndcg_at_1": 0.212,
        "ndcg_at_3": 0.4525,
        "ndcg_at_5": 0.60095,
        "ndcg_at_10": 0.60095,
        "ndcg_at_20": 0.60095,
        "ndcg_at_100": 0.60095,
        "ndcg_at_1000": 0.60095,
        "map_at_1": 0.212,
        "map_at_3": 0.389,
        "map_at_5": 0.471,
        "map_at_10": 0.471,
        "map_at_20": 0.471,
        "map_at_100": 0.471,
        "map_at_1000": 0.471,
        "recall_at_1": 0.212,
        "recall_at_3": 0.638,
        "recall_at_5": 1.0,
        "recall_at_10": 1.0,
        "recall_at_20": 1.0,
        "recall_at_100": 1.0,
        "recall_at_1000": 1.0,
        "accuracy": 0.212,
        "precision_at_1": 0.212,
        "precision_at_3": 0.21267,
        "precision_at_5": 0.2,
        "precision_at_10": 0.1,
        "precision_at_20": 0.05,
        "precision_at_100": 0.01,
        "precision_at_1000": 0.001,
        "mrr_at_1": 0.212,
        "mrr_at_3": 0.389,
        "mrr_at_5": 0.471,
        "mrr_at_10": 0.471,
        "mrr_at_20": 0.471,
        "mrr_at_100": 0.471,
        "mrr_at_1000": 0.471,
        "nauc_ndcg_at_1_max": -0.033265,
        "nauc_ndcg_at_1_std": -0.112418,
        "nauc_ndcg_at_1_diff1": -0.028125,
        "nauc_ndcg_at_3_max": 0.006956,
        "nauc_ndcg_at_3_std": -0.066892,
        "nauc_ndcg_at_3_diff1": 0.000751,
        "nauc_ndcg_at_5_max": -0.018996,
        "nauc_ndcg_at_5_std": -0.078336,
        "nauc_ndcg_at_5_diff1": -0.021997,
        "nauc_ndcg_at_10_max": -0.018996,
        "nauc_ndcg_at_10_std": -0.078336,
        "nauc_ndcg_at_10_diff1": -0.021997,
        "nauc_ndcg_at_20_max": -0.018996,
        "nauc_ndcg_at_20_std": -0.078336,
        "nauc_ndcg_at_20_diff1": -0.021997,
        "nauc_ndcg_at_100_max": -0.018996,
        "nauc_ndcg_at_100_std": -0.078336,
        "nauc_ndcg_at_100_diff1": -0.021997,
        "nauc_ndcg_at_1000_max": -0.018996,
        "nauc_ndcg_at_1000_std": -0.078336,
        "nauc_ndcg_at_1000_diff1": -0.021997,
        "nauc_map_at_1_max": -0.033265,
        "nauc_map_at_1_std": -0.112418,
        "nauc_map_at_1_diff1": -0.028125,
        "nauc_map_at_3_max": -0.005309,
        "nauc_map_at_3_std": -0.073379,
        "nauc_map_at_3_diff1": -0.007507,
        "nauc_map_at_5_max": -0.020038,
        "nauc_map_at_5_std": -0.079897,
        "nauc_map_at_5_diff1": -0.022075,
        "nauc_map_at_10_max": -0.020038,
        "nauc_map_at_10_std": -0.079897,
        "nauc_map_at_10_diff1": -0.022075,
        "nauc_map_at_20_max": -0.020038,
        "nauc_map_at_20_std": -0.079897,
        "nauc_map_at_20_diff1": -0.022075,
        "nauc_map_at_100_max": -0.020038,
        "nauc_map_at_100_std": -0.079897,
        "nauc_map_at_100_diff1": -0.022075,
        "nauc_map_at_1000_max": -0.020038,
        "nauc_map_at_1000_std": -0.079897,
        "nauc_map_at_1000_diff1": -0.022075,
        "nauc_recall_at_1_max": -0.033265,
        "nauc_recall_at_1_std": -0.112418,
        "nauc_recall_at_1_diff1": -0.028125,
        "nauc_recall_at_3_max": 0.045071,
        "nauc_recall_at_3_std": -0.049169,
        "nauc_recall_at_3_diff1": 0.026235,
        "nauc_recall_at_5_max": NaN,
        "nauc_recall_at_5_std": NaN,
        "nauc_recall_at_5_diff1": NaN,
        "nauc_recall_at_10_max": NaN,
        "nauc_recall_at_10_std": NaN,
        "nauc_recall_at_10_diff1": NaN,
        "nauc_recall_at_20_max": NaN,
        "nauc_recall_at_20_std": NaN,
        "nauc_recall_at_20_diff1": NaN,
        "nauc_recall_at_100_max": NaN,
        "nauc_recall_at_100_std": NaN,
        "nauc_recall_at_100_diff1": NaN,
        "nauc_recall_at_1000_max": NaN,
        "nauc_recall_at_1000_std": NaN,
        "nauc_recall_at_1000_diff1": NaN,
        "nauc_precision_at_1_max": -0.033265,
        "nauc_precision_at_1_std": -0.112418,
        "nauc_precision_at_1_diff1": -0.028125,
        "nauc_precision_at_3_max": 0.045071,
        "nauc_precision_at_3_std": -0.049169,
        "nauc_precision_at_3_diff1": 0.026235,
        "nauc_precision_at_5_max": 1.0,
        "nauc_precision_at_5_std": 1.0,
        "nauc_precision_at_5_diff1": 1.0,
        "nauc_precision_at_10_max": 1.0,
        "nauc_precision_at_10_std": 1.0,
        "nauc_precision_at_10_diff1": 1.0,
        "nauc_precision_at_20_max": 1.0,
        "nauc_precision_at_20_std": 1.0,
        "nauc_precision_at_20_diff1": 1.0,
        "nauc_precision_at_100_max": 1.0,
        "nauc_precision_at_100_std": 1.0,
        "nauc_precision_at_100_diff1": 1.0,
        "nauc_precision_at_1000_max": 1.0,
        "nauc_precision_at_1000_std": 1.0,
        "nauc_precision_at_1000_diff1": 1.0,
        "nauc_mrr_at_1_max": -0.033265,
        "nauc_mrr_at_1_std": -0.112418,
        "nauc_mrr_at_1_diff1": -0.028125,
        "nauc_mrr_at_3_max": -0.005309,
        "nauc_mrr_at_3_std": -0.073379,
        "nauc_mrr_at_3_diff1": -0.007507,
        "nauc_mrr_at_5_max": -0.020038,
        "nauc_mrr_at_5_std": -0.079897,
        "nauc_mrr_at_5_diff1": -0.022075,
        "nauc_mrr_at_10_max": -0.020038,
        "nauc_mrr_at_10_std": -0.079897,
        "nauc_mrr_at_10_diff1": -0.022075,
        "nauc_mrr_at_20_max": -0.020038,
        "nauc_mrr_at_20_std": -0.079897,
        "nauc_mrr_at_20_diff1": -0.022075,
        "nauc_mrr_at_100_max": -0.020038,
        "nauc_mrr_at_100_std": -0.079897,
        "nauc_mrr_at_100_diff1": -0.022075,
        "nauc_mrr_at_1000_max": -0.020038,
        "nauc_mrr_at_1000_std": -0.079897,
        "nauc_mrr_at_1000_diff1": -0.022075,
        "hit_rate_at_1": 0.212,
        "hit_rate_at_3": 0.638,
        "hit_rate_at_5": 1.0,
        "hit_rate_at_10": 1.0,
        "hit_rate_at_20": 1.0,
        "hit_rate_at_100": 1.0,
        "hit_rate_at_1000": 1.0,
        "main_score": 0.212,
        "hf_subset": "default",
        "languages": [
          "eng-Latn"
        ],
        "mteb_version": "2.13.1"
      }
    ]
  },
  "evaluation_time": 2130.8382291793823,
  "kg_co2_emissions": null,
  "date": null
}