{
    "dataset_revision": "ad9991cb51e31e31e430383c75ffb2885547b5f0",
    "task_name": "CQADupstackEnglishRetrieval",
    "evaluation_time": null,
    "mteb_version": null,
    "scores": {
        "test": [
            {
                "hf_subset": "default",
                "languages": [
                    "eng-Latn"
                ],
                "map_at_1": 0.30767,
                "map_at_10": 0.42195,
                "map_at_100": 0.4354199999999999,
                "map_at_1000": 0.43673,
                "map_at_3": 0.38561,
                "map_at_5": 0.40532,
                "mrr_at_1": 0.38789999999999997,
                "mrr_at_10": 0.48021,
                "mrr_at_100": 0.48735,
                "mrr_at_1000": 0.48776,
                "mrr_at_3": 0.45594,
                "mrr_at_5": 0.46985999999999994,
                "ndcg_at_1": 0.38789999999999997,
                "ndcg_at_10": 0.48468000000000006,
                "ndcg_at_100": 0.53037,
                "ndcg_at_1000": 0.55002,
                "ndcg_at_3": 0.43409,
                "ndcg_at_5": 0.45654000000000006,
                "precision_at_1": 0.38789999999999997,
                "precision_at_10": 0.09451999999999999,
                "precision_at_100": 0.01518,
                "precision_at_1000": 0.00201,
                "precision_at_3": 0.2121,
                "precision_at_5": 0.15172,
                "recall_at_1": 0.30767,
                "recall_at_10": 0.60118,
                "recall_at_100": 0.79271,
                "recall_at_1000": 0.91433,
                "recall_at_3": 0.4536,
                "recall_at_5": 0.51705,
                "main_score": 0.48468000000000006
            }
        ]
    }
}