{
    "dataset_revision": "79531abbd1fb92d06c6d6315a0cbbbf5bb247ea4",
    "task_name": "CQADupstackPhysicsRetrieval",
    "evaluation_time": null,
    "mteb_version": null,
    "scores": {
        "test": [
            {
                "hf_subset": "default",
                "languages": [
                    "eng-Latn"
                ],
                "map_at_1": 31.952,
                "map_at_10": 44.438,
                "map_at_100": 45.778,
                "map_at_1000": 45.883,
                "map_at_3": 41.044000000000004,
                "map_at_5": 42.986000000000004,
                "mrr_at_1": 39.172000000000004,
                "mrr_at_10": 49.76,
                "mrr_at_100": 50.583999999999996,
                "mrr_at_1000": 50.621,
                "mrr_at_3": 47.353,
                "mrr_at_5": 48.739,
                "ndcg_at_1": 39.172000000000004,
                "ndcg_at_10": 50.760000000000005,
                "ndcg_at_100": 56.084,
                "ndcg_at_1000": 57.865,
                "ndcg_at_3": 45.663,
                "ndcg_at_5": 48.178,
                "precision_at_1": 39.172000000000004,
                "precision_at_10": 9.22,
                "precision_at_100": 1.387,
                "precision_at_1000": 0.17099999999999999,
                "precision_at_3": 21.976000000000003,
                "precision_at_5": 15.457,
                "recall_at_1": 31.952,
                "recall_at_10": 63.900999999999996,
                "recall_at_100": 85.676,
                "recall_at_1000": 97.03699999999999,
                "recall_at_3": 49.781,
                "recall_at_5": 56.330000000000005,
                "main_score": 50.760000000000005
            }
        ]
    }
}