{
    "dataset_revision": "6184bc1440d2dbc7612be22b50686b8826d22b32",
    "task_name": "CQADupstackProgrammersRetrieval",
    "evaluation_time": -1,
    "mteb_version": "0.0.0",
    "scores": {
        "test": [
            {
                "hf_subset": "default",
                "languages": [
                    "eng-Latn"
                ],
                "map_at_1": 28.754,
                "map_at_10": 42.921,
                "map_at_100": 44.440000000000005,
                "map_at_1000": 44.516,
                "map_at_20": 43.815,
                "map_at_3": 38.592999999999996,
                "map_at_5": 41.138999999999996,
                "mrr_at_1": 36.416,
                "mrr_at_10": 48.284,
                "mrr_at_100": 49.086,
                "mrr_at_1000": 49.116,
                "mrr_at_20": 48.741,
                "mrr_at_3": 45.301,
                "mrr_at_5": 47.104,
                "ndcg_at_1": 36.416,
                "ndcg_at_10": 50.257,
                "ndcg_at_100": 55.931,
                "ndcg_at_1000": 57.188,
                "ndcg_at_20": 52.607000000000006,
                "ndcg_at_3": 43.787,
                "ndcg_at_5": 46.941,
                "precision_at_1": 36.416,
                "precision_at_10": 9.783,
                "precision_at_100": 1.465,
                "precision_at_1000": 0.173,
                "precision_at_20": 5.713,
                "precision_at_3": 21.804000000000002,
                "precision_at_5": 16.05,
                "recall_at_1": 28.754,
                "recall_at_10": 66.31099999999999,
                "recall_at_100": 90.034,
                "recall_at_1000": 98.058,
                "recall_at_20": 74.411,
                "recall_at_3": 48.332,
                "recall_at_5": 56.548,
                "main_score": 50.257
            }
        ]
    }
}