{
    "dataset_revision": "46989137a86843e03a6195de44b09deda022eec7",
    "task_name": "CQADupstackTexRetrieval",
    "evaluation_time": null,
    "mteb_version": null,
    "scores": {
        "test": [
            {
                "hf_subset": "default",
                "languages": [
                    "eng-Latn"
                ],
                "map_at_1": 20.205000000000002,
                "map_at_10": 29.947000000000003,
                "map_at_100": 31.342,
                "map_at_1000": 31.458000000000002,
                "map_at_20": 30.741000000000003,
                "map_at_3": 26.568,
                "map_at_5": 28.372999999999998,
                "mrr_at_1": 24.742,
                "mrr_at_10": 33.941,
                "mrr_at_100": 34.92,
                "mrr_at_1000": 34.981,
                "mrr_at_20": 34.509,
                "mrr_at_3": 31.097,
                "mrr_at_5": 32.631,
                "ndcg_at_1": 24.742,
                "ndcg_at_10": 35.884,
                "ndcg_at_100": 41.839999999999996,
                "ndcg_at_1000": 44.162,
                "ndcg_at_20": 38.273,
                "ndcg_at_3": 30.073,
                "ndcg_at_5": 32.617000000000004,
                "precision_at_1": 24.742,
                "precision_at_10": 6.958,
                "precision_at_100": 1.155,
                "precision_at_1000": 0.154,
                "precision_at_20": 4.202,
                "precision_at_3": 14.568,
                "precision_at_5": 10.757,
                "recall_at_1": 20.205000000000002,
                "recall_at_10": 49.603,
                "recall_at_100": 75.77000000000001,
                "recall_at_1000": 91.767,
                "recall_at_20": 58.309,
                "recall_at_3": 33.353,
                "recall_at_5": 39.947,
                "main_score": 35.884
            }
        ]
    }
}