{
  "dataset_revision": "346d5039b9ec75a7b80f8ff008d5ca3df126f5aa",
  "task_name": "EnglishFinance2Retrieval",
  "mteb_version": "1.38.43",
  "scores": {
    "test": [
      {
        "ndcg_at_1": 0.33871,
        "ndcg_at_3": 0.42717,
        "ndcg_at_5": 0.45196,
        "ndcg_at_10": 0.47875,
        "ndcg_at_20": 0.50079,
        "ndcg_at_100": 0.53342,
        "ndcg_at_1000": 0.54651,
        "map_at_1": 0.33871,
        "map_at_3": 0.40591,
        "map_at_5": 0.41974,
        "map_at_10": 0.43034,
        "map_at_20": 0.43633,
        "map_at_100": 0.44031,
        "map_at_1000": 0.44097,
        "recall_at_1": 0.33871,
        "recall_at_3": 0.48848,
        "recall_at_5": 0.54839,
        "recall_at_10": 0.63364,
        "recall_at_20": 0.7212,
        "recall_at_100": 0.90553,
        "recall_at_1000": 1.0,
        "precision_at_1": 0.33871,
        "precision_at_3": 0.16283,
        "precision_at_5": 0.10968,
        "precision_at_10": 0.06336,
        "precision_at_20": 0.03606,
        "precision_at_100": 0.00906,
        "precision_at_1000": 0.001,
        "mrr_at_1": 0.33871,
        "mrr_at_3": 0.405914,
        "mrr_at_5": 0.419739,
        "mrr_at_10": 0.430337,
        "mrr_at_20": 0.436328,
        "mrr_at_100": 0.440308,
        "mrr_at_1000": 0.440968,
        "nauc_ndcg_at_1_max": 0.454381,
        "nauc_ndcg_at_1_std": 0.00338,
        "nauc_ndcg_at_1_diff1": 0.518596,
        "nauc_ndcg_at_3_max": 0.430595,
        "nauc_ndcg_at_3_std": 0.031288,
        "nauc_ndcg_at_3_diff1": 0.44288,
        "nauc_ndcg_at_5_max": 0.438827,
        "nauc_ndcg_at_5_std": 0.042104,
        "nauc_ndcg_at_5_diff1": 0.439511,
        "nauc_ndcg_at_10_max": 0.427933,
        "nauc_ndcg_at_10_std": 0.022414,
        "nauc_ndcg_at_10_diff1": 0.444057,
        "nauc_ndcg_at_20_max": 0.427821,
        "nauc_ndcg_at_20_std": 0.035662,
        "nauc_ndcg_at_20_diff1": 0.442685,
        "nauc_ndcg_at_100_max": 0.432832,
        "nauc_ndcg_at_100_std": 0.039501,
        "nauc_ndcg_at_100_diff1": 0.450326,
        "nauc_ndcg_at_1000_max": 0.433516,
        "nauc_ndcg_at_1000_std": 0.031434,
        "nauc_ndcg_at_1000_diff1": 0.451423,
        "nauc_map_at_1_max": 0.454381,
        "nauc_map_at_1_std": 0.00338,
        "nauc_map_at_1_diff1": 0.518596,
        "nauc_map_at_3_max": 0.437083,
        "nauc_map_at_3_std": 0.025176,
        "nauc_map_at_3_diff1": 0.459702,
        "nauc_map_at_5_max": 0.441785,
        "nauc_map_at_5_std": 0.031764,
        "nauc_map_at_5_diff1": 0.457802,
        "nauc_map_at_10_max": 0.437789,
        "nauc_map_at_10_std": 0.024472,
        "nauc_map_at_10_diff1": 0.459885,
        "nauc_map_at_20_max": 0.437661,
        "nauc_map_at_20_std": 0.026896,
        "nauc_map_at_20_diff1": 0.460032,
        "nauc_map_at_100_max": 0.438106,
        "nauc_map_at_100_std": 0.02741,
        "nauc_map_at_100_diff1": 0.460466,
        "nauc_map_at_1000_max": 0.438096,
        "nauc_map_at_1000_std": 0.027019,
        "nauc_map_at_1000_diff1": 0.460513,
        "nauc_recall_at_1_max": 0.454381,
        "nauc_recall_at_1_std": 0.00338,
        "nauc_recall_at_1_diff1": 0.518596,
        "nauc_recall_at_3_max": 0.411504,
        "nauc_recall_at_3_std": 0.048727,
        "nauc_recall_at_3_diff1": 0.394774,
        "nauc_recall_at_5_max": 0.430675,
        "nauc_recall_at_5_std": 0.073758,
        "nauc_recall_at_5_diff1": 0.38471,
        "nauc_recall_at_10_max": 0.389863,
        "nauc_recall_at_10_std": 0.004828,
        "nauc_recall_at_10_diff1": 0.393414,
        "nauc_recall_at_20_max": 0.383307,
        "nauc_recall_at_20_std": 0.080461,
        "nauc_recall_at_20_diff1": 0.372008,
        "nauc_recall_at_100_max": 0.411501,
        "nauc_recall_at_100_std": 0.20894,
        "nauc_recall_at_100_diff1": 0.424716,
        "nauc_recall_at_1000_max": NaN,
        "nauc_recall_at_1000_std": NaN,
        "nauc_recall_at_1000_diff1": NaN,
        "nauc_precision_at_1_max": 0.454381,
        "nauc_precision_at_1_std": 0.00338,
        "nauc_precision_at_1_diff1": 0.518596,
        "nauc_precision_at_3_max": 0.411504,
        "nauc_precision_at_3_std": 0.048727,
        "nauc_precision_at_3_diff1": 0.394774,
        "nauc_precision_at_5_max": 0.430675,
        "nauc_precision_at_5_std": 0.073758,
        "nauc_precision_at_5_diff1": 0.38471,
        "nauc_precision_at_10_max": 0.389863,
        "nauc_precision_at_10_std": 0.004828,
        "nauc_precision_at_10_diff1": 0.393414,
        "nauc_precision_at_20_max": 0.383307,
        "nauc_precision_at_20_std": 0.080461,
        "nauc_precision_at_20_diff1": 0.372008,
        "nauc_precision_at_100_max": 0.411501,
        "nauc_precision_at_100_std": 0.20894,
        "nauc_precision_at_100_diff1": 0.424716,
        "nauc_precision_at_1000_max": 1.0,
        "nauc_precision_at_1000_std": 1.0,
        "nauc_precision_at_1000_diff1": 1.0,
        "nauc_mrr_at_1_max": 0.454381,
        "nauc_mrr_at_1_std": 0.00338,
        "nauc_mrr_at_1_diff1": 0.518596,
        "nauc_mrr_at_3_max": 0.437083,
        "nauc_mrr_at_3_std": 0.025176,
        "nauc_mrr_at_3_diff1": 0.459702,
        "nauc_mrr_at_5_max": 0.441785,
        "nauc_mrr_at_5_std": 0.031764,
        "nauc_mrr_at_5_diff1": 0.457802,
        "nauc_mrr_at_10_max": 0.437789,
        "nauc_mrr_at_10_std": 0.024472,
        "nauc_mrr_at_10_diff1": 0.459885,
        "nauc_mrr_at_20_max": 0.437661,
        "nauc_mrr_at_20_std": 0.026896,
        "nauc_mrr_at_20_diff1": 0.460032,
        "nauc_mrr_at_100_max": 0.438106,
        "nauc_mrr_at_100_std": 0.02741,
        "nauc_mrr_at_100_diff1": 0.460466,
        "nauc_mrr_at_1000_max": 0.438096,
        "nauc_mrr_at_1000_std": 0.027019,
        "nauc_mrr_at_1000_diff1": 0.460513,
        "main_score": 0.47875,
        "hf_subset": "default",
        "languages": [
          "eng-Latn"
        ]
      }
    ]
  },
  "evaluation_time": 6.172597646713257,
  "kg_co2_emissions": null
}