{
  "dataset_revision": "e4428e399de70a21b8857464e76f0fe859cabe05",
  "evaluation_time": 9.468825817108154,
  "kg_co2_emissions": 0.0004495170214237072,
  "mteb_version": "1.18.0",
  "scores": {
    "test": [
      {
        "cosine_pearson": 0.07309843236753166,
        "cosine_spearman": 0.0936268304903346,
        "euclidean_pearson": 0.08723798684548553,
        "euclidean_spearman": 0.0936268304903346,
        "hf_subset": "default",
        "languages": [
          "fin-Latn"
        ],
        "main_score": 0.0936268304903346,
        "manhattan_pearson": 0.0877612908292245,
        "manhattan_spearman": 0.09334458838026591,
        "pearson": 0.07309843236753166,
        "spearman": 0.0936268304903346
      }
    ],
    "validation": [
      {
        "cosine_pearson": 0.06853030140306138,
        "cosine_spearman": 0.08291706172143007,
        "euclidean_pearson": 0.08395317703971542,
        "euclidean_spearman": 0.08291706172143007,
        "hf_subset": "default",
        "languages": [
          "fin-Latn"
        ],
        "main_score": 0.08291706172143007,
        "manhattan_pearson": 0.08366159021062804,
        "manhattan_spearman": 0.0831118408965604,
        "pearson": 0.06853030140306138,
        "spearman": 0.08291706172143007
      }
    ]
  },
  "task_name": "FinParaSTS"
}