{
  "dataset_revision": "576cb1b7b1ba5fd37501809964c7d7ab623fc9cb",
  "task_name": "SynPerChatbotTopicsRetrieval",
  "mteb_version": "1.25.8",
  "scores": {
    "test": [
      {
        "ndcg_at_1": 0.1594,
        "ndcg_at_3": 0.13069,
        "ndcg_at_5": 0.15094,
        "ndcg_at_10": 0.18753,
        "ndcg_at_20": 0.22416,
        "ndcg_at_100": 0.29473,
        "ndcg_at_1000": 0.35114,
        "map_at_1": 0.05008,
        "map_at_3": 0.08118,
        "map_at_5": 0.09349,
        "map_at_10": 0.10824,
        "map_at_20": 0.11944,
        "map_at_100": 0.13227,
        "map_at_1000": 0.1355,
        "recall_at_1": 0.05008,
        "recall_at_3": 0.11383,
        "recall_at_5": 0.15769,
        "recall_at_10": 0.23698,
        "recall_at_20": 0.33792,
        "recall_at_100": 0.60815,
        "recall_at_1000": 0.92929,
        "precision_at_1": 0.1594,
        "precision_at_3": 0.12123,
        "precision_at_5": 0.10072,
        "precision_at_10": 0.07541,
        "precision_at_20": 0.054,
        "precision_at_100": 0.01945,
        "precision_at_1000": 0.00297,
        "mrr_at_1": 0.161353,
        "mrr_at_3": 0.237801,
        "mrr_at_5": 0.26311,
        "mrr_at_10": 0.284539,
        "mrr_at_20": 0.295201,
        "mrr_at_100": 0.300288,
        "mrr_at_1000": 0.300593,
        "nauc_ndcg_at_1_max": -0.102497,
        "nauc_ndcg_at_1_std": -0.233126,
        "nauc_ndcg_at_1_diff1": 0.182563,
        "nauc_ndcg_at_3_max": -0.094435,
        "nauc_ndcg_at_3_std": -0.243439,
        "nauc_ndcg_at_3_diff1": 0.133238,
        "nauc_ndcg_at_5_max": -0.07663,
        "nauc_ndcg_at_5_std": -0.23445,
        "nauc_ndcg_at_5_diff1": 0.130241,
        "nauc_ndcg_at_10_max": -0.066368,
        "nauc_ndcg_at_10_std": -0.22621,
        "nauc_ndcg_at_10_diff1": 0.126715,
        "nauc_ndcg_at_20_max": -0.054936,
        "nauc_ndcg_at_20_std": -0.217734,
        "nauc_ndcg_at_20_diff1": 0.10972,
        "nauc_ndcg_at_100_max": -0.097047,
        "nauc_ndcg_at_100_std": -0.256745,
        "nauc_ndcg_at_100_diff1": 0.097054,
        "nauc_ndcg_at_1000_max": -0.088338,
        "nauc_ndcg_at_1000_std": -0.242721,
        "nauc_ndcg_at_1000_diff1": 0.112839,
        "nauc_map_at_1_max": -0.080209,
        "nauc_map_at_1_std": -0.214268,
        "nauc_map_at_1_diff1": 0.184625,
        "nauc_map_at_3_max": -0.074187,
        "nauc_map_at_3_std": -0.222508,
        "nauc_map_at_3_diff1": 0.148141,
        "nauc_map_at_5_max": -0.072187,
        "nauc_map_at_5_std": -0.226917,
        "nauc_map_at_5_diff1": 0.140755,
        "nauc_map_at_10_max": -0.071988,
        "nauc_map_at_10_std": -0.225377,
        "nauc_map_at_10_diff1": 0.132757,
        "nauc_map_at_20_max": -0.068152,
        "nauc_map_at_20_std": -0.224855,
        "nauc_map_at_20_diff1": 0.124663,
        "nauc_map_at_100_max": -0.080974,
        "nauc_map_at_100_std": -0.238051,
        "nauc_map_at_100_diff1": 0.120865,
        "nauc_map_at_1000_max": -0.080719,
        "nauc_map_at_1000_std": -0.238456,
        "nauc_map_at_1000_diff1": 0.122109,
        "nauc_recall_at_1_max": -0.080209,
        "nauc_recall_at_1_std": -0.214268,
        "nauc_recall_at_1_diff1": 0.184625,
        "nauc_recall_at_3_max": -0.06906,
        "nauc_recall_at_3_std": -0.223489,
        "nauc_recall_at_3_diff1": 0.111076,
        "nauc_recall_at_5_max": -0.055121,
        "nauc_recall_at_5_std": -0.222167,
        "nauc_recall_at_5_diff1": 0.104445,
        "nauc_recall_at_10_max": -0.02982,
        "nauc_recall_at_10_std": -0.183449,
        "nauc_recall_at_10_diff1": 0.091938,
        "nauc_recall_at_20_max": 0.00418,
        "nauc_recall_at_20_std": -0.136262,
        "nauc_recall_at_20_diff1": 0.042379,
        "nauc_recall_at_100_max": -0.096446,
        "nauc_recall_at_100_std": -0.191594,
        "nauc_recall_at_100_diff1": -0.011529,
        "nauc_recall_at_1000_max": 0.016729,
        "nauc_recall_at_1000_std": 0.061912,
        "nauc_recall_at_1000_diff1": -0.004566,
        "nauc_precision_at_1_max": -0.102497,
        "nauc_precision_at_1_std": -0.233126,
        "nauc_precision_at_1_diff1": 0.182563,
        "nauc_precision_at_3_max": -0.094008,
        "nauc_precision_at_3_std": -0.250451,
        "nauc_precision_at_3_diff1": 0.108927,
        "nauc_precision_at_5_max": -0.084114,
        "nauc_precision_at_5_std": -0.253387,
        "nauc_precision_at_5_diff1": 0.100242,
        "nauc_precision_at_10_max": -0.063434,
        "nauc_precision_at_10_std": -0.221064,
        "nauc_precision_at_10_diff1": 0.079058,
        "nauc_precision_at_20_max": -0.037125,
        "nauc_precision_at_20_std": -0.17785,
        "nauc_precision_at_20_diff1": 0.023614,
        "nauc_precision_at_100_max": -0.143478,
        "nauc_precision_at_100_std": -0.236712,
        "nauc_precision_at_100_diff1": -0.033727,
        "nauc_precision_at_1000_max": -0.136127,
        "nauc_precision_at_1000_std": -0.133677,
        "nauc_precision_at_1000_diff1": -0.05107,
        "nauc_mrr_at_1_max": -0.101962,
        "nauc_mrr_at_1_std": -0.228577,
        "nauc_mrr_at_1_diff1": 0.172911,
        "nauc_mrr_at_3_max": -0.09723,
        "nauc_mrr_at_3_std": -0.235124,
        "nauc_mrr_at_3_diff1": 0.138751,
        "nauc_mrr_at_5_max": -0.095762,
        "nauc_mrr_at_5_std": -0.238221,
        "nauc_mrr_at_5_diff1": 0.136518,
        "nauc_mrr_at_10_max": -0.086055,
        "nauc_mrr_at_10_std": -0.231718,
        "nauc_mrr_at_10_diff1": 0.141525,
        "nauc_mrr_at_20_max": -0.084127,
        "nauc_mrr_at_20_std": -0.229348,
        "nauc_mrr_at_20_diff1": 0.139877,
        "nauc_mrr_at_100_max": -0.086135,
        "nauc_mrr_at_100_std": -0.230545,
        "nauc_mrr_at_100_diff1": 0.140076,
        "nauc_mrr_at_1000_max": -0.086383,
        "nauc_mrr_at_1000_std": -0.230672,
        "nauc_mrr_at_1000_diff1": 0.140143,
        "main_score": 0.18753,
        "hf_subset": "default",
        "languages": [
          "fas-Arab"
        ]
      }
    ]
  },
  "evaluation_time": 69.42693090438843,
  "kg_co2_emissions": null
}