{
  "dataset_revision": "ed1c933c2b3617e5700d8a7ebe07f5975969a453",
  "evaluation_time": 5090.278175354004,
  "kg_co2_emissions": null,
  "mteb_version": "1.18.2",
  "scores": {
    "test_cat": [
      {
        "hf_subset": "default",
        "languages": [
          "eng-Latn"
        ],
        "main_score": 0.07083288746210095,
        "map": 0.08771276956120339,
        "mrr": 0.07083288746210095,
        "nAUC_map_diff1": 0.11194436742270464,
        "nAUC_map_max": 0.057574721589131156,
        "nAUC_map_std": 0.24057214948744265,
        "nAUC_mrr_diff1": 0.10919275398217271,
        "nAUC_mrr_max": 0.046330448954694375,
        "nAUC_mrr_std": 0.21885533484853015
      }
    ],
    "test_geo": [
      {
        "hf_subset": "default",
        "languages": [
          "eng-Latn"
        ],
        "main_score": 0.10502295710798559,
        "map": 0.12428997274586039,
        "mrr": 0.10502295710798559,
        "nAUC_map_diff1": 0.062275564191314046,
        "nAUC_map_max": -0.04386876864622199,
        "nAUC_map_std": 0.16400444403326347,
        "nAUC_mrr_diff1": 0.06213283589783216,
        "nAUC_mrr_max": -0.041623661012422965,
        "nAUC_mrr_std": 0.15277217445172903
      }
    ],
    "test_iid": [
      {
        "hf_subset": "default",
        "languages": [
          "eng-Latn"
        ],
        "main_score": 0.10308381349758262,
        "map": 0.12157917298029144,
        "mrr": 0.10308381349758262,
        "nAUC_map_diff1": 0.013139704361379614,
        "nAUC_map_max": 0.06659757839015965,
        "nAUC_map_std": 0.07843381462093826,
        "nAUC_mrr_diff1": 0.005949044557378672,
        "nAUC_mrr_max": 0.07082054283241723,
        "nAUC_mrr_std": 0.06832728567376456
      }
    ],
    "test_vis": [
      {
        "hf_subset": "default",
        "languages": [
          "eng-Latn"
        ],
        "main_score": 0.10696946137206612,
        "map": 0.1259764703086191,
        "mrr": 0.10696946137206612,
        "nAUC_map_diff1": 0.07025452748724911,
        "nAUC_map_max": -0.0843085905624571,
        "nAUC_map_std": 0.10214737320268122,
        "nAUC_mrr_diff1": 0.06804575526370132,
        "nAUC_mrr_max": -0.08309976201784058,
        "nAUC_mrr_std": 0.08798414654691972
      }
    ],
    "test_web": [
      {
        "hf_subset": "default",
        "languages": [
          "eng-Latn"
        ],
        "main_score": 0.07645389050446302,
        "map": 0.09407743308596184,
        "mrr": 0.07645389050446302,
        "nAUC_map_diff1": 0.06734652956726668,
        "nAUC_map_max": 0.03311424089617655,
        "nAUC_map_std": 0.18308904713601015,
        "nAUC_mrr_diff1": 0.06633911472366252,
        "nAUC_mrr_max": 0.03156291144300448,
        "nAUC_mrr_std": 0.17199114832369353
      }
    ],
    "validation": [
      {
        "hf_subset": "default",
        "languages": [
          "eng-Latn"
        ],
        "main_score": 0.12829325427326965,
        "map": 0.14815559431662695,
        "mrr": 0.12829325427326965,
        "nAUC_map_diff1": 0.2008526607564217,
        "nAUC_map_max": 0.056630914245560895,
        "nAUC_map_std": 0.18968018608816184,
        "nAUC_mrr_diff1": 0.1999866061238989,
        "nAUC_mrr_max": 0.06367667438454112,
        "nAUC_mrr_std": 0.18925604646616276
      }
    ]
  },
  "task_name": "WebLINXCandidatesReranking"
}