{
  "dataset_revision": "b802cc5fd6c605df2d673a963667d74881d2c9a4",
  "task_name": "VidoreInfoVQARetrieval",
  "mteb_version": "1.38.16",
  "scores": {
    "test": [
      {
        "ndcg_at_1": 0.88259,
        "ndcg_at_3": 0.9198,
        "ndcg_at_5": 0.9283,
        "ndcg_at_10": 0.93003,
        "ndcg_at_20": 0.93191,
        "ndcg_at_100": 0.93452,
        "ndcg_at_1000": 0.93588,
        "map_at_1": 0.88259,
        "map_at_3": 0.91093,
        "map_at_5": 0.91554,
        "map_at_10": 0.91637,
        "map_at_20": 0.91695,
        "map_at_100": 0.91736,
        "map_at_1000": 0.91741,
        "recall_at_1": 0.88259,
        "recall_at_3": 0.94534,
        "recall_at_5": 0.96559,
        "recall_at_10": 0.97065,
        "recall_at_20": 0.97713,
        "recall_at_100": 0.99008,
        "recall_at_1000": 1.0,
        "cv_recall_at_1": 0.88259,
        "cv_recall_at_3": 0.94534,
        "cv_recall_at_5": 0.96761,
        "cv_recall_at_10": 0.97166,
        "cv_recall_at_20": 0.97976,
        "cv_recall_at_100": 0.9919,
        "cv_recall_at_1000": 1.0,
        "precision_at_1": 0.88259,
        "precision_at_3": 0.31511,
        "precision_at_5": 0.19352,
        "precision_at_10": 0.09737,
        "precision_at_20": 0.04909,
        "precision_at_100": 0.00998,
        "precision_at_1000": 0.00101,
        "mrr_at_1": 0.882591,
        "mrr_at_3": 0.910931,
        "mrr_at_5": 0.915992,
        "mrr_at_10": 0.916534,
        "mrr_at_20": 0.917242,
        "mrr_at_100": 0.917619,
        "mrr_at_1000": 0.917655,
        "nauc_ndcg_at_1_max": 0.73895,
        "nauc_ndcg_at_1_std": -0.00672,
        "nauc_ndcg_at_1_diff1": 0.966584,
        "nauc_ndcg_at_3_max": 0.747682,
        "nauc_ndcg_at_3_std": 0.03609,
        "nauc_ndcg_at_3_diff1": 0.96442,
        "nauc_ndcg_at_5_max": 0.777568,
        "nauc_ndcg_at_5_std": 0.121931,
        "nauc_ndcg_at_5_diff1": 0.961755,
        "nauc_ndcg_at_10_max": 0.780947,
        "nauc_ndcg_at_10_std": 0.133863,
        "nauc_ndcg_at_10_diff1": 0.962074,
        "nauc_ndcg_at_20_max": 0.777172,
        "nauc_ndcg_at_20_std": 0.122846,
        "nauc_ndcg_at_20_diff1": 0.962114,
        "nauc_ndcg_at_100_max": 0.770523,
        "nauc_ndcg_at_100_std": 0.100743,
        "nauc_ndcg_at_100_diff1": 0.963728,
        "nauc_ndcg_at_1000_max": 0.765585,
        "nauc_ndcg_at_1000_std": 0.085763,
        "nauc_ndcg_at_1000_diff1": 0.963468,
        "nauc_map_at_1_max": 0.73895,
        "nauc_map_at_1_std": -0.00672,
        "nauc_map_at_1_diff1": 0.966584,
        "nauc_map_at_3_max": 0.745554,
        "nauc_map_at_3_std": 0.02515,
        "nauc_map_at_3_diff1": 0.965094,
        "nauc_map_at_5_max": 0.759873,
        "nauc_map_at_5_std": 0.065773,
        "nauc_map_at_5_diff1": 0.963957,
        "nauc_map_at_10_max": 0.761267,
        "nauc_map_at_10_std": 0.071439,
        "nauc_map_at_10_diff1": 0.964052,
        "nauc_map_at_20_max": 0.760191,
        "nauc_map_at_20_std": 0.068338,
        "nauc_map_at_20_diff1": 0.964089,
        "nauc_map_at_100_max": 0.759273,
        "nauc_map_at_100_std": 0.065379,
        "nauc_map_at_100_diff1": 0.964284,
        "nauc_map_at_1000_max": 0.759099,
        "nauc_map_at_1000_std": 0.064836,
        "nauc_map_at_1000_diff1": 0.96427,
        "nauc_recall_at_1_max": 0.73895,
        "nauc_recall_at_1_std": -0.00672,
        "nauc_recall_at_1_diff1": 0.966584,
        "nauc_recall_at_3_max": 0.757137,
        "nauc_recall_at_3_std": 0.08514,
        "nauc_recall_at_3_diff1": 0.961303,
        "nauc_recall_at_5_max": 0.909739,
        "nauc_recall_at_5_std": 0.53052,
        "nauc_recall_at_5_diff1": 0.946223,
        "nauc_recall_at_10_max": 0.953825,
        "nauc_recall_at_10_std": 0.67205,
        "nauc_recall_at_10_diff1": 0.945958,
        "nauc_recall_at_20_max": 0.965327,
        "nauc_recall_at_20_std": 0.717547,
        "nauc_recall_at_20_diff1": 0.942212,
        "nauc_recall_at_100_max": 1.0,
        "nauc_recall_at_100_std": 0.789739,
        "nauc_recall_at_100_diff1": 0.973347,
        "nauc_recall_at_1000_max": NaN,
        "nauc_recall_at_1000_std": NaN,
        "nauc_recall_at_1000_diff1": NaN,
        "nauc_precision_at_1_max": 0.73895,
        "nauc_precision_at_1_std": -0.00672,
        "nauc_precision_at_1_diff1": 0.966584,
        "nauc_precision_at_3_max": 0.757137,
        "nauc_precision_at_3_std": 0.08514,
        "nauc_precision_at_3_diff1": 0.961303,
        "nauc_precision_at_5_max": 0.918026,
        "nauc_precision_at_5_std": 0.577062,
        "nauc_precision_at_5_diff1": 0.942862,
        "nauc_precision_at_10_max": 0.811513,
        "nauc_precision_at_10_std": 0.669108,
        "nauc_precision_at_10_diff1": 0.775957,
        "nauc_precision_at_20_max": 0.770962,
        "nauc_precision_at_20_std": 0.689544,
        "nauc_precision_at_20_diff1": 0.710767,
        "nauc_precision_at_100_max": 0.156616,
        "nauc_precision_at_100_std": 0.244742,
        "nauc_precision_at_100_diff1": 0.094183,
        "nauc_precision_at_1000_max": -0.530911,
        "nauc_precision_at_1000_std": -0.3414,
        "nauc_precision_at_1000_diff1": -0.573514,
        "nauc_cv_recall_at_1_max": 0.73895,
        "nauc_cv_recall_at_1_std": -0.00672,
        "nauc_cv_recall_at_1_diff1": 0.966584,
        "nauc_cv_recall_at_3_max": 0.757137,
        "nauc_cv_recall_at_3_std": 0.08514,
        "nauc_cv_recall_at_3_diff1": 0.961303,
        "nauc_cv_recall_at_5_max": 0.918026,
        "nauc_cv_recall_at_5_std": 0.577062,
        "nauc_cv_recall_at_5_diff1": 0.942862,
        "nauc_cv_recall_at_10_max": 0.952176,
        "nauc_cv_recall_at_10_std": 0.670257,
        "nauc_cv_recall_at_10_diff1": 0.944028,
        "nauc_cv_recall_at_20_max": 0.96082,
        "nauc_cv_recall_at_20_std": 0.694715,
        "nauc_cv_recall_at_20_diff1": 0.934699,
        "nauc_cv_recall_at_100_max": 1.0,
        "nauc_cv_recall_at_100_std": 0.777148,
        "nauc_cv_recall_at_100_diff1": 0.96735,
        "nauc_cv_recall_at_1000_max": NaN,
        "nauc_cv_recall_at_1000_std": NaN,
        "nauc_cv_recall_at_1000_diff1": NaN,
        "nauc_mrr_at_1_max": 0.73895,
        "nauc_mrr_at_1_std": -0.00672,
        "nauc_mrr_at_1_diff1": 0.966584,
        "nauc_mrr_at_3_max": 0.745554,
        "nauc_mrr_at_3_std": 0.02515,
        "nauc_mrr_at_3_diff1": 0.965094,
        "nauc_mrr_at_5_max": 0.759642,
        "nauc_mrr_at_5_std": 0.06674,
        "nauc_mrr_at_5_diff1": 0.963759,
        "nauc_mrr_at_10_max": 0.760315,
        "nauc_mrr_at_10_std": 0.068149,
        "nauc_mrr_at_10_diff1": 0.963979,
        "nauc_mrr_at_20_max": 0.758861,
        "nauc_mrr_at_20_std": 0.063591,
        "nauc_mrr_at_20_diff1": 0.963961,
        "nauc_mrr_at_100_max": 0.758014,
        "nauc_mrr_at_100_std": 0.060906,
        "nauc_mrr_at_100_diff1": 0.964168,
        "nauc_mrr_at_1000_max": 0.757908,
        "nauc_mrr_at_1000_std": 0.060601,
        "nauc_mrr_at_1000_diff1": 0.964164,
        "main_score": 0.9283,
        "hf_subset": "default",
        "languages": [
          "eng-Latn"
        ]
      }
    ]
  },
  "evaluation_time": 80.11045241355896,
  "kg_co2_emissions": null
}