{
    "dataset_revision": "4d8694f8f0e0100860b497b999b3dbed754a0513",
    "task_name": "STS16",
    "evaluation_time": null,
    "mteb_version": null,
    "scores": {
        "test": [
            {
                "hf_subset": "default",
                "languages": [
                    "eng-Latn"
                ],
                "cos_sim_pearson": 0.8211827015492468,
                "cos_sim_spearman": 0.8359397157586835,
                "euclidean_pearson": 0.8297284591328044,
                "euclidean_spearman": 0.8374509747941254,
                "manhattan_pearson": 0.82974440264842,
                "manhattan_spearman": 0.8372260506292083,
                "cosine_pearson": 0.8211827015492468,
                "cosine_spearman": 0.8359397157586835,
                "main_score": 0.8359397157586835
            }
        ]
    }
}