{
    "dataset_revision": "None",
    "task_name": "TRECCOVID",
    "evaluation_time": null,
    "mteb_version": null,
    "scores": {
        "test": [
            {
                "hf_subset": "default",
                "languages": [
                    "eng-Latn"
                ],
                "map_at_1": 0.00125,
                "map_at_10": 0.0086,
                "map_at_100": 0.04665,
                "map_at_1000": 0.11877,
                "map_at_3": 0.00299,
                "map_at_5": 0.00472,
                "mrr_at_1": 0.5,
                "mrr_at_10": 0.64711,
                "mrr_at_100": 0.65065,
                "mrr_at_1000": 0.65065,
                "mrr_at_3": 0.62,
                "mrr_at_5": 0.629,
                "ndcg_at_1": 0.43,
                "ndcg_at_10": 0.43148,
                "ndcg_at_100": 0.33417,
                "ndcg_at_1000": 0.31341,
                "ndcg_at_3": 0.43654,
                "ndcg_at_5": 0.4321,
                "precision_at_1": 0.5,
                "precision_at_10": 0.482,
                "precision_at_100": 0.3546,
                "precision_at_1000": 0.15342,
                "precision_at_3": 0.48,
                "precision_at_5": 0.4759999999999999,
                "recall_at_1": 0.00125,
                "recall_at_10": 0.01145,
                "recall_at_100": 0.07727,
                "recall_at_1000": 0.30742,
                "recall_at_3": 0.00356,
                "recall_at_5": 0.00578,
                "main_score": 0.43148
            }
        ]
    }
}