{
  "dataset_revision": "ebfcd844eadd3d667efa3c57fc5c8c87f5c2867e",
  "task_name": "AILAStatutes",
  "mteb_version": "1.18.0",
  "scores": {
    "test": [
      {
        "ndcg_at_1": 0.18,
        "ndcg_at_3": 0.16411,
        "ndcg_at_5": 0.15915,
        "ndcg_at_10": 0.22275,
        "ndcg_at_20": 0.29274,
        "ndcg_at_100": 0.4608,
        "ndcg_at_1000": 0.4608,
        "map_at_1": 0.05467,
        "map_at_3": 0.09406,
        "map_at_5": 0.10626,
        "map_at_10": 0.1322,
        "map_at_20": 0.15558,
        "map_at_100": 0.20422,
        "map_at_1000": 0.20422,
        "recall_at_1": 0.05467,
        "recall_at_3": 0.12033,
        "recall_at_5": 0.15233,
        "recall_at_10": 0.27333,
        "recall_at_20": 0.449,
        "recall_at_100": 1.0,
        "recall_at_1000": 1.0,
        "precision_at_1": 0.18,
        "precision_at_3": 0.14667,
        "precision_at_5": 0.116,
        "precision_at_10": 0.114,
        "precision_at_20": 0.096,
        "precision_at_100": 0.0434,
        "precision_at_1000": 0.00434,
        "mrr_at_1": 0.18,
        "mrr_at_3": 0.253333,
        "mrr_at_5": 0.270333,
        "mrr_at_10": 0.311373,
        "mrr_at_20": 0.327528,
        "mrr_at_100": 0.32939,
        "mrr_at_1000": 0.32939,
        "nauc_ndcg_at_1_max": 0.56973,
        "nauc_ndcg_at_1_std": 0.063256,
        "nauc_ndcg_at_1_diff1": -0.038171,
        "nauc_ndcg_at_3_max": 0.556746,
        "nauc_ndcg_at_3_std": 0.132071,
        "nauc_ndcg_at_3_diff1": 0.075573,
        "nauc_ndcg_at_5_max": 0.503432,
        "nauc_ndcg_at_5_std": 0.113095,
        "nauc_ndcg_at_5_diff1": 0.076516,
        "nauc_ndcg_at_10_max": 0.461761,
        "nauc_ndcg_at_10_std": 0.092371,
        "nauc_ndcg_at_10_diff1": 0.053824,
        "nauc_ndcg_at_20_max": 0.429626,
        "nauc_ndcg_at_20_std": 0.207042,
        "nauc_ndcg_at_20_diff1": 0.042064,
        "nauc_ndcg_at_100_max": 0.474932,
        "nauc_ndcg_at_100_std": 0.135332,
        "nauc_ndcg_at_100_diff1": 0.07569,
        "nauc_ndcg_at_1000_max": 0.474932,
        "nauc_ndcg_at_1000_std": 0.135332,
        "nauc_ndcg_at_1000_diff1": 0.07569,
        "nauc_map_at_1_max": 0.574346,
        "nauc_map_at_1_std": -0.020972,
        "nauc_map_at_1_diff1": -0.129955,
        "nauc_map_at_3_max": 0.562412,
        "nauc_map_at_3_std": 0.08258,
        "nauc_map_at_3_diff1": 0.034144,
        "nauc_map_at_5_max": 0.536717,
        "nauc_map_at_5_std": 0.089626,
        "nauc_map_at_5_diff1": 0.082131,
        "nauc_map_at_10_max": 0.502391,
        "nauc_map_at_10_std": 0.078148,
        "nauc_map_at_10_diff1": 0.065489,
        "nauc_map_at_20_max": 0.471029,
        "nauc_map_at_20_std": 0.126759,
        "nauc_map_at_20_diff1": 0.058005,
        "nauc_map_at_100_max": 0.473432,
        "nauc_map_at_100_std": 0.115415,
        "nauc_map_at_100_diff1": 0.069396,
        "nauc_map_at_1000_max": 0.473432,
        "nauc_map_at_1000_std": 0.115415,
        "nauc_map_at_1000_diff1": 0.069396,
        "nauc_recall_at_1_max": 0.574346,
        "nauc_recall_at_1_std": -0.020972,
        "nauc_recall_at_1_diff1": -0.129955,
        "nauc_recall_at_3_max": 0.527124,
        "nauc_recall_at_3_std": 0.113137,
        "nauc_recall_at_3_diff1": 0.082773,
        "nauc_recall_at_5_max": 0.449679,
        "nauc_recall_at_5_std": 0.14163,
        "nauc_recall_at_5_diff1": 0.117151,
        "nauc_recall_at_10_max": 0.352157,
        "nauc_recall_at_10_std": 0.097342,
        "nauc_recall_at_10_diff1": 0.049457,
        "nauc_recall_at_20_max": 0.188068,
        "nauc_recall_at_20_std": 0.345148,
        "nauc_recall_at_20_diff1": -0.004377,
        "nauc_recall_at_100_max": NaN,
        "nauc_recall_at_100_std": NaN,
        "nauc_recall_at_100_diff1": NaN,
        "nauc_recall_at_1000_max": NaN,
        "nauc_recall_at_1000_std": NaN,
        "nauc_recall_at_1000_diff1": NaN,
        "nauc_precision_at_1_max": 0.56973,
        "nauc_precision_at_1_std": 0.063256,
        "nauc_precision_at_1_diff1": -0.038171,
        "nauc_precision_at_3_max": 0.527424,
        "nauc_precision_at_3_std": 0.195675,
        "nauc_precision_at_3_diff1": 0.141218,
        "nauc_precision_at_5_max": 0.426854,
        "nauc_precision_at_5_std": 0.202702,
        "nauc_precision_at_5_diff1": 0.168278,
        "nauc_precision_at_10_max": 0.279993,
        "nauc_precision_at_10_std": 0.144957,
        "nauc_precision_at_10_diff1": 0.089074,
        "nauc_precision_at_20_max": 0.094102,
        "nauc_precision_at_20_std": 0.378874,
        "nauc_precision_at_20_diff1": 0.04854,
        "nauc_precision_at_100_max": -0.300507,
        "nauc_precision_at_100_std": 0.144527,
        "nauc_precision_at_100_diff1": 0.269827,
        "nauc_precision_at_1000_max": -0.300507,
        "nauc_precision_at_1000_std": 0.144527,
        "nauc_precision_at_1000_diff1": 0.269827,
        "nauc_mrr_at_1_max": 0.56973,
        "nauc_mrr_at_1_std": 0.063256,
        "nauc_mrr_at_1_diff1": -0.038171,
        "nauc_mrr_at_3_max": 0.532481,
        "nauc_mrr_at_3_std": 0.069281,
        "nauc_mrr_at_3_diff1": 0.037885,
        "nauc_mrr_at_5_max": 0.503374,
        "nauc_mrr_at_5_std": 0.08981,
        "nauc_mrr_at_5_diff1": 0.0264,
        "nauc_mrr_at_10_max": 0.49119,
        "nauc_mrr_at_10_std": 0.072591,
        "nauc_mrr_at_10_diff1": 0.01589,
        "nauc_mrr_at_20_max": 0.510947,
        "nauc_mrr_at_20_std": 0.075372,
        "nauc_mrr_at_20_diff1": 0.029216,
        "nauc_mrr_at_100_max": 0.50864,
        "nauc_mrr_at_100_std": 0.072073,
        "nauc_mrr_at_100_diff1": 0.024945,
        "nauc_mrr_at_1000_max": 0.50864,
        "nauc_mrr_at_1000_std": 0.072073,
        "nauc_mrr_at_1000_diff1": 0.024945,
        "main_score": 0.22275,
        "hf_subset": "default",
        "languages": [
          "eng-Latn"
        ]
      }
    ]
  },
  "evaluation_time": 0.594982385635376,
  "kg_co2_emissions": 3.324835437606781e-05
}