{
  "dataset_revision": "7ebf0b4caa7b2ae39698a889de782c09e6f5ee56",
  "task_name": "SweFaqRetrieval",
  "mteb_version": "1.18.0",
  "scores": {
    "test": [
      {
        "ndcg_at_1": 0.35478,
        "ndcg_at_3": 0.45222,
        "ndcg_at_5": 0.49358,
        "ndcg_at_10": 0.5236,
        "ndcg_at_20": 0.54609,
        "ndcg_at_100": 0.56842,
        "ndcg_at_1000": 0.57874,
        "map_at_1": 0.35478,
        "map_at_3": 0.42917,
        "map_at_5": 0.45237,
        "map_at_10": 0.46463,
        "map_at_20": 0.4707,
        "map_at_100": 0.47374,
        "map_at_1000": 0.47417,
        "recall_at_1": 0.35478,
        "recall_at_3": 0.51852,
        "recall_at_5": 0.61793,
        "recall_at_10": 0.7115,
        "recall_at_20": 0.80117,
        "recall_at_100": 0.92203,
        "recall_at_1000": 1.0,
        "precision_at_1": 0.35478,
        "precision_at_3": 0.17284,
        "precision_at_5": 0.12359,
        "precision_at_10": 0.07115,
        "precision_at_20": 0.04006,
        "precision_at_100": 0.00922,
        "precision_at_1000": 0.001,
        "mrr_at_1": 0.354776,
        "mrr_at_3": 0.429175,
        "mrr_at_5": 0.452372,
        "mrr_at_10": 0.464628,
        "mrr_at_20": 0.4707,
        "mrr_at_100": 0.473737,
        "mrr_at_1000": 0.474172,
        "nauc_ndcg_at_1_max": 0.291181,
        "nauc_ndcg_at_1_std": 0.007274,
        "nauc_ndcg_at_1_diff1": 0.471129,
        "nauc_ndcg_at_3_max": 0.290711,
        "nauc_ndcg_at_3_std": 0.014253,
        "nauc_ndcg_at_3_diff1": 0.396957,
        "nauc_ndcg_at_5_max": 0.294987,
        "nauc_ndcg_at_5_std": 0.014599,
        "nauc_ndcg_at_5_diff1": 0.380058,
        "nauc_ndcg_at_10_max": 0.32091,
        "nauc_ndcg_at_10_std": 0.034935,
        "nauc_ndcg_at_10_diff1": 0.378704,
        "nauc_ndcg_at_20_max": 0.328962,
        "nauc_ndcg_at_20_std": 0.048587,
        "nauc_ndcg_at_20_diff1": 0.384394,
        "nauc_ndcg_at_100_max": 0.315101,
        "nauc_ndcg_at_100_std": 0.039645,
        "nauc_ndcg_at_100_diff1": 0.392434,
        "nauc_ndcg_at_1000_max": 0.311761,
        "nauc_ndcg_at_1000_std": 0.032694,
        "nauc_ndcg_at_1000_diff1": 0.395672,
        "nauc_map_at_1_max": 0.291181,
        "nauc_map_at_1_std": 0.007274,
        "nauc_map_at_1_diff1": 0.471129,
        "nauc_map_at_3_max": 0.290419,
        "nauc_map_at_3_std": 0.013358,
        "nauc_map_at_3_diff1": 0.413003,
        "nauc_map_at_5_max": 0.293088,
        "nauc_map_at_5_std": 0.013348,
        "nauc_map_at_5_diff1": 0.40441,
        "nauc_map_at_10_max": 0.30319,
        "nauc_map_at_10_std": 0.021236,
        "nauc_map_at_10_diff1": 0.404108,
        "nauc_map_at_20_max": 0.305119,
        "nauc_map_at_20_std": 0.024418,
        "nauc_map_at_20_diff1": 0.405793,
        "nauc_map_at_100_max": 0.303371,
        "nauc_map_at_100_std": 0.023756,
        "nauc_map_at_100_diff1": 0.406579,
        "nauc_map_at_1000_max": 0.303336,
        "nauc_map_at_1000_std": 0.023518,
        "nauc_map_at_1000_diff1": 0.406727,
        "nauc_recall_at_1_max": 0.291181,
        "nauc_recall_at_1_std": 0.007274,
        "nauc_recall_at_1_diff1": 0.471129,
        "nauc_recall_at_3_max": 0.291745,
        "nauc_recall_at_3_std": 0.01655,
        "nauc_recall_at_3_diff1": 0.350552,
        "nauc_recall_at_5_max": 0.301516,
        "nauc_recall_at_5_std": 0.018569,
        "nauc_recall_at_5_diff1": 0.299229,
        "nauc_recall_at_10_max": 0.403146,
        "nauc_recall_at_10_std": 0.098391,
        "nauc_recall_at_10_diff1": 0.278586,
        "nauc_recall_at_20_max": 0.480838,
        "nauc_recall_at_20_std": 0.207931,
        "nauc_recall_at_20_diff1": 0.28073,
        "nauc_recall_at_100_max": 0.419635,
        "nauc_recall_at_100_std": 0.225479,
        "nauc_recall_at_100_diff1": 0.310298,
        "nauc_recall_at_1000_max": NaN,
        "nauc_recall_at_1000_std": NaN,
        "nauc_recall_at_1000_diff1": NaN,
        "nauc_precision_at_1_max": 0.291181,
        "nauc_precision_at_1_std": 0.007274,
        "nauc_precision_at_1_diff1": 0.471129,
        "nauc_precision_at_3_max": 0.291745,
        "nauc_precision_at_3_std": 0.01655,
        "nauc_precision_at_3_diff1": 0.350552,
        "nauc_precision_at_5_max": 0.301516,
        "nauc_precision_at_5_std": 0.018569,
        "nauc_precision_at_5_diff1": 0.299229,
        "nauc_precision_at_10_max": 0.403146,
        "nauc_precision_at_10_std": 0.098391,
        "nauc_precision_at_10_diff1": 0.278586,
        "nauc_precision_at_20_max": 0.480838,
        "nauc_precision_at_20_std": 0.207931,
        "nauc_precision_at_20_diff1": 0.28073,
        "nauc_precision_at_100_max": 0.419635,
        "nauc_precision_at_100_std": 0.225479,
        "nauc_precision_at_100_diff1": 0.310298,
        "nauc_precision_at_1000_max": 1.0,
        "nauc_precision_at_1000_std": 1.0,
        "nauc_precision_at_1000_diff1": 1.0,
        "nauc_mrr_at_1_max": 0.291181,
        "nauc_mrr_at_1_std": 0.007274,
        "nauc_mrr_at_1_diff1": 0.471129,
        "nauc_mrr_at_3_max": 0.290419,
        "nauc_mrr_at_3_std": 0.013358,
        "nauc_mrr_at_3_diff1": 0.413003,
        "nauc_mrr_at_5_max": 0.293088,
        "nauc_mrr_at_5_std": 0.013348,
        "nauc_mrr_at_5_diff1": 0.40441,
        "nauc_mrr_at_10_max": 0.30319,
        "nauc_mrr_at_10_std": 0.021236,
        "nauc_mrr_at_10_diff1": 0.404108,
        "nauc_mrr_at_20_max": 0.305119,
        "nauc_mrr_at_20_std": 0.024418,
        "nauc_mrr_at_20_diff1": 0.405793,
        "nauc_mrr_at_100_max": 0.303371,
        "nauc_mrr_at_100_std": 0.023756,
        "nauc_mrr_at_100_diff1": 0.406579,
        "nauc_mrr_at_1000_max": 0.303336,
        "nauc_mrr_at_1000_std": 0.023518,
        "nauc_mrr_at_1000_diff1": 0.406727,
        "main_score": 0.5236,
        "hf_subset": "default",
        "languages": [
          "swe-Latn"
        ]
      }
    ]
  },
  "evaluation_time": 1.1720426082611084,
  "kg_co2_emissions": 6.160385990981004e-05
}