{
    "dataset_revision": "4885aa143210c98657558c04aaf3dc47cfb54340",
    "task_name": "CQADupstackRetrieval",
    "evaluation_time": null,
    "mteb_version": null,
    "scores": {
        "test": [
            {
                "hf_subset": "default",
                "languages": [
                    "eng-Latn"
                ],
                "map_at_1": 0.15333916666666667,
                "map_at_10": 0.20908583333333333,
                "map_at_100": 0.21891333333333332,
                "map_at_1000": 0.2202225,
                "map_at_3": 0.19053833333333334,
                "map_at_5": 0.20053916666666666,
                "mrr_at_1": 0.185485,
                "mrr_at_10": 0.2415733333333333,
                "mrr_at_100": 0.2501325,
                "mrr_at_1000": 0.25101,
                "mrr_at_3": 0.2234708333333333,
                "mrr_at_5": 0.23317833333333338,
                "ndcg_at_1": 0.185485,
                "ndcg_at_10": 0.24614,
                "ndcg_at_100": 0.29431166666666664,
                "ndcg_at_1000": 0.326675,
                "ndcg_at_3": 0.21285083333333335,
                "ndcg_at_5": 0.22751416666666663,
                "precision_at_1": 0.185485,
                "precision_at_10": 0.044013333333333335,
                "precision_at_100": 0.00816,
                "precision_at_1000": 0.0012825,
                "precision_at_3": 0.09847916666666666,
                "precision_at_5": 0.07069166666666668,
                "recall_at_1": 0.15333916666666667,
                "recall_at_10": 0.32569499999999996,
                "recall_at_100": 0.5450375,
                "recall_at_1000": 0.7802300000000001,
                "recall_at_3": 0.23115000000000002,
                "recall_at_5": 0.26968416666666667,
                "main_score": 0.24614
            }
        ]
    }
}