{
  "dataset_revision": "52027c212ba9765a3e9737c9cbf9a06ae83cbb93",
  "task_name": "bBSARDNLRetrieval",
  "mteb_version": "2.1.14",
  "scores": {
    "test": [
      {
        "ndcg_at_1": 0.04505,
        "ndcg_at_3": 0.03843,
        "ndcg_at_5": 0.04345,
        "ndcg_at_10": 0.05635,
        "ndcg_at_20": 0.06705,
        "ndcg_at_100": 0.09757,
        "ndcg_at_1000": 0.14397,
        "map_at_1": 0.01509,
        "map_at_3": 0.02107,
        "map_at_5": 0.02596,
        "map_at_10": 0.03165,
        "map_at_20": 0.03564,
        "map_at_100": 0.03984,
        "map_at_1000": 0.04192,
        "recall_at_1": 0.01509,
        "recall_at_3": 0.02669,
        "recall_at_5": 0.04398,
        "recall_at_10": 0.0843,
        "recall_at_20": 0.12217,
        "recall_at_100": 0.25536,
        "recall_at_1000": 0.53078,
        "accuracy": 0.01509,
        "precision_at_1": 0.04505,
        "precision_at_3": 0.02853,
        "precision_at_5": 0.02613,
        "precision_at_10": 0.02342,
        "precision_at_20": 0.01824,
        "precision_at_100": 0.00784,
        "precision_at_1000": 0.002,
        "mrr_at_1": 0.045045,
        "mrr_at_3": 0.054054,
        "mrr_at_5": 0.061261,
        "mrr_at_10": 0.072274,
        "mrr_at_20": 0.074986,
        "mrr_at_100": 0.07975,
        "mrr_at_1000": 0.080901,
        "nauc_ndcg_at_1_max": 0.260374,
        "nauc_ndcg_at_1_std": 0.388875,
        "nauc_ndcg_at_1_diff1": 0.038147,
        "nauc_ndcg_at_3_max": 0.219466,
        "nauc_ndcg_at_3_std": 0.423171,
        "nauc_ndcg_at_3_diff1": -0.111483,
        "nauc_ndcg_at_5_max": 0.15978,
        "nauc_ndcg_at_5_std": 0.340663,
        "nauc_ndcg_at_5_diff1": -0.16193,
        "nauc_ndcg_at_10_max": 0.111714,
        "nauc_ndcg_at_10_std": 0.277469,
        "nauc_ndcg_at_10_diff1": -0.095535,
        "nauc_ndcg_at_20_max": 0.090455,
        "nauc_ndcg_at_20_std": 0.25137,
        "nauc_ndcg_at_20_diff1": -0.069625,
        "nauc_ndcg_at_100_max": 0.088319,
        "nauc_ndcg_at_100_std": 0.217316,
        "nauc_ndcg_at_100_diff1": -0.03341,
        "nauc_ndcg_at_1000_max": 0.129965,
        "nauc_ndcg_at_1000_std": 0.222144,
        "nauc_ndcg_at_1000_diff1": -0.055232,
        "nauc_map_at_1_max": 0.216898,
        "nauc_map_at_1_std": 0.485858,
        "nauc_map_at_1_diff1": 0.043384,
        "nauc_map_at_3_max": 0.203703,
        "nauc_map_at_3_std": 0.415076,
        "nauc_map_at_3_diff1": -0.065201,
        "nauc_map_at_5_max": 0.150662,
        "nauc_map_at_5_std": 0.329852,
        "nauc_map_at_5_diff1": -0.130333,
        "nauc_map_at_10_max": 0.124872,
        "nauc_map_at_10_std": 0.305793,
        "nauc_map_at_10_diff1": -0.093091,
        "nauc_map_at_20_max": 0.120934,
        "nauc_map_at_20_std": 0.296558,
        "nauc_map_at_20_diff1": -0.084782,
        "nauc_map_at_100_max": 0.119483,
        "nauc_map_at_100_std": 0.288185,
        "nauc_map_at_100_diff1": -0.079702,
        "nauc_map_at_1000_max": 0.125544,
        "nauc_map_at_1000_std": 0.288137,
        "nauc_map_at_1000_diff1": -0.082268,
        "nauc_recall_at_1_max": 0.216898,
        "nauc_recall_at_1_std": 0.485858,
        "nauc_recall_at_1_diff1": 0.043384,
        "nauc_recall_at_3_max": 0.176433,
        "nauc_recall_at_3_std": 0.417294,
        "nauc_recall_at_3_diff1": -0.122748,
        "nauc_recall_at_5_max": 0.055576,
        "nauc_recall_at_5_std": 0.240715,
        "nauc_recall_at_5_diff1": -0.246911,
        "nauc_recall_at_10_max": 0.011515,
        "nauc_recall_at_10_std": 0.176511,
        "nauc_recall_at_10_diff1": -0.090042,
        "nauc_recall_at_20_max": -0.003688,
        "nauc_recall_at_20_std": 0.168661,
        "nauc_recall_at_20_diff1": -0.034816,
        "nauc_recall_at_100_max": 0.007397,
        "nauc_recall_at_100_std": 0.106944,
        "nauc_recall_at_100_diff1": 0.035051,
        "nauc_recall_at_1000_max": 0.062559,
        "nauc_recall_at_1000_std": 0.09935,
        "nauc_recall_at_1000_diff1": 0.026543,
        "nauc_precision_at_1_max": 0.260374,
        "nauc_precision_at_1_std": 0.388875,
        "nauc_precision_at_1_diff1": 0.038147,
        "nauc_precision_at_3_max": 0.250851,
        "nauc_precision_at_3_std": 0.40878,
        "nauc_precision_at_3_diff1": -0.122194,
        "nauc_precision_at_5_max": 0.178518,
        "nauc_precision_at_5_std": 0.341596,
        "nauc_precision_at_5_diff1": -0.207303,
        "nauc_precision_at_10_max": 0.144229,
        "nauc_precision_at_10_std": 0.304173,
        "nauc_precision_at_10_diff1": -0.138113,
        "nauc_precision_at_20_max": 0.146268,
        "nauc_precision_at_20_std": 0.27536,
        "nauc_precision_at_20_diff1": -0.121472,
        "nauc_precision_at_100_max": 0.184044,
        "nauc_precision_at_100_std": 0.213284,
        "nauc_precision_at_100_diff1": -0.096278,
        "nauc_precision_at_1000_max": 0.283839,
        "nauc_precision_at_1000_std": 0.169202,
        "nauc_precision_at_1000_diff1": -0.211793,
        "nauc_mrr_at_1_max": 0.260374,
        "nauc_mrr_at_1_std": 0.388875,
        "nauc_mrr_at_1_diff1": 0.038147,
        "nauc_mrr_at_3_max": 0.238111,
        "nauc_mrr_at_3_std": 0.360528,
        "nauc_mrr_at_3_diff1": -0.022331,
        "nauc_mrr_at_5_max": 0.193157,
        "nauc_mrr_at_5_std": 0.329641,
        "nauc_mrr_at_5_diff1": -0.065219,
        "nauc_mrr_at_10_max": 0.174186,
        "nauc_mrr_at_10_std": 0.306458,
        "nauc_mrr_at_10_diff1": -0.054081,
        "nauc_mrr_at_20_max": 0.170944,
        "nauc_mrr_at_20_std": 0.3009,
        "nauc_mrr_at_20_diff1": -0.053434,
        "nauc_mrr_at_100_max": 0.168236,
        "nauc_mrr_at_100_std": 0.291953,
        "nauc_mrr_at_100_diff1": -0.047681,
        "nauc_mrr_at_1000_max": 0.168766,
        "nauc_mrr_at_1000_std": 0.292029,
        "nauc_mrr_at_1000_diff1": -0.047682,
        "cv_recall_at_1": 0.04505,
        "cv_recall_at_3": 0.06757,
        "cv_recall_at_5": 0.0991,
        "cv_recall_at_10": 0.18018,
        "cv_recall_at_20": 0.22072,
        "cv_recall_at_100": 0.42793,
        "cv_recall_at_1000": 0.75225,
        "main_score": 0.05635,
        "hf_subset": "default",
        "languages": [
          "nld-Latn"
        ]
      }
    ]
  },
  "evaluation_time": 218.88111996650696,
  "kg_co2_emissions": null
}