{
  "dataset_revision": "4e018aa220029f9d1bd5a31de3650e322e32ea38",
  "task_name": "SCIDOCS-NL.v2",
  "mteb_version": "2.1.14",
  "scores": {
    "test": [
      {
        "ndcg_at_1": 0.149,
        "ndcg_at_3": 0.11778,
        "ndcg_at_5": 0.10056,
        "ndcg_at_10": 0.11936,
        "ndcg_at_20": 0.13827,
        "ndcg_at_100": 0.17774,
        "ndcg_at_1000": 0.22342,
        "map_at_1": 0.03028,
        "map_at_3": 0.05179,
        "map_at_5": 0.06056,
        "map_at_10": 0.06908,
        "map_at_20": 0.07461,
        "map_at_100": 0.08127,
        "map_at_1000": 0.0834,
        "recall_at_1": 0.03028,
        "recall_at_3": 0.06608,
        "recall_at_5": 0.08738,
        "recall_at_10": 0.12208,
        "recall_at_20": 0.16642,
        "recall_at_100": 0.2959,
        "recall_at_1000": 0.52108,
        "accuracy": 0.03028,
        "precision_at_1": 0.149,
        "precision_at_3": 0.10867,
        "precision_at_5": 0.0862,
        "precision_at_10": 0.0603,
        "precision_at_20": 0.0411,
        "precision_at_100": 0.01458,
        "precision_at_1000": 0.00257,
        "mrr_at_1": 0.149,
        "mrr_at_3": 0.1975,
        "mrr_at_5": 0.2093,
        "mrr_at_10": 0.219906,
        "mrr_at_20": 0.227303,
        "mrr_at_100": 0.231741,
        "mrr_at_1000": 0.232579,
        "nauc_ndcg_at_1_max": 0.271363,
        "nauc_ndcg_at_1_std": 0.098433,
        "nauc_ndcg_at_1_diff1": 0.275956,
        "nauc_ndcg_at_3_max": 0.321941,
        "nauc_ndcg_at_3_std": 0.137196,
        "nauc_ndcg_at_3_diff1": 0.258881,
        "nauc_ndcg_at_5_max": 0.328666,
        "nauc_ndcg_at_5_std": 0.142251,
        "nauc_ndcg_at_5_diff1": 0.267933,
        "nauc_ndcg_at_10_max": 0.35492,
        "nauc_ndcg_at_10_std": 0.180127,
        "nauc_ndcg_at_10_diff1": 0.262453,
        "nauc_ndcg_at_20_max": 0.363021,
        "nauc_ndcg_at_20_std": 0.206575,
        "nauc_ndcg_at_20_diff1": 0.258534,
        "nauc_ndcg_at_100_max": 0.391205,
        "nauc_ndcg_at_100_std": 0.275565,
        "nauc_ndcg_at_100_diff1": 0.258327,
        "nauc_ndcg_at_1000_max": 0.397866,
        "nauc_ndcg_at_1000_std": 0.298411,
        "nauc_ndcg_at_1000_diff1": 0.259269,
        "nauc_map_at_1_max": 0.26657,
        "nauc_map_at_1_std": 0.093994,
        "nauc_map_at_1_diff1": 0.275059,
        "nauc_map_at_3_max": 0.327803,
        "nauc_map_at_3_std": 0.127674,
        "nauc_map_at_3_diff1": 0.265366,
        "nauc_map_at_5_max": 0.342746,
        "nauc_map_at_5_std": 0.137778,
        "nauc_map_at_5_diff1": 0.276702,
        "nauc_map_at_10_max": 0.360435,
        "nauc_map_at_10_std": 0.163845,
        "nauc_map_at_10_diff1": 0.27061,
        "nauc_map_at_20_max": 0.361203,
        "nauc_map_at_20_std": 0.175835,
        "nauc_map_at_20_diff1": 0.267769,
        "nauc_map_at_100_max": 0.371257,
        "nauc_map_at_100_std": 0.201626,
        "nauc_map_at_100_diff1": 0.266451,
        "nauc_map_at_1000_max": 0.37185,
        "nauc_map_at_1000_std": 0.204872,
        "nauc_map_at_1000_diff1": 0.266104,
        "nauc_recall_at_1_max": 0.26657,
        "nauc_recall_at_1_std": 0.093994,
        "nauc_recall_at_1_diff1": 0.275059,
        "nauc_recall_at_3_max": 0.334875,
        "nauc_recall_at_3_std": 0.147425,
        "nauc_recall_at_3_diff1": 0.249032,
        "nauc_recall_at_5_max": 0.342679,
        "nauc_recall_at_5_std": 0.15436,
        "nauc_recall_at_5_diff1": 0.263385,
        "nauc_recall_at_10_max": 0.38514,
        "nauc_recall_at_10_std": 0.222359,
        "nauc_recall_at_10_diff1": 0.24689,
        "nauc_recall_at_20_max": 0.377667,
        "nauc_recall_at_20_std": 0.262483,
        "nauc_recall_at_20_diff1": 0.226296,
        "nauc_recall_at_100_max": 0.398412,
        "nauc_recall_at_100_std": 0.383778,
        "nauc_recall_at_100_diff1": 0.203017,
        "nauc_recall_at_1000_max": 0.389101,
        "nauc_recall_at_1000_std": 0.427689,
        "nauc_recall_at_1000_diff1": 0.187496,
        "nauc_precision_at_1_max": 0.271363,
        "nauc_precision_at_1_std": 0.098433,
        "nauc_precision_at_1_diff1": 0.275956,
        "nauc_precision_at_3_max": 0.339852,
        "nauc_precision_at_3_std": 0.150421,
        "nauc_precision_at_3_diff1": 0.251303,
        "nauc_precision_at_5_max": 0.347129,
        "nauc_precision_at_5_std": 0.157858,
        "nauc_precision_at_5_diff1": 0.264695,
        "nauc_precision_at_10_max": 0.389451,
        "nauc_precision_at_10_std": 0.225489,
        "nauc_precision_at_10_diff1": 0.248021,
        "nauc_precision_at_20_max": 0.38173,
        "nauc_precision_at_20_std": 0.265094,
        "nauc_precision_at_20_diff1": 0.22815,
        "nauc_precision_at_100_max": 0.403882,
        "nauc_precision_at_100_std": 0.386861,
        "nauc_precision_at_100_diff1": 0.20653,
        "nauc_precision_at_1000_max": 0.391433,
        "nauc_precision_at_1000_std": 0.424885,
        "nauc_precision_at_1000_diff1": 0.192952,
        "nauc_mrr_at_1_max": 0.271363,
        "nauc_mrr_at_1_std": 0.098433,
        "nauc_mrr_at_1_diff1": 0.275956,
        "nauc_mrr_at_3_max": 0.291732,
        "nauc_mrr_at_3_std": 0.130108,
        "nauc_mrr_at_3_diff1": 0.255712,
        "nauc_mrr_at_5_max": 0.295291,
        "nauc_mrr_at_5_std": 0.133158,
        "nauc_mrr_at_5_diff1": 0.261263,
        "nauc_mrr_at_10_max": 0.302854,
        "nauc_mrr_at_10_std": 0.144665,
        "nauc_mrr_at_10_diff1": 0.262955,
        "nauc_mrr_at_20_max": 0.305033,
        "nauc_mrr_at_20_std": 0.150211,
        "nauc_mrr_at_20_diff1": 0.260838,
        "nauc_mrr_at_100_max": 0.305315,
        "nauc_mrr_at_100_std": 0.151799,
        "nauc_mrr_at_100_diff1": 0.261876,
        "nauc_mrr_at_1000_max": 0.305148,
        "nauc_mrr_at_1000_std": 0.151584,
        "nauc_mrr_at_1000_diff1": 0.26201,
        "cv_recall_at_1": 0.149,
        "cv_recall_at_3": 0.259,
        "cv_recall_at_5": 0.311,
        "cv_recall_at_10": 0.392,
        "cv_recall_at_20": 0.497,
        "cv_recall_at_100": 0.687,
        "cv_recall_at_1000": 0.904,
        "main_score": 0.11936,
        "hf_subset": "default",
        "languages": [
          "nld-Latn"
        ]
      }
    ]
  },
  "evaluation_time": 359.2582573890686,
  "kg_co2_emissions": null
}