{
  "dataset_revision": "2393603c0221ff52f448d12dd75f0856103c6cca",
  "task_name": "RARbMath",
  "mteb_version": "1.18.0",
  "scores": {
    "test": [
      {
        "ndcg_at_1": 0.32204,
        "ndcg_at_3": 0.34572,
        "ndcg_at_5": 0.35395,
        "ndcg_at_10": 0.36389,
        "ndcg_at_20": 0.37446,
        "ndcg_at_100": 0.39665,
        "ndcg_at_1000": 0.42069,
        "map_at_1": 0.32204,
        "map_at_3": 0.3399,
        "map_at_5": 0.34443,
        "map_at_10": 0.34852,
        "map_at_20": 0.35143,
        "map_at_100": 0.35437,
        "map_at_1000": 0.35513,
        "recall_at_1": 0.32204,
        "recall_at_3": 0.36256,
        "recall_at_5": 0.38266,
        "recall_at_10": 0.41351,
        "recall_at_20": 0.45529,
        "recall_at_100": 0.57667,
        "recall_at_1000": 0.77433,
        "precision_at_1": 0.32204,
        "precision_at_3": 0.12085,
        "precision_at_5": 0.07653,
        "precision_at_10": 0.04135,
        "precision_at_20": 0.02276,
        "precision_at_100": 0.00577,
        "precision_at_1000": 0.00077,
        "mrr_at_1": 0.322045,
        "mrr_at_3": 0.339901,
        "mrr_at_5": 0.344435,
        "mrr_at_10": 0.348518,
        "mrr_at_20": 0.351426,
        "mrr_at_100": 0.354366,
        "mrr_at_1000": 0.355127,
        "nauc_ndcg_at_1_max": 0.115162,
        "nauc_ndcg_at_1_std": 0.314174,
        "nauc_ndcg_at_1_diff1": 0.862514,
        "nauc_ndcg_at_3_max": 0.107429,
        "nauc_ndcg_at_3_std": 0.306655,
        "nauc_ndcg_at_3_diff1": 0.828407,
        "nauc_ndcg_at_5_max": 0.104556,
        "nauc_ndcg_at_5_std": 0.307276,
        "nauc_ndcg_at_5_diff1": 0.81458,
        "nauc_ndcg_at_10_max": 0.098627,
        "nauc_ndcg_at_10_std": 0.305701,
        "nauc_ndcg_at_10_diff1": 0.802438,
        "nauc_ndcg_at_20_max": 0.092977,
        "nauc_ndcg_at_20_std": 0.305892,
        "nauc_ndcg_at_20_diff1": 0.791909,
        "nauc_ndcg_at_100_max": 0.08828,
        "nauc_ndcg_at_100_std": 0.311041,
        "nauc_ndcg_at_100_diff1": 0.776565,
        "nauc_ndcg_at_1000_max": 0.091546,
        "nauc_ndcg_at_1000_std": 0.313999,
        "nauc_ndcg_at_1000_diff1": 0.775173,
        "nauc_map_at_1_max": 0.115162,
        "nauc_map_at_1_std": 0.314174,
        "nauc_map_at_1_diff1": 0.862514,
        "nauc_map_at_3_max": 0.1096,
        "nauc_map_at_3_std": 0.308491,
        "nauc_map_at_3_diff1": 0.836769,
        "nauc_map_at_5_max": 0.108044,
        "nauc_map_at_5_std": 0.308863,
        "nauc_map_at_5_diff1": 0.829095,
        "nauc_map_at_10_max": 0.105584,
        "nauc_map_at_10_std": 0.308257,
        "nauc_map_at_10_diff1": 0.823914,
        "nauc_map_at_20_max": 0.104069,
        "nauc_map_at_20_std": 0.308179,
        "nauc_map_at_20_diff1": 0.820977,
        "nauc_map_at_100_max": 0.103412,
        "nauc_map_at_100_std": 0.308888,
        "nauc_map_at_100_diff1": 0.818835,
        "nauc_map_at_1000_max": 0.103461,
        "nauc_map_at_1000_std": 0.309021,
        "nauc_map_at_1000_diff1": 0.818765,
        "nauc_recall_at_1_max": 0.115162,
        "nauc_recall_at_1_std": 0.314174,
        "nauc_recall_at_1_diff1": 0.862514,
        "nauc_recall_at_3_max": 0.101099,
        "nauc_recall_at_3_std": 0.301399,
        "nauc_recall_at_3_diff1": 0.804452,
        "nauc_recall_at_5_max": 0.094079,
        "nauc_recall_at_5_std": 0.302814,
        "nauc_recall_at_5_diff1": 0.771362,
        "nauc_recall_at_10_max": 0.07604,
        "nauc_recall_at_10_std": 0.297813,
        "nauc_recall_at_10_diff1": 0.735254,
        "nauc_recall_at_20_max": 0.053231,
        "nauc_recall_at_20_std": 0.29941,
        "nauc_recall_at_20_diff1": 0.693292,
        "nauc_recall_at_100_max": 0.022579,
        "nauc_recall_at_100_std": 0.328695,
        "nauc_recall_at_100_diff1": 0.595654,
        "nauc_recall_at_1000_max": 0.034545,
        "nauc_recall_at_1000_std": 0.372857,
        "nauc_recall_at_1000_diff1": 0.481541,
        "nauc_precision_at_1_max": 0.115162,
        "nauc_precision_at_1_std": 0.314174,
        "nauc_precision_at_1_diff1": 0.862514,
        "nauc_precision_at_3_max": 0.101099,
        "nauc_precision_at_3_std": 0.301399,
        "nauc_precision_at_3_diff1": 0.804452,
        "nauc_precision_at_5_max": 0.094079,
        "nauc_precision_at_5_std": 0.302814,
        "nauc_precision_at_5_diff1": 0.771362,
        "nauc_precision_at_10_max": 0.07604,
        "nauc_precision_at_10_std": 0.297813,
        "nauc_precision_at_10_diff1": 0.735254,
        "nauc_precision_at_20_max": 0.053231,
        "nauc_precision_at_20_std": 0.29941,
        "nauc_precision_at_20_diff1": 0.693292,
        "nauc_precision_at_100_max": 0.022579,
        "nauc_precision_at_100_std": 0.328695,
        "nauc_precision_at_100_diff1": 0.595654,
        "nauc_precision_at_1000_max": 0.034545,
        "nauc_precision_at_1000_std": 0.372857,
        "nauc_precision_at_1000_diff1": 0.481541,
        "nauc_mrr_at_1_max": 0.115162,
        "nauc_mrr_at_1_std": 0.314174,
        "nauc_mrr_at_1_diff1": 0.862514,
        "nauc_mrr_at_3_max": 0.1096,
        "nauc_mrr_at_3_std": 0.308491,
        "nauc_mrr_at_3_diff1": 0.836769,
        "nauc_mrr_at_5_max": 0.108044,
        "nauc_mrr_at_5_std": 0.308863,
        "nauc_mrr_at_5_diff1": 0.829095,
        "nauc_mrr_at_10_max": 0.105584,
        "nauc_mrr_at_10_std": 0.308257,
        "nauc_mrr_at_10_diff1": 0.823914,
        "nauc_mrr_at_20_max": 0.104069,
        "nauc_mrr_at_20_std": 0.308179,
        "nauc_mrr_at_20_diff1": 0.820977,
        "nauc_mrr_at_100_max": 0.103412,
        "nauc_mrr_at_100_std": 0.308888,
        "nauc_mrr_at_100_diff1": 0.818835,
        "nauc_mrr_at_1000_max": 0.103461,
        "nauc_mrr_at_1000_std": 0.309021,
        "nauc_mrr_at_1000_diff1": 0.818765,
        "main_score": 0.36389,
        "hf_subset": "default",
        "languages": [
          "eng-Latn"
        ]
      }
    ]
  },
  "evaluation_time": 340.49328446388245,
  "kg_co2_emissions": 0.012363249497221167
}