{
    "dataset_revision": "81bcb408f33366c2a20ac54adafad1ae7e877fdd",
    "task_name": "TRECCOVID-PL",
    "evaluation_time": null,
    "mteb_version": null,
    "scores": {
        "test": [
            {
                "hf_subset": "default",
                "languages": [
                    "pol-Latn"
                ],
                "main_score": 0.6932,
                "map_at_1": 0.00226,
                "map_at_10": 0.01742,
                "map_at_100": 0.09664999999999999,
                "map_at_1000": 0.24173999999999998,
                "map_at_20": 0.03003,
                "map_at_3": 0.00599,
                "map_at_5": 0.00956,
                "mrr_at_1": 0.82,
                "mrr_at_10": 0.9,
                "mrr_at_100": 0.9,
                "mrr_at_1000": 0.9,
                "mrr_at_20": 0.9,
                "mrr_at_3": 0.9,
                "mrr_at_5": 0.9,
                "nauc_map_at_1000_diff1": -0.1575764301898679,
                "nauc_map_at_1000_max": 0.5883724759719735,
                "nauc_map_at_1000_std": 0.8158064070721519,
                "nauc_map_at_100_diff1": -0.15914337821257696,
                "nauc_map_at_100_max": 0.42943841502922725,
                "nauc_map_at_100_std": 0.6123454197897242,
                "nauc_map_at_10_diff1": -0.22890685727481164,
                "nauc_map_at_10_max": 0.15202784946934034,
                "nauc_map_at_10_std": 0.19537137565512983,
                "nauc_map_at_1_diff1": -0.08236481824837111,
                "nauc_map_at_1_max": 0.029418466254777186,
                "nauc_map_at_1_std": 0.09066665328272006,
                "nauc_map_at_20_diff1": -0.15741357368332273,
                "nauc_map_at_20_max": 0.23093660938745933,
                "nauc_map_at_20_std": 0.2837835837211648,
                "nauc_map_at_3_diff1": -0.22196812161671942,
                "nauc_map_at_3_max": 0.12750029854270886,
                "nauc_map_at_3_std": 0.23173045214186921,
                "nauc_map_at_5_diff1": -0.22190118389435637,
                "nauc_map_at_5_max": 0.1524441128160928,
                "nauc_map_at_5_std": 0.22690240797848765,
                "nauc_mrr_at_1000_diff1": -0.16600985221674866,
                "nauc_mrr_at_1000_max": 0.07108374384236335,
                "nauc_mrr_at_1000_std": 0.2651724137931026,
                "nauc_mrr_at_100_diff1": -0.16600985221674866,
                "nauc_mrr_at_100_max": 0.07108374384236335,
                "nauc_mrr_at_100_std": 0.2651724137931026,
                "nauc_mrr_at_10_diff1": -0.16600985221674866,
                "nauc_mrr_at_10_max": 0.07108374384236335,
                "nauc_mrr_at_10_std": 0.2651724137931026,
                "nauc_mrr_at_1_diff1": -0.13608326908249815,
                "nauc_mrr_at_1_max": 0.12622535521533287,
                "nauc_mrr_at_1_std": 0.2881374600726958,
                "nauc_mrr_at_20_diff1": -0.16600985221674866,
                "nauc_mrr_at_20_max": 0.07108374384236335,
                "nauc_mrr_at_20_std": 0.2651724137931026,
                "nauc_mrr_at_3_diff1": -0.16600985221674866,
                "nauc_mrr_at_3_max": 0.07108374384236335,
                "nauc_mrr_at_3_std": 0.2651724137931026,
                "nauc_mrr_at_5_diff1": -0.16600985221674866,
                "nauc_mrr_at_5_max": 0.07108374384236335,
                "nauc_mrr_at_5_std": 0.2651724137931026,
                "nauc_ndcg_at_1000_diff1": -0.13194696606963988,
                "nauc_ndcg_at_1000_max": 0.5539361570574168,
                "nauc_ndcg_at_1000_std": 0.7824389785896677,
                "nauc_ndcg_at_100_diff1": -0.14709514114787883,
                "nauc_ndcg_at_100_max": 0.42576279795125205,
                "nauc_ndcg_at_100_std": 0.7226496604715362,
                "nauc_ndcg_at_10_diff1": -0.20152166371506738,
                "nauc_ndcg_at_10_max": 0.32944838219383427,
                "nauc_ndcg_at_10_std": 0.44033981240057224,
                "nauc_ndcg_at_1_diff1": 0.07175383527123184,
                "nauc_ndcg_at_1_max": 0.09772757416331425,
                "nauc_ndcg_at_1_std": 0.25648790839559604,
                "nauc_ndcg_at_20_diff1": -0.0962589500953276,
                "nauc_ndcg_at_20_max": 0.3930914262040181,
                "nauc_ndcg_at_20_std": 0.5688073974971012,
                "nauc_ndcg_at_3_diff1": -0.17947554993563716,
                "nauc_ndcg_at_3_max": 0.2674365078754596,
                "nauc_ndcg_at_3_std": 0.41793803172791605,
                "nauc_ndcg_at_5_diff1": -0.17417527011830228,
                "nauc_ndcg_at_5_max": 0.3388471424700834,
                "nauc_ndcg_at_5_std": 0.46534674061431425,
                "nauc_precision_at_1000_diff1": -0.1350037458724616,
                "nauc_precision_at_1000_max": 0.41896831670171847,
                "nauc_precision_at_1000_std": 0.47996095424591884,
                "nauc_precision_at_100_diff1": -0.15762075381944218,
                "nauc_precision_at_100_max": 0.4401616846578541,
                "nauc_precision_at_100_std": 0.7207152761602793,
                "nauc_precision_at_10_diff1": -0.3593338426279604,
                "nauc_precision_at_10_max": 0.34183040488922856,
                "nauc_precision_at_10_std": 0.42879755538579045,
                "nauc_precision_at_1_diff1": -0.2830756013745697,
                "nauc_precision_at_1_max": 0.09358124693176201,
                "nauc_precision_at_1_std": 0.3951276386843394,
                "nauc_precision_at_20_diff1": -0.10583246399588124,
                "nauc_precision_at_20_max": 0.40868705206541006,
                "nauc_precision_at_20_std": 0.5931717494682367,
                "nauc_precision_at_3_diff1": -0.4410520186335414,
                "nauc_precision_at_3_max": 0.3837344720496887,
                "nauc_precision_at_3_std": 0.5519992236024837,
                "nauc_precision_at_5_diff1": -0.3427848522284507,
                "nauc_precision_at_5_max": 0.42824052076404134,
                "nauc_precision_at_5_std": 0.5112016535208586,
                "nauc_recall_at_1000_diff1": -0.11767155872810321,
                "nauc_recall_at_1000_max": 0.5208807974291028,
                "nauc_recall_at_1000_std": 0.6823415173297899,
                "nauc_recall_at_100_diff1": -0.10978661355290605,
                "nauc_recall_at_100_max": 0.3174877151139269,
                "nauc_recall_at_100_std": 0.5112264511129287,
                "nauc_recall_at_10_diff1": -0.19336151816299973,
                "nauc_recall_at_10_max": 0.10743443384702298,
                "nauc_recall_at_10_std": 0.12911493888937114,
                "nauc_recall_at_1_diff1": -0.08236481824837111,
                "nauc_recall_at_1_max": 0.029418466254777186,
                "nauc_recall_at_1_std": 0.09066665328272006,
                "nauc_recall_at_20_diff1": -0.0854869518672105,
                "nauc_recall_at_20_max": 0.15362562157663387,
                "nauc_recall_at_20_std": 0.21489881366775784,
                "nauc_recall_at_3_diff1": -0.210866131241463,
                "nauc_recall_at_3_max": 0.11195127104924846,
                "nauc_recall_at_3_std": 0.20620111859982335,
                "nauc_recall_at_5_diff1": -0.19067070989034357,
                "nauc_recall_at_5_max": 0.12493604263463501,
                "nauc_recall_at_5_std": 0.16311576124073648,
                "ndcg_at_1": 0.76,
                "ndcg_at_10": 0.6932,
                "ndcg_at_100": 0.5348,
                "ndcg_at_1000": 0.50283,
                "ndcg_at_20": 0.65157,
                "ndcg_at_3": 0.7375399999999999,
                "ndcg_at_5": 0.71881,
                "precision_at_1": 0.84,
                "precision_at_10": 0.736,
                "precision_at_100": 0.5526,
                "precision_at_1000": 0.2226,
                "precision_at_20": 0.685,
                "precision_at_3": 0.8,
                "precision_at_5": 0.7760000000000001,
                "recall_at_1": 0.00226,