{
  "dataset_revision": "b0f12fa0c0dd67f59c95a5c33d02aeeb4c398c5f",
  "task_name": "CodeFeedbackMT",
  "mteb_version": "1.18.0",
  "scores": {
    "test": [
      {
        "ndcg_at_1": 0.31634,
        "ndcg_at_3": 0.37976,
        "ndcg_at_5": 0.39797,
        "ndcg_at_10": 0.41561,
        "ndcg_at_20": 0.42799,
        "ndcg_at_100": 0.44821,
        "ndcg_at_1000": 0.46506,
        "map_at_1": 0.31634,
        "map_at_3": 0.36435,
        "map_at_5": 0.37444,
        "map_at_10": 0.38176,
        "map_at_20": 0.38519,
        "map_at_100": 0.38789,
        "map_at_1000": 0.38844,
        "recall_at_1": 0.31634,
        "recall_at_3": 0.42427,
        "recall_at_5": 0.46855,
        "recall_at_10": 0.52286,
        "recall_at_20": 0.57167,
        "recall_at_100": 0.68201,
        "recall_at_1000": 0.81946,
        "precision_at_1": 0.31634,
        "precision_at_3": 0.14142,
        "precision_at_5": 0.09371,
        "precision_at_10": 0.05229,
        "precision_at_20": 0.02858,
        "precision_at_100": 0.00682,
        "precision_at_1000": 0.00082,
        "mrr_at_1": 0.316337,
        "mrr_at_3": 0.364352,
        "mrr_at_5": 0.374441,
        "mrr_at_10": 0.381763,
        "mrr_at_20": 0.385185,
        "mrr_at_100": 0.387893,
        "mrr_at_1000": 0.388444,
        "nauc_ndcg_at_1_max": 0.305746,
        "nauc_ndcg_at_1_std": -0.121846,
        "nauc_ndcg_at_1_diff1": 0.606152,
        "nauc_ndcg_at_3_max": 0.316668,
        "nauc_ndcg_at_3_std": -0.116514,
        "nauc_ndcg_at_3_diff1": 0.560844,
        "nauc_ndcg_at_5_max": 0.318667,
        "nauc_ndcg_at_5_std": -0.111403,
        "nauc_ndcg_at_5_diff1": 0.55051,
        "nauc_ndcg_at_10_max": 0.320245,
        "nauc_ndcg_at_10_std": -0.101866,
        "nauc_ndcg_at_10_diff1": 0.543022,
        "nauc_ndcg_at_20_max": 0.320555,
        "nauc_ndcg_at_20_std": -0.094898,
        "nauc_ndcg_at_20_diff1": 0.537565,
        "nauc_ndcg_at_100_max": 0.324239,
        "nauc_ndcg_at_100_std": -0.082232,
        "nauc_ndcg_at_100_diff1": 0.53319,
        "nauc_ndcg_at_1000_max": 0.327122,
        "nauc_ndcg_at_1000_std": -0.076713,
        "nauc_ndcg_at_1000_diff1": 0.535044,
        "nauc_map_at_1_max": 0.305746,
        "nauc_map_at_1_std": -0.121846,
        "nauc_map_at_1_diff1": 0.606152,
        "nauc_map_at_3_max": 0.314086,
        "nauc_map_at_3_std": -0.118052,
        "nauc_map_at_3_diff1": 0.571123,
        "nauc_map_at_5_max": 0.315253,
        "nauc_map_at_5_std": -0.115273,
        "nauc_map_at_5_diff1": 0.565509,
        "nauc_map_at_10_max": 0.315823,
        "nauc_map_at_10_std": -0.11137,
        "nauc_map_at_10_diff1": 0.562262,
        "nauc_map_at_20_max": 0.315901,
        "nauc_map_at_20_std": -0.109503,
        "nauc_map_at_20_diff1": 0.560845,
        "nauc_map_at_100_max": 0.316326,
        "nauc_map_at_100_std": -0.107928,
        "nauc_map_at_100_diff1": 0.56027,
        "nauc_map_at_1000_max": 0.316438,
        "nauc_map_at_1000_std": -0.107722,
        "nauc_map_at_1000_diff1": 0.560336,
        "nauc_recall_at_1_max": 0.305746,
        "nauc_recall_at_1_std": -0.121846,
        "nauc_recall_at_1_diff1": 0.606152,
        "nauc_recall_at_3_max": 0.324001,
        "nauc_recall_at_3_std": -0.11203,
        "nauc_recall_at_3_diff1": 0.531826,
        "nauc_recall_at_5_max": 0.328685,
        "nauc_recall_at_5_std": -0.099356,
        "nauc_recall_at_5_diff1": 0.505972,
        "nauc_recall_at_10_max": 0.334361,
        "nauc_recall_at_10_std": -0.068823,
        "nauc_recall_at_10_diff1": 0.482041,
        "nauc_recall_at_20_max": 0.336371,
        "nauc_recall_at_20_std": -0.037898,
        "nauc_recall_at_20_diff1": 0.455897,
        "nauc_recall_at_100_max": 0.365245,
        "nauc_recall_at_100_std": 0.05993,
        "nauc_recall_at_100_diff1": 0.411034,
        "nauc_recall_at_1000_max": 0.429718,
        "nauc_recall_at_1000_std": 0.219878,
        "nauc_recall_at_1000_diff1": 0.371072,
        "nauc_precision_at_1_max": 0.305746,
        "nauc_precision_at_1_std": -0.121846,
        "nauc_precision_at_1_diff1": 0.606152,
        "nauc_precision_at_3_max": 0.324001,
        "nauc_precision_at_3_std": -0.11203,
        "nauc_precision_at_3_diff1": 0.531826,
        "nauc_precision_at_5_max": 0.328685,
        "nauc_precision_at_5_std": -0.099356,
        "nauc_precision_at_5_diff1": 0.505972,
        "nauc_precision_at_10_max": 0.334361,
        "nauc_precision_at_10_std": -0.068823,
        "nauc_precision_at_10_diff1": 0.482041,
        "nauc_precision_at_20_max": 0.336371,
        "nauc_precision_at_20_std": -0.037898,
        "nauc_precision_at_20_diff1": 0.455897,
        "nauc_precision_at_100_max": 0.365245,
        "nauc_precision_at_100_std": 0.05993,
        "nauc_precision_at_100_diff1": 0.411034,
        "nauc_precision_at_1000_max": 0.429718,
        "nauc_precision_at_1000_std": 0.219878,
        "nauc_precision_at_1000_diff1": 0.371072,
        "nauc_mrr_at_1_max": 0.305746,
        "nauc_mrr_at_1_std": -0.121846,
        "nauc_mrr_at_1_diff1": 0.606152,
        "nauc_mrr_at_3_max": 0.314086,
        "nauc_mrr_at_3_std": -0.118052,
        "nauc_mrr_at_3_diff1": 0.571123,
        "nauc_mrr_at_5_max": 0.315253,
        "nauc_mrr_at_5_std": -0.115273,
        "nauc_mrr_at_5_diff1": 0.565509,
        "nauc_mrr_at_10_max": 0.315823,
        "nauc_mrr_at_10_std": -0.11137,
        "nauc_mrr_at_10_diff1": 0.562262,
        "nauc_mrr_at_20_max": 0.315901,
        "nauc_mrr_at_20_std": -0.109503,
        "nauc_mrr_at_20_diff1": 0.560845,
        "nauc_mrr_at_100_max": 0.316326,
        "nauc_mrr_at_100_std": -0.107928,
        "nauc_mrr_at_100_diff1": 0.56027,
        "nauc_mrr_at_1000_max": 0.316438,
        "nauc_mrr_at_1000_std": -0.107722,
        "nauc_mrr_at_1000_diff1": 0.560336,
        "main_score": 0.41561,
        "hf_subset": "default",
        "languages": [
          "eng-Latn"
        ]
      }
    ]
  },
  "evaluation_time": 184.994797706604,
  "kg_co2_emissions": 0.01557332909815765
}