{
    "dataset_revision": "None",
    "task_name": "MedicalRetrieval",
    "evaluation_time": null,
    "mteb_version": null,
    "scores": {
        "dev": [
            {
                "hf_subset": "default",
                "languages": [
                    "cmn-Hans"
                ],
                "map_at_1": 0.015,
                "map_at_10": 0.02074,
                "map_at_100": 0.02208,
                "map_at_1000": 0.02241,
                "map_at_3": 0.01933,
                "map_at_5": 0.02023,
                "mrr_at_1": 0.015,
                "mrr_at_10": 0.02074,
                "mrr_at_100": 0.02208,
                "mrr_at_1000": 0.02241,
                "mrr_at_3": 0.01933,
                "mrr_at_5": 0.02023,
                "ndcg_at_1": 0.015,
                "ndcg_at_10": 0.02368,
                "ndcg_at_100": 0.03309,
                "ndcg_at_1000": 0.04593,
                "ndcg_at_3": 0.020789999999999996,
                "ndcg_at_5": 0.02242,
                "precision_at_1": 0.015,
                "precision_at_10": 0.0033,
                "precision_at_100": 0.00084,
                "precision_at_1000": 0.00018999999999999998,
                "precision_at_3": 0.00833,
                "precision_at_5": 0.0058,
                "recall_at_1": 0.015,
                "recall_at_10": 0.033,
                "recall_at_100": 0.084,
                "recall_at_1000": 0.19400000000000003,
                "recall_at_3": 0.025,
                "recall_at_5": 0.029000000000000005,
                "main_score": 0.02368
            }
        ]
    }
}