{
    "dataset_revision": "d66bd1f72af766a5cc4b0ca5e00c162f89e8cc46",
    "task_name": "SprintDuplicateQuestions",
    "evaluation_time": -1,
    "mteb_version": "0.0.0",
    "scores": {
        "test": [
            {
                "hf_subset": "default",
                "languages": [
                    "eng-Latn"
                ],
                "cos_sim_accuracy": 99.02871287128713,
                "cos_sim_ap": 17.404404071912694,
                "cos_sim_f1": 25.89285714285714,
                "cos_sim_precision": 29.292929292929294,
                "cos_sim_recall": 23.200000000000003,
                "dot_accuracy": 99.0118811881188,
                "dot_ap": 5.4739000785007335,
                "dot_f1": 12.178702570379436,
                "dot_precision": 8.774250440917108,
                "dot_recall": 19.900000000000002,
                "euclidean_accuracy": 99.03663366336633,
                "euclidean_ap": 19.20851069839796,
                "euclidean_f1": 27.16555612506407,
                "euclidean_precision": 27.865404837013667,
                "euclidean_recall": 26.5,
                "manhattan_accuracy": 99.03663366336633,
                "manhattan_ap": 19.12862913626528,
                "manhattan_f1": 26.96629213483146,
                "manhattan_precision": 28.99884925201381,
                "manhattan_recall": 25.2,
                "max_accuracy": 99.03663366336633,
                "max_ap": 19.20851069839796,
                "max_f1": 27.16555612506407,
                "main_score": 19.20851069839796
            }
        ]
    }
}