{
  "dataset_revision": "e36907544d44c3a247898ed81540310442329e20",
  "evaluation_time": 1.4340941905975342,
  "kg_co2_emissions": 5.074559021041106e-05,
  "mteb_version": "1.12.41",
  "scores": {
    "test": [
      {
        "cosine_pearson": 0.6379506133391927,
        "cosine_spearman": 0.628785519887051,
        "euclidean_pearson": 0.6327248920138023,
        "euclidean_spearman": 0.628785519887051,
        "hf_subset": "default",
        "languages": [
          "deu-Latn"
        ],
        "main_score": 0.628785519887051,
        "manhattan_pearson": 0.6326330591329312,
        "manhattan_spearman": 0.628457862647505,
        "pearson": [
          0.6379506056776176,
          1.927075209148774e-158
        ],
        "spearman": [
          0.628786688831647,
          1.2238498887321205e-152
        ]
      }
    ],
    "validation": [
      {
        "cosine_pearson": 0.7047301438541177,
        "cosine_spearman": 0.7025584148842569,
        "euclidean_pearson": 0.6976492441636897,
        "euclidean_spearman": 0.7025584148842569,
        "hf_subset": "default",
        "languages": [
          "deu-Latn"
        ],
        "main_score": 0.7025584148842569,
        "manhattan_pearson": 0.6990292579587717,
        "manhattan_spearman": 0.7038059680676039,
        "pearson": [
          0.704730146292291,
          1.4790529461967984e-225
        ],
        "spearman": [
          0.7025586829938453,
          1.3809187007997155e-223
        ]
      }
    ]
  },
  "task_name": "GermanSTSBenchmark"
}