{
  "dataset_revision": "e2d317d38cd51312af73b3d32a06d1a08b442046",
  "mteb_dataset_name": "AmazonPolarityClassification",
  "mteb_version": "1.2.0",
  "test": {
    "accuracy": 0.9669589999999999,
    "accuracy_stderr": 0.004645499730922394,
    "ap": 0.9490885739242472,
    "ap_stderr": 0.011749481946382603,
    "evaluation_time": 778.59,
    "f1": 0.9669477648952649,
    "f1_stderr": 0.004662022324571249,
    "main_score": 0.9669589999999999
  }
}