{
  "dataset_revision": "1271c7809071a13532e05f25fb53511ffce77117",
  "dev": {
    "evaluation_time": 352.56,
    "map_at_1": 0.68072,
    "map_at_10": 0.76829,
    "map_at_100": 0.77146,
    "map_at_1000": 0.7715,
    "map_at_3": 0.74939,
    "map_at_5": 0.76009,
    "mrr_at_1": 0.68282,
    "mrr_at_10": 0.76818,
    "mrr_at_100": 0.77136,
    "mrr_at_1000": 0.7714,
    "mrr_at_3": 0.74956,
    "mrr_at_5": 0.76047,
    "ndcg_at_1": 0.68282,
    "ndcg_at_10": 0.80873,
    "ndcg_at_100": 0.82191,
    "ndcg_at_1000": 0.82286,
    "ndcg_at_3": 0.77065,
    "ndcg_at_5": 0.78965,
    "precision_at_1": 0.68282,
    "precision_at_10": 0.09452,
    "precision_at_100": 0.01002,
    "precision_at_1000": 0.00101,
    "precision_at_3": 0.27889,
    "precision_at_5": 0.17682,
    "recall_at_1": 0.68072,
    "recall_at_10": 0.93467,
    "recall_at_100": 0.99157,
    "recall_at_1000": 0.99895,
    "recall_at_3": 0.8314,
    "recall_at_5": 0.87671
  },
  "mteb_dataset_name": "CovidRetrieval",
  "mteb_version": "1.2.0"
}