{
  "dataset_revision": "fd5c2441b7eeff8676768036142af4cfa42c1339",
  "task_name": "SICK-R-PL",
  "mteb_version": "1.18.0",
  "scores": {
    "test": [
      {
        "pearson": 0.554887,
        "spearman": 0.510023,
        "cosine_pearson": 0.554887,
        "cosine_spearman": 0.510023,
        "manhattan_pearson": 0.531102,
        "manhattan_spearman": 0.510758,
        "euclidean_pearson": 0.530505,
        "euclidean_spearman": 0.510023,
        "main_score": 0.510023,
        "hf_subset": "default",
        "languages": [
          "pol-Latn"
        ]
      }
    ]
  },
  "evaluation_time": 1.2614898681640625,
  "kg_co2_emissions": 4.682879828970303e-05
}