{
    "dataset_revision": "None",
    "task_name": "NFCorpus",
    "evaluation_time": NaN,
    "mteb_version": "unknown",
    "scores": {
        "test": [
            {
                "hf_subset": "default",
                "languages": [
                    "eng-Latn"
                ],
                "map_at_1": 5.898,
                "map_at_10": 14.115,
                "map_at_100": 17.868000000000002,
                "map_at_1000": 19.425,
                "map_at_3": 10.385,
                "map_at_5": 12.064,
                "mrr_at_1": 50.464,
                "mrr_at_10": 59.265,
                "mrr_at_100": 59.63,
                "mrr_at_1000": 59.673,
                "mrr_at_3": 56.96600000000001,
                "mrr_at_5": 58.282000000000004,
                "ndcg_at_1": 48.452,
                "ndcg_at_10": 37.819,
                "ndcg_at_100": 34.421,
                "ndcg_at_1000": 43.275999999999996,
                "ndcg_at_3": 44.037,
                "ndcg_at_5": 41.272,
                "precision_at_1": 50.15500000000001,
                "precision_at_10": 28.142,
                "precision_at_100": 8.780000000000001,
                "precision_at_1000": 2.185,
                "precision_at_3": 41.382999999999996,
                "precision_at_5": 35.975,
                "recall_at_1": 5.898,
                "recall_at_10": 18.584999999999997,
                "recall_at_100": 34.660000000000004,
                "recall_at_1000": 67.361,
                "recall_at_3": 11.774999999999999,
                "recall_at_5": 14.438999999999998,
                "main_score": 37.819
            }
        ]
    }
}