{
    "dataset_revision": "None",
    "task_name": "ClimateFEVER",
    "evaluation_time": null,
    "mteb_version": null,
    "scores": {
        "test": [
            {
                "hf_subset": "default",
                "languages": [
                    "eng-Latn"
                ],
                "map_at_1": 0.17441000000000004,
                "map_at_10": 0.29369,
                "map_at_100": 0.31339,
                "map_at_1000": 0.31537,
                "map_at_3": 0.2509,
                "map_at_5": 0.27388,
                "mrr_at_1": 0.39218,
                "mrr_at_10": 0.51238,
                "mrr_at_100": 0.5188,
                "mrr_at_1000": 0.51905,
                "mrr_at_3": 0.48426,
                "mrr_at_5": 0.49986,
                "ndcg_at_1": 0.39218,
                "ndcg_at_10": 0.38987,
                "ndcg_at_100": 0.46043,
                "ndcg_at_1000": 0.4919,
                "ndcg_at_3": 0.33426,
                "ndcg_at_5": 0.35182,
                "precision_at_1": 0.39218,
                "precision_at_10": 0.11909,
                "precision_at_100": 0.01964,
                "precision_at_1000": 0.00255,
                "precision_at_3": 0.24972999999999998,
                "precision_at_5": 0.18528,
                "recall_at_1": 0.17441000000000004,
                "recall_at_10": 0.44378,
                "recall_at_100": 0.68377,
                "recall_at_1000": 0.8567,
                "recall_at_3": 0.30215,
                "recall_at_5": 0.36094000000000004,
                "main_score": 0.38987
            }
        ]
    }
}