{
  "dataset_revision": "5ed0bc0fffa309e99400ea800397931749d12cd2",
  "task_name": "EnglishFinance3Retrieval",
  "mteb_version": "2.3.4",
  "scores": {
    "test": [
      {
        "ndcg_at_1": 0.65257,
        "ndcg_at_3": 0.74733,
        "ndcg_at_5": 0.76937,
        "ndcg_at_10": 0.78318,
        "ndcg_at_20": 0.79157,
        "ndcg_at_100": 0.8002,
        "ndcg_at_1000": 0.80198,
        "map_at_1": 0.65257,
        "map_at_3": 0.72466,
        "map_at_5": 0.73704,
        "map_at_10": 0.74282,
        "map_at_20": 0.74518,
        "map_at_100": 0.74642,
        "map_at_1000": 0.74649,
        "recall_at_1": 0.65257,
        "recall_at_3": 0.81269,
        "recall_at_5": 0.86556,
        "recall_at_10": 0.90785,
        "recall_at_20": 0.94058,
        "recall_at_100": 0.9864,
        "recall_at_1000": 1.0,
        "accuracy": 0.65257,
        "precision_at_1": 0.65257,
        "precision_at_3": 0.2709,
        "precision_at_5": 0.17311,
        "precision_at_10": 0.09079,
        "precision_at_20": 0.04703,
        "precision_at_100": 0.00986,
        "precision_at_1000": 0.001,
        "mrr_at_1": 0.652568,
        "mrr_at_3": 0.724656,
        "mrr_at_5": 0.737043,
        "mrr_at_10": 0.742817,
        "mrr_at_20": 0.745181,
        "mrr_at_100": 0.746421,
        "mrr_at_1000": 0.746493,
        "nauc_ndcg_at_1_max": 0.567212,
        "nauc_ndcg_at_1_std": -0.15956,
        "nauc_ndcg_at_1_diff1": 0.740324,
        "nauc_ndcg_at_3_max": 0.58344,
        "nauc_ndcg_at_3_std": -0.174277,
        "nauc_ndcg_at_3_diff1": 0.689815,
        "nauc_ndcg_at_5_max": 0.590839,
        "nauc_ndcg_at_5_std": -0.176977,
        "nauc_ndcg_at_5_diff1": 0.694395,
        "nauc_ndcg_at_10_max": 0.585006,
        "nauc_ndcg_at_10_std": -0.178033,
        "nauc_ndcg_at_10_diff1": 0.694258,
        "nauc_ndcg_at_20_max": 0.585217,
        "nauc_ndcg_at_20_std": -0.17793,
        "nauc_ndcg_at_20_diff1": 0.69947,
        "nauc_ndcg_at_100_max": 0.584268,
        "nauc_ndcg_at_100_std": -0.172149,
        "nauc_ndcg_at_100_diff1": 0.704382,
        "nauc_ndcg_at_1000_max": 0.58301,
        "nauc_ndcg_at_1000_std": -0.173528,
        "nauc_ndcg_at_1000_diff1": 0.704672,
        "nauc_map_at_1_max": 0.567212,
        "nauc_map_at_1_std": -0.15956,
        "nauc_map_at_1_diff1": 0.740324,
        "nauc_map_at_3_max": 0.578493,
        "nauc_map_at_3_std": -0.171864,
        "nauc_map_at_3_diff1": 0.703481,
        "nauc_map_at_5_max": 0.582172,
        "nauc_map_at_5_std": -0.173199,
        "nauc_map_at_5_diff1": 0.706623,
        "nauc_map_at_10_max": 0.580066,
        "nauc_map_at_10_std": -0.173568,
        "nauc_map_at_10_diff1": 0.707029,
        "nauc_map_at_20_max": 0.580241,
        "nauc_map_at_20_std": -0.17344,
        "nauc_map_at_20_diff1": 0.708334,
        "nauc_map_at_100_max": 0.580072,
        "nauc_map_at_100_std": -0.172644,
        "nauc_map_at_100_diff1": 0.70896,
        "nauc_map_at_1000_max": 0.580045,
        "nauc_map_at_1000_std": -0.172668,
        "nauc_map_at_1000_diff1": 0.708983,
        "nauc_recall_at_1_max": 0.567212,
        "nauc_recall_at_1_std": -0.15956,
        "nauc_recall_at_1_diff1": 0.740324,
        "nauc_recall_at_3_max": 0.602781,
        "nauc_recall_at_3_std": -0.182608,
        "nauc_recall_at_3_diff1": 0.637303,
        "nauc_recall_at_5_max": 0.635765,
        "nauc_recall_at_5_std": -0.194944,
        "nauc_recall_at_5_diff1": 0.634442,
        "nauc_recall_at_10_max": 0.61508,
        "nauc_recall_at_10_std": -0.208112,
        "nauc_recall_at_10_diff1": 0.606848,
        "nauc_recall_at_20_max": 0.629261,
        "nauc_recall_at_20_std": -0.224892,
        "nauc_recall_at_20_diff1": 0.622041,
        "nauc_recall_at_100_max": 0.717094,
        "nauc_recall_at_100_std": -0.022472,
        "nauc_recall_at_100_diff1": 0.684901,
        "nauc_recall_at_1000_max": NaN,
        "nauc_recall_at_1000_std": NaN,
        "nauc_recall_at_1000_diff1": NaN,
        "nauc_precision_at_1_max": 0.567212,
        "nauc_precision_at_1_std": -0.15956,
        "nauc_precision_at_1_diff1": 0.740324,
        "nauc_precision_at_3_max": 0.602781,
        "nauc_precision_at_3_std": -0.182608,
        "nauc_precision_at_3_diff1": 0.637303,
        "nauc_precision_at_5_max": 0.635765,
        "nauc_precision_at_5_std": -0.194944,
        "nauc_precision_at_5_diff1": 0.634442,
        "nauc_precision_at_10_max": 0.61508,
        "nauc_precision_at_10_std": -0.208112,
        "nauc_precision_at_10_diff1": 0.606848,
        "nauc_precision_at_20_max": 0.629261,
        "nauc_precision_at_20_std": -0.224892,
        "nauc_precision_at_20_diff1": 0.622041,
        "nauc_precision_at_100_max": 0.717094,
        "nauc_precision_at_100_std": -0.022472,
        "nauc_precision_at_100_diff1": 0.684901,
        "nauc_precision_at_1000_max": NaN,
        "nauc_precision_at_1000_std": NaN,
        "nauc_precision_at_1000_diff1": NaN,
        "nauc_mrr_at_1_max": 0.567212,
        "nauc_mrr_at_1_std": -0.15956,
        "nauc_mrr_at_1_diff1": 0.740324,
        "nauc_mrr_at_3_max": 0.578493,
        "nauc_mrr_at_3_std": -0.171864,
        "nauc_mrr_at_3_diff1": 0.703481,
        "nauc_mrr_at_5_max": 0.582172,
        "nauc_mrr_at_5_std": -0.173199,
        "nauc_mrr_at_5_diff1": 0.706623,
        "nauc_mrr_at_10_max": 0.580066,
        "nauc_mrr_at_10_std": -0.173568,
        "nauc_mrr_at_10_diff1": 0.707029,
        "nauc_mrr_at_20_max": 0.580241,
        "nauc_mrr_at_20_std": -0.17344,
        "nauc_mrr_at_20_diff1": 0.708334,
        "nauc_mrr_at_100_max": 0.580072,
        "nauc_mrr_at_100_std": -0.172644,
        "nauc_mrr_at_100_diff1": 0.70896,
        "nauc_mrr_at_1000_max": 0.580045,
        "nauc_mrr_at_1000_std": -0.172668,
        "nauc_mrr_at_1000_diff1": 0.708983,
        "cv_recall_at_1": 0.65257,
        "cv_recall_at_3": 0.81269,
        "cv_recall_at_5": 0.86556,
        "cv_recall_at_10": 0.90785,
        "cv_recall_at_20": 0.94058,
        "cv_recall_at_100": 0.9864,
        "cv_recall_at_1000": 1.0,
        "main_score": 0.78318,
        "hf_subset": "default",
        "languages": [
          "eng-Latn"
        ]
      }
    ]
  },
  "evaluation_time": 193.63520455360413,
  "kg_co2_emissions": null
}