{
    "dataset_revision": "c0f706b76e590d620bd6618b3ca8efdd34e2d659",
    "task_name": "DBPedia",
    "evaluation_time": null,
    "mteb_version": null,
    "scores": {
        "test": [
            {
                "hf_subset": "default",
                "languages": [
                    "eng-Latn"
                ],
                "ndcg_at_1": 0.54375,
                "ndcg_at_3": 0.44463,
                "ndcg_at_5": 0.41276,
                "ndcg_at_10": 0.39409,
                "ndcg_at_20": 0.38884,
                "ndcg_at_100": 0.44382,
                "ndcg_at_1000": 0.52485,
                "map_at_1": 0.0871,
                "map_at_3": 0.13974,
                "map_at_5": 0.16104,
                "map_at_10": 0.19218,
                "map_at_20": 0.21966000000000002,
                "map_at_100": 0.26291,
                "map_at_1000": 0.27985,
                "recall_at_1": 0.0871,
                "recall_at_3": 0.15516,
                "recall_at_5": 0.18907,
                "recall_at_10": 0.2527,
                "recall_at_20": 0.31968,
                "recall_at_100": 0.5185,
                "recall_at_1000": 0.76491,
                "precision_at_1": 0.6725,
                "precision_at_3": 0.48167000000000004,
                "precision_at_5": 0.39399999999999996,
                "precision_at_10": 0.3055,
                "precision_at_20": 0.2275,
                "precision_at_100": 0.09588,
                "precision_at_1000": 0.021179999999999997,
                "mrr_at_1": 0.6725,
                "mrr_at_3": 0.7383330000000001,
                "mrr_at_5": 0.743083,
                "mrr_at_10": 0.7503699999999999,
                "mrr_at_20": 0.751468,
                "mrr_at_100": 0.753182,
                "mrr_at_1000": 0.753253,
                "nauc_ndcg_at_1_max": 0.307815,
                "nauc_ndcg_at_1_std": 0.189823,
                "nauc_ndcg_at_1_diff1": 0.387185,
                "nauc_ndcg_at_3_max": 0.273482,
                "nauc_ndcg_at_3_std": 0.201357,
                "nauc_ndcg_at_3_diff1": 0.249478,
                "nauc_ndcg_at_5_max": 0.238231,
                "nauc_ndcg_at_5_std": 0.198595,
                "nauc_ndcg_at_5_diff1": 0.20514700000000002,
                "nauc_ndcg_at_10_max": 0.198984,
                "nauc_ndcg_at_10_std": 0.166632,
                "nauc_ndcg_at_10_diff1": 0.185195,
                "nauc_ndcg_at_20_max": 0.15437,
                "nauc_ndcg_at_20_std": 0.138071,
                "nauc_ndcg_at_20_diff1": 0.180289,
                "nauc_ndcg_at_100_max": 0.150429,
                "nauc_ndcg_at_100_std": 0.181034,
                "nauc_ndcg_at_100_diff1": 0.165884,
                "nauc_ndcg_at_1000_max": 0.246937,
                "nauc_ndcg_at_1000_std": 0.28625,
                "nauc_ndcg_at_1000_diff1": 0.169271,
                "nauc_map_at_1_max": -0.071981,
                "nauc_map_at_1_std": -0.20876799999999998,
                "nauc_map_at_1_diff1": 0.24679700000000002,
                "nauc_map_at_3_max": -0.048358,
                "nauc_map_at_3_std": -0.166611,
                "nauc_map_at_3_diff1": 0.189037,
                "nauc_map_at_5_max": -0.034355,
                "nauc_map_at_5_std": -0.140186,
                "nauc_map_at_5_diff1": 0.17516499999999996,
                "nauc_map_at_10_max": -0.00994,
                "nauc_map_at_10_std": -0.08484,
                "nauc_map_at_10_diff1": 0.158007,
                "nauc_map_at_20_max": 0.032261,
                "nauc_map_at_20_std": -0.008369,
                "nauc_map_at_20_diff1": 0.158524,
                "nauc_map_at_100_max": 0.098084,
                "nauc_map_at_100_std": 0.117005,
                "nauc_map_at_100_diff1": 0.165458,
                "nauc_map_at_1000_max": 0.127583,
                "nauc_map_at_1000_std": 0.15331,
                "nauc_map_at_1000_diff1": 0.167243,
                "nauc_recall_at_1_max": -0.071981,
                "nauc_recall_at_1_std": -0.20876799999999998,
                "nauc_recall_at_1_diff1": 0.24679700000000002,
                "nauc_recall_at_3_max": -0.087416,
                "nauc_recall_at_3_std": -0.181497,
                "nauc_recall_at_3_diff1": 0.132151,
                "nauc_recall_at_5_max": -0.077954,
                "nauc_recall_at_5_std": -0.164247,
                "nauc_recall_at_5_diff1": 0.113209,
                "nauc_recall_at_10_max": -0.068051,
                "nauc_recall_at_10_std": -0.118753,
                "nauc_recall_at_10_diff1": 0.09148899999999999,
                "nauc_recall_at_20_max": -0.037833,
                "nauc_recall_at_20_std": -0.040681,
                "nauc_recall_at_20_diff1": 0.077693,
                "nauc_recall_at_100_max": 0.024143000000000005,
                "nauc_recall_at_100_std": 0.135572,
                "nauc_recall_at_100_diff1": 0.063968,
                "nauc_recall_at_1000_max": 0.148639,
                "nauc_recall_at_1000_std": 0.34389900000000007,
                "nauc_recall_at_1000_diff1": 0.023819,
                "nauc_precision_at_1_max": 0.39807400000000004,
                "nauc_precision_at_1_std": 0.297269,
                "nauc_precision_at_1_diff1": 0.467701,
                "nauc_precision_at_3_max": 0.322757,
                "nauc_precision_at_3_std": 0.307486,
                "nauc_precision_at_3_diff1": 0.138804,
                "nauc_precision_at_5_max": 0.31016,
                "nauc_precision_at_5_std": 0.379799,
                "nauc_precision_at_5_diff1": 0.074082,
                "nauc_precision_at_10_max": 0.32268,
                "nauc_precision_at_10_std": 0.439588,
                "nauc_precision_at_10_diff1": 0.043159,
                "nauc_precision_at_20_max": 0.32264199999999993,
                "nauc_precision_at_20_std": 0.482933,
                "nauc_precision_at_20_diff1": 0.038432,
                "nauc_precision_at_100_max": 0.307258,
                "nauc_precision_at_100_std": 0.49668300000000004,
                "nauc_precision_at_100_diff1": 0.00035099999999999997,
                "nauc_precision_at_1000_max": 0.282373,
                "nauc_precision_at_1000_std": 0.248433,
                "nauc_precision_at_1000_diff1": 0.036408,
                "nauc_mrr_at_1_max": 0.39807400000000004,
                "nauc_mrr_at_1_std": 0.297269,
                "nauc_mrr_at_1_diff1": 0.467701,
                "nauc_mrr_at_3_max": 0.427825,
                "nauc_mrr_at_3_std": 0.324678,
                "nauc_mrr_at_3_diff1": 0.43705599999999994,
                "nauc_mrr_at_5_max": 0.430631,
                "nauc_mrr_at_5_std": 0.32859,
                "nauc_mrr_at_5_diff1": 0.43646,
                "nauc_mrr_at_10_max": 0.428307,
                "nauc_mrr_at_10_std": 0.328042,
                "nauc_mrr_at_10_diff1": 0.433566,
                "nauc_mrr_at_20_max": 0.42918500000000004,
                "nauc_mrr_at_20_std": 0.327236,
                "nauc_mrr_at_20_diff1": 0.436419,
                "nauc_mrr_at_100_max": 0.430067,
                "nauc_mrr_at_100_std": 0.3262880000000001,
                "nauc_mrr_at_100_diff1": 0.43935,
                "nauc_mrr_at_1000_max": 0.429879,
                "nauc_mrr_at_1000_std": 0.326121,
                "nauc_mrr_at_1000_diff1": 0.439284,
                "main_score": 0.39409
            }
        ]
    }
}