{
  "dataset_revision": "27668949b97bfb178901e0cf047cbee805305dc1",
  "task_name": "TempReasonL2Pure",
  "mteb_version": "1.18.0",
  "scores": {
    "test": [
      {
        "ndcg_at_1": 0.00185,
        "ndcg_at_3": 0.00306,
        "ndcg_at_5": 0.00365,
        "ndcg_at_10": 0.00536,
        "ndcg_at_20": 0.00726,
        "ndcg_at_100": 0.01511,
        "ndcg_at_1000": 0.04329,
        "map_at_1": 0.00185,
        "map_at_3": 0.00272,
        "map_at_5": 0.00303,
        "map_at_10": 0.00372,
        "map_at_20": 0.00423,
        "map_at_100": 0.00517,
        "map_at_1000": 0.00593,
        "recall_at_1": 0.00185,
        "recall_at_3": 0.00408,
        "recall_at_5": 0.00556,
        "recall_at_10": 0.01093,
        "recall_at_20": 0.01853,
        "recall_at_100": 0.063,
        "recall_at_1000": 0.30276,
        "precision_at_1": 0.00185,
        "precision_at_3": 0.00136,
        "precision_at_5": 0.00111,
        "precision_at_10": 0.00109,
        "precision_at_20": 0.00093,
        "precision_at_100": 0.00063,
        "precision_at_1000": 0.0003,
        "mrr_at_1": 0.001853,
        "mrr_at_3": 0.002718,
        "mrr_at_5": 0.003033,
        "mrr_at_10": 0.003719,
        "mrr_at_20": 0.004229,
        "mrr_at_100": 0.005169,
        "mrr_at_1000": 0.005927,
        "nauc_ndcg_at_1_max": 0.037549,
        "nauc_ndcg_at_1_std": 0.568611,
        "nauc_ndcg_at_1_diff1": -0.013425,
        "nauc_ndcg_at_3_max": -0.061815,
        "nauc_ndcg_at_3_std": 0.346588,
        "nauc_ndcg_at_3_diff1": -0.112139,
        "nauc_ndcg_at_5_max": -0.002222,
        "nauc_ndcg_at_5_std": 0.404628,
        "nauc_ndcg_at_5_diff1": -0.108594,
        "nauc_ndcg_at_10_max": 0.028834,
        "nauc_ndcg_at_10_std": 0.403896,
        "nauc_ndcg_at_10_diff1": -0.10141,
        "nauc_ndcg_at_20_max": 0.016224,
        "nauc_ndcg_at_20_std": 0.325209,
        "nauc_ndcg_at_20_diff1": -0.07146,
        "nauc_ndcg_at_100_max": 0.062797,
        "nauc_ndcg_at_100_std": 0.299958,
        "nauc_ndcg_at_100_diff1": -0.032137,
        "nauc_ndcg_at_1000_max": 0.047811,
        "nauc_ndcg_at_1000_std": 0.245544,
        "nauc_ndcg_at_1000_diff1": -0.022896,
        "nauc_map_at_1_max": 0.037549,
        "nauc_map_at_1_std": 0.568611,
        "nauc_map_at_1_diff1": -0.013425,
        "nauc_map_at_3_max": -0.043151,
        "nauc_map_at_3_std": 0.389843,
        "nauc_map_at_3_diff1": -0.095588,
        "nauc_map_at_5_max": -0.006141,
        "nauc_map_at_5_std": 0.422156,
        "nauc_map_at_5_diff1": -0.094905,
        "nauc_map_at_10_max": 0.010907,
        "nauc_map_at_10_std": 0.418997,
        "nauc_map_at_10_diff1": -0.091732,
        "nauc_map_at_20_max": 0.005358,
        "nauc_map_at_20_std": 0.377583,
        "nauc_map_at_20_diff1": -0.077915,
        "nauc_map_at_100_max": 0.022461,
        "nauc_map_at_100_std": 0.359164,
        "nauc_map_at_100_diff1": -0.065086,
        "nauc_map_at_1000_max": 0.024777,
        "nauc_map_at_1000_std": 0.346345,
        "nauc_map_at_1000_diff1": -0.0599,
        "nauc_recall_at_1_max": 0.037549,
        "nauc_recall_at_1_std": 0.568611,
        "nauc_recall_at_1_diff1": -0.013425,
        "nauc_recall_at_3_max": -0.09836,
        "nauc_recall_at_3_std": 0.261515,
        "nauc_recall_at_3_diff1": -0.144069,
        "nauc_recall_at_5_max": 0.008383,
        "nauc_recall_at_5_std": 0.381222,
        "nauc_recall_at_5_diff1": -0.129976,
        "nauc_recall_at_10_max": 0.054239,
        "nauc_recall_at_10_std": 0.390817,
        "nauc_recall_at_10_diff1": -0.111083,
        "nauc_recall_at_20_max": 0.027375,
        "nauc_recall_at_20_std": 0.278623,
        "nauc_recall_at_20_diff1": -0.062301,
        "nauc_recall_at_100_max": 0.084257,
        "nauc_recall_at_100_std": 0.277234,
        "nauc_recall_at_100_diff1": -0.012711,
        "nauc_recall_at_1000_max": 0.048035,
        "nauc_recall_at_1000_std": 0.217198,
        "nauc_recall_at_1000_diff1": -0.014415,
        "nauc_precision_at_1_max": 0.037549,
        "nauc_precision_at_1_std": 0.568611,
        "nauc_precision_at_1_diff1": -0.013425,
        "nauc_precision_at_3_max": -0.09836,
        "nauc_precision_at_3_std": 0.261515,
        "nauc_precision_at_3_diff1": -0.144069,
        "nauc_precision_at_5_max": 0.008383,
        "nauc_precision_at_5_std": 0.381222,
        "nauc_precision_at_5_diff1": -0.129976,
        "nauc_precision_at_10_max": 0.054239,
        "nauc_precision_at_10_std": 0.390817,
        "nauc_precision_at_10_diff1": -0.111083,
        "nauc_precision_at_20_max": 0.027375,
        "nauc_precision_at_20_std": 0.278623,
        "nauc_precision_at_20_diff1": -0.062301,
        "nauc_precision_at_100_max": 0.084257,
        "nauc_precision_at_100_std": 0.277234,
        "nauc_precision_at_100_diff1": -0.012711,
        "nauc_precision_at_1000_max": 0.048035,
        "nauc_precision_at_1000_std": 0.217198,
        "nauc_precision_at_1000_diff1": -0.014415,
        "nauc_mrr_at_1_max": 0.037549,
        "nauc_mrr_at_1_std": 0.568611,
        "nauc_mrr_at_1_diff1": -0.013425,
        "nauc_mrr_at_3_max": -0.043151,
        "nauc_mrr_at_3_std": 0.389843,
        "nauc_mrr_at_3_diff1": -0.095588,
        "nauc_mrr_at_5_max": -0.006141,
        "nauc_mrr_at_5_std": 0.422156,
        "nauc_mrr_at_5_diff1": -0.094905,
        "nauc_mrr_at_10_max": 0.010907,
        "nauc_mrr_at_10_std": 0.418997,
        "nauc_mrr_at_10_diff1": -0.091732,
        "nauc_mrr_at_20_max": 0.005358,
        "nauc_mrr_at_20_std": 0.377583,
        "nauc_mrr_at_20_diff1": -0.077915,
        "nauc_mrr_at_100_max": 0.022461,
        "nauc_mrr_at_100_std": 0.359164,
        "nauc_mrr_at_100_diff1": -0.065086,
        "nauc_mrr_at_1000_max": 0.024777,
        "nauc_mrr_at_1000_std": 0.346346,
        "nauc_mrr_at_1000_diff1": -0.0599,
        "main_score": 0.00536,
        "hf_subset": "default",
        "languages": [
          "eng-Latn"
        ]
      }
    ]
  },
  "evaluation_time": 24.872937202453613,
  "kg_co2_emissions": 0.0007233942378257336
}