{
  "dataset_revision": "39b8377811871075eed9de3b8a7e21aaa6acb3d8",
  "task_name": "SciDocsRR",
  "mteb_version": "2.6.7",
  "scores": {
    "test": [
      {
        "ndcg_at_1": 0.94344,
        "ndcg_at_3": 0.90134,
        "ndcg_at_5": 0.83327,
        "ndcg_at_10": 0.90257,
        "ndcg_at_20": 0.9288,
        "ndcg_at_100": 0.93654,
        "ndcg_at_1000": 0.93654,
        "map_at_1": 0.19266,
        "map_at_3": 0.5337,
        "map_at_5": 0.765,
        "map_at_10": 0.8403,
        "map_at_20": 0.8595,
        "map_at_100": 0.86359,
        "map_at_1000": 0.86359,
        "recall_at_1": 0.19266,
        "recall_at_3": 0.5425,
        "recall_at_5": 0.79355,
        "recall_at_10": 0.91784,
        "recall_at_20": 0.97856,
        "recall_at_100": 1.0,
        "recall_at_1000": 1.0,
        "accuracy": 0.19266,
        "precision_at_1": 0.94344,
        "precision_at_3": 0.88721,
        "precision_at_5": 0.78095,
        "precision_at_10": 0.45209,
        "precision_at_20": 0.24105,
        "precision_at_100": 0.04927,
        "precision_at_1000": 0.00493,
        "mrr_at_1": 0.943439,
        "mrr_at_3": 0.96179,
        "mrr_at_5": 0.963738,
        "mrr_at_10": 0.964432,
        "mrr_at_20": 0.964668,
        "mrr_at_100": 0.964668,
        "mrr_at_1000": 0.964668,
        "nauc_ndcg_at_1_max": 0.864088,
        "nauc_ndcg_at_1_std": 0.838687,
        "nauc_ndcg_at_1_diff1": 0.451309,
        "nauc_ndcg_at_3_max": 0.659862,
        "nauc_ndcg_at_3_std": 0.7718,
        "nauc_ndcg_at_3_diff1": 0.061943,
        "nauc_ndcg_at_5_max": 0.496777,
        "nauc_ndcg_at_5_std": 0.665749,
        "nauc_ndcg_at_5_diff1": -0.021175,
        "nauc_ndcg_at_10_max": 0.545502,
        "nauc_ndcg_at_10_std": 0.708335,
        "nauc_ndcg_at_10_diff1": 0.001152,
        "nauc_ndcg_at_20_max": 0.577008,
        "nauc_ndcg_at_20_std": 0.728573,
        "nauc_ndcg_at_20_diff1": 0.028494,
        "nauc_ndcg_at_100_max": 0.590838,
        "nauc_ndcg_at_100_std": 0.733107,
        "nauc_ndcg_at_100_diff1": 0.040045,
        "nauc_ndcg_at_1000_max": 0.590838,
        "nauc_ndcg_at_1000_std": 0.733107,
        "nauc_ndcg_at_1000_diff1": 0.040045,
        "nauc_map_at_1_max": 0.540582,
        "nauc_map_at_1_std": 0.480329,
        "nauc_map_at_1_diff1": 0.369827,
        "nauc_map_at_3_max": 0.557748,
        "nauc_map_at_3_std": 0.641928,
        "nauc_map_at_3_diff1": 0.058005,
        "nauc_map_at_5_max": 0.466251,
        "nauc_map_at_5_std": 0.644304,
        "nauc_map_at_5_diff1": -0.046759,
        "nauc_map_at_10_max": 0.507475,
        "nauc_map_at_10_std": 0.685357,
        "nauc_map_at_10_diff1": -0.038554,
        "nauc_map_at_20_max": 0.518752,
        "nauc_map_at_20_std": 0.693305,
        "nauc_map_at_20_diff1": -0.030176,
        "nauc_map_at_100_max": 0.520273,
        "nauc_map_at_100_std": 0.693116,
        "nauc_map_at_100_diff1": -0.029125,
        "nauc_map_at_1000_max": 0.520273,
        "nauc_map_at_1000_std": 0.693116,
        "nauc_map_at_1000_diff1": -0.029125,
        "nauc_recall_at_1_max": 0.540582,
        "nauc_recall_at_1_std": 0.480329,
        "nauc_recall_at_1_diff1": 0.369827,
        "nauc_recall_at_3_max": 0.534684,
        "nauc_recall_at_3_std": 0.626279,
        "nauc_recall_at_3_diff1": 0.038769,
        "nauc_recall_at_5_max": 0.434203,
        "nauc_recall_at_5_std": 0.625475,
        "nauc_recall_at_5_diff1": -0.06686,
        "nauc_recall_at_10_max": 0.449193,
        "nauc_recall_at_10_std": 0.643836,
        "nauc_recall_at_10_diff1": -0.0668,
        "nauc_recall_at_20_max": 0.446788,
        "nauc_recall_at_20_std": 0.654134,
        "nauc_recall_at_20_diff1": -0.055435,
        "nauc_recall_at_100_max": NaN,
        "nauc_recall_at_100_std": NaN,
        "nauc_recall_at_100_diff1": NaN,
        "nauc_recall_at_1000_max": NaN,
        "nauc_recall_at_1000_std": NaN,
        "nauc_recall_at_1000_diff1": NaN,
        "nauc_precision_at_1_max": 0.864088,
        "nauc_precision_at_1_std": 0.838687,
        "nauc_precision_at_1_diff1": 0.451309,
        "nauc_precision_at_3_max": 0.620812,
        "nauc_precision_at_3_std": 0.759146,
        "nauc_precision_at_3_diff1": -0.005163,
        "nauc_precision_at_5_max": 0.420797,
        "nauc_precision_at_5_std": 0.621767,
        "nauc_precision_at_5_diff1": -0.088275,
        "nauc_precision_at_10_max": 0.392856,
        "nauc_precision_at_10_std": 0.590036,
        "nauc_precision_at_10_diff1": -0.099635,
        "nauc_precision_at_20_max": 0.273204,
        "nauc_precision_at_20_std": 0.467616,
        "nauc_precision_at_20_diff1": -0.134602,
        "nauc_precision_at_100_max": 0.013889,
        "nauc_precision_at_100_std": 0.175392,
        "nauc_precision_at_100_diff1": -0.235303,
        "nauc_precision_at_1000_max": 0.013889,
        "nauc_precision_at_1000_std": 0.175392,
        "nauc_precision_at_1000_diff1": -0.235303,
        "nauc_mrr_at_1_max": 0.864088,
        "nauc_mrr_at_1_std": 0.838687,
        "nauc_mrr_at_1_diff1": 0.451309,
        "nauc_mrr_at_3_max": 0.884422,
        "nauc_mrr_at_3_std": 0.863437,
        "nauc_mrr_at_3_diff1": 0.453742,
        "nauc_mrr_at_5_max": 0.883171,
        "nauc_mrr_at_5_std": 0.862411,
        "nauc_mrr_at_5_diff1": 0.460011,
        "nauc_mrr_at_10_max": 0.881479,
        "nauc_mrr_at_10_std": 0.860338,
        "nauc_mrr_at_10_diff1": 0.456589,
        "nauc_mrr_at_20_max": 0.880858,
        "nauc_mrr_at_20_std": 0.859492,
        "nauc_mrr_at_20_diff1": 0.456127,
        "nauc_mrr_at_100_max": 0.880858,
        "nauc_mrr_at_100_std": 0.859492,
        "nauc_mrr_at_100_diff1": 0.456127,
        "nauc_mrr_at_1000_max": 0.880858,
        "nauc_mrr_at_1000_std": 0.859492,
        "nauc_mrr_at_1000_diff1": 0.456127,
        "cv_recall_at_1": 0.94344,
        "cv_recall_at_3": 0.98341,
        "cv_recall_at_5": 0.99196,
        "cv_recall_at_10": 0.99698,
        "cv_recall_at_20": 1.0,
        "cv_recall_at_100": 1.0,
        "cv_recall_at_1000": 1.0,
        "main_score": 0.86359,
        "hf_subset": "default",
        "languages": [
          "eng-Latn"
        ]
      }
    ]
  },
  "evaluation_time": 148.57464790344238,
  "kg_co2_emissions": null
}