{
  "dataset_revision": "7a1a1330565faca9c1aeec6f5acfc64f21296753",
  "evaluation_time": 27.146135568618774,
  "kg_co2_emissions": null,
  "mteb_version": "1.14.15",
  "scores": {
    "test": [
      {
        "cv_recall_at_1": 0.40299,
        "cv_recall_at_10": 0.67164,
        "cv_recall_at_100": 0.85075,
        "cv_recall_at_1000": 1.0,
        "cv_recall_at_20": 0.72388,
        "cv_recall_at_3": 0.56219,
        "cv_recall_at_5": 0.6194,
        "hf_subset": "default",
        "languages": [
          "eng-Latn"
        ],
        "main_score": 0.40299,
        "map_at_1": 0.40299,
        "map_at_10": 0.49568,
        "map_at_100": 0.50244,
        "map_at_1000": 0.50316,
        "map_at_20": 0.49952,
        "map_at_3": 0.47554,
        "map_at_5": 0.48872,
        "mrr_at_1": 0.40298507462686567,
        "mrr_at_10": 0.4956753928768855,
        "mrr_at_100": 0.5024427308785023,
        "mrr_at_1000": 0.5031562325141826,
        "mrr_at_20": 0.49951591707662363,
        "mrr_at_3": 0.47553897180762855,
        "mrr_at_5": 0.48872305140961864,
        "nauc_cv_recall_at_1000_diff1": NaN,
        "nauc_cv_recall_at_1000_max": NaN,
        "nauc_cv_recall_at_1000_std": NaN,
        "nauc_cv_recall_at_100_diff1": 0.26654699268430926,
        "nauc_cv_recall_at_100_max": 0.08195088473021471,
        "nauc_cv_recall_at_100_std": -0.1003303607850039,
        "nauc_cv_recall_at_10_diff1": 0.30623613517137854,
        "nauc_cv_recall_at_10_max": 0.3393327264251795,
        "nauc_cv_recall_at_10_std": -0.16123805021442486,
        "nauc_cv_recall_at_1_diff1": 0.5032764627810624,
        "nauc_cv_recall_at_1_max": 0.3199271493042439,
        "nauc_cv_recall_at_1_std": -0.17002049125835098,
        "nauc_cv_recall_at_20_diff1": 0.2448388808125623,
        "nauc_cv_recall_at_20_max": 0.2605981398186829,
        "nauc_cv_recall_at_20_std": -0.11467364225052946,
        "nauc_cv_recall_at_3_diff1": 0.3995531999275249,
        "nauc_cv_recall_at_3_max": 0.4361830268376223,
        "nauc_cv_recall_at_3_std": -0.183884927823345,
        "nauc_cv_recall_at_5_diff1": 0.3387305433673339,
        "nauc_cv_recall_at_5_max": 0.3866774598124892,
        "nauc_cv_recall_at_5_std": -0.1703103344178474,
        "nauc_map_at_1000_diff1": 0.4407247848848956,
        "nauc_map_at_1000_max": 0.3521480130215618,
        "nauc_map_at_1000_std": -0.17348841472777332,
        "nauc_map_at_100_diff1": 0.4405681838065858,
        "nauc_map_at_100_max": 0.3516583766056052,
        "nauc_map_at_100_std": -0.1734575746198464,
        "nauc_map_at_10_diff1": 0.4406363302046894,
        "nauc_map_at_10_max": 0.35664170314029214,
        "nauc_map_at_10_std": -0.17664925945789442,
        "nauc_map_at_1_diff1": 0.5032764627810624,
        "nauc_map_at_1_max": 0.3199271493042439,
        "nauc_map_at_1_std": -0.17002049125835098,
        "nauc_map_at_20_diff1": 0.4385492036427971,
        "nauc_map_at_20_max": 0.35239835097245387,
        "nauc_map_at_20_std": -0.1739620107185963,
        "nauc_map_at_3_diff1": 0.4553559580132302,
        "nauc_map_at_3_max": 0.3737679879530009,
        "nauc_map_at_3_std": -0.17861235580220375,
        "nauc_map_at_5_diff1": 0.4435368942042966,
        "nauc_map_at_5_max": 0.36274810881964276,
        "nauc_map_at_5_std": -0.17717154602130347,
        "nauc_mrr_at_1000_diff1": 0.4407247848848956,
        "nauc_mrr_at_1000_max": 0.3521480130215618,
        "nauc_mrr_at_1000_std": -0.17348841472777332,
        "nauc_mrr_at_100_diff1": 0.4405681838065858,
        "nauc_mrr_at_100_max": 0.3516583766056052,
        "nauc_mrr_at_100_std": -0.1734575746198464,
        "nauc_mrr_at_10_diff1": 0.4406363302046894,
        "nauc_mrr_at_10_max": 0.35664170314029214,
        "nauc_mrr_at_10_std": -0.17664925945789442,
        "nauc_mrr_at_1_diff1": 0.5032764627810624,
        "nauc_mrr_at_1_max": 0.3199271493042439,
        "nauc_mrr_at_1_std": -0.17002049125835098,
        "nauc_mrr_at_20_diff1": 0.4385492036427971,
        "nauc_mrr_at_20_max": 0.35239835097245387,
        "nauc_mrr_at_20_std": -0.1739620107185963,
        "nauc_mrr_at_3_diff1": 0.4553559580132302,
        "nauc_mrr_at_3_max": 0.3737679879530009,
        "nauc_mrr_at_3_std": -0.17861235580220375,
        "nauc_mrr_at_5_diff1": 0.4435368942042966,
        "nauc_mrr_at_5_max": 0.36274810881964276,
        "nauc_mrr_at_5_std": -0.17717154602130347,
        "nauc_ndcg_at_1000_diff1": 0.42436720648151494,
        "nauc_ndcg_at_1000_max": 0.34552628281653147,
        "nauc_ndcg_at_1000_std": -0.16875562853935655,
        "nauc_ndcg_at_100_diff1": 0.4157903639171215,
        "nauc_ndcg_at_100_max": 0.32982512489093413,
        "nauc_ndcg_at_100_std": -0.16514521457955852,
        "nauc_ndcg_at_10_diff1": 0.41229429052275574,
        "nauc_ndcg_at_10_max": 0.3551112548280854,
        "nauc_ndcg_at_10_std": -0.1741617349304815,
        "nauc_ndcg_at_1_diff1": 0.5032764627810624,
        "nauc_ndcg_at_1_max": 0.3199271493042439,
        "nauc_ndcg_at_1_std": -0.17002049125835098,
        "nauc_ndcg_at_20_diff1": 0.403259409011084,
        "nauc_ndcg_at_20_max": 0.339687454584148,
        "nauc_ndcg_at_20_std": -0.16485601043827242,
        "nauc_ndcg_at_3_diff1": 0.44143110181974504,
        "nauc_ndcg_at_3_max": 0.3893489222336854,
        "nauc_ndcg_at_3_std": -0.18002995639305946,
        "nauc_ndcg_at_5_diff1": 0.41947743849860114,
        "nauc_ndcg_at_5_max": 0.3693536384035576,
        "nauc_ndcg_at_5_std": -0.17607025856093902,
        "nauc_precision_at_1000_diff1": NaN,
        "nauc_precision_at_1000_max": NaN,
        "nauc_precision_at_1000_std": NaN,
        "nauc_precision_at_100_diff1": 0.26654699268431153,
        "nauc_precision_at_100_max": 0.08195088473021549,
        "nauc_precision_at_100_std": -0.1003303607850018,
        "nauc_precision_at_10_diff1": 0.30623613517137793,
        "nauc_precision_at_10_max": 0.339332726425179,
        "nauc_precision_at_10_std": -0.16123805021442444,
        "nauc_precision_at_1_diff1": 0.5032764627810624,
        "nauc_precision_at_1_max": 0.3199271493042439,
        "nauc_precision_at_1_std": -0.17002049125835098,
        "nauc_precision_at_20_diff1": 0.24483888081256236,
        "nauc_precision_at_20_max": 0.26059813981868296,
        "nauc_precision_at_20_std": -0.11467364225053024,
        "nauc_precision_at_3_diff1": 0.3995531999275244,
        "nauc_precision_at_3_max": 0.4361830268376227,
        "nauc_precision_at_3_std": -0.18388492782334537,
        "nauc_precision_at_5_diff1": 0.33873054336733366,
        "nauc_precision_at_5_max": 0.38667745981248935,
        "nauc_precision_at_5_std": -0.17031033441784688,
        "nauc_recall_at_1000_diff1": NaN,
        "nauc_recall_at_1000_max": NaN,
        "nauc_recall_at_1000_std": NaN,
        "nauc_recall_at_100_diff1": 0.26654699268430926,
        "nauc_recall_at_100_max": 0.08195088473021471,
        "nauc_recall_at_100_std": -0.1003303607850039,
        "nauc_recall_at_10_diff1": 0.30623613517137854,
        "nauc_recall_at_10_max": 0.3393327264251795,
        "nauc_recall_at_10_std": -0.16123805021442486,
        "nauc_recall_at_1_diff1": 0.5032764627810624,
        "nauc_recall_at_1_max": 0.3199271493042439,
        "nauc_recall_at_1_std": -0.17002049125835098,
        "nauc_recall_at_20_diff1": 0.2448388808125623,
        "nauc_recall_at_20_max": 0.2605981398186829,
        "nauc_recall_at_20_std": -0.11467364225052946,
        "nauc_recall_at_3_diff1": 0.3995531999275249,
        "nauc_recall_at_3_max": 0.4361830268376223,
        "nauc_recall_at_3_std": -0.183884927823345,
        "nauc_recall_at_5_diff1": 0.3387305433673339,
        "nauc_recall_at_5_max": 0.3866774598124892,
        "nauc_recall_at_5_std": -0.1703103344178474,
        "ndcg_at_1": 0.40299,
        "ndcg_at_10": 0.53843,
        "ndcg_at_100": 0.57478,
        "ndcg_at_1000": 0.59382,
        "ndcg_at_20": 0.5519,
        "ndcg_at_3": 0.49789,
        "ndcg_at_5": 0.52155,
        "precision_at_1": 0.40299,