{
    "dataset_revision": "6031580fec1f6af667f0bd2da0a551cf4f0b2375",
    "task_name": "STS14",
    "evaluation_time": null,
    "mteb_version": null,
    "scores": {
        "test": [
            {
                "hf_subset": "default",
                "languages": [
                    "eng-Latn"
                ],
                "cos_sim_pearson": 0.8677261424554292,
                "cos_sim_spearman": 0.8453930146434154,
                "euclidean_pearson": 0.8567420491389697,
                "euclidean_spearman": 0.8453929771783851,
                "manhattan_pearson": 0.8574306784515617,
                "manhattan_spearman": 0.847399304675314,
                "cosine_pearson": 0.8677261424554292,
                "cosine_spearman": 0.8453930146434154,
                "main_score": 0.8453930146434154
            }
        ]
    }
}