{
  "dataset_revision": "22c474c88fb4678052f9099bb917ad8f9e155f9f",
  "task_name": "SNLRetrieval",
  "mteb_version": "2.1.11",
  "scores": {
    "test": [
      {
        "ndcg_at_1": 0.86154,
        "ndcg_at_3": 0.9027,
        "ndcg_at_5": 0.90946,
        "ndcg_at_10": 0.91298,
        "ndcg_at_20": 0.91452,
        "ndcg_at_100": 0.91879,
        "ndcg_at_1000": 0.92032,
        "map_at_1": 0.86154,
        "map_at_3": 0.89295,
        "map_at_5": 0.89676,
        "map_at_10": 0.89824,
        "map_at_20": 0.89865,
        "map_at_100": 0.89928,
        "map_at_1000": 0.89933,
        "recall_at_1": 0.86154,
        "recall_at_3": 0.93077,
        "recall_at_5": 0.94692,
        "recall_at_10": 0.95769,
        "recall_at_20": 0.96385,
        "recall_at_100": 0.98615,
        "recall_at_1000": 0.99846,
        "accuracy": 0.86154,
        "precision_at_1": 0.86154,
        "precision_at_3": 0.31026,
        "precision_at_5": 0.18938,
        "precision_at_10": 0.09577,
        "precision_at_20": 0.04819,
        "precision_at_100": 0.00986,
        "precision_at_1000": 0.001,
        "mrr_at_1": 0.861538,
        "mrr_at_3": 0.892949,
        "mrr_at_5": 0.896756,
        "mrr_at_10": 0.898241,
        "mrr_at_20": 0.898654,
        "mrr_at_100": 0.899283,
        "mrr_at_1000": 0.899332,
        "nauc_ndcg_at_1_max": 0.814743,
        "nauc_ndcg_at_1_std": 0.409492,
        "nauc_ndcg_at_1_diff1": 0.904801,
        "nauc_ndcg_at_3_max": 0.833201,
        "nauc_ndcg_at_3_std": 0.429821,
        "nauc_ndcg_at_3_diff1": 0.897503,
        "nauc_ndcg_at_5_max": 0.828196,
        "nauc_ndcg_at_5_std": 0.426059,
        "nauc_ndcg_at_5_diff1": 0.897688,
        "nauc_ndcg_at_10_max": 0.827512,
        "nauc_ndcg_at_10_std": 0.422351,
        "nauc_ndcg_at_10_diff1": 0.898318,
        "nauc_ndcg_at_20_max": 0.82654,
        "nauc_ndcg_at_20_std": 0.418766,
        "nauc_ndcg_at_20_diff1": 0.897325,
        "nauc_ndcg_at_100_max": 0.827399,
        "nauc_ndcg_at_100_std": 0.427679,
        "nauc_ndcg_at_100_diff1": 0.900141,
        "nauc_ndcg_at_1000_max": 0.826138,
        "nauc_ndcg_at_1000_std": 0.425475,
        "nauc_ndcg_at_1000_diff1": 0.899271,
        "nauc_map_at_1_max": 0.814743,
        "nauc_map_at_1_std": 0.409492,
        "nauc_map_at_1_diff1": 0.904801,
        "nauc_map_at_3_max": 0.827025,
        "nauc_map_at_3_std": 0.425453,
        "nauc_map_at_3_diff1": 0.898503,
        "nauc_map_at_5_max": 0.824345,
        "nauc_map_at_5_std": 0.423741,
        "nauc_map_at_5_diff1": 0.898649,
        "nauc_map_at_10_max": 0.823908,
        "nauc_map_at_10_std": 0.422358,
        "nauc_map_at_10_diff1": 0.898958,
        "nauc_map_at_20_max": 0.823666,
        "nauc_map_at_20_std": 0.421618,
        "nauc_map_at_20_diff1": 0.898725,
        "nauc_map_at_100_max": 0.823804,
        "nauc_map_at_100_std": 0.423107,
        "nauc_map_at_100_diff1": 0.89918,
        "nauc_map_at_1000_max": 0.823772,
        "nauc_map_at_1000_std": 0.42306,
        "nauc_map_at_1000_diff1": 0.899151,
        "nauc_recall_at_1_max": 0.814743,
        "nauc_recall_at_1_std": 0.409492,
        "nauc_recall_at_1_diff1": 0.904801,
        "nauc_recall_at_3_max": 0.860421,
        "nauc_recall_at_3_std": 0.447676,
        "nauc_recall_at_3_diff1": 0.893926,
        "nauc_recall_at_5_max": 0.848415,
        "nauc_recall_at_5_std": 0.435561,
        "nauc_recall_at_5_diff1": 0.893442,
        "nauc_recall_at_10_max": 0.850997,
        "nauc_recall_at_10_std": 0.41516,
        "nauc_recall_at_10_diff1": 0.895433,
        "nauc_recall_at_20_max": 0.846147,
        "nauc_recall_at_20_std": 0.379224,
        "nauc_recall_at_20_diff1": 0.885979,
        "nauc_recall_at_100_max": 0.897163,
        "nauc_recall_at_100_std": 0.546193,
        "nauc_recall_at_100_diff1": 0.940995,
        "nauc_recall_at_1000_max": 0.934641,
        "nauc_recall_at_1000_std": 0.540149,
        "nauc_recall_at_1000_diff1": 0.934641,
        "nauc_precision_at_1_max": 0.814743,
        "nauc_precision_at_1_std": 0.409492,
        "nauc_precision_at_1_diff1": 0.904801,
        "nauc_precision_at_3_max": 0.860421,
        "nauc_precision_at_3_std": 0.447676,
        "nauc_precision_at_3_diff1": 0.893926,
        "nauc_precision_at_5_max": 0.848415,
        "nauc_precision_at_5_std": 0.435561,
        "nauc_precision_at_5_diff1": 0.893442,
        "nauc_precision_at_10_max": 0.850997,
        "nauc_precision_at_10_std": 0.41516,
        "nauc_precision_at_10_diff1": 0.895433,
        "nauc_precision_at_20_max": 0.846147,
        "nauc_precision_at_20_std": 0.379224,
        "nauc_precision_at_20_diff1": 0.885979,
        "nauc_precision_at_100_max": 0.897163,
        "nauc_precision_at_100_std": 0.546193,
        "nauc_precision_at_100_diff1": 0.940995,
        "nauc_precision_at_1000_max": 0.934641,
        "nauc_precision_at_1000_std": 0.540149,
        "nauc_precision_at_1000_diff1": 0.934641,
        "nauc_mrr_at_1_max": 0.814743,
        "nauc_mrr_at_1_std": 0.409492,
        "nauc_mrr_at_1_diff1": 0.904801,
        "nauc_mrr_at_3_max": 0.827025,
        "nauc_mrr_at_3_std": 0.425453,
        "nauc_mrr_at_3_diff1": 0.898503,
        "nauc_mrr_at_5_max": 0.824345,
        "nauc_mrr_at_5_std": 0.423741,
        "nauc_mrr_at_5_diff1": 0.898649,
        "nauc_mrr_at_10_max": 0.823908,
        "nauc_mrr_at_10_std": 0.422358,
        "nauc_mrr_at_10_diff1": 0.898958,
        "nauc_mrr_at_20_max": 0.823666,
        "nauc_mrr_at_20_std": 0.421618,
        "nauc_mrr_at_20_diff1": 0.898725,
        "nauc_mrr_at_100_max": 0.823804,
        "nauc_mrr_at_100_std": 0.423107,
        "nauc_mrr_at_100_diff1": 0.89918,
        "nauc_mrr_at_1000_max": 0.823772,
        "nauc_mrr_at_1000_std": 0.42306,
        "nauc_mrr_at_1000_diff1": 0.899151,
        "cv_recall_at_1": 0.86154,
        "cv_recall_at_3": 0.93077,
        "cv_recall_at_5": 0.94692,
        "cv_recall_at_10": 0.95769,
        "cv_recall_at_20": 0.96385,
        "cv_recall_at_100": 0.98615,
        "cv_recall_at_1000": 0.99846,
        "main_score": 0.91298,
        "hf_subset": "default",
        "languages": [
          "nob-Latn"
        ]
      }
    ]
  },
  "evaluation_time": 249.19299912452698,
  "kg_co2_emissions": null
}