{
  "dataset_revision": "e4af6c73182bebb41d94cb336846e5a452454ea7",
  "task_name": "JSICK",
  "mteb_version": "1.18.0",
  "scores": {
    "test": [
      {
        "pearson": 0.28344,
        "spearman": 0.350466,
        "cosine_pearson": 0.283441,
        "cosine_spearman": 0.352998,
        "manhattan_pearson": 0.346452,
        "manhattan_spearman": 0.35235,
        "euclidean_pearson": 0.34668,
        "euclidean_spearman": 0.352428,
        "main_score": 0.352998,
        "hf_subset": "default",
        "languages": [
          "jpn-Jpan"
        ]
      }
    ]
  },
  "evaluation_time": 2.0295968055725098,
  "kg_co2_emissions": 0.00013241642757203366
}