{
  "dataset_revision": "ef1661775d746e0844b299164773db733bdc0bf6",
  "task_name": "SwednRetrieval",
  "mteb_version": "1.18.0",
  "scores": {
    "test": [
      {
        "ndcg_at_1": 0.0166,
        "ndcg_at_3": 0.01394,
        "ndcg_at_5": 0.01636,
        "ndcg_at_10": 0.01944,
        "ndcg_at_20": 0.02339,
        "ndcg_at_100": 0.03852,
        "ndcg_at_1000": 0.09677,
        "map_at_1": 0.0083,
        "map_at_3": 0.01058,
        "map_at_5": 0.01165,
        "map_at_10": 0.01268,
        "map_at_20": 0.01357,
        "map_at_100": 0.01499,
        "map_at_1000": 0.01617,
        "recall_at_1": 0.0083,
        "recall_at_3": 0.01367,
        "recall_at_5": 0.01855,
        "recall_at_10": 0.02637,
        "recall_at_20": 0.03906,
        "recall_at_100": 0.10986,
        "recall_at_1000": 0.52441,
        "precision_at_1": 0.0166,
        "precision_at_3": 0.00911,
        "precision_at_5": 0.00742,
        "precision_at_10": 0.00527,
        "precision_at_20": 0.00391,
        "precision_at_100": 0.0022,
        "precision_at_1000": 0.00105,
        "mrr_at_1": 0.016602,
        "mrr_at_3": 0.021159,
        "mrr_at_5": 0.023307,
        "mrr_at_10": 0.025355,
        "mrr_at_20": 0.027142,
        "mrr_at_100": 0.029977,
        "mrr_at_1000": 0.032132,
        "nauc_ndcg_at_1_max": 0.160275,
        "nauc_ndcg_at_1_std": -0.202036,
        "nauc_ndcg_at_1_diff1": 0.507833,
        "nauc_ndcg_at_3_max": 0.112218,
        "nauc_ndcg_at_3_std": -0.181504,
        "nauc_ndcg_at_3_diff1": 0.356716,
        "nauc_ndcg_at_5_max": 0.07099,
        "nauc_ndcg_at_5_std": -0.139769,
        "nauc_ndcg_at_5_diff1": 0.309299,
        "nauc_ndcg_at_10_max": 0.047597,
        "nauc_ndcg_at_10_std": -0.152705,
        "nauc_ndcg_at_10_diff1": 0.257685,
        "nauc_ndcg_at_20_max": 0.022396,
        "nauc_ndcg_at_20_std": -0.116057,
        "nauc_ndcg_at_20_diff1": 0.201805,
        "nauc_ndcg_at_100_max": -0.021258,
        "nauc_ndcg_at_100_std": -0.054071,
        "nauc_ndcg_at_100_diff1": 0.137974,
        "nauc_ndcg_at_1000_max": -0.019538,
        "nauc_ndcg_at_1000_std": -0.064019,
        "nauc_ndcg_at_1000_diff1": 0.160869,
        "nauc_map_at_1_max": 0.160275,
        "nauc_map_at_1_std": -0.202036,
        "nauc_map_at_1_diff1": 0.507833,
        "nauc_map_at_3_max": 0.12546,
        "nauc_map_at_3_std": -0.187211,
        "nauc_map_at_3_diff1": 0.385387,
        "nauc_map_at_5_max": 0.099995,
        "nauc_map_at_5_std": -0.16224,
        "nauc_map_at_5_diff1": 0.35401,
        "nauc_map_at_10_max": 0.086356,
        "nauc_map_at_10_std": -0.167394,
        "nauc_map_at_10_diff1": 0.323748,
        "nauc_map_at_20_max": 0.075011,
        "nauc_map_at_20_std": -0.153716,
        "nauc_map_at_20_diff1": 0.298304,
        "nauc_map_at_100_max": 0.061433,
        "nauc_map_at_100_std": -0.13664,
        "nauc_map_at_100_diff1": 0.275581,
        "nauc_map_at_1000_max": 0.058825,
        "nauc_map_at_1000_std": -0.133245,
        "nauc_map_at_1000_diff1": 0.275029,
        "nauc_recall_at_1_max": 0.160275,
        "nauc_recall_at_1_std": -0.202036,
        "nauc_recall_at_1_diff1": 0.507833,
        "nauc_recall_at_3_max": 0.081323,
        "nauc_recall_at_3_std": -0.168177,
        "nauc_recall_at_3_diff1": 0.292667,
        "nauc_recall_at_5_max": 0.012384,
        "nauc_recall_at_5_std": -0.093412,
        "nauc_recall_at_5_diff1": 0.223096,
        "nauc_recall_at_10_max": -0.01568,
        "nauc_recall_at_10_std": -0.13061,
        "nauc_recall_at_10_diff1": 0.152661,
        "nauc_recall_at_20_max": -0.046101,
        "nauc_recall_at_20_std": -0.063364,
        "nauc_recall_at_20_diff1": 0.077609,
        "nauc_recall_at_100_max": -0.086671,
        "nauc_recall_at_100_std": 0.018316,
        "nauc_recall_at_100_diff1": 0.033249,
        "nauc_recall_at_1000_max": -0.065109,
        "nauc_recall_at_1000_std": -0.031811,
        "nauc_recall_at_1000_diff1": 0.050775,
        "nauc_precision_at_1_max": 0.160275,
        "nauc_precision_at_1_std": -0.202036,
        "nauc_precision_at_1_diff1": 0.507833,
        "nauc_precision_at_3_max": 0.081323,
        "nauc_precision_at_3_std": -0.168177,
        "nauc_precision_at_3_diff1": 0.292667,
        "nauc_precision_at_5_max": 0.012384,
        "nauc_precision_at_5_std": -0.093412,
        "nauc_precision_at_5_diff1": 0.223096,
        "nauc_precision_at_10_max": -0.01568,
        "nauc_precision_at_10_std": -0.13061,
        "nauc_precision_at_10_diff1": 0.152661,
        "nauc_precision_at_20_max": -0.046101,
        "nauc_precision_at_20_std": -0.063364,
        "nauc_precision_at_20_diff1": 0.077609,
        "nauc_precision_at_100_max": -0.086671,
        "nauc_precision_at_100_std": 0.018316,
        "nauc_precision_at_100_diff1": 0.033249,
        "nauc_precision_at_1000_max": -0.065109,
        "nauc_precision_at_1000_std": -0.031811,
        "nauc_precision_at_1000_diff1": 0.050775,
        "nauc_mrr_at_1_max": 0.160275,
        "nauc_mrr_at_1_std": -0.202036,
        "nauc_mrr_at_1_diff1": 0.507833,
        "nauc_mrr_at_3_max": 0.12546,
        "nauc_mrr_at_3_std": -0.187211,
        "nauc_mrr_at_3_diff1": 0.385387,
        "nauc_mrr_at_5_max": 0.099995,
        "nauc_mrr_at_5_std": -0.16224,
        "nauc_mrr_at_5_diff1": 0.35401,
        "nauc_mrr_at_10_max": 0.086356,
        "nauc_mrr_at_10_std": -0.167394,
        "nauc_mrr_at_10_diff1": 0.323748,
        "nauc_mrr_at_20_max": 0.075011,
        "nauc_mrr_at_20_std": -0.153716,
        "nauc_mrr_at_20_diff1": 0.298304,
        "nauc_mrr_at_100_max": 0.061433,
        "nauc_mrr_at_100_std": -0.13664,
        "nauc_mrr_at_100_diff1": 0.275581,
        "nauc_mrr_at_1000_max": 0.059387,
        "nauc_mrr_at_1000_std": -0.133245,
        "nauc_mrr_at_1000_diff1": 0.274982,
        "main_score": 0.01944,
        "hf_subset": "default",
        "languages": [
          "swe-Latn"
        ]
      }
    ]
  },
  "evaluation_time": 12.529089450836182,
  "kg_co2_emissions": 0.0010785276567174
}