{
    "dataset_revision": "09f81f51dd5b8497da16d02c69c98d5cb5993ef2",
    "task_name": "SKQuadRetrieval",
    "mteb_version": "1.39.7",
    "scores": {
        "test": [
            {
                "ndcg_at_1": 0.36808,
                "ndcg_at_3": 0.4402,
                "ndcg_at_5": 0.47647,
                "ndcg_at_10": 0.50805,
                "ndcg_at_20": 0.53617,
                "ndcg_at_100": 0.56851,
                "ndcg_at_1000": 0.58131,
                "map_at_1": 0.24281,
                "map_at_3": 0.34535,
                "map_at_5": 0.37041,
                "map_at_10": 0.38729,
                "map_at_20": 0.39959,
                "map_at_100": 0.40793,
                "map_at_1000": 0.40884,
                "recall_at_1": 0.24281,
                "recall_at_3": 0.45004,
                "recall_at_5": 0.53635,
                "recall_at_10": 0.62362,
                "recall_at_20": 0.72388,
                "recall_at_100": 0.88467,
                "recall_at_1000": 0.98178,
                "accuracy": 0.24281,
                "precision_at_1": 0.38007,
                "precision_at_3": 0.24221,
                "precision_at_5": 0.17566,
                "precision_at_10": 0.10511,
                "precision_at_20": 0.0634,
                "precision_at_100": 0.01618,
                "precision_at_1000": 0.00182,
                "mrr_at_1": 0.380071,
                "mrr_at_3": 0.510288,
                "mrr_at_5": 0.531276,
                "mrr_at_10": 0.542278,
                "mrr_at_20": 0.546204,
                "mrr_at_100": 0.547992,
                "mrr_at_1000": 0.548169,
                "nauc_ndcg_at_1_max": 0.171589,
                "nauc_ndcg_at_1_std": 0.006024,
                "nauc_ndcg_at_1_diff1": 0.336202,
                "nauc_ndcg_at_3_max": 0.191596,
                "nauc_ndcg_at_3_std": -0.030576,
                "nauc_ndcg_at_3_diff1": 0.204771,
                "nauc_ndcg_at_5_max": 0.198007,
                "nauc_ndcg_at_5_std": -0.01419,
                "nauc_ndcg_at_5_diff1": 0.202294,
                "nauc_ndcg_at_10_max": 0.198509,
                "nauc_ndcg_at_10_std": 0.004212,
                "nauc_ndcg_at_10_diff1": 0.201773,
                "nauc_ndcg_at_20_max": 0.219581,
                "nauc_ndcg_at_20_std": 0.035058,
                "nauc_ndcg_at_20_diff1": 0.20284,
                "nauc_ndcg_at_100_max": 0.241184,
                "nauc_ndcg_at_100_std": 0.052366,
                "nauc_ndcg_at_100_diff1": 0.215472,
                "nauc_ndcg_at_1000_max": 0.232294,
                "nauc_ndcg_at_1000_std": 0.035295,
                "nauc_ndcg_at_1000_diff1": 0.220434,
                "nauc_map_at_1_max": 0.095643,
                "nauc_map_at_1_std": -0.025173,
                "nauc_map_at_1_diff1": 0.275355,
                "nauc_map_at_3_max": 0.131194,
                "nauc_map_at_3_std": -0.049653,
                "nauc_map_at_3_diff1": 0.20117,
                "nauc_map_at_5_max": 0.13798,
                "nauc_map_at_5_std": -0.039183,
                "nauc_map_at_5_diff1": 0.196788,
                "nauc_map_at_10_max": 0.144617,
                "nauc_map_at_10_std": -0.028518,
                "nauc_map_at_10_diff1": 0.197594,
                "nauc_map_at_20_max": 0.156789,
                "nauc_map_at_20_std": -0.016628,
                "nauc_map_at_20_diff1": 0.198639,
                "nauc_map_at_100_max": 0.165595,
                "nauc_map_at_100_std": -0.009785,
                "nauc_map_at_100_diff1": 0.200513,
                "nauc_map_at_1000_max": 0.165395,
                "nauc_map_at_1000_std": -0.010376,
                "nauc_map_at_1000_diff1": 0.200928,
                "nauc_recall_at_1_max": 0.095643,
                "nauc_recall_at_1_std": -0.025173,
                "nauc_recall_at_1_diff1": 0.275355,
                "nauc_recall_at_3_max": 0.116058,
                "nauc_recall_at_3_std": -0.07043,
                "nauc_recall_at_3_diff1": 0.109924,
                "nauc_recall_at_5_max": 0.106283,
                "nauc_recall_at_5_std": -0.03576,
                "nauc_recall_at_5_diff1": 0.081103,
                "nauc_recall_at_10_max": 0.094344,
                "nauc_recall_at_10_std": 0.008264,
                "nauc_recall_at_10_diff1": 0.059006,
                "nauc_recall_at_20_max": 0.154475,
                "nauc_recall_at_20_std": 0.129177,
                "nauc_recall_at_20_diff1": 0.035696,
                "nauc_recall_at_100_max": 0.366422,
                "nauc_recall_at_100_std": 0.405787,
                "nauc_recall_at_100_diff1": 0.061979,
                "nauc_recall_at_1000_max": 0.501155,
                "nauc_recall_at_1000_std": 0.602029,
                "nauc_recall_at_1000_diff1": 0.112134,
                "nauc_precision_at_1_max": 0.183463,
                "nauc_precision_at_1_std": 0.010941,
                "nauc_precision_at_1_diff1": 0.332995,
                "nauc_precision_at_3_max": 0.312027,
                "nauc_precision_at_3_std": 0.030248,
                "nauc_precision_at_3_diff1": 0.117781,
                "nauc_precision_at_5_max": 0.311121,
                "nauc_precision_at_5_std": 0.083604,
                "nauc_precision_at_5_diff1": 0.06695,
                "nauc_precision_at_10_max": 0.302405,
                "nauc_precision_at_10_std": 0.135891,
                "nauc_precision_at_10_diff1": 0.040043,
                "nauc_precision_at_20_max": 0.319701,
                "nauc_precision_at_20_std": 0.202169,
                "nauc_precision_at_20_diff1": 0.015256,
                "nauc_precision_at_100_max": 0.325797,
                "nauc_precision_at_100_std": 0.244105,
                "nauc_precision_at_100_diff1": 0.008481,
                "nauc_precision_at_1000_max": 0.258555,
                "nauc_precision_at_1000_std": 0.168999,
                "nauc_precision_at_1000_diff1": 0.006376,
                "nauc_mrr_at_1_max": 0.183463,
                "nauc_mrr_at_1_std": 0.010941,
                "nauc_mrr_at_1_diff1": 0.332995,
                "nauc_mrr_at_3_max": 0.250006,
                "nauc_mrr_at_3_std": 0.004222,
                "nauc_mrr_at_3_diff1": 0.259945,
                "nauc_mrr_at_5_max": 0.252951,
                "nauc_mrr_at_5_std": 0.014951,
                "nauc_mrr_at_5_diff1": 0.262714,
                "nauc_mrr_at_10_max": 0.250498,
                "nauc_mrr_at_10_std": 0.020389,
                "nauc_mrr_at_10_diff1": 0.261614,
                "nauc_mrr_at_20_max": 0.251668,
                "nauc_mrr_at_20_std": 0.023715,
                "nauc_mrr_at_20_diff1": 0.263462,
                "nauc_mrr_at_100_max": 0.25138,
                "nauc_mrr_at_100_std": 0.023518,
                "nauc_mrr_at_100_diff1": 0.26485,
                "nauc_mrr_at_1000_max": 0.251047,
                "nauc_mrr_at_1000_std": 0.0231,
                "nauc_mrr_at_1000_diff1": 0.264818,
                "cv_recall_at_1": 0.38007,
                "cv_recall_at_3": 0.6649,
                "cv_recall_at_5": 0.75573,
                "cv_recall_at_10": 0.83774,
                "cv_recall_at_20": 0.89418,
                "cv_recall_at_100": 0.95855,
                "cv_recall_at_1000": 0.99295,
                "main_score": 0.50805,
                "hf_subset": "default",
                "languages": [
                    "slk-Latn"
                ]
            }
        ]
    },
    "evaluation_time": 62.08580708503723,
    "kg_co2_emissions": null
}
