{
    "dataset_revision": "ad9991cb51e31e31e430383c75ffb2885547b5f0",
    "task_name": "CQADupstackEnglishRetrieval",
    "evaluation_time": null,
    "mteb_version": null,
    "scores": {
        "test": [
            {
                "hf_subset": "default",
                "languages": [
                    "eng-Latn"
                ],
                "map_at_1": 27.204,
                "map_at_10": 36.565999999999995,
                "map_at_100": 37.706,
                "map_at_1000": 37.827,
                "map_at_20": 37.124,
                "map_at_3": 33.629999999999995,
                "map_at_5": 35.345,
                "mrr_at_1": 33.88535031847134,
                "mrr_at_10": 42.00993327267216,
                "mrr_at_100": 42.69324389051348,
                "mrr_at_1000": 42.742001707727674,
                "mrr_at_20": 42.383657095896574,
                "mrr_at_3": 39.61783439490446,
                "mrr_at_5": 41.02547770700639,
                "nauc_map_at_1000_diff1": 51.2434173008466,
                "nauc_map_at_1000_max": 42.89551471851398,
                "nauc_map_at_100_diff1": 51.25803151639599,
                "nauc_map_at_100_max": 42.84835058448656,
                "nauc_map_at_10_diff1": 51.392478648037475,
                "nauc_map_at_10_max": 42.520436932382275,
                "nauc_map_at_1_diff1": 58.311410816649435,
                "nauc_map_at_1_max": 38.78632287563295,
                "nauc_map_at_20_diff1": 51.2961213976287,
                "nauc_map_at_20_max": 42.5853171119173,
                "nauc_map_at_3_diff1": 52.988281664633696,
                "nauc_map_at_3_max": 41.255285265369714,
                "nauc_map_at_5_diff1": 51.90811230897579,
                "nauc_map_at_5_max": 42.25025338907201,
                "nauc_mrr_at_1000_diff1": 49.968831428382956,
                "nauc_mrr_at_1000_max": 44.835796996668066,
                "nauc_mrr_at_100_diff1": 49.96427305359113,
                "nauc_mrr_at_100_max": 44.83231841203824,
                "nauc_mrr_at_10_diff1": 49.94029375694121,
                "nauc_mrr_at_10_max": 44.88750685573963,
                "nauc_mrr_at_1_diff1": 56.40160291266728,
                "nauc_mrr_at_1_max": 45.557456279594454,
                "nauc_mrr_at_20_diff1": 49.948501688516814,
                "nauc_mrr_at_20_max": 44.86680460708911,
                "nauc_mrr_at_3_diff1": 50.70198183915884,
                "nauc_mrr_at_3_max": 44.69764399444459,
                "nauc_mrr_at_5_diff1": 50.171095819167164,
                "nauc_mrr_at_5_max": 44.81579964530846,
                "nauc_ndcg_at_1000_diff1": 48.15540595763338,
                "nauc_ndcg_at_1000_max": 43.71537508558133,
                "nauc_ndcg_at_100_diff1": 48.272332711054126,
                "nauc_ndcg_at_100_max": 43.6322161272428,
                "nauc_ndcg_at_10_diff1": 48.18746476758319,
                "nauc_ndcg_at_10_max": 43.36809828847912,
                "nauc_ndcg_at_1_diff1": 56.40160291266728,
                "nauc_ndcg_at_1_max": 45.557456279594454,
                "nauc_ndcg_at_20_diff1": 48.17338076733571,
                "nauc_ndcg_at_20_max": 43.20321056220099,
                "nauc_ndcg_at_3_diff1": 50.105385726603714,
                "nauc_ndcg_at_3_max": 43.120332022171915,
                "nauc_ndcg_at_5_diff1": 48.8630439359171,
                "nauc_ndcg_at_5_max": 43.370066685949446,
                "nauc_precision_at_1000_diff1": -11.350357006977681,
                "nauc_precision_at_1000_max": 12.582096763421525,
                "nauc_precision_at_100_diff1": -2.958036676255927,
                "nauc_precision_at_100_max": 22.696487876398155,
                "nauc_precision_at_10_diff1": 16.189353401009978,
                "nauc_precision_at_10_max": 38.13442143062204,
                "nauc_precision_at_1_diff1": 56.40160291266728,
                "nauc_precision_at_1_max": 45.557456279594454,
                "nauc_precision_at_20_diff1": 8.797894276494759,
                "nauc_precision_at_20_max": 32.53273333292465,
                "nauc_precision_at_3_diff1": 33.166335907173284,
                "nauc_precision_at_3_max": 43.54274244894697,
                "nauc_precision_at_5_diff1": 24.890638457308835,
                "nauc_precision_at_5_max": 41.85350446231859,
                "nauc_recall_at_1000_diff1": 30.966590369789042,
                "nauc_recall_at_1000_max": 40.05217189462629,
                "nauc_recall_at_100_diff1": 36.50185764515,
                "nauc_recall_at_100_max": 40.40225246071926,
                "nauc_recall_at_10_diff1": 39.21222014929766,
                "nauc_recall_at_10_max": 39.510881532659106,
                "nauc_recall_at_1_diff1": 58.311410816649435,
                "nauc_recall_at_1_max": 38.78632287563295,
                "nauc_recall_at_20_diff1": 37.90625645817586,
                "nauc_recall_at_20_max": 38.83095083812718,
                "nauc_recall_at_3_diff1": 45.67833862057349,
                "nauc_recall_at_3_max": 38.301387193837385,
                "nauc_recall_at_5_diff1": 41.97377098035378,
                "nauc_recall_at_5_max": 39.44428303279494,
                "ndcg_at_1": 33.885,
                "ndcg_at_10": 41.959999999999994,
                "ndcg_at_100": 46.444,
                "ndcg_at_1000": 48.542,
                "ndcg_at_20": 43.516,
                "ndcg_at_3": 37.662,
                "ndcg_at_5": 39.694,
                "precision_at_1": 33.885,
                "precision_at_10": 7.911,
                "precision_at_100": 1.306,
                "precision_at_1000": 0.17600000000000002,
                "precision_at_20": 4.634,
                "precision_at_3": 18.195,
                "precision_at_5": 13.032,
                "recall_at_1": 27.204,
                "recall_at_10": 51.964999999999996,
                "recall_at_100": 70.977,
                "recall_at_1000": 84.48,
                "recall_at_20": 57.568,
                "recall_at_3": 39.292,
                "recall_at_5": 45.051,
                "main_score": 41.959999999999994
            }
        ]
    }
}