{
    "dataset_revision": "5effa1b9b5fa3b0f9e12523e6e43e5f86a6e6d59",
    "task_name": "BSARDRetrieval",
    "evaluation_time": NaN,
    "mteb_version": "unknown",
    "scores": {
        "test": [
            {
                "hf_subset": "default",
                "languages": [
                    "fra-Latn"
                ],
                "map_at_1": 8.108,
                "map_at_10": 14.710999999999999,
                "map_at_100": 15.891,
                "map_at_1000": 15.983,
                "map_at_3": 12.237,
                "map_at_5": 13.679,
                "mrr_at_1": 8.108,
                "mrr_at_10": 14.710999999999999,
                "mrr_at_100": 15.891,
                "mrr_at_1000": 15.983,
                "mrr_at_3": 12.237,
                "mrr_at_5": 13.679,
                "ndcg_at_1": 8.108,
                "ndcg_at_10": 18.796,
                "ndcg_at_100": 25.098,
                "ndcg_at_1000": 27.951999999999998,
                "ndcg_at_3": 13.712,
                "ndcg_at_5": 16.309,
                "precision_at_1": 8.108,
                "precision_at_10": 3.198,
                "precision_at_100": 0.626,
                "precision_at_1000": 0.086,
                "precision_at_3": 6.006,
                "precision_at_5": 4.865,
                "recall_at_1": 8.108,
                "recall_at_10": 31.982,
                "recall_at_100": 62.613,
                "recall_at_1000": 86.036,
                "recall_at_3": 18.018,
                "recall_at_5": 24.324,
                "main_score": 62.613
            }
        ]
    }
}