{
    "dataset_revision": "None",
    "task_name": "HotpotQA",
    "evaluation_time": null,
    "mteb_version": null,
    "scores": {
        "test": [
            {
                "hf_subset": "default",
                "languages": [
                    "eng-Latn"
                ],
                "map_at_1": 0.27387,
                "map_at_10": 0.36931,
                "map_at_100": 0.37734,
                "map_at_1000": 0.37818000000000007,
                "map_at_3": 0.34691000000000005,
                "map_at_5": 0.36016999999999993,
                "mrr_at_1": 0.54774,
                "mrr_at_10": 0.62133,
                "mrr_at_100": 0.62587,
                "mrr_at_1000": 0.62616,
                "mrr_at_3": 0.60491,
                "mrr_at_5": 0.61481,
                "ndcg_at_1": 0.54774,
                "ndcg_at_10": 0.45657,
                "ndcg_at_100": 0.48954000000000003,
                "ndcg_at_1000": 0.5078,
                "ndcg_at_3": 0.41808,
                "ndcg_at_5": 0.43816000000000005,
                "precision_at_1": 0.54774,
                "precision_at_10": 0.09478999999999999,
                "precision_at_100": 0.01208,
                "precision_at_1000": 0.00145,
                "precision_at_3": 0.25856,
                "precision_at_5": 0.17102,
                "recall_at_1": 0.27387,
                "recall_at_10": 0.47394,
                "recall_at_100": 0.60398,
                "recall_at_1000": 0.7254599999999999,
                "recall_at_3": 0.38785,
                "recall_at_5": 0.42754999999999993,
                "main_score": 0.45657
            }
        ]
    }
}