{
  "dataset_revision": "3a309e201f3c2c4b13bd4a367a8f37eee2ec1d21",
  "task_name": "ClimateFEVERHardNegatives",
  "mteb_version": "1.18.0",
  "scores": {
    "test": [
      {
        "ndcg_at_1": 0.24,
        "ndcg_at_3": 0.20803,
        "ndcg_at_5": 0.22423,
        "ndcg_at_10": 0.25793,
        "ndcg_at_20": 0.28774,
        "ndcg_at_100": 0.33341,
        "ndcg_at_1000": 0.37622,
        "map_at_1": 0.11017,
        "map_at_3": 0.1536,
        "map_at_5": 0.16743,
        "map_at_10": 0.18252,
        "map_at_20": 0.19238,
        "map_at_100": 0.20112,
        "map_at_1000": 0.20342,
        "recall_at_1": 0.11017,
        "recall_at_3": 0.19023,
        "recall_at_5": 0.2379,
        "recall_at_10": 0.31282,
        "recall_at_20": 0.39927,
        "recall_at_100": 0.5732,
        "recall_at_1000": 0.81412,
        "precision_at_1": 0.24,
        "precision_at_3": 0.15033,
        "precision_at_5": 0.1148,
        "precision_at_10": 0.0795,
        "precision_at_20": 0.05225,
        "precision_at_100": 0.01592,
        "precision_at_1000": 0.00239,
        "mrr_at_1": 0.24,
        "mrr_at_3": 0.310833,
        "mrr_at_5": 0.329783,
        "mrr_at_10": 0.345076,
        "mrr_at_20": 0.352558,
        "mrr_at_100": 0.356357,
        "mrr_at_1000": 0.356923,
        "nauc_ndcg_at_1_max": 0.336851,
        "nauc_ndcg_at_1_std": 0.11139,
        "nauc_ndcg_at_1_diff1": 0.232243,
        "nauc_ndcg_at_3_max": 0.383182,
        "nauc_ndcg_at_3_std": 0.137947,
        "nauc_ndcg_at_3_diff1": 0.183053,
        "nauc_ndcg_at_5_max": 0.390221,
        "nauc_ndcg_at_5_std": 0.145686,
        "nauc_ndcg_at_5_diff1": 0.20064,
        "nauc_ndcg_at_10_max": 0.396269,
        "nauc_ndcg_at_10_std": 0.177017,
        "nauc_ndcg_at_10_diff1": 0.179199,
        "nauc_ndcg_at_20_max": 0.398704,
        "nauc_ndcg_at_20_std": 0.189818,
        "nauc_ndcg_at_20_diff1": 0.170807,
        "nauc_ndcg_at_100_max": 0.422716,
        "nauc_ndcg_at_100_std": 0.215034,
        "nauc_ndcg_at_100_diff1": 0.176329,
        "nauc_ndcg_at_1000_max": 0.416019,
        "nauc_ndcg_at_1000_std": 0.203911,
        "nauc_ndcg_at_1000_diff1": 0.183553,
        "nauc_map_at_1_max": 0.379159,
        "nauc_map_at_1_std": 0.074832,
        "nauc_map_at_1_diff1": 0.276525,
        "nauc_map_at_3_max": 0.39585,
        "nauc_map_at_3_std": 0.111735,
        "nauc_map_at_3_diff1": 0.209728,
        "nauc_map_at_5_max": 0.395919,
        "nauc_map_at_5_std": 0.120995,
        "nauc_map_at_5_diff1": 0.216978,
        "nauc_map_at_10_max": 0.401143,
        "nauc_map_at_10_std": 0.141263,
        "nauc_map_at_10_diff1": 0.204428,
        "nauc_map_at_20_max": 0.405024,
        "nauc_map_at_20_std": 0.150616,
        "nauc_map_at_20_diff1": 0.201529,
        "nauc_map_at_100_max": 0.410872,
        "nauc_map_at_100_std": 0.158208,
        "nauc_map_at_100_diff1": 0.201156,
        "nauc_map_at_1000_max": 0.410728,
        "nauc_map_at_1000_std": 0.157879,
        "nauc_map_at_1000_diff1": 0.2017,
        "nauc_recall_at_1_max": 0.379159,
        "nauc_recall_at_1_std": 0.074832,
        "nauc_recall_at_1_diff1": 0.276525,
        "nauc_recall_at_3_max": 0.382959,
        "nauc_recall_at_3_std": 0.135185,
        "nauc_recall_at_3_diff1": 0.159798,
        "nauc_recall_at_5_max": 0.365358,
        "nauc_recall_at_5_std": 0.147722,
        "nauc_recall_at_5_diff1": 0.170436,
        "nauc_recall_at_10_max": 0.354134,
        "nauc_recall_at_10_std": 0.196378,
        "nauc_recall_at_10_diff1": 0.11753,
        "nauc_recall_at_20_max": 0.332068,
        "nauc_recall_at_20_std": 0.209456,
        "nauc_recall_at_20_diff1": 0.084554,
        "nauc_recall_at_100_max": 0.375829,
        "nauc_recall_at_100_std": 0.276003,
        "nauc_recall_at_100_diff1": 0.083876,
        "nauc_recall_at_1000_max": 0.356731,
        "nauc_recall_at_1000_std": 0.264907,
        "nauc_recall_at_1000_diff1": 0.105364,
        "nauc_precision_at_1_max": 0.336851,
        "nauc_precision_at_1_std": 0.11139,
        "nauc_precision_at_1_diff1": 0.232243,
        "nauc_precision_at_3_max": 0.367563,
        "nauc_precision_at_3_std": 0.187337,
        "nauc_precision_at_3_diff1": 0.1112,
        "nauc_precision_at_5_max": 0.351343,
        "nauc_precision_at_5_std": 0.202376,
        "nauc_precision_at_5_diff1": 0.142707,
        "nauc_precision_at_10_max": 0.322618,
        "nauc_precision_at_10_std": 0.259334,
        "nauc_precision_at_10_diff1": 0.072646,
        "nauc_precision_at_20_max": 0.277643,
        "nauc_precision_at_20_std": 0.26222,
        "nauc_precision_at_20_diff1": 0.031679,
        "nauc_precision_at_100_max": 0.236174,
        "nauc_precision_at_100_std": 0.261063,
        "nauc_precision_at_100_diff1": 0.022204,
        "nauc_precision_at_1000_max": 0.051488,
        "nauc_precision_at_1000_std": 0.133895,
        "nauc_precision_at_1000_diff1": -0.01306,
        "nauc_mrr_at_1_max": 0.336851,
        "nauc_mrr_at_1_std": 0.11139,
        "nauc_mrr_at_1_diff1": 0.232243,
        "nauc_mrr_at_3_max": 0.361814,
        "nauc_mrr_at_3_std": 0.149435,
        "nauc_mrr_at_3_diff1": 0.183693,
        "nauc_mrr_at_5_max": 0.362614,
        "nauc_mrr_at_5_std": 0.155122,
        "nauc_mrr_at_5_diff1": 0.18909,
        "nauc_mrr_at_10_max": 0.362106,
        "nauc_mrr_at_10_std": 0.161753,
        "nauc_mrr_at_10_diff1": 0.182683,
        "nauc_mrr_at_20_max": 0.361138,
        "nauc_mrr_at_20_std": 0.160197,
        "nauc_mrr_at_20_diff1": 0.18346,
        "nauc_mrr_at_100_max": 0.364021,
        "nauc_mrr_at_100_std": 0.161215,
        "nauc_mrr_at_100_diff1": 0.185417,
        "nauc_mrr_at_1000_max": 0.363741,
        "nauc_mrr_at_1000_std": 0.160792,
        "nauc_mrr_at_1000_diff1": 0.185438,
        "main_score": 0.25793,
        "hf_subset": "default",
        "languages": [
          "eng-Latn"
        ]
      }
    ]
  },
  "evaluation_time": 83.28212451934814,
  "kg_co2_emissions": 0.007727310468233108
}