{
  "dataset_revision": "1851bc536f8bdab29e03e29191c4586b1d8d7c5a",
  "task_name": "Quail",
  "mteb_version": "1.18.0",
  "scores": {
    "test": [
      {
        "ndcg_at_1": 0.01618,
        "ndcg_at_3": 0.02943,
        "ndcg_at_5": 0.03619,
        "ndcg_at_10": 0.04717,
        "ndcg_at_20": 0.05809,
        "ndcg_at_100": 0.0789,
        "ndcg_at_1000": 0.10862,
        "map_at_1": 0.01618,
        "map_at_3": 0.02592,
        "map_at_5": 0.02963,
        "map_at_10": 0.03419,
        "map_at_20": 0.03721,
        "map_at_100": 0.03995,
        "map_at_1000": 0.04085,
        "recall_at_1": 0.01618,
        "recall_at_3": 0.03971,
        "recall_at_5": 0.05625,
        "recall_at_10": 0.09007,
        "recall_at_20": 0.13309,
        "recall_at_100": 0.24743,
        "recall_at_1000": 0.49412,
        "precision_at_1": 0.01618,
        "precision_at_3": 0.01324,
        "precision_at_5": 0.01125,
        "precision_at_10": 0.00901,
        "precision_at_20": 0.00665,
        "precision_at_100": 0.00247,
        "precision_at_1000": 0.00049,
        "mrr_at_1": 0.016176,
        "mrr_at_3": 0.025919,
        "mrr_at_5": 0.029632,
        "mrr_at_10": 0.034191,
        "mrr_at_20": 0.037211,
        "mrr_at_100": 0.039948,
        "mrr_at_1000": 0.040851,
        "nauc_ndcg_at_1_max": 0.117692,
        "nauc_ndcg_at_1_std": 0.025795,
        "nauc_ndcg_at_1_diff1": 0.036881,
        "nauc_ndcg_at_3_max": 0.103415,
        "nauc_ndcg_at_3_std": 0.030485,
        "nauc_ndcg_at_3_diff1": 0.03714,
        "nauc_ndcg_at_5_max": 0.106335,
        "nauc_ndcg_at_5_std": 0.041749,
        "nauc_ndcg_at_5_diff1": 0.041422,
        "nauc_ndcg_at_10_max": 0.110301,
        "nauc_ndcg_at_10_std": 0.048522,
        "nauc_ndcg_at_10_diff1": 0.040649,
        "nauc_ndcg_at_20_max": 0.104897,
        "nauc_ndcg_at_20_std": 0.059608,
        "nauc_ndcg_at_20_diff1": 0.024691,
        "nauc_ndcg_at_100_max": 0.096769,
        "nauc_ndcg_at_100_std": 0.075035,
        "nauc_ndcg_at_100_diff1": 0.014835,
        "nauc_ndcg_at_1000_max": 0.100841,
        "nauc_ndcg_at_1000_std": 0.075249,
        "nauc_ndcg_at_1000_diff1": 0.011052,
        "nauc_map_at_1_max": 0.117692,
        "nauc_map_at_1_std": 0.025795,
        "nauc_map_at_1_diff1": 0.036881,
        "nauc_map_at_3_max": 0.106053,
        "nauc_map_at_3_std": 0.028634,
        "nauc_map_at_3_diff1": 0.038882,
        "nauc_map_at_5_max": 0.107962,
        "nauc_map_at_5_std": 0.036824,
        "nauc_map_at_5_diff1": 0.040882,
        "nauc_map_at_10_max": 0.109293,
        "nauc_map_at_10_std": 0.040725,
        "nauc_map_at_10_diff1": 0.040408,
        "nauc_map_at_20_max": 0.106701,
        "nauc_map_at_20_std": 0.046025,
        "nauc_map_at_20_diff1": 0.033159,
        "nauc_map_at_100_max": 0.104919,
        "nauc_map_at_100_std": 0.050639,
        "nauc_map_at_100_diff1": 0.030741,
        "nauc_map_at_1000_max": 0.105414,
        "nauc_map_at_1000_std": 0.051073,
        "nauc_map_at_1000_diff1": 0.03057,
        "nauc_recall_at_1_max": 0.117692,
        "nauc_recall_at_1_std": 0.025795,
        "nauc_recall_at_1_diff1": 0.036881,
        "nauc_recall_at_3_max": 0.098314,
        "nauc_recall_at_3_std": 0.034282,
        "nauc_recall_at_3_diff1": 0.03338,
        "nauc_recall_at_5_max": 0.103805,
        "nauc_recall_at_5_std": 0.05005,
        "nauc_recall_at_5_diff1": 0.042663,
        "nauc_recall_at_10_max": 0.112567,
        "nauc_recall_at_10_std": 0.059082,
        "nauc_recall_at_10_diff1": 0.041205,
        "nauc_recall_at_20_max": 0.103222,
        "nauc_recall_at_20_std": 0.075792,
        "nauc_recall_at_20_diff1": 0.013896,
        "nauc_recall_at_100_max": 0.086866,
        "nauc_recall_at_100_std": 0.099812,
        "nauc_recall_at_100_diff1": -0.002867,
        "nauc_recall_at_1000_max": 0.09628,
        "nauc_recall_at_1000_std": 0.094558,
        "nauc_recall_at_1000_diff1": -0.012324,
        "nauc_precision_at_1_max": 0.117692,
        "nauc_precision_at_1_std": 0.025795,
        "nauc_precision_at_1_diff1": 0.036881,
        "nauc_precision_at_3_max": 0.098314,
        "nauc_precision_at_3_std": 0.034282,
        "nauc_precision_at_3_diff1": 0.03338,
        "nauc_precision_at_5_max": 0.103805,
        "nauc_precision_at_5_std": 0.05005,
        "nauc_precision_at_5_diff1": 0.042663,
        "nauc_precision_at_10_max": 0.112567,
        "nauc_precision_at_10_std": 0.059082,
        "nauc_precision_at_10_diff1": 0.041205,
        "nauc_precision_at_20_max": 0.103222,
        "nauc_precision_at_20_std": 0.075792,
        "nauc_precision_at_20_diff1": 0.013896,
        "nauc_precision_at_100_max": 0.086866,
        "nauc_precision_at_100_std": 0.099812,
        "nauc_precision_at_100_diff1": -0.002867,
        "nauc_precision_at_1000_max": 0.09628,
        "nauc_precision_at_1000_std": 0.094558,
        "nauc_precision_at_1000_diff1": -0.012324,
        "nauc_mrr_at_1_max": 0.117692,
        "nauc_mrr_at_1_std": 0.025795,
        "nauc_mrr_at_1_diff1": 0.036881,
        "nauc_mrr_at_3_max": 0.106053,
        "nauc_mrr_at_3_std": 0.028634,
        "nauc_mrr_at_3_diff1": 0.038882,
        "nauc_mrr_at_5_max": 0.107962,
        "nauc_mrr_at_5_std": 0.036824,
        "nauc_mrr_at_5_diff1": 0.040882,
        "nauc_mrr_at_10_max": 0.109293,
        "nauc_mrr_at_10_std": 0.040725,
        "nauc_mrr_at_10_diff1": 0.040408,
        "nauc_mrr_at_20_max": 0.106701,
        "nauc_mrr_at_20_std": 0.046025,
        "nauc_mrr_at_20_diff1": 0.033159,
        "nauc_mrr_at_100_max": 0.104919,
        "nauc_mrr_at_100_std": 0.050639,
        "nauc_mrr_at_100_diff1": 0.030741,
        "nauc_mrr_at_1000_max": 0.105414,
        "nauc_mrr_at_1000_std": 0.051073,
        "nauc_mrr_at_1000_diff1": 0.03057,
        "main_score": 0.04717,
        "hf_subset": "default",
        "languages": [
          "eng-Latn"
        ]
      }
    ]
  },
  "evaluation_time": 68.26343822479248,
  "kg_co2_emissions": 0.0026322136257570057
}