{
  "dataset_revision": "f74c094f321077cf909ddfb8bccc1b5912a4ac28",
  "task_name": "WinoGrande",
  "mteb_version": "1.18.0",
  "scores": {
    "test": [
      {
        "ndcg_at_1": 0.26519,
        "ndcg_at_3": 0.44176,
        "ndcg_at_5": 0.50272,
        "ndcg_at_10": 0.54768,
        "ndcg_at_20": 0.56587,
        "ndcg_at_100": 0.5795,
        "ndcg_at_1000": 0.58025,
        "map_at_1": 0.26519,
        "map_at_3": 0.39832,
        "map_at_5": 0.43206,
        "map_at_10": 0.45094,
        "map_at_20": 0.45605,
        "map_at_100": 0.45817,
        "map_at_1000": 0.45821,
        "recall_at_1": 0.26519,
        "recall_at_3": 0.56748,
        "recall_at_5": 0.71586,
        "recall_at_10": 0.8532,
        "recall_at_20": 0.92423,
        "recall_at_100": 0.99448,
        "recall_at_1000": 1.0,
        "precision_at_1": 0.26519,
        "precision_at_3": 0.18916,
        "precision_at_5": 0.14317,
        "precision_at_10": 0.08532,
        "precision_at_20": 0.04621,
        "precision_at_100": 0.00994,
        "precision_at_1000": 0.001,
        "mrr_at_1": 0.265193,
        "mrr_at_3": 0.398316,
        "mrr_at_5": 0.432057,
        "mrr_at_10": 0.450939,
        "mrr_at_20": 0.45605,
        "mrr_at_100": 0.458174,
        "mrr_at_1000": 0.45821,
        "nauc_ndcg_at_1_max": -0.005212,
        "nauc_ndcg_at_1_std": -0.105026,
        "nauc_ndcg_at_1_diff1": 0.143979,
        "nauc_ndcg_at_3_max": -0.038826,
        "nauc_ndcg_at_3_std": -0.214307,
        "nauc_ndcg_at_3_diff1": 0.168958,
        "nauc_ndcg_at_5_max": -0.052778,
        "nauc_ndcg_at_5_std": -0.2436,
        "nauc_ndcg_at_5_diff1": 0.150306,
        "nauc_ndcg_at_10_max": -0.059796,
        "nauc_ndcg_at_10_std": -0.240085,
        "nauc_ndcg_at_10_diff1": 0.142071,
        "nauc_ndcg_at_20_max": -0.046355,
        "nauc_ndcg_at_20_std": -0.227012,
        "nauc_ndcg_at_20_diff1": 0.14969,
        "nauc_ndcg_at_100_max": -0.041381,
        "nauc_ndcg_at_100_std": -0.204238,
        "nauc_ndcg_at_100_diff1": 0.150344,
        "nauc_ndcg_at_1000_max": -0.041521,
        "nauc_ndcg_at_1000_std": -0.204706,
        "nauc_ndcg_at_1000_diff1": 0.152243,
        "nauc_map_at_1_max": -0.005212,
        "nauc_map_at_1_std": -0.105026,
        "nauc_map_at_1_diff1": 0.143979,
        "nauc_map_at_3_max": -0.031408,
        "nauc_map_at_3_std": -0.187767,
        "nauc_map_at_3_diff1": 0.164551,
        "nauc_map_at_5_max": -0.03885,
        "nauc_map_at_5_std": -0.202631,
        "nauc_map_at_5_diff1": 0.154643,
        "nauc_map_at_10_max": -0.040981,
        "nauc_map_at_10_std": -0.19907,
        "nauc_map_at_10_diff1": 0.151735,
        "nauc_map_at_20_max": -0.037585,
        "nauc_map_at_20_std": -0.195288,
        "nauc_map_at_20_diff1": 0.15394,
        "nauc_map_at_100_max": -0.036833,
        "nauc_map_at_100_std": -0.191973,
        "nauc_map_at_100_diff1": 0.154106,
        "nauc_map_at_1000_max": -0.036843,
        "nauc_map_at_1000_std": -0.191975,
        "nauc_map_at_1000_diff1": 0.154145,
        "nauc_recall_at_1_max": -0.005212,
        "nauc_recall_at_1_std": -0.105026,
        "nauc_recall_at_1_diff1": 0.143979,
        "nauc_recall_at_3_max": -0.060308,
        "nauc_recall_at_3_std": -0.292252,
        "nauc_recall_at_3_diff1": 0.181222,
        "nauc_recall_at_5_max": -0.105243,
        "nauc_recall_at_5_std": -0.39776,
        "nauc_recall_at_5_diff1": 0.129706,
        "nauc_recall_at_10_max": -0.183026,
        "nauc_recall_at_10_std": -0.498269,
        "nauc_recall_at_10_diff1": 0.06783,
        "nauc_recall_at_20_max": -0.116005,
        "nauc_recall_at_20_std": -0.555326,
        "nauc_recall_at_20_diff1": 0.093484,
        "nauc_recall_at_100_max": -0.005199,
        "nauc_recall_at_100_std": -0.01634,
        "nauc_recall_at_100_diff1": -0.524905,
        "nauc_recall_at_1000_max": NaN,
        "nauc_recall_at_1000_std": NaN,
        "nauc_recall_at_1000_diff1": NaN,
        "nauc_precision_at_1_max": -0.005212,
        "nauc_precision_at_1_std": -0.105026,
        "nauc_precision_at_1_diff1": 0.143979,
        "nauc_precision_at_3_max": -0.060308,
        "nauc_precision_at_3_std": -0.292252,
        "nauc_precision_at_3_diff1": 0.181222,
        "nauc_precision_at_5_max": -0.105243,
        "nauc_precision_at_5_std": -0.39776,
        "nauc_precision_at_5_diff1": 0.129706,
        "nauc_precision_at_10_max": -0.183026,
        "nauc_precision_at_10_std": -0.498269,
        "nauc_precision_at_10_diff1": 0.06783,
        "nauc_precision_at_20_max": -0.116005,
        "nauc_precision_at_20_std": -0.555326,
        "nauc_precision_at_20_diff1": 0.093484,
        "nauc_precision_at_100_max": -0.005199,
        "nauc_precision_at_100_std": -0.01634,
        "nauc_precision_at_100_diff1": -0.524905,
        "nauc_precision_at_1000_max": 1.0,
        "nauc_precision_at_1000_std": 1.0,
        "nauc_precision_at_1000_diff1": 1.0,
        "nauc_mrr_at_1_max": -0.005212,
        "nauc_mrr_at_1_std": -0.105026,
        "nauc_mrr_at_1_diff1": 0.143979,
        "nauc_mrr_at_3_max": -0.031408,
        "nauc_mrr_at_3_std": -0.187767,
        "nauc_mrr_at_3_diff1": 0.164551,
        "nauc_mrr_at_5_max": -0.03885,
        "nauc_mrr_at_5_std": -0.202631,
        "nauc_mrr_at_5_diff1": 0.154643,
        "nauc_mrr_at_10_max": -0.040981,
        "nauc_mrr_at_10_std": -0.19907,
        "nauc_mrr_at_10_diff1": 0.151735,
        "nauc_mrr_at_20_max": -0.037585,
        "nauc_mrr_at_20_std": -0.195288,
        "nauc_mrr_at_20_diff1": 0.15394,
        "nauc_mrr_at_100_max": -0.036833,
        "nauc_mrr_at_100_std": -0.191973,
        "nauc_mrr_at_100_diff1": 0.154106,
        "nauc_mrr_at_1000_max": -0.036843,
        "nauc_mrr_at_1000_std": -0.191975,
        "nauc_mrr_at_1000_diff1": 0.154145,
        "main_score": 0.54768,
        "hf_subset": "default",
        "languages": [
          "eng-Latn"
        ]
      }
    ]
  },
  "evaluation_time": 3.4711289405822754,
  "kg_co2_emissions": 0.00011905845762066331
}