{
  "dataset_revision": "346d5039b9ec75a7b80f8ff008d5ca3df126f5aa",
  "task_name": "EnglishFinance2Retrieval",
  "mteb_version": "1.38.43",
  "scores": {
    "test": [
      {
        "ndcg_at_1": 0.17972,
        "ndcg_at_3": 0.24067,
        "ndcg_at_5": 0.25604,
        "ndcg_at_10": 0.2782,
        "ndcg_at_20": 0.29972,
        "ndcg_at_100": 0.34783,
        "ndcg_at_1000": 0.38352,
        "map_at_1": 0.17972,
        "map_at_3": 0.22657,
        "map_at_5": 0.23522,
        "map_at_10": 0.24424,
        "map_at_20": 0.25012,
        "map_at_100": 0.2564,
        "map_at_1000": 0.25805,
        "recall_at_1": 0.17972,
        "recall_at_3": 0.28111,
        "recall_at_5": 0.31797,
        "recall_at_10": 0.3871,
        "recall_at_20": 0.47235,
        "recall_at_100": 0.73733,
        "recall_at_1000": 1.0,
        "precision_at_1": 0.17972,
        "precision_at_3": 0.0937,
        "precision_at_5": 0.06359,
        "precision_at_10": 0.03871,
        "precision_at_20": 0.02362,
        "precision_at_100": 0.00737,
        "precision_at_1000": 0.001,
        "mrr_at_1": 0.179724,
        "mrr_at_3": 0.226575,
        "mrr_at_5": 0.235561,
        "mrr_at_10": 0.244202,
        "mrr_at_20": 0.250083,
        "mrr_at_100": 0.256359,
        "mrr_at_1000": 0.25801,
        "nauc_ndcg_at_1_max": 0.297827,
        "nauc_ndcg_at_1_std": 0.014276,
        "nauc_ndcg_at_1_diff1": 0.448173,
        "nauc_ndcg_at_3_max": 0.305686,
        "nauc_ndcg_at_3_std": 0.029266,
        "nauc_ndcg_at_3_diff1": 0.382439,
        "nauc_ndcg_at_5_max": 0.305074,
        "nauc_ndcg_at_5_std": 0.054697,
        "nauc_ndcg_at_5_diff1": 0.366579,
        "nauc_ndcg_at_10_max": 0.293138,
        "nauc_ndcg_at_10_std": 0.056579,
        "nauc_ndcg_at_10_diff1": 0.350008,
        "nauc_ndcg_at_20_max": 0.285704,
        "nauc_ndcg_at_20_std": 0.055548,
        "nauc_ndcg_at_20_diff1": 0.329085,
        "nauc_ndcg_at_100_max": 0.282715,
        "nauc_ndcg_at_100_std": 0.058949,
        "nauc_ndcg_at_100_diff1": 0.333586,
        "nauc_ndcg_at_1000_max": 0.293397,
        "nauc_ndcg_at_1000_std": 0.054096,
        "nauc_ndcg_at_1000_diff1": 0.352221,
        "nauc_map_at_1_max": 0.297827,
        "nauc_map_at_1_std": 0.014276,
        "nauc_map_at_1_diff1": 0.448173,
        "nauc_map_at_3_max": 0.304665,
        "nauc_map_at_3_std": 0.025848,
        "nauc_map_at_3_diff1": 0.394099,
        "nauc_map_at_5_max": 0.304135,
        "nauc_map_at_5_std": 0.041354,
        "nauc_map_at_5_diff1": 0.384336,
        "nauc_map_at_10_max": 0.299625,
        "nauc_map_at_10_std": 0.04298,
        "nauc_map_at_10_diff1": 0.376993,
        "nauc_map_at_20_max": 0.297503,
        "nauc_map_at_20_std": 0.042393,
        "nauc_map_at_20_diff1": 0.371005,
        "nauc_map_at_100_max": 0.29781,
        "nauc_map_at_100_std": 0.044263,
        "nauc_map_at_100_diff1": 0.371919,
        "nauc_map_at_1000_max": 0.298297,
        "nauc_map_at_1000_std": 0.044077,
        "nauc_map_at_1000_diff1": 0.372703,
        "nauc_recall_at_1_max": 0.297827,
        "nauc_recall_at_1_std": 0.014276,
        "nauc_recall_at_1_diff1": 0.448173,
        "nauc_recall_at_3_max": 0.308061,
        "nauc_recall_at_3_std": 0.038117,
        "nauc_recall_at_3_diff1": 0.353396,
        "nauc_recall_at_5_max": 0.307309,
        "nauc_recall_at_5_std": 0.090454,
        "nauc_recall_at_5_diff1": 0.321631,
        "nauc_recall_at_10_max": 0.272041,
        "nauc_recall_at_10_std": 0.091173,
        "nauc_recall_at_10_diff1": 0.278425,
        "nauc_recall_at_20_max": 0.245505,
        "nauc_recall_at_20_std": 0.089898,
        "nauc_recall_at_20_diff1": 0.203614,
        "nauc_recall_at_100_max": 0.192865,
        "nauc_recall_at_100_std": 0.103566,
        "nauc_recall_at_100_diff1": 0.170214,
        "nauc_recall_at_1000_max": NaN,
        "nauc_recall_at_1000_std": NaN,
        "nauc_recall_at_1000_diff1": NaN,
        "nauc_precision_at_1_max": 0.297827,
        "nauc_precision_at_1_std": 0.014276,
        "nauc_precision_at_1_diff1": 0.448173,
        "nauc_precision_at_3_max": 0.308061,
        "nauc_precision_at_3_std": 0.038117,
        "nauc_precision_at_3_diff1": 0.353396,
        "nauc_precision_at_5_max": 0.307309,
        "nauc_precision_at_5_std": 0.090454,
        "nauc_precision_at_5_diff1": 0.321631,
        "nauc_precision_at_10_max": 0.272041,
        "nauc_precision_at_10_std": 0.091173,
        "nauc_precision_at_10_diff1": 0.278425,
        "nauc_precision_at_20_max": 0.245505,
        "nauc_precision_at_20_std": 0.089898,
        "nauc_precision_at_20_diff1": 0.203614,
        "nauc_precision_at_100_max": 0.192865,
        "nauc_precision_at_100_std": 0.103566,
        "nauc_precision_at_100_diff1": 0.170214,
        "nauc_precision_at_1000_max": 1.0,
        "nauc_precision_at_1000_std": 1.0,
        "nauc_precision_at_1000_diff1": 1.0,
        "nauc_mrr_at_1_max": 0.297827,
        "nauc_mrr_at_1_std": 0.014276,
        "nauc_mrr_at_1_diff1": 0.448173,
        "nauc_mrr_at_3_max": 0.304665,
        "nauc_mrr_at_3_std": 0.025848,
        "nauc_mrr_at_3_diff1": 0.394099,
        "nauc_mrr_at_5_max": 0.303504,
        "nauc_mrr_at_5_std": 0.041074,
        "nauc_mrr_at_5_diff1": 0.38412,
        "nauc_mrr_at_10_max": 0.299765,
        "nauc_mrr_at_10_std": 0.043165,
        "nauc_mrr_at_10_diff1": 0.377017,
        "nauc_mrr_at_20_max": 0.297643,
        "nauc_mrr_at_20_std": 0.042578,
        "nauc_mrr_at_20_diff1": 0.371028,
        "nauc_mrr_at_100_max": 0.297952,
        "nauc_mrr_at_100_std": 0.044449,
        "nauc_mrr_at_100_diff1": 0.371943,
        "nauc_mrr_at_1000_max": 0.298439,
        "nauc_mrr_at_1000_std": 0.044264,
        "nauc_mrr_at_1000_diff1": 0.372727,
        "main_score": 0.2782,
        "hf_subset": "default",
        "languages": [
          "eng-Latn"
        ]
      }
    ]
  },
  "evaluation_time": 1.2096238136291504,
  "kg_co2_emissions": null
}