{
  "dataset_revision": "c6fffeb9cdd95c1ffa81c62c687b48b56352872b",
  "task_name": "News21InstructionRetrieval",
  "mteb_version": "2.10.11",
  "scores": {
    "test": [
      {
        "ndcg_at_1": 0.32812,
        "ndcg_at_3": 0.34532,
        "ndcg_at_5": 0.36711,
        "ndcg_at_10": 0.39731,
        "ndcg_at_20": 0.43709,
        "ndcg_at_100": 0.51771,
        "ndcg_at_1000": 0.60332,
        "map_at_1": 0.02965,
        "map_at_3": 0.07368,
        "map_at_5": 0.10081,
        "map_at_10": 0.16428,
        "map_at_20": 0.23822,
        "map_at_100": 0.32314,
        "map_at_1000": 0.35626,
        "recall_at_1": 0.02965,
        "recall_at_3": 0.08675,
        "recall_at_5": 0.13245,
        "recall_at_10": 0.2373,
        "recall_at_20": 0.39247,
        "recall_at_100": 0.67506,
        "recall_at_1000": 1.0,
        "accuracy": 0.02965,
        "precision_at_1": 0.5,
        "precision_at_3": 0.51562,
        "precision_at_5": 0.5,
        "precision_at_10": 0.475,
        "precision_at_20": 0.40234,
        "precision_at_100": 0.15875,
        "precision_at_1000": 0.0268,
        "mrr_at_1": 0.5,
        "mrr_at_3": 0.627604,
        "mrr_at_5": 0.659635,
        "mrr_at_10": 0.661868,
        "mrr_at_20": 0.663069,
        "mrr_at_100": 0.664748,
        "mrr_at_1000": 0.664748,
        "nauc_ndcg_at_1_max": 0.105324,
        "nauc_ndcg_at_1_std": -0.140683,
        "nauc_ndcg_at_1_diff1": 0.049855,
        "nauc_ndcg_at_3_max": 0.040011,
        "nauc_ndcg_at_3_std": -0.142498,
        "nauc_ndcg_at_3_diff1": 0.099299,
        "nauc_ndcg_at_5_max": 0.057447,
        "nauc_ndcg_at_5_std": -0.213224,
        "nauc_ndcg_at_5_diff1": 0.073261,
        "nauc_ndcg_at_10_max": 0.085312,
        "nauc_ndcg_at_10_std": -0.228211,
        "nauc_ndcg_at_10_diff1": 0.035049,
        "nauc_ndcg_at_20_max": 0.146027,
        "nauc_ndcg_at_20_std": -0.15253,
        "nauc_ndcg_at_20_diff1": 0.032359,
        "nauc_ndcg_at_100_max": 0.18812,
        "nauc_ndcg_at_100_std": -0.05265,
        "nauc_ndcg_at_100_diff1": -0.016716,
        "nauc_ndcg_at_1000_max": 0.099682,
        "nauc_ndcg_at_1000_std": -0.042406,
        "nauc_ndcg_at_1000_diff1": 0.051441,
        "nauc_map_at_1_max": 0.275437,
        "nauc_map_at_1_std": -0.202987,
        "nauc_map_at_1_diff1": 0.022254,
        "nauc_map_at_3_max": 0.217884,
        "nauc_map_at_3_std": -0.123034,
        "nauc_map_at_3_diff1": 0.059328,
        "nauc_map_at_5_max": 0.192393,
        "nauc_map_at_5_std": -0.132131,
        "nauc_map_at_5_diff1": 0.042293,
        "nauc_map_at_10_max": 0.196468,
        "nauc_map_at_10_std": -0.15203,
        "nauc_map_at_10_diff1": -0.002213,
        "nauc_map_at_20_max": 0.196988,
        "nauc_map_at_20_std": -0.108024,
        "nauc_map_at_20_diff1": -0.022497,
        "nauc_map_at_100_max": 0.257954,
        "nauc_map_at_100_std": 0.016171,
        "nauc_map_at_100_diff1": -0.056945,
        "nauc_map_at_1000_max": 0.226308,
        "nauc_map_at_1000_std": 0.070883,
        "nauc_map_at_1000_diff1": -0.038873,
        "nauc_recall_at_1_max": 0.275437,
        "nauc_recall_at_1_std": -0.202987,
        "nauc_recall_at_1_diff1": 0.022254,
        "nauc_recall_at_3_max": 0.152549,
        "nauc_recall_at_3_std": -0.153017,
        "nauc_recall_at_3_diff1": 0.051659,
        "nauc_recall_at_5_max": 0.083995,
        "nauc_recall_at_5_std": -0.203166,
        "nauc_recall_at_5_diff1": 0.049547,
        "nauc_recall_at_10_max": 0.10207,
        "nauc_recall_at_10_std": -0.273945,
        "nauc_recall_at_10_diff1": 0.013287,
        "nauc_recall_at_20_max": 0.101304,
        "nauc_recall_at_20_std": -0.16604,
        "nauc_recall_at_20_diff1": -0.045789,
        "nauc_recall_at_100_max": 0.359605,
        "nauc_recall_at_100_std": 0.058287,
        "nauc_recall_at_100_diff1": -0.236589,
        "nauc_recall_at_1000_max": NaN,
        "nauc_recall_at_1000_std": NaN,
        "nauc_recall_at_1000_diff1": NaN,
        "nauc_precision_at_1_max": 0.137217,
        "nauc_precision_at_1_std": -0.189461,
        "nauc_precision_at_1_diff1": -0.086186,
        "nauc_precision_at_3_max": 0.022705,
        "nauc_precision_at_3_std": -0.086331,
        "nauc_precision_at_3_diff1": 0.02302,
        "nauc_precision_at_5_max": -0.011389,
        "nauc_precision_at_5_std": -0.097114,
        "nauc_precision_at_5_diff1": -0.013556,
        "nauc_precision_at_10_max": 0.047214,
        "nauc_precision_at_10_std": -0.04765,
        "nauc_precision_at_10_diff1": -0.018277,
        "nauc_precision_at_20_max": 0.05478,
        "nauc_precision_at_20_std": 0.113277,
        "nauc_precision_at_20_diff1": 0.005097,
        "nauc_precision_at_100_max": 0.049494,
        "nauc_precision_at_100_std": 0.298944,
        "nauc_precision_at_100_diff1": 0.00545,
        "nauc_precision_at_1000_max": -0.107392,
        "nauc_precision_at_1000_std": 0.217848,
        "nauc_precision_at_1000_diff1": 0.079838,
        "nauc_mrr_at_1_max": 0.137217,
        "nauc_mrr_at_1_std": -0.189461,
        "nauc_mrr_at_1_diff1": -0.086186,
        "nauc_mrr_at_3_max": -0.002818,
        "nauc_mrr_at_3_std": -0.205312,
        "nauc_mrr_at_3_diff1": 0.025978,
        "nauc_mrr_at_5_max": 0.013753,
        "nauc_mrr_at_5_std": -0.191075,
        "nauc_mrr_at_5_diff1": -0.007837,
        "nauc_mrr_at_10_max": 0.009031,
        "nauc_mrr_at_10_std": -0.199042,
        "nauc_mrr_at_10_diff1": -0.006442,
        "nauc_mrr_at_20_max": 0.014467,
        "nauc_mrr_at_20_std": -0.191628,
        "nauc_mrr_at_20_diff1": -0.01119,
        "nauc_mrr_at_100_max": 0.015496,
        "nauc_mrr_at_100_std": -0.193468,
        "nauc_mrr_at_100_diff1": -0.011218,
        "nauc_mrr_at_1000_max": 0.015496,
        "nauc_mrr_at_1000_std": -0.193468,
        "nauc_mrr_at_1000_diff1": -0.011218,
        "hit_rate_at_1": 0.5,
        "hit_rate_at_3": 0.76562,
        "hit_rate_at_5": 0.90625,
        "hit_rate_at_10": 0.92188,
        "hit_rate_at_20": 0.9375,
        "hit_rate_at_100": 1.0,
        "hit_rate_at_1000": 1.0,
        "p-MRR": 0.014233,
        "og": {
          "ndcg_at_1": 0.46094,
          "ndcg_at_3": 0.47374,
          "ndcg_at_5": 0.47956,
          "ndcg_at_10": 0.50683,
          "ndcg_at_20": 0.52631,
          "ndcg_at_100": 0.60281,
          "ndcg_at_1000": 0.70105,
          "map_at_1": 0.02839,
          "map_at_3": 0.08027,
          "map_at_5": 0.11441,
          "map_at_10": 0.20235,
          "map_at_20": 0.29896,
          "map_at_100": 0.41716,
          "map_at_1000": 0.46253,
          "recall_at_1": 0.02839,
          "recall_at_3": 0.08779,
          "recall_at_5": 0.13147,
          "recall_at_10": 0.24486,
          "recall_at_20": 0.38996,
          "recall_at_100": 0.66408,
          "recall_at_1000": 1.0,
          "accuracy": 0.02839,
          "precision_at_1": 0.6875,
          "precision_at_3": 0.71875,
          "precision_at_5": 0.6875,
          "precision_at_10": 0.66563,
          "precision_at_20": 0.55625,
          "precision_at_100": 0.22187,
          "precision_at_1000": 0.03725,
          "mrr_at_1_max": 0.055915,
          "mrr_at_1_std": -0.356008,
          "mrr_at_1_diff1": -0.286005,
          "mrr_at_3_max": 0.140876,
          "mrr_at_3_std": -0.241488,
          "mrr_at_3_diff1": -0.2789,
          "mrr_at_5_max": 0.096727,
          "mrr_at_5_std": -0.290195,
          "mrr_at_5_diff1": -0.210955,
          "mrr_at_10_max": 0.128561,
          "mrr_at_10_std": -0.093402,
          "mrr_at_10_diff1": -0.074161,
          "mrr_at_20_max": 0.154523,
          "mrr_at_20_std": 0.132006,
          "mrr_at_20_diff1": -0.026383,
          "mrr_at_100_max": 0.069153,
          "mrr_at_100_std": 0.348905,
          "mrr_at_100_diff1": 0.000427,
          "mrr_at_1000_max": -0.157207,
          "mrr_at_1000_std": 0.242396,
          "mrr_at_1000_diff1": 0.099226,
          "mrr_at_1": 0.6875,
          "mrr_at_3": 0.791667,
          "mrr_at_5": 0.815104,