{
    "dataset_revision": "20a6d6f312dd54037fe07a32d58e5e168867909d",
    "task_name": "SICK-R",
    "evaluation_time": null,
    "mteb_version": null,
    "scores": {
        "test": [
            {
                "hf_subset": "default",
                "languages": [
                    "eng-Latn"
                ],
                "cosine_pearson": 75.44317740316959,
                "cosine_spearman": 64.66033328975722,
                "euclidean_pearson": 65.32225778168542,
                "euclidean_spearman": 58.37263214991483,
                "main_score": 64.66033328975722,
                "manhattan_pearson": 65.50832595100484,
                "manhattan_spearman": 58.70461764721123,
                "pearson": 75.44317740316959,
                "spearman": 64.66033328975722
            }
        ]
    }
}