{
  "dataset_revision": "d31f33a128469b20e357535c39b82fb3c3f6f2bd",
  "evaluation_time": 3.0798871517181396,
  "kg_co2_emissions": null,
  "mteb_version": "1.12.89",
  "scores": {
    "test": [
      {
        "cosine_pearson": 0.566705227540288,
        "cosine_spearman": 0.6177715542734092,
        "euclidean_pearson": 0.5693721901025088,
        "euclidean_spearman": 0.6177715542734092,
        "hf_subset": "ru",
        "languages": [
          "rus-Cyrl"
        ],
        "main_score": 0.6177715542734092,
        "manhattan_pearson": 0.568922284042131,
        "manhattan_spearman": 0.6167136669814844,
        "pearson": [
          0.5667052203829585,
          6.49601788418634e-24
        ],
        "spearman": [
          0.6177715542734092,
          2.793774696860435e-29
        ]
      }
    ]
  },
  "task_name": "STS22.v2"
}