{
    "dataset_revision": "None",
    "task_name": "T2Retrieval",
    "evaluation_time": NaN,
    "mteb_version": "0.0.0",
    "scores": {
        "dev": [
            {
                "hf_subset": "default",
                "languages": [
                    "cmn-Hans"
                ],
                "map_at_1": 28.116000000000003,
                "map_at_10": 80.026,
                "map_at_100": 83.541,
                "map_at_1000": 83.592,
                "map_at_3": 56.092,
                "map_at_5": 69.114,
                "mrr_at_1": 91.557,
                "mrr_at_10": 93.73700000000001,
                "mrr_at_100": 93.808,
                "mrr_at_1000": 93.811,
                "mrr_at_3": 93.384,
                "mrr_at_5": 93.614,
                "ndcg_at_1": 91.553,
                "ndcg_at_10": 87.003,
                "ndcg_at_100": 90.128,
                "ndcg_at_1000": 90.615,
                "ndcg_at_3": 88.205,
                "ndcg_at_5": 86.978,
                "precision_at_1": 91.553,
                "precision_at_10": 43.25,
                "precision_at_100": 5.067,
                "precision_at_1000": 0.518,
                "precision_at_3": 77.25,
                "precision_at_5": 64.902,
                "recall_at_1": 28.116000000000003,
                "recall_at_10": 85.994,
                "recall_at_100": 96.345,
                "recall_at_1000": 98.867,
                "recall_at_3": 57.67099999999999,
                "recall_at_5": 72.26,
                "main_score": 87.003
            }
        ]
    }
}