{
  "dataset_revision": "d243889a3eb6654029dbd7e7f9319ae31d58f97c",
  "task_name": "Ko-StrategyQA",
  "mteb_version": "1.18.0",
  "scores": {
    "dev": [
      {
        "ndcg_at_1": 0.04392,
        "ndcg_at_3": 0.04753,
        "ndcg_at_5": 0.05337,
        "ndcg_at_10": 0.05969,
        "ndcg_at_20": 0.06413,
        "ndcg_at_100": 0.07453,
        "ndcg_at_1000": 0.10298,
        "map_at_1": 0.02998,
        "map_at_3": 0.04279,
        "map_at_5": 0.04659,
        "map_at_10": 0.04916,
        "map_at_20": 0.05055,
        "map_at_100": 0.05192,
        "map_at_1000": 0.05273,
        "recall_at_1": 0.02998,
        "recall_at_3": 0.05138,
        "recall_at_5": 0.06419,
        "recall_at_10": 0.08136,
        "recall_at_20": 0.09755,
        "recall_at_100": 0.14752,
        "recall_at_1000": 0.34904,
        "precision_at_1": 0.04392,
        "precision_at_3": 0.02872,
        "precision_at_5": 0.02162,
        "precision_at_10": 0.01385,
        "precision_at_20": 0.00802,
        "precision_at_100": 0.00243,
        "precision_at_1000": 0.00064,
        "mrr_at_1": 0.043919,
        "mrr_at_3": 0.052365,
        "mrr_at_5": 0.055321,
        "mrr_at_10": 0.058285,
        "mrr_at_20": 0.059437,
        "mrr_at_100": 0.061006,
        "mrr_at_1000": 0.06185,
        "nauc_ndcg_at_1_max": 0.564228,
        "nauc_ndcg_at_1_std": 0.167169,
        "nauc_ndcg_at_1_diff1": 0.50983,
        "nauc_ndcg_at_3_max": 0.501916,
        "nauc_ndcg_at_3_std": 0.194497,
        "nauc_ndcg_at_3_diff1": 0.487527,
        "nauc_ndcg_at_5_max": 0.451457,
        "nauc_ndcg_at_5_std": 0.212985,
        "nauc_ndcg_at_5_diff1": 0.439436,
        "nauc_ndcg_at_10_max": 0.410121,
        "nauc_ndcg_at_10_std": 0.183307,
        "nauc_ndcg_at_10_diff1": 0.423919,
        "nauc_ndcg_at_20_max": 0.388067,
        "nauc_ndcg_at_20_std": 0.171639,
        "nauc_ndcg_at_20_diff1": 0.414817,
        "nauc_ndcg_at_100_max": 0.367655,
        "nauc_ndcg_at_100_std": 0.183791,
        "nauc_ndcg_at_100_diff1": 0.371784,
        "nauc_ndcg_at_1000_max": 0.314078,
        "nauc_ndcg_at_1000_std": 0.160018,
        "nauc_ndcg_at_1000_diff1": 0.314397,
        "nauc_map_at_1_max": 0.498193,
        "nauc_map_at_1_std": 0.095776,
        "nauc_map_at_1_diff1": 0.477383,
        "nauc_map_at_3_max": 0.52871,
        "nauc_map_at_3_std": 0.179783,
        "nauc_map_at_3_diff1": 0.508606,
        "nauc_map_at_5_max": 0.498558,
        "nauc_map_at_5_std": 0.197095,
        "nauc_map_at_5_diff1": 0.478888,
        "nauc_map_at_10_max": 0.47479,
        "nauc_map_at_10_std": 0.183086,
        "nauc_map_at_10_diff1": 0.471813,
        "nauc_map_at_20_max": 0.46528,
        "nauc_map_at_20_std": 0.179411,
        "nauc_map_at_20_diff1": 0.466414,
        "nauc_map_at_100_max": 0.46082,
        "nauc_map_at_100_std": 0.182334,
        "nauc_map_at_100_diff1": 0.45822,
        "nauc_map_at_1000_max": 0.457835,
        "nauc_map_at_1000_std": 0.181878,
        "nauc_map_at_1000_diff1": 0.454319,
        "nauc_recall_at_1_max": 0.498193,
        "nauc_recall_at_1_std": 0.095776,
        "nauc_recall_at_1_diff1": 0.477383,
        "nauc_recall_at_3_max": 0.466154,
        "nauc_recall_at_3_std": 0.231907,
        "nauc_recall_at_3_diff1": 0.467899,
        "nauc_recall_at_5_max": 0.38061,
        "nauc_recall_at_5_std": 0.263106,
        "nauc_recall_at_5_diff1": 0.376569,
        "nauc_recall_at_10_max": 0.309755,
        "nauc_recall_at_10_std": 0.190548,
        "nauc_recall_at_10_diff1": 0.361423,
        "nauc_recall_at_20_max": 0.261426,
        "nauc_recall_at_20_std": 0.157047,
        "nauc_recall_at_20_diff1": 0.34195,
        "nauc_recall_at_100_max": 0.231661,
        "nauc_recall_at_100_std": 0.183725,
        "nauc_recall_at_100_diff1": 0.241832,
        "nauc_recall_at_1000_max": 0.11114,
        "nauc_recall_at_1000_std": 0.113209,
        "nauc_recall_at_1000_diff1": 0.110234,
        "nauc_precision_at_1_max": 0.564228,
        "nauc_precision_at_1_std": 0.167169,
        "nauc_precision_at_1_diff1": 0.50983,
        "nauc_precision_at_3_max": 0.521231,
        "nauc_precision_at_3_std": 0.238834,
        "nauc_precision_at_3_diff1": 0.501047,
        "nauc_precision_at_5_max": 0.428516,
        "nauc_precision_at_5_std": 0.258279,
        "nauc_precision_at_5_diff1": 0.415249,
        "nauc_precision_at_10_max": 0.365417,
        "nauc_precision_at_10_std": 0.199186,
        "nauc_precision_at_10_diff1": 0.37328,
        "nauc_precision_at_20_max": 0.33394,
        "nauc_precision_at_20_std": 0.179352,
        "nauc_precision_at_20_diff1": 0.362026,
        "nauc_precision_at_100_max": 0.305056,
        "nauc_precision_at_100_std": 0.212929,
        "nauc_precision_at_100_diff1": 0.258778,
        "nauc_precision_at_1000_max": 0.151692,
        "nauc_precision_at_1000_std": 0.1007,
        "nauc_precision_at_1000_diff1": 0.137737,
        "nauc_mrr_at_1_max": 0.564228,
        "nauc_mrr_at_1_std": 0.167169,
        "nauc_mrr_at_1_diff1": 0.50983,
        "nauc_mrr_at_3_max": 0.492092,
        "nauc_mrr_at_3_std": 0.178973,
        "nauc_mrr_at_3_diff1": 0.47091,
        "nauc_mrr_at_5_max": 0.461956,
        "nauc_mrr_at_5_std": 0.185628,
        "nauc_mrr_at_5_diff1": 0.441717,
        "nauc_mrr_at_10_max": 0.442236,
        "nauc_mrr_at_10_std": 0.172538,
        "nauc_mrr_at_10_diff1": 0.431023,
        "nauc_mrr_at_20_max": 0.437846,
        "nauc_mrr_at_20_std": 0.169299,
        "nauc_mrr_at_20_diff1": 0.430087,
        "nauc_mrr_at_100_max": 0.433464,
        "nauc_mrr_at_100_std": 0.172114,
        "nauc_mrr_at_100_diff1": 0.42356,
        "nauc_mrr_at_1000_max": 0.431043,
        "nauc_mrr_at_1000_std": 0.170709,
        "nauc_mrr_at_1000_diff1": 0.420923,
        "main_score": 0.05969,
        "hf_subset": "default",
        "languages": [
          "kor-Hang"
        ]
      }
    ]
  },
  "evaluation_time": 36.64314317703247,
  "kg_co2_emissions": 0.0034806514417449275
}