{
    "dataset_revision": "4ffe81d471b1924886b33c7567bfb200e9eec5c4",
    "task_name": "CQADupstackWordpressRetrieval",
    "evaluation_time": null,
    "mteb_version": null,
    "scores": {
        "test": [
            {
                "hf_subset": "default",
                "languages": [
                    "eng-Latn"
                ],
                "ndcg_at_1": 0.27911,
                "ndcg_at_3": 0.34677,
                "ndcg_at_5": 0.38315,
                "ndcg_at_10": 0.40988,
                "ndcg_at_20": 0.4299,
                "ndcg_at_100": 0.46389,
                "ndcg_at_1000": 0.48172,
                "map_at_1": 0.25456,
                "map_at_3": 0.31837,
                "map_at_5": 0.34097,
                "map_at_10": 0.35326,
                "map_at_20": 0.35918,
                "map_at_100": 0.36434,
                "map_at_1000": 0.36512999999999995,
                "recall_at_1": 0.25456,
                "recall_at_3": 0.39892000000000005,
                "recall_at_5": 0.48524,
                "recall_at_10": 0.56254,
                "recall_at_20": 0.63783,
                "recall_at_100": 0.81164,
                "recall_at_1000": 0.9389,
                "precision_at_1": 0.27911,
                "precision_at_3": 0.14849,
                "precision_at_5": 0.11054,
                "precision_at_10": 0.06543,
                "precision_at_20": 0.03762,
                "precision_at_100": 0.00982,
                "precision_at_1000": 0.00126,
                "mrr_at_1": 0.279113,
                "mrr_at_3": 0.345348,
                "mrr_at_5": 0.36411,
                "mrr_at_10": 0.374528,
                "mrr_at_20": 0.379924,
                "mrr_at_100": 0.384368,
                "mrr_at_1000": 0.384845,
                "nauc_ndcg_at_1_max": 0.20847,
                "nauc_ndcg_at_1_std": -0.042672,
                "nauc_ndcg_at_1_diff1": 0.440328,
                "nauc_ndcg_at_3_max": 0.22770900000000002,
                "nauc_ndcg_at_3_std": -0.044297,
                "nauc_ndcg_at_3_diff1": 0.395551,
                "nauc_ndcg_at_5_max": 0.249005,
                "nauc_ndcg_at_5_std": -0.021591,
                "nauc_ndcg_at_5_diff1": 0.37369199999999997,
                "nauc_ndcg_at_10_max": 0.24909100000000003,
                "nauc_ndcg_at_10_std": -0.00384,
                "nauc_ndcg_at_10_diff1": 0.372953,
                "nauc_ndcg_at_20_max": 0.255194,
                "nauc_ndcg_at_20_std": 0.002725,
                "nauc_ndcg_at_20_diff1": 0.371091,
                "nauc_ndcg_at_100_max": 0.256145,
                "nauc_ndcg_at_100_std": 0.008263,
                "nauc_ndcg_at_100_diff1": 0.365502,
                "nauc_ndcg_at_1000_max": 0.245673,
                "nauc_ndcg_at_1000_std": 0.000609,
                "nauc_ndcg_at_1000_diff1": 0.369253,
                "nauc_map_at_1_max": 0.198422,
                "nauc_map_at_1_std": -0.05319100000000001,
                "nauc_map_at_1_diff1": 0.44122900000000004,
                "nauc_map_at_3_max": 0.219723,
                "nauc_map_at_3_std": -0.051189,
                "nauc_map_at_3_diff1": 0.40771,
                "nauc_map_at_5_max": 0.234629,
                "nauc_map_at_5_std": -0.035612,
                "nauc_map_at_5_diff1": 0.39307700000000007,
                "nauc_map_at_10_max": 0.23519499999999996,
                "nauc_map_at_10_std": -0.028228,
                "nauc_map_at_10_diff1": 0.39431600000000006,
                "nauc_map_at_20_max": 0.236993,
                "nauc_map_at_20_std": -0.025308,
                "nauc_map_at_20_diff1": 0.39295499999999994,
                "nauc_map_at_100_max": 0.236748,
                "nauc_map_at_100_std": -0.024658,
                "nauc_map_at_100_diff1": 0.391997,
                "nauc_map_at_1000_max": 0.23629,
                "nauc_map_at_1000_std": -0.024773,
                "nauc_map_at_1000_diff1": 0.391866,
                "nauc_recall_at_1_max": 0.198422,
                "nauc_recall_at_1_std": -0.05319100000000001,
                "nauc_recall_at_1_diff1": 0.44122900000000004,
                "nauc_recall_at_3_max": 0.235368,
                "nauc_recall_at_3_std": -0.044474,
                "nauc_recall_at_3_diff1": 0.363819,
                "nauc_recall_at_5_max": 0.280457,
                "nauc_recall_at_5_std": 0.007798,
                "nauc_recall_at_5_diff1": 0.310976,
                "nauc_recall_at_10_max": 0.275608,
                "nauc_recall_at_10_std": 0.059596,
                "nauc_recall_at_10_diff1": 0.296752,
                "nauc_recall_at_20_max": 0.301434,
                "nauc_recall_at_20_std": 0.087057,
                "nauc_recall_at_20_diff1": 0.284025,
                "nauc_recall_at_100_max": 0.35001,
                "nauc_recall_at_100_std": 0.188733,
                "nauc_recall_at_100_diff1": 0.181715,
                "nauc_recall_at_1000_max": 0.241775,
                "nauc_recall_at_1000_std": 0.236246,
                "nauc_recall_at_1000_diff1": 0.098065,
                "nauc_precision_at_1_max": 0.20847,
                "nauc_precision_at_1_std": -0.042672,
                "nauc_precision_at_1_diff1": 0.440328,
                "nauc_precision_at_3_max": 0.253066,
                "nauc_precision_at_3_std": -0.01959,
                "nauc_precision_at_3_diff1": 0.363505,
                "nauc_precision_at_5_max": 0.282705,
                "nauc_precision_at_5_std": 0.054924,
                "nauc_precision_at_5_diff1": 0.281981,
                "nauc_precision_at_10_max": 0.266247,
                "nauc_precision_at_10_std": 0.113267,
                "nauc_precision_at_10_diff1": 0.252188,
                "nauc_precision_at_20_max": 0.272545,
                "nauc_precision_at_20_std": 0.153152,
                "nauc_precision_at_20_diff1": 0.19916,
                "nauc_precision_at_100_max": 0.203749,
                "nauc_precision_at_100_std": 0.208664,
                "nauc_precision_at_100_diff1": 0.038397,
                "nauc_precision_at_1000_max": -0.121998,
                "nauc_precision_at_1000_std": 0.027227,
                "nauc_precision_at_1000_diff1": -0.184254,
                "nauc_mrr_at_1_max": 0.20847,
                "nauc_mrr_at_1_std": -0.042672,
                "nauc_mrr_at_1_diff1": 0.440328,
                "nauc_mrr_at_3_max": 0.22907,
                "nauc_mrr_at_3_std": -0.038749,
                "nauc_mrr_at_3_diff1": 0.401759,
                "nauc_mrr_at_5_max": 0.238195,
                "nauc_mrr_at_5_std": -0.025065,
                "nauc_mrr_at_5_diff1": 0.392975,
                "nauc_mrr_at_10_max": 0.23881699999999997,
                "nauc_mrr_at_10_std": -0.016467,
                "nauc_mrr_at_10_diff1": 0.391727,
                "nauc_mrr_at_20_max": 0.24,
                "nauc_mrr_at_20_std": -0.015741,
                "nauc_mrr_at_20_diff1": 0.391967,
                "nauc_mrr_at_100_max": 0.23811799999999997,
                "nauc_mrr_at_100_std": -0.016327,
                "nauc_mrr_at_100_diff1": 0.390917,
                "nauc_mrr_at_1000_max": 0.237897,
                "nauc_mrr_at_1000_std": -0.016494,
                "nauc_mrr_at_1000_diff1": 0.391019,
                "main_score": 0.40988
            }
        ]
    }
}