{
    "dataset_revision": "8731a845f1bf500a4f111cf1070785c793d10e64",
    "task_name": "T2Retrieval",
    "evaluation_time": null,
    "mteb_version": "0.0.0",
    "scores": {
        "dev": [
            {
                "hf_subset": "default",
                "languages": [
                    "cmn-Hans"
                ],
                "main_score": 83.163,
                "map_at_1": 26.875,
                "map_at_10": 75.454,
                "map_at_100": 79.036,
                "map_at_1000": 79.111,
                "map_at_20": 78.145,
                "map_at_3": 53.181,
                "map_at_5": 65.362,
                "mrr_at_1": 88.90057864281957,
                "mrr_at_10": 91.53186397301344,
                "mrr_at_100": 91.62809075510003,
                "mrr_at_1000": 91.63198173030787,
                "mrr_at_20": 91.59414668799909,
                "mrr_at_3": 91.0792565316499,
                "mrr_at_5": 91.35718043135199,
                "nauc_map_at_1000_diff1": 12.364843957982409,
                "nauc_map_at_1000_max": 52.07043464458799,
                "nauc_map_at_1000_std": 16.040095055100494,
                "nauc_map_at_100_diff1": 12.370621073823022,
                "nauc_map_at_100_max": 51.960738727635636,
                "nauc_map_at_100_std": 15.935832440430747,
                "nauc_map_at_10_diff1": 16.852819486606585,
                "nauc_map_at_10_max": 40.11184760756059,
                "nauc_map_at_10_std": 0.9306648364102376,
                "nauc_map_at_1_diff1": 52.87356542654683,
                "nauc_map_at_1_max": -22.210039746171255,
                "nauc_map_at_1_std": -38.11345358035342,
                "nauc_map_at_20_diff1": 13.045089059562837,
                "nauc_map_at_20_max": 49.591383082160036,
                "nauc_map_at_20_std": 12.54330050352008,
                "nauc_map_at_3_diff1": 38.08172234377615,
                "nauc_map_at_3_max": -6.868621684867697,
                "nauc_map_at_3_std": -35.4712388845996,
                "nauc_map_at_5_diff1": 29.665551705577474,
                "nauc_map_at_5_max": 10.958628576519045,
                "nauc_map_at_5_std": -25.113120842097057,
                "nauc_mrr_at_1000_diff1": 47.39372999496945,
                "nauc_mrr_at_1000_max": 83.11274997493808,
                "nauc_mrr_at_1000_std": 39.74195374546631,
                "nauc_mrr_at_100_diff1": 47.396678946057676,
                "nauc_mrr_at_100_max": 83.1192584274415,
                "nauc_mrr_at_100_std": 39.75840860374685,
                "nauc_mrr_at_10_diff1": 47.35365644138715,
                "nauc_mrr_at_10_max": 83.189165639531,
                "nauc_mrr_at_10_std": 39.83653157887758,
                "nauc_mrr_at_1_diff1": 47.98740362820094,
                "nauc_mrr_at_1_max": 80.32340034580369,
                "nauc_mrr_at_1_std": 34.57857131423388,
                "nauc_mrr_at_20_diff1": 47.399132055537194,
                "nauc_mrr_at_20_max": 83.16329919869686,
                "nauc_mrr_at_20_std": 39.84204692042734,
                "nauc_mrr_at_3_diff1": 47.09295580511751,
                "nauc_mrr_at_3_max": 82.95831045602642,
                "nauc_mrr_at_3_std": 38.98036804692351,
                "nauc_mrr_at_5_diff1": 47.20100268549764,
                "nauc_mrr_at_5_max": 83.16652480381642,
                "nauc_mrr_at_5_std": 39.55690491560902,
                "nauc_ndcg_at_1000_diff1": 17.201962509184547,
                "nauc_ndcg_at_1000_max": 63.75820559259539,
                "nauc_ndcg_at_1000_std": 29.28676096486067,
                "nauc_ndcg_at_100_diff1": 16.76847216096811,
                "nauc_ndcg_at_100_max": 62.646517934470744,
                "nauc_ndcg_at_100_std": 28.7441617667637,
                "nauc_ndcg_at_10_diff1": 16.559511980751886,
                "nauc_ndcg_at_10_max": 54.35027464277944,
                "nauc_ndcg_at_10_std": 16.98089333577716,
                "nauc_ndcg_at_1_diff1": 47.98740362820094,
                "nauc_ndcg_at_1_max": 80.32340034580369,
                "nauc_ndcg_at_1_std": 34.57857131423388,
                "nauc_ndcg_at_20_diff1": 16.721525245428243,
                "nauc_ndcg_at_20_max": 57.683661870555724,
                "nauc_ndcg_at_20_std": 21.736044200026853,
                "nauc_ndcg_at_3_diff1": 12.488009696556192,
                "nauc_ndcg_at_3_max": 69.2365575305502,
                "nauc_ndcg_at_3_std": 30.622418945055323,
                "nauc_ndcg_at_5_diff1": 12.364114556230609,
                "nauc_ndcg_at_5_max": 62.33360746285387,
                "nauc_ndcg_at_5_std": 24.898000803570227,
                "nauc_precision_at_1000_diff1": -35.14745130154524,
                "nauc_precision_at_1000_max": 48.811507982849065,
                "nauc_precision_at_1000_std": 62.43036496029399,
                "nauc_precision_at_100_diff1": -35.15276411320076,
                "nauc_precision_at_100_max": 50.87010333741109,
                "nauc_precision_at_100_std": 63.418221030407175,
                "nauc_precision_at_10_diff1": -34.84255710936113,
                "nauc_precision_at_10_max": 56.588401051428825,
                "nauc_precision_at_10_std": 57.4763370653757,
                "nauc_precision_at_1_diff1": 47.98740362820094,
                "nauc_precision_at_1_max": 80.32340034580369,
                "nauc_precision_at_1_std": 34.57857131423388,
                "nauc_precision_at_20_diff1": -35.165762365233505,
                "nauc_precision_at_20_max": 54.148762449660424,
                "nauc_precision_at_20_std": 61.569719669368716,
                "nauc_precision_at_3_diff1": -28.63023175340299,
                "nauc_precision_at_3_max": 68.69825987618499,
                "nauc_precision_at_3_std": 48.15479495755423,
                "nauc_precision_at_5_diff1": -34.13811355456687,
                "nauc_precision_at_5_max": 62.369363941490604,
                "nauc_precision_at_5_std": 52.282904411187914,
                "nauc_recall_at_1000_diff1": 8.686444579162663,
                "nauc_recall_at_1000_max": 59.58864478011338,
                "nauc_recall_at_1000_std": 56.692774954297455,
                "nauc_recall_at_100_diff1": 8.820596225758342,
                "nauc_recall_at_100_max": 53.15048885657892,
                "nauc_recall_at_100_std": 39.78931159236714,
                "nauc_recall_at_10_diff1": 16.022301106315027,
                "nauc_recall_at_10_max": 29.83242342459543,
                "nauc_recall_at_10_std": -4.805965555875844,
                "nauc_recall_at_1_diff1": 52.87356542654683,
                "nauc_recall_at_1_max": -22.210039746171255,
                "nauc_recall_at_1_std": -38.11345358035342,
                "nauc_recall_at_20_diff1": 10.35772828627265,
                "nauc_recall_at_20_max": 43.06420839754062,
                "nauc_recall_at_20_std": 15.040522218235692,
                "nauc_recall_at_3_diff1": 36.23953684770224,
                "nauc_recall_at_3_max": -11.709269151700374,
                "nauc_recall_at_3_std": -38.13943178150384,
                "nauc_recall_at_5_diff1": 28.644872415763384,
                "nauc_recall_at_5_max": 2.062151266111129,
                "nauc_recall_at_5_std": -30.81114034774277,
                "ndcg_at_1": 88.901,
                "ndcg_at_10": 83.163,
                "ndcg_at_100": 86.854,
                "ndcg_at_1000": 87.602,
                "ndcg_at_20": 84.908,
                "ndcg_at_3": 84.848,
                "ndcg_at_5": 83.372,
                "precision_at_1": 88.901,
                "precision_at_10": 41.343,
                "precision_at_100": 4.957000000000001,
                "precision_at_1000": 0.513,
                "precision_at_20": 22.955000000000002,
                "precision_at_3": 74.29599999999999,
                "precision_at_5": 62.251999999999995,
                "recall_at_1": 26.875,
                "recall_at_10": 81.902,