{
  "dataset_revision": "4ed8415e9dc24060deefc84be59e2db0aacbadcc",
  "task_name": "SIQA",
  "mteb_version": "1.18.0",
  "scores": {
    "test": [
      {
        "ndcg_at_1": 0.02661,
        "ndcg_at_3": 0.04147,
        "ndcg_at_5": 0.04722,
        "ndcg_at_10": 0.05581,
        "ndcg_at_20": 0.06346,
        "ndcg_at_100": 0.08431,
        "ndcg_at_1000": 0.12105,
        "map_at_1": 0.02661,
        "map_at_3": 0.03762,
        "map_at_5": 0.04084,
        "map_at_10": 0.04438,
        "map_at_20": 0.04649,
        "map_at_100": 0.04915,
        "map_at_1000": 0.05018,
        "recall_at_1": 0.02661,
        "recall_at_3": 0.05271,
        "recall_at_5": 0.06653,
        "recall_at_10": 0.09314,
        "recall_at_20": 0.12334,
        "recall_at_100": 0.239,
        "recall_at_1000": 0.54862,
        "precision_at_1": 0.02661,
        "precision_at_3": 0.01757,
        "precision_at_5": 0.01331,
        "precision_at_10": 0.00931,
        "precision_at_20": 0.00617,
        "precision_at_100": 0.00239,
        "precision_at_1000": 0.00055,
        "mrr_at_1": 0.026612,
        "mrr_at_3": 0.037615,
        "mrr_at_5": 0.040839,
        "mrr_at_10": 0.044376,
        "mrr_at_20": 0.046485,
        "mrr_at_100": 0.049145,
        "mrr_at_1000": 0.050182,
        "nauc_ndcg_at_1_max": 0.245334,
        "nauc_ndcg_at_1_std": -0.045295,
        "nauc_ndcg_at_1_diff1": 0.330205,
        "nauc_ndcg_at_3_max": 0.212132,
        "nauc_ndcg_at_3_std": -0.009849,
        "nauc_ndcg_at_3_diff1": 0.175481,
        "nauc_ndcg_at_5_max": 0.194366,
        "nauc_ndcg_at_5_std": 0.000103,
        "nauc_ndcg_at_5_diff1": 0.168829,
        "nauc_ndcg_at_10_max": 0.155024,
        "nauc_ndcg_at_10_std": 0.005635,
        "nauc_ndcg_at_10_diff1": 0.149886,
        "nauc_ndcg_at_20_max": 0.148259,
        "nauc_ndcg_at_20_std": 0.017301,
        "nauc_ndcg_at_20_diff1": 0.14133,
        "nauc_ndcg_at_100_max": 0.128858,
        "nauc_ndcg_at_100_std": 0.023896,
        "nauc_ndcg_at_100_diff1": 0.108981,
        "nauc_ndcg_at_1000_max": 0.111523,
        "nauc_ndcg_at_1000_std": 0.028675,
        "nauc_ndcg_at_1000_diff1": 0.090299,
        "nauc_map_at_1_max": 0.245334,
        "nauc_map_at_1_std": -0.045295,
        "nauc_map_at_1_diff1": 0.330205,
        "nauc_map_at_3_max": 0.219078,
        "nauc_map_at_3_std": -0.018134,
        "nauc_map_at_3_diff1": 0.203164,
        "nauc_map_at_5_max": 0.207281,
        "nauc_map_at_5_std": -0.010915,
        "nauc_map_at_5_diff1": 0.197285,
        "nauc_map_at_10_max": 0.185427,
        "nauc_map_at_10_std": -0.008404,
        "nauc_map_at_10_diff1": 0.185126,
        "nauc_map_at_20_max": 0.182203,
        "nauc_map_at_20_std": -0.00336,
        "nauc_map_at_20_diff1": 0.180468,
        "nauc_map_at_100_max": 0.178622,
        "nauc_map_at_100_std": -0.000106,
        "nauc_map_at_100_diff1": 0.173452,
        "nauc_map_at_1000_max": 0.177343,
        "nauc_map_at_1000_std": 0.000269,
        "nauc_map_at_1000_diff1": 0.171891,
        "nauc_recall_at_1_max": 0.245334,
        "nauc_recall_at_1_std": -0.045295,
        "nauc_recall_at_1_diff1": 0.330205,
        "nauc_recall_at_3_max": 0.197452,
        "nauc_recall_at_3_std": 0.007871,
        "nauc_recall_at_3_diff1": 0.118096,
        "nauc_recall_at_5_max": 0.169502,
        "nauc_recall_at_5_std": 0.020884,
        "nauc_recall_at_5_diff1": 0.11709,
        "nauc_recall_at_10_max": 0.104618,
        "nauc_recall_at_10_std": 0.028329,
        "nauc_recall_at_10_diff1": 0.097027,
        "nauc_recall_at_20_max": 0.09917,
        "nauc_recall_at_20_std": 0.047717,
        "nauc_recall_at_20_diff1": 0.090077,
        "nauc_recall_at_100_max": 0.067132,
        "nauc_recall_at_100_std": 0.04672,
        "nauc_recall_at_100_diff1": 0.032318,
        "nauc_recall_at_1000_max": 0.018584,
        "nauc_recall_at_1000_std": 0.059357,
        "nauc_recall_at_1000_diff1": -0.016579,
        "nauc_precision_at_1_max": 0.245334,
        "nauc_precision_at_1_std": -0.045295,
        "nauc_precision_at_1_diff1": 0.330205,
        "nauc_precision_at_3_max": 0.197452,
        "nauc_precision_at_3_std": 0.007871,
        "nauc_precision_at_3_diff1": 0.118096,
        "nauc_precision_at_5_max": 0.169502,
        "nauc_precision_at_5_std": 0.020884,
        "nauc_precision_at_5_diff1": 0.11709,
        "nauc_precision_at_10_max": 0.104618,
        "nauc_precision_at_10_std": 0.028329,
        "nauc_precision_at_10_diff1": 0.097027,
        "nauc_precision_at_20_max": 0.09917,
        "nauc_precision_at_20_std": 0.047717,
        "nauc_precision_at_20_diff1": 0.090077,
        "nauc_precision_at_100_max": 0.067132,
        "nauc_precision_at_100_std": 0.04672,
        "nauc_precision_at_100_diff1": 0.032318,
        "nauc_precision_at_1000_max": 0.018584,
        "nauc_precision_at_1000_std": 0.059357,
        "nauc_precision_at_1000_diff1": -0.016579,
        "nauc_mrr_at_1_max": 0.245334,
        "nauc_mrr_at_1_std": -0.045295,
        "nauc_mrr_at_1_diff1": 0.330205,
        "nauc_mrr_at_3_max": 0.219078,
        "nauc_mrr_at_3_std": -0.018134,
        "nauc_mrr_at_3_diff1": 0.203164,
        "nauc_mrr_at_5_max": 0.207281,
        "nauc_mrr_at_5_std": -0.010915,
        "nauc_mrr_at_5_diff1": 0.197285,
        "nauc_mrr_at_10_max": 0.185427,
        "nauc_mrr_at_10_std": -0.008404,
        "nauc_mrr_at_10_diff1": 0.185126,
        "nauc_mrr_at_20_max": 0.182203,
        "nauc_mrr_at_20_std": -0.00336,
        "nauc_mrr_at_20_diff1": 0.180468,
        "nauc_mrr_at_100_max": 0.178622,
        "nauc_mrr_at_100_std": -0.000106,
        "nauc_mrr_at_100_diff1": 0.173452,
        "nauc_mrr_at_1000_max": 0.177343,
        "nauc_mrr_at_1000_std": 0.000269,
        "nauc_mrr_at_1000_diff1": 0.171891,
        "main_score": 0.05581,
        "hf_subset": "default",
        "languages": [
          "eng-Latn"
        ]
      }
    ]
  },
  "evaluation_time": 436.08823323249817,
  "kg_co2_emissions": null
}