{
  "dataset_revision": "3c742a98c0c17f7041acf0895680e0ec0000786f",
  "task_name": "ArguAna-Fa.v2",
  "mteb_version": "2.6.7",
  "scores": {
    "test": [
      {
        "ndcg_at_1": 0.26529,
        "ndcg_at_3": 0.39974,
        "ndcg_at_5": 0.44636,
        "ndcg_at_10": 0.49875,
        "ndcg_at_20": 0.52426,
        "ndcg_at_100": 0.5429,
        "ndcg_at_1000": 0.54588,
        "map_at_1": 0.26529,
        "map_at_3": 0.36593,
        "map_at_5": 0.392,
        "map_at_10": 0.4136,
        "map_at_20": 0.42078,
        "map_at_100": 0.42352,
        "map_at_1000": 0.42363,
        "recall_at_1": 0.26529,
        "recall_at_3": 0.49787,
        "recall_at_5": 0.61024,
        "recall_at_10": 0.7724,
        "recall_at_20": 0.87198,
        "recall_at_100": 0.97013,
        "recall_at_1000": 0.9936,
        "accuracy": 0.26529,
        "precision_at_1": 0.26529,
        "precision_at_3": 0.16596,
        "precision_at_5": 0.12205,
        "precision_at_10": 0.07724,
        "precision_at_20": 0.0436,
        "precision_at_100": 0.0097,
        "precision_at_1000": 0.00099,
        "mrr_at_1": 0.266714,
        "mrr_at_3": 0.366287,
        "mrr_at_5": 0.392354,
        "mrr_at_10": 0.413948,
        "mrr_at_20": 0.421129,
        "mrr_at_100": 0.423872,
        "mrr_at_1000": 0.423981,
        "nauc_ndcg_at_1_max": -0.062428,
        "nauc_ndcg_at_1_std": -0.0836,
        "nauc_ndcg_at_1_diff1": 0.131556,
        "nauc_ndcg_at_3_max": -0.018012,
        "nauc_ndcg_at_3_std": -0.066045,
        "nauc_ndcg_at_3_diff1": 0.074101,
        "nauc_ndcg_at_5_max": -0.005084,
        "nauc_ndcg_at_5_std": -0.06638,
        "nauc_ndcg_at_5_diff1": 0.069453,
        "nauc_ndcg_at_10_max": 0.010357,
        "nauc_ndcg_at_10_std": -0.051116,
        "nauc_ndcg_at_10_diff1": 0.063592,
        "nauc_ndcg_at_20_max": 0.01327,
        "nauc_ndcg_at_20_std": -0.038289,
        "nauc_ndcg_at_20_diff1": 0.076675,
        "nauc_ndcg_at_100_max": 0.000961,
        "nauc_ndcg_at_100_std": -0.041364,
        "nauc_ndcg_at_100_diff1": 0.07859,
        "nauc_ndcg_at_1000_max": -0.004987,
        "nauc_ndcg_at_1000_std": -0.048945,
        "nauc_ndcg_at_1000_diff1": 0.078792,
        "nauc_map_at_1_max": -0.062428,
        "nauc_map_at_1_std": -0.0836,
        "nauc_map_at_1_diff1": 0.131556,
        "nauc_map_at_3_max": -0.028845,
        "nauc_map_at_3_std": -0.07006,
        "nauc_map_at_3_diff1": 0.086198,
        "nauc_map_at_5_max": -0.02217,
        "nauc_map_at_5_std": -0.070469,
        "nauc_map_at_5_diff1": 0.083951,
        "nauc_map_at_10_max": -0.017173,
        "nauc_map_at_10_std": -0.064982,
        "nauc_map_at_10_diff1": 0.081955,
        "nauc_map_at_20_max": -0.016675,
        "nauc_map_at_20_std": -0.061775,
        "nauc_map_at_20_diff1": 0.085526,
        "nauc_map_at_100_max": -0.017993,
        "nauc_map_at_100_std": -0.061927,
        "nauc_map_at_100_diff1": 0.085939,
        "nauc_map_at_1000_max": -0.018179,
        "nauc_map_at_1000_std": -0.062138,
        "nauc_map_at_1000_diff1": 0.085926,
        "nauc_recall_at_1_max": -0.062428,
        "nauc_recall_at_1_std": -0.0836,
        "nauc_recall_at_1_diff1": 0.131556,
        "nauc_recall_at_3_max": 0.012548,
        "nauc_recall_at_3_std": -0.05482,
        "nauc_recall_at_3_diff1": 0.040701,
        "nauc_recall_at_5_max": 0.050129,
        "nauc_recall_at_5_std": -0.053676,
        "nauc_recall_at_5_diff1": 0.024541,
        "nauc_recall_at_10_max": 0.146489,
        "nauc_recall_at_10_std": 0.020862,
        "nauc_recall_at_10_diff1": -0.020352,
        "nauc_recall_at_20_max": 0.255784,
        "nauc_recall_at_20_std": 0.171979,
        "nauc_recall_at_20_diff1": 0.035284,
        "nauc_recall_at_100_max": 0.40962,
        "nauc_recall_at_100_std": 0.634368,
        "nauc_recall_at_100_diff1": -0.02626,
        "nauc_recall_at_1000_max": 0.060514,
        "nauc_recall_at_1000_std": 0.691387,
        "nauc_recall_at_1000_diff1": -0.293751,
        "nauc_precision_at_1_max": -0.062428,
        "nauc_precision_at_1_std": -0.0836,
        "nauc_precision_at_1_diff1": 0.131556,
        "nauc_precision_at_3_max": 0.012548,
        "nauc_precision_at_3_std": -0.05482,
        "nauc_precision_at_3_diff1": 0.040701,
        "nauc_precision_at_5_max": 0.050129,
        "nauc_precision_at_5_std": -0.053676,
        "nauc_precision_at_5_diff1": 0.024541,
        "nauc_precision_at_10_max": 0.146489,
        "nauc_precision_at_10_std": 0.020862,
        "nauc_precision_at_10_diff1": -0.020352,
        "nauc_precision_at_20_max": 0.255784,
        "nauc_precision_at_20_std": 0.171979,
        "nauc_precision_at_20_diff1": 0.035284,
        "nauc_precision_at_100_max": 0.40962,
        "nauc_precision_at_100_std": 0.634368,
        "nauc_precision_at_100_diff1": -0.02626,
        "nauc_precision_at_1000_max": 0.060514,
        "nauc_precision_at_1000_std": 0.691387,
        "nauc_precision_at_1000_diff1": -0.293751,
        "nauc_mrr_at_1_max": -0.059394,
        "nauc_mrr_at_1_std": -0.080942,
        "nauc_mrr_at_1_diff1": 0.12688,
        "nauc_mrr_at_3_max": -0.02924,
        "nauc_mrr_at_3_std": -0.069142,
        "nauc_mrr_at_3_diff1": 0.082387,
        "nauc_mrr_at_5_max": -0.022586,
        "nauc_mrr_at_5_std": -0.069524,
        "nauc_mrr_at_5_diff1": 0.080032,
        "nauc_mrr_at_10_max": -0.017711,
        "nauc_mrr_at_10_std": -0.06402,
        "nauc_mrr_at_10_diff1": 0.077741,
        "nauc_mrr_at_20_max": -0.017224,
        "nauc_mrr_at_20_std": -0.060799,
        "nauc_mrr_at_20_diff1": 0.081228,
        "nauc_mrr_at_100_max": -0.018546,
        "nauc_mrr_at_100_std": -0.060943,
        "nauc_mrr_at_100_diff1": 0.081603,
        "nauc_mrr_at_1000_max": -0.018732,
        "nauc_mrr_at_1000_std": -0.061153,
        "nauc_mrr_at_1000_diff1": 0.081588,
        "cv_recall_at_1": 0.26671,
        "cv_recall_at_3": 0.49787,
        "cv_recall_at_5": 0.61024,
        "cv_recall_at_10": 0.7724,
        "cv_recall_at_20": 0.87198,
        "cv_recall_at_100": 0.97013,
        "cv_recall_at_1000": 0.9936,
        "main_score": 0.49875,
        "hf_subset": "default",
        "languages": [
          "fas-Arab"
        ]
      }
    ]
  },
  "evaluation_time": 36.12850069999695,
  "kg_co2_emissions": null
}