{
  "dataset_revision": "837028901907a7d419b4ab906f28e011ce1cc824",
  "task_name": "MultiLongDocRetrieval",
  "mteb_version": "2.6.7",
  "scores": {
    "dev": [
      {
        "ndcg_at_1": 0.235,
        "ndcg_at_3": 0.2772,
        "ndcg_at_5": 0.29377,
        "ndcg_at_10": 0.31507,
        "ndcg_at_20": 0.32409,
        "ndcg_at_100": 0.35856,
        "ndcg_at_1000": 0.38327,
        "map_at_1": 0.235,
        "map_at_3": 0.2675,
        "map_at_5": 0.27675,
        "map_at_10": 0.2857,
        "map_at_20": 0.28826,
        "map_at_100": 0.29277,
        "map_at_1000": 0.29359,
        "recall_at_1": 0.235,
        "recall_at_3": 0.305,
        "recall_at_5": 0.345,
        "recall_at_10": 0.41,
        "recall_at_20": 0.445,
        "recall_at_100": 0.635,
        "recall_at_1000": 0.835,
        "accuracy": 0.235,
        "precision_at_1": 0.235,
        "precision_at_3": 0.10167,
        "precision_at_5": 0.069,
        "precision_at_10": 0.041,
        "precision_at_20": 0.02225,
        "precision_at_100": 0.00635,
        "precision_at_1000": 0.00084,
        "mrr_at_1": 0.235,
        "mrr_at_3": 0.2675,
        "mrr_at_5": 0.27675,
        "mrr_at_10": 0.285698,
        "mrr_at_20": 0.288261,
        "mrr_at_100": 0.292766,
        "mrr_at_1000": 0.293595,
        "nauc_ndcg_at_1_max": 0.298997,
        "nauc_ndcg_at_1_std": 0.01259,
        "nauc_ndcg_at_1_diff1": 0.446259,
        "nauc_ndcg_at_3_max": 0.338691,
        "nauc_ndcg_at_3_std": 0.04012,
        "nauc_ndcg_at_3_diff1": 0.404118,
        "nauc_ndcg_at_5_max": 0.341679,
        "nauc_ndcg_at_5_std": 0.044652,
        "nauc_ndcg_at_5_diff1": 0.373472,
        "nauc_ndcg_at_10_max": 0.344145,
        "nauc_ndcg_at_10_std": 0.044917,
        "nauc_ndcg_at_10_diff1": 0.341611,
        "nauc_ndcg_at_20_max": 0.331867,
        "nauc_ndcg_at_20_std": 0.052437,
        "nauc_ndcg_at_20_diff1": 0.34107,
        "nauc_ndcg_at_100_max": 0.353396,
        "nauc_ndcg_at_100_std": 0.099955,
        "nauc_ndcg_at_100_diff1": 0.343716,
        "nauc_ndcg_at_1000_max": 0.354669,
        "nauc_ndcg_at_1000_std": 0.102695,
        "nauc_ndcg_at_1000_diff1": 0.342202,
        "nauc_map_at_1_max": 0.298997,
        "nauc_map_at_1_std": 0.01259,
        "nauc_map_at_1_diff1": 0.446259,
        "nauc_map_at_3_max": 0.328808,
        "nauc_map_at_3_std": 0.033232,
        "nauc_map_at_3_diff1": 0.414038,
        "nauc_map_at_5_max": 0.330512,
        "nauc_map_at_5_std": 0.035506,
        "nauc_map_at_5_diff1": 0.397006,
        "nauc_map_at_10_max": 0.331915,
        "nauc_map_at_10_std": 0.035631,
        "nauc_map_at_10_diff1": 0.382971,
        "nauc_map_at_20_max": 0.328456,
        "nauc_map_at_20_std": 0.038089,
        "nauc_map_at_20_diff1": 0.382782,
        "nauc_map_at_100_max": 0.331107,
        "nauc_map_at_100_std": 0.043753,
        "nauc_map_at_100_diff1": 0.383828,
        "nauc_map_at_1000_max": 0.331329,
        "nauc_map_at_1000_std": 0.044251,
        "nauc_map_at_1000_diff1": 0.383623,
        "nauc_recall_at_1_max": 0.298997,
        "nauc_recall_at_1_std": 0.01259,
        "nauc_recall_at_1_diff1": 0.446259,
        "nauc_recall_at_3_max": 0.365901,
        "nauc_recall_at_3_std": 0.059095,
        "nauc_recall_at_3_diff1": 0.377007,
        "nauc_recall_at_5_max": 0.372376,
        "nauc_recall_at_5_std": 0.070392,
        "nauc_recall_at_5_diff1": 0.30571,
        "nauc_recall_at_10_max": 0.377307,
        "nauc_recall_at_10_std": 0.070682,
        "nauc_recall_at_10_diff1": 0.217691,
        "nauc_recall_at_20_max": 0.332009,
        "nauc_recall_at_20_std": 0.096357,
        "nauc_recall_at_20_diff1": 0.214735,
        "nauc_recall_at_100_max": 0.463104,
        "nauc_recall_at_100_std": 0.401792,
        "nauc_recall_at_100_diff1": 0.193197,
        "nauc_recall_at_1000_max": 0.555275,
        "nauc_recall_at_1000_std": 0.65549,
        "nauc_recall_at_1000_diff1": 0.0572,
        "nauc_precision_at_1_max": 0.298997,
        "nauc_precision_at_1_std": 0.01259,
        "nauc_precision_at_1_diff1": 0.446259,
        "nauc_precision_at_3_max": 0.365901,
        "nauc_precision_at_3_std": 0.059095,
        "nauc_precision_at_3_diff1": 0.377007,
        "nauc_precision_at_5_max": 0.372376,
        "nauc_precision_at_5_std": 0.070392,
        "nauc_precision_at_5_diff1": 0.30571,
        "nauc_precision_at_10_max": 0.377307,
        "nauc_precision_at_10_std": 0.070682,
        "nauc_precision_at_10_diff1": 0.217691,
        "nauc_precision_at_20_max": 0.332009,
        "nauc_precision_at_20_std": 0.096357,
        "nauc_precision_at_20_diff1": 0.214735,
        "nauc_precision_at_100_max": 0.463104,
        "nauc_precision_at_100_std": 0.401792,
        "nauc_precision_at_100_diff1": 0.193197,
        "nauc_precision_at_1000_max": 0.555275,
        "nauc_precision_at_1000_std": 0.65549,
        "nauc_precision_at_1000_diff1": 0.0572,
        "nauc_mrr_at_1_max": 0.298997,
        "nauc_mrr_at_1_std": 0.01259,
        "nauc_mrr_at_1_diff1": 0.446259,
        "nauc_mrr_at_3_max": 0.328808,
        "nauc_mrr_at_3_std": 0.033232,
        "nauc_mrr_at_3_diff1": 0.414038,
        "nauc_mrr_at_5_max": 0.330512,
        "nauc_mrr_at_5_std": 0.035506,
        "nauc_mrr_at_5_diff1": 0.397006,
        "nauc_mrr_at_10_max": 0.331915,
        "nauc_mrr_at_10_std": 0.035631,
        "nauc_mrr_at_10_diff1": 0.382971,
        "nauc_mrr_at_20_max": 0.328456,
        "nauc_mrr_at_20_std": 0.038089,
        "nauc_mrr_at_20_diff1": 0.382782,
        "nauc_mrr_at_100_max": 0.331107,
        "nauc_mrr_at_100_std": 0.043753,
        "nauc_mrr_at_100_diff1": 0.383828,
        "nauc_mrr_at_1000_max": 0.331329,
        "nauc_mrr_at_1000_std": 0.044251,
        "nauc_mrr_at_1000_diff1": 0.383623,
        "cv_recall_at_1": 0.235,
        "cv_recall_at_3": 0.305,
        "cv_recall_at_5": 0.345,
        "cv_recall_at_10": 0.41,
        "cv_recall_at_20": 0.445,
        "cv_recall_at_100": 0.635,
        "cv_recall_at_1000": 0.835,
        "main_score": 0.31507,
        "hf_subset": "ja",
        "languages": [
          "jpn-Jpan"
        ]
      }
    ],
    "test": [
      {
        "ndcg_at_1": 0.15,
        "ndcg_at_3": 0.21286,
        "ndcg_at_5": 0.23738,
        "ndcg_at_10": 0.25213,
        "ndcg_at_20": 0.26857,
        "ndcg_at_100": 0.28631,
        "ndcg_at_1000": 0.31616,
        "map_at_1": 0.15,
        "map_at_3": 0.19667,
        "map_at_5": 0.21017,
        "map_at_10": 0.21636,
        "map_at_20": 0.22088,
        "map_at_100": 0.22304,
        "map_at_1000": 0.22407,
        "recall_at_1": 0.15,
        "recall_at_3": 0.26,
        "recall_at_5": 0.32,
        "recall_at_10": 0.365,
        "recall_at_20": 0.43,
        "recall_at_100": 0.53,
        "recall_at_1000": 0.77,
        "accuracy": 0.15,
        "precision_at_1": 0.15,
        "precision_at_3": 0.08667,
        "precision_at_5": 0.064,
        "precision_at_10": 0.0365,
        "precision_at_20": 0.0215,
        "precision_at_100": 0.0053,
        "precision_at_1000": 0.00077,
        "mrr_at_1": 0.15,
        "mrr_at_3": 0.196667,
        "mrr_at_5": 0.210167,
        "mrr_at_10": 0.216357,
        "mrr_at_20": 0.220876,
        "mrr_at_100": 0.22304,
        "mrr_at_1000": 0.224065,
        "nauc_ndcg_at_1_max": 0.281816,
        "nauc_ndcg_at_1_std": -0.089578,
        "nauc_ndcg_at_1_diff1": 0.490162,
        "nauc_ndcg_at_3_max": 0.305947,
        "nauc_ndcg_at_3_std": -0.083737,
        "nauc_ndcg_at_3_diff1": 0.373087,
        "nauc_ndcg_at_5_max": 0.312665,
        "nauc_ndcg_at_5_std": -0.068211,
        "nauc_ndcg_at_5_diff1": 0.384833,
        "nauc_ndcg_at_10_max": 0.328949,
        "nauc_ndcg_at_10_std": -0.043802,
        "nauc_ndcg_at_10_diff1": 0.379533,
        "nauc_ndcg_at_20_max": 0.342526,
        "nauc_ndcg_at_20_std": -0.008223,
        "nauc_ndcg_at_20_diff1": 0.393755,
        "nauc_ndcg_at_100_max": 0.337829,
        "nauc_ndcg_at_100_std": 0.003036,