{
  "dataset_revision": "6e6a40aaade2129f70432f2156a6d24b63d72be3",
  "task_name": "TwitterURLCorpus-VN",
  "mteb_version": "2.6.7",
  "scores": {
    "test": [
      {
        "similarity_accuracy": 0.865929,
        "similarity_f1": 0.768604,
        "similarity_precision": 0.713052,
        "similarity_recall": 0.833544,
        "similarity_ap": 0.848183,
        "cosine_accuracy": 0.865929,
        "cosine_f1": 0.768604,
        "cosine_precision": 0.713052,
        "cosine_recall": 0.833544,
        "cosine_ap": 0.848429,
        "manhattan_accuracy": 0.865896,
        "manhattan_f1": 0.768146,
        "manhattan_precision": 0.704975,
        "manhattan_recall": 0.843754,
        "manhattan_ap": 0.847582,
        "euclidean_accuracy": 0.866062,
        "euclidean_f1": 0.768766,
        "euclidean_precision": 0.714595,
        "euclidean_recall": 0.831823,
        "euclidean_ap": 0.848393,
        "dot_accuracy": 0.86583,
        "dot_f1": 0.768448,
        "dot_precision": 0.7143,
        "dot_recall": 0.831479,
        "dot_ap": 0.848753,
        "max_accuracy": 0.866062,
        "max_f1": 0.768766,
        "max_precision": 0.714595,
        "max_recall": 0.843754,
        "max_ap": 0.848753,
        "main_score": 0.848753,
        "hf_subset": "default",
        "languages": [
          "vie-Latn"
        ]
      }
    ]
  },
  "evaluation_time": 36.422197341918945,
  "kg_co2_emissions": null
}