{
    "dataset_revision": "None",
    "task_name": "HotpotQA",
    "evaluation_time": null,
    "mteb_version": null,
    "scores": {
        "test": [
            {
                "hf_subset": "default",
                "languages": [
                    "eng-Latn"
                ],
                "map_at_1": 0.36253,
                "map_at_10": 0.56168,
                "map_at_100": 0.57061,
                "map_at_1000": 0.57126,
                "map_at_3": 0.52645,
                "map_at_5": 0.54909,
                "mrr_at_1": 0.72505,
                "mrr_at_10": 0.7966,
                "mrr_at_100": 0.79869,
                "mrr_at_1000": 0.7988,
                "mrr_at_3": 0.78411,
                "mrr_at_5": 0.7919800000000001,
                "ndcg_at_1": 0.72505,
                "ndcg_at_10": 0.65094,
                "ndcg_at_100": 0.68219,
                "ndcg_at_1000": 0.69515,
                "ndcg_at_3": 0.5999,
                "ndcg_at_5": 0.62909,
                "precision_at_1": 0.72505,
                "precision_at_10": 0.13749,
                "precision_at_100": 0.01619,
                "precision_at_1000": 0.00179,
                "precision_at_3": 0.38356999999999997,
                "precision_at_5": 0.25313,
                "recall_at_1": 0.36253,
                "recall_at_10": 0.68744,
                "recall_at_100": 0.80925,
                "recall_at_1000": 0.89534,
                "recall_at_3": 0.57535,
                "recall_at_5": 0.63282,
                "main_score": 0.65094
            }
        ]
    }
}