{
    "dataset_revision": "None",
    "task_name": "CQADupstackAndroidRetrieval",
    "evaluation_time": -1,
    "mteb_version": "0.0.0",
    "scores": {
        "test": [
            {
                "hf_subset": "default",
                "languages": [
                    "eng-Latn"
                ],
                "map_at_1": 34.376,
                "map_at_10": 45.214,
                "map_at_100": 46.635,
                "map_at_1000": 46.755,
                "map_at_3": 42.198,
                "map_at_5": 43.723,
                "mrr_at_1": 41.774,
                "mrr_at_10": 51.07000000000001,
                "mrr_at_100": 51.785000000000004,
                "mrr_at_1000": 51.824999999999996,
                "mrr_at_3": 48.808,
                "mrr_at_5": 50.11,
                "ndcg_at_1": 41.774,
                "ndcg_at_10": 51.105999999999995,
                "ndcg_at_100": 56.358,
                "ndcg_at_1000": 58.205,
                "ndcg_at_3": 46.965,
                "ndcg_at_5": 48.599,
                "precision_at_1": 41.774,
                "precision_at_10": 9.514,
                "precision_at_100": 1.508,
                "precision_at_1000": 0.196,
                "precision_at_3": 22.175,
                "precision_at_5": 15.508,
                "recall_at_1": 34.376,
                "recall_at_10": 61.748000000000005,
                "recall_at_100": 84.025,
                "recall_at_1000": 95.5,
                "recall_at_3": 49.378,
                "recall_at_5": 54.276,
                "main_score": 51.105999999999995
            },
            {
                "hf_subset": "default",
                "languages": [
                    "eng-Latn"
                ],
                "map_at_1": 32.394,
                "map_at_10": 42.707,
                "map_at_100": 43.893,
                "map_at_1000": 44.019000000000005,
                "map_at_3": 39.51,
                "map_at_5": 41.381,
                "mrr_at_1": 41.019,
                "mrr_at_10": 49.042,
                "mrr_at_100": 49.669000000000004,
                "mrr_at_1000": 49.712,
                "mrr_at_3": 46.921,
                "mrr_at_5": 48.192,
                "ndcg_at_1": 41.019,
                "ndcg_at_10": 48.46,
                "ndcg_at_100": 52.537,
                "ndcg_at_1000": 54.491,
                "ndcg_at_3": 44.232,
                "ndcg_at_5": 46.305,
                "precision_at_1": 41.019,
                "precision_at_10": 9.134,
                "precision_at_100": 1.422,
                "precision_at_1000": 0.188,
                "precision_at_3": 21.38,
                "precision_at_5": 15.096000000000002,
                "recall_at_1": 32.394,
                "recall_at_10": 58.11500000000001,
                "recall_at_100": 75.509,
                "recall_at_1000": 87.812,
                "recall_at_3": 45.476,
                "recall_at_5": 51.549,
                "main_score": 48.46
            },
            {
                "hf_subset": "default",
                "languages": [
                    "eng-Latn"
                ],
                "map_at_1": 43.47,
                "map_at_10": 55.871,
                "map_at_100": 56.745000000000005,
                "map_at_1000": 56.794,
                "map_at_3": 52.439,
                "map_at_5": 54.412000000000006,
                "mrr_at_1": 49.592000000000006,
                "mrr_at_10": 59.34199999999999,
                "mrr_at_100": 59.857000000000006,
                "mrr_at_1000": 59.88,
                "mrr_at_3": 56.897,
                "mrr_at_5": 58.339,
                "ndcg_at_1": 49.592000000000006,
                "ndcg_at_10": 61.67,
                "ndcg_at_100": 65.11099999999999,
                "ndcg_at_1000": 66.065,
                "ndcg_at_3": 56.071000000000005,
                "ndcg_at_5": 58.84700000000001,
                "precision_at_1": 49.592000000000006,
                "precision_at_10": 9.774,
                "precision_at_100": 1.2449999999999999,
                "precision_at_1000": 0.13699999999999998,
                "precision_at_3": 24.66,
                "precision_at_5": 16.878,
                "recall_at_1": 43.47,
                "recall_at_10": 75.387,
                "recall_at_100": 90.253,
                "recall_at_1000": 97.00800000000001,
                "recall_at_3": 60.616,
                "recall_at_5": 67.31899999999999,
                "main_score": 61.67
            },
            {
                "hf_subset": "default",
                "languages": [
                    "eng-Latn"
                ],
                "map_at_1": 26.633000000000003,
                "map_at_10": 35.497,
                "map_at_100": 36.504,
                "map_at_1000": 36.574,
                "map_at_3": 33.115,
                "map_at_5": 34.536,
                "mrr_at_1": 28.927000000000003,
                "mrr_at_10": 37.778,
                "mrr_at_100": 38.634,
                "mrr_at_1000": 38.690000000000005,
                "mrr_at_3": 35.518,
                "mrr_at_5": 36.908,
                "ndcg_at_1": 28.927000000000003,
                "ndcg_at_10": 40.327,
                "ndcg_at_100": 45.321,
                "ndcg_at_1000": 47.214,
                "ndcg_at_3": 35.762,
                "ndcg_at_5": 38.153999999999996,
                "precision_at_1": 28.927000000000003,
                "precision_at_10": 6.045,
                "precision_at_100": 0.901,
                "precision_at_1000": 0.11,
                "precision_at_3": 15.140999999999998,
                "precision_at_5": 10.485999999999999,
                "recall_at_1": 26.633000000000003,
                "recall_at_10": 52.99,
                "recall_at_100": 76.086,
                "recall_at_1000": 90.46300000000001,
                "recall_at_3": 40.738,
                "recall_at_5": 46.449,
                "main_score": 40.327
            },
            {
                "hf_subset": "default",
                "languages": [
                    "eng-Latn"
                ],
                "map_at_1": 17.521,
                "map_at_10": 25.130000000000003,
                "map_at_100": 26.176,
                "map_at_1000": 26.289,
                "map_at_3": 22.829,
                "map_at_5": 24.082,
                "mrr_at_1": 21.766,
                "mrr_at_10": 29.801,
                "mrr_at_100": 30.682,
                "mrr_at_1000": 30.75,
                "mrr_at_3": 27.633000000000003,
                "mrr_at_5": 28.858,
                "ndcg_at_1": 21.766,
                "ndcg_at_10": 30.026000000000003,
                "ndcg_at_100": 35.429,
                "ndcg_at_1000": 38.236,
                "ndcg_at_3": 25.968000000000004,
                "ndcg_at_5": 27.785,
                "precision_at_1": 21.766,
                "precision_at_10": 5.498,
                "precision_at_100": 0.9450000000000001,
                "precision_at_1000": 0.133,
                "precision_at_3": 12.687000000000001,
                "precision_at_5": 9.005,
                "recall_at_1": 17.521,
                "recall_at_10": 40.454,
                "recall_at_100": 64.828,
                "recall_at_1000": 84.83800000000001,
                "recall_at_3": 28.758,
                "recall_at_5": 33.617000000000004,
                "main_score": 30.026000000000003
            },
            {
                "hf_subset": "default",
                "languages": [
                    "eng-Latn"
                ],
                "map_at_1": 30.564999999999998,
                "map_at_10": 40.664,
                "map_at_100": 41.995,
                "map_at_1000": 42.104,
                "map_at_3": 37.578,
                "map_at_5": 39.247,
                "mrr_at_1": 37.44,
                "mrr_at_10": 46.533,
                "mrr_at_100": 47.363,
                "mrr_at_1000": 47.405,