{
    "dataset_revision": "6d1ba47164174a496b7fa5d3569dae26a6813b80",
    "task_name": "STS22",
    "evaluation_time": null,
    "mteb_version": null,
    "scores": {
        "test": [
            {
                "hf_subset": "en",
                "languages": [
                    "eng-Latn"
                ],
                "cos_sim_pearson": 0.6650806758829177,
                "cos_sim_spearman": 0.6592675365587571,
                "euclidean_pearson": 0.6709216876696559,
                "euclidean_spearman": 0.6592675365587571,
                "manhattan_pearson": 0.6737398716891478,
                "manhattan_spearman": 0.6634811143508206,
                "cosine_pearson": 0.6650806758829177,
                "cosine_spearman": 0.6592675365587571,
                "main_score": 0.6592675365587571
            }
        ]
    }
}