{
  "dataset_revision": "1690191",
  "task_name": "IFIRScifact",
  "mteb_version": "1.38.21",
  "scores": {
    "test": [
      {
        "ndcg_at_1": 0.41481,
        "ndcg_at_3": 0.33573,
        "ndcg_at_5": 0.33982,
        "ndcg_at_10": 0.36356,
        "ndcg_at_20": 0.37823,
        "ndcg_at_100": 0.44332,
        "ndcg_at_1000": 0.49406,
        "map_at_1": 0.10197,
        "map_at_3": 0.17383,
        "map_at_5": 0.21456,
        "map_at_10": 0.24564,
        "map_at_20": 0.25643,
        "map_at_100": 0.27339,
        "map_at_1000": 0.27756,
        "recall_at_1": 0.10197,
        "recall_at_3": 0.20652,
        "recall_at_5": 0.28507,
        "recall_at_10": 0.37436,
        "recall_at_20": 0.42789,
        "recall_at_100": 0.63773,
        "recall_at_1000": 0.87895,
        "precision_at_1": 0.41481,
        "precision_at_3": 0.30864,
        "precision_at_5": 0.2637,
        "precision_at_10": 0.18074,
        "precision_at_20": 0.10889,
        "precision_at_100": 0.03378,
        "precision_at_1000": 0.00468,
        "mrr_at_1": 0.414815,
        "mrr_at_3": 0.508642,
        "mrr_at_5": 0.524568,
        "mrr_at_10": 0.53657,
        "mrr_at_20": 0.540422,
        "mrr_at_100": 0.543001,
        "mrr_at_1000": 0.543254,
        "nauc_ndcg_at_1_max": 0.2609,
        "nauc_ndcg_at_1_std": -0.044461,
        "nauc_ndcg_at_1_diff1": 0.209666,
        "nauc_ndcg_at_3_max": 0.296239,
        "nauc_ndcg_at_3_std": 0.02965,
        "nauc_ndcg_at_3_diff1": 0.136936,
        "nauc_ndcg_at_5_max": 0.381386,
        "nauc_ndcg_at_5_std": 0.024319,
        "nauc_ndcg_at_5_diff1": 0.152146,
        "nauc_ndcg_at_10_max": 0.444973,
        "nauc_ndcg_at_10_std": 0.103879,
        "nauc_ndcg_at_10_diff1": 0.162127,
        "nauc_ndcg_at_20_max": 0.464162,
        "nauc_ndcg_at_20_std": 0.128148,
        "nauc_ndcg_at_20_diff1": 0.160319,
        "nauc_ndcg_at_100_max": 0.472474,
        "nauc_ndcg_at_100_std": 0.148367,
        "nauc_ndcg_at_100_diff1": 0.168183,
        "nauc_ndcg_at_1000_max": 0.432513,
        "nauc_ndcg_at_1000_std": 0.134319,
        "nauc_ndcg_at_1000_diff1": 0.172245,
        "nauc_map_at_1_max": 0.337336,
        "nauc_map_at_1_std": 0.059835,
        "nauc_map_at_1_diff1": 0.220589,
        "nauc_map_at_3_max": 0.375178,
        "nauc_map_at_3_std": 0.054839,
        "nauc_map_at_3_diff1": 0.127193,
        "nauc_map_at_5_max": 0.418379,
        "nauc_map_at_5_std": 0.046153,
        "nauc_map_at_5_diff1": 0.152498,
        "nauc_map_at_10_max": 0.456824,
        "nauc_map_at_10_std": 0.088018,
        "nauc_map_at_10_diff1": 0.167451,
        "nauc_map_at_20_max": 0.456861,
        "nauc_map_at_20_std": 0.0952,
        "nauc_map_at_20_diff1": 0.165683,
        "nauc_map_at_100_max": 0.463653,
        "nauc_map_at_100_std": 0.109595,
        "nauc_map_at_100_diff1": 0.164194,
        "nauc_map_at_1000_max": 0.460307,
        "nauc_map_at_1000_std": 0.108685,
        "nauc_map_at_1000_diff1": 0.163389,
        "nauc_recall_at_1_max": 0.337336,
        "nauc_recall_at_1_std": 0.059835,
        "nauc_recall_at_1_diff1": 0.220589,
        "nauc_recall_at_3_max": 0.389544,
        "nauc_recall_at_3_std": 0.082388,
        "nauc_recall_at_3_diff1": 0.14135,
        "nauc_recall_at_5_max": 0.492377,
        "nauc_recall_at_5_std": 0.051547,
        "nauc_recall_at_5_diff1": 0.149771,
        "nauc_recall_at_10_max": 0.52338,
        "nauc_recall_at_10_std": 0.169169,
        "nauc_recall_at_10_diff1": 0.114862,
        "nauc_recall_at_20_max": 0.530197,
        "nauc_recall_at_20_std": 0.218233,
        "nauc_recall_at_20_diff1": 0.097199,
        "nauc_recall_at_100_max": 0.546841,
        "nauc_recall_at_100_std": 0.299309,
        "nauc_recall_at_100_diff1": 0.129785,
        "nauc_recall_at_1000_max": 0.36203,
        "nauc_recall_at_1000_std": 0.418698,
        "nauc_recall_at_1000_diff1": 0.215594,
        "nauc_precision_at_1_max": 0.2609,
        "nauc_precision_at_1_std": -0.044461,
        "nauc_precision_at_1_diff1": 0.209666,
        "nauc_precision_at_3_max": 0.267215,
        "nauc_precision_at_3_std": 0.021237,
        "nauc_precision_at_3_diff1": 0.124934,
        "nauc_precision_at_5_max": 0.304738,
        "nauc_precision_at_5_std": 0.011743,
        "nauc_precision_at_5_diff1": 0.131608,
        "nauc_precision_at_10_max": 0.301482,
        "nauc_precision_at_10_std": 0.118673,
        "nauc_precision_at_10_diff1": 0.092115,
        "nauc_precision_at_20_max": 0.206962,
        "nauc_precision_at_20_std": 0.117154,
        "nauc_precision_at_20_diff1": 0.024277,
        "nauc_precision_at_100_max": 0.059191,
        "nauc_precision_at_100_std": 0.097981,
        "nauc_precision_at_100_diff1": -0.021655,
        "nauc_precision_at_1000_max": -0.161869,
        "nauc_precision_at_1000_std": 0.002168,
        "nauc_precision_at_1000_diff1": -0.07421,
        "nauc_mrr_at_1_max": 0.2609,
        "nauc_mrr_at_1_std": -0.044461,
        "nauc_mrr_at_1_diff1": 0.209666,
        "nauc_mrr_at_3_max": 0.290959,
        "nauc_mrr_at_3_std": 0.003893,
        "nauc_mrr_at_3_diff1": 0.22003,
        "nauc_mrr_at_5_max": 0.303767,
        "nauc_mrr_at_5_std": -0.009488,
        "nauc_mrr_at_5_diff1": 0.226706,
        "nauc_mrr_at_10_max": 0.299544,
        "nauc_mrr_at_10_std": -0.000364,
        "nauc_mrr_at_10_diff1": 0.216278,
        "nauc_mrr_at_20_max": 0.301959,
        "nauc_mrr_at_20_std": 0.000256,
        "nauc_mrr_at_20_diff1": 0.217441,
        "nauc_mrr_at_100_max": 0.30054,
        "nauc_mrr_at_100_std": -0.000729,
        "nauc_mrr_at_100_diff1": 0.217309,
        "nauc_mrr_at_1000_max": 0.300338,
        "nauc_mrr_at_1000_std": -0.000864,
        "nauc_mrr_at_1000_diff1": 0.216993,
        "level_scores": {
          "level_1": 0.376562,
          "level_2": 0.366709,
          "level_3": 0.39143
        },
        "main_score": 0.37823,
        "hf_subset": "default",
        "languages": [
          "eng-Latn"
        ]
      }
    ]
  },
  "evaluation_time": 2763.826156616211,
  "kg_co2_emissions": null
}