{
    "dataset_revision": "faeb762787bd10488a50c8b5be4a3b82e411949c",
    "task_name": "STS17",
    "evaluation_time": null,
    "mteb_version": null,
    "scores": {
        "test": [
            {
                "hf_subset": "en-en",
                "languages": [
                    "eng-Latn"
                ],
                "cosine_pearson": 0.8717053120821998,
                "cosine_spearman": 0.8705959159411456,
                "euclidean_pearson": 0.8763706739480517,
                "euclidean_spearman": 0.8776753472222739,
                "main_score": 0.8705959159411456,
                "manhattan_pearson": 0.877006832512623,
                "manhattan_spearman": 0.8780128473941169,
                "pearson": 0.8717053012311975,
                "spearman": 0.8705959159411456
            },
            {
                "hf_subset": "ar-ar",
                "languages": [
                    "ara-Arab"
                ],
                "cosine_pearson": 0.8222889478671283,
                "cosine_spearman": 0.8305336489344469,
                "euclidean_pearson": 0.8115891941165452,
                "euclidean_spearman": 0.8214034597386936,
                "main_score": 0.8305336489344469,
                "manhattan_pearson": 0.8117463976232014,
                "manhattan_spearman": 0.8209804987736345,
                "pearson": 0.822288938956982,
                "spearman": 0.8305296622842689
            },
            {
                "hf_subset": "en-ar",
                "languages": [
                    "eng-Latn",
                    "ara-Arab"
                ],
                "cosine_pearson": 0.7979480510851795,
                "cosine_spearman": 0.7967609346073252,
                "euclidean_pearson": 0.8164087935350051,
                "euclidean_spearman": 0.8052588414802709,
                "main_score": 0.7967609346073252,
                "manhattan_pearson": 0.8157042957417304,
                "manhattan_spearman": 0.8044331526051143,
                "pearson": 0.7979480418294698,
                "spearman": 0.7967609346073252
            }
        ]
    }
}