{
  "dataset_revision": "7070d1979d9a4943dd49b2e72858eb1e54f6bd5b",
  "task_name": "AVMemeExamAT2VRetrieval",
  "mteb_version": "2.12.32",
  "scores": {
    "test": [
      {
        "ndcg_at_1": 0.17556,
        "ndcg_at_3": 0.23274,
        "ndcg_at_5": 0.25941,
        "ndcg_at_10": 0.28774,
        "ndcg_at_20": 0.31451,
        "ndcg_at_100": 0.35578,
        "ndcg_at_1000": 0.38585,
        "map_at_1": 0.17556,
        "map_at_3": 0.2187,
        "map_at_5": 0.23331,
        "map_at_10": 0.24518,
        "map_at_20": 0.25243,
        "map_at_100": 0.25815,
        "map_at_1000": 0.25913,
        "recall_at_1": 0.17556,
        "recall_at_3": 0.27333,
        "recall_at_5": 0.33889,
        "recall_at_10": 0.42556,
        "recall_at_20": 0.53222,
        "recall_at_100": 0.75444,
        "recall_at_1000": 1.0,
        "accuracy": 0.17556,
        "precision_at_1": 0.17556,
        "precision_at_3": 0.09111,
        "precision_at_5": 0.06778,
        "precision_at_10": 0.04256,
        "precision_at_20": 0.02661,
        "precision_at_100": 0.00754,
        "precision_at_1000": 0.001,
        "mrr_at_1": 0.175556,
        "mrr_at_3": 0.218704,
        "mrr_at_5": 0.233315,
        "mrr_at_10": 0.245184,
        "mrr_at_20": 0.252427,
        "mrr_at_100": 0.258153,
        "mrr_at_1000": 0.259131,
        "nauc_ndcg_at_1_max": 0.099494,
        "nauc_ndcg_at_1_std": 0.079935,
        "nauc_ndcg_at_1_diff1": 0.398612,
        "nauc_ndcg_at_3_max": 0.057004,
        "nauc_ndcg_at_3_std": 0.051473,
        "nauc_ndcg_at_3_diff1": 0.303391,
        "nauc_ndcg_at_5_max": 0.057057,
        "nauc_ndcg_at_5_std": 0.050992,
        "nauc_ndcg_at_5_diff1": 0.287329,
        "nauc_ndcg_at_10_max": 0.057021,
        "nauc_ndcg_at_10_std": 0.048696,
        "nauc_ndcg_at_10_diff1": 0.28465,
        "nauc_ndcg_at_20_max": 0.055914,
        "nauc_ndcg_at_20_std": 0.053677,
        "nauc_ndcg_at_20_diff1": 0.280567,
        "nauc_ndcg_at_100_max": 0.057846,
        "nauc_ndcg_at_100_std": 0.070846,
        "nauc_ndcg_at_100_diff1": 0.280639,
        "nauc_ndcg_at_1000_max": 0.061249,
        "nauc_ndcg_at_1000_std": 0.061054,
        "nauc_ndcg_at_1000_diff1": 0.294388,
        "nauc_map_at_1_max": 0.099494,
        "nauc_map_at_1_std": 0.079935,
        "nauc_map_at_1_diff1": 0.398612,
        "nauc_map_at_3_max": 0.066503,
        "nauc_map_at_3_std": 0.056437,
        "nauc_map_at_3_diff1": 0.323801,
        "nauc_map_at_5_max": 0.066085,
        "nauc_map_at_5_std": 0.055398,
        "nauc_map_at_5_diff1": 0.313569,
        "nauc_map_at_10_max": 0.065869,
        "nauc_map_at_10_std": 0.053845,
        "nauc_map_at_10_diff1": 0.312346,
        "nauc_map_at_20_max": 0.065515,
        "nauc_map_at_20_std": 0.055158,
        "nauc_map_at_20_diff1": 0.311121,
        "nauc_map_at_100_max": 0.066348,
        "nauc_map_at_100_std": 0.058032,
        "nauc_map_at_100_diff1": 0.311793,
        "nauc_map_at_1000_max": 0.066423,
        "nauc_map_at_1000_std": 0.057752,
        "nauc_map_at_1000_diff1": 0.312311,
        "nauc_recall_at_1_max": 0.099494,
        "nauc_recall_at_1_std": 0.079935,
        "nauc_recall_at_1_diff1": 0.398612,
        "nauc_recall_at_3_max": 0.032609,
        "nauc_recall_at_3_std": 0.039219,
        "nauc_recall_at_3_diff1": 0.251289,
        "nauc_recall_at_5_max": 0.035226,
        "nauc_recall_at_5_std": 0.041303,
        "nauc_recall_at_5_diff1": 0.221968,
        "nauc_recall_at_10_max": 0.03626,
        "nauc_recall_at_10_std": 0.037666,
        "nauc_recall_at_10_diff1": 0.215894,
        "nauc_recall_at_20_max": 0.031659,
        "nauc_recall_at_20_std": 0.055913,
        "nauc_recall_at_20_diff1": 0.198306,
        "nauc_recall_at_100_max": 0.021924,
        "nauc_recall_at_100_std": 0.166652,
        "nauc_recall_at_100_diff1": 0.147175,
        "nauc_recall_at_1000_max": NaN,
        "nauc_recall_at_1000_std": NaN,
        "nauc_recall_at_1000_diff1": NaN,
        "nauc_precision_at_1_max": 0.099494,
        "nauc_precision_at_1_std": 0.079935,
        "nauc_precision_at_1_diff1": 0.398612,
        "nauc_precision_at_3_max": 0.032609,
        "nauc_precision_at_3_std": 0.039219,
        "nauc_precision_at_3_diff1": 0.251289,
        "nauc_precision_at_5_max": 0.035226,
        "nauc_precision_at_5_std": 0.041303,
        "nauc_precision_at_5_diff1": 0.221968,
        "nauc_precision_at_10_max": 0.03626,
        "nauc_precision_at_10_std": 0.037666,
        "nauc_precision_at_10_diff1": 0.215894,
        "nauc_precision_at_20_max": 0.031659,
        "nauc_precision_at_20_std": 0.055913,
        "nauc_precision_at_20_diff1": 0.198306,
        "nauc_precision_at_100_max": 0.021924,
        "nauc_precision_at_100_std": 0.166652,
        "nauc_precision_at_100_diff1": 0.147175,
        "nauc_precision_at_1000_max": NaN,
        "nauc_precision_at_1000_std": NaN,
        "nauc_precision_at_1000_diff1": NaN,
        "nauc_mrr_at_1_max": 0.099494,
        "nauc_mrr_at_1_std": 0.079935,
        "nauc_mrr_at_1_diff1": 0.398612,
        "nauc_mrr_at_3_max": 0.066503,
        "nauc_mrr_at_3_std": 0.056437,
        "nauc_mrr_at_3_diff1": 0.323801,
        "nauc_mrr_at_5_max": 0.066085,
        "nauc_mrr_at_5_std": 0.055398,
        "nauc_mrr_at_5_diff1": 0.313569,
        "nauc_mrr_at_10_max": 0.065869,
        "nauc_mrr_at_10_std": 0.053845,
        "nauc_mrr_at_10_diff1": 0.312346,
        "nauc_mrr_at_20_max": 0.065515,
        "nauc_mrr_at_20_std": 0.055158,
        "nauc_mrr_at_20_diff1": 0.311121,
        "nauc_mrr_at_100_max": 0.066348,
        "nauc_mrr_at_100_std": 0.058032,
        "nauc_mrr_at_100_diff1": 0.311793,
        "nauc_mrr_at_1000_max": 0.066423,
        "nauc_mrr_at_1000_std": 0.057752,
        "nauc_mrr_at_1000_diff1": 0.312311,
        "hit_rate_at_1": 0.17556,
        "hit_rate_at_3": 0.27333,
        "hit_rate_at_5": 0.33889,
        "hit_rate_at_10": 0.42556,
        "hit_rate_at_20": 0.53222,
        "hit_rate_at_100": 0.75444,
        "hit_rate_at_1000": 1.0,
        "main_score": 0.28774,
        "hf_subset": "default",
        "languages": [
          "eng-Latn"
        ]
      }
    ]
  },
  "evaluation_time": 366.8753981590271,
  "kg_co2_emissions": null,
  "date": null
}