{
  "dataset_revision": null,
  "mteb_dataset_name": "CQADupstackPhysicsRetrieval",
  "mteb_version": "1.1.1",
  "test": {
    "evaluation_time": 4.25,
    "map_at_1": 0.2847,
    "map_at_10": 0.38329,
    "map_at_100": 0.39576,
    "map_at_1000": 0.39676,
    "map_at_3": 0.35532,
    "map_at_5": 0.36987,
    "mrr_at_1": 0.34552,
    "mrr_at_10": 0.43879,
    "mrr_at_100": 0.44662,
    "mrr_at_1000": 0.44705,
    "mrr_at_3": 0.41627,
    "mrr_at_5": 0.42844,
    "ndcg_at_1": 0.34552,
    "ndcg_at_10": 0.44113,
    "ndcg_at_100": 0.49381,
    "ndcg_at_1000": 0.51392,
    "ndcg_at_3": 0.39672,
    "ndcg_at_5": 0.41578,
    "precision_at_1": 0.34552,
    "precision_at_10": 0.07844,
    "precision_at_100": 0.0123,
    "precision_at_1000": 0.00157,
    "precision_at_3": 0.18864,
    "precision_at_5": 0.1307,
    "recall_at_1": 0.2847,
    "recall_at_10": 0.55706,
    "recall_at_100": 0.77921,
    "recall_at_1000": 0.91314,
    "recall_at_3": 0.43045,
    "recall_at_5": 0.48223
  }
}