{
  "dataset_revision": null,
  "mteb_dataset_name": "QuoraRetrieval",
  "mteb_version": "1.1.1",
  "test": {
    "evaluation_time": 97.23,
    "map_at_1": 0.70262,
    "map_at_10": 0.84029,
    "map_at_100": 0.84641,
    "map_at_1000": 0.84661,
    "map_at_3": 0.81059,
    "map_at_5": 0.82941,
    "mrr_at_1": 0.8084,
    "mrr_at_10": 0.87119,
    "mrr_at_100": 0.8722,
    "mrr_at_1000": 0.87222,
    "mrr_at_3": 0.8611,
    "mrr_at_5": 0.86807,
    "ndcg_at_1": 0.8086,
    "ndcg_at_10": 0.87866,
    "ndcg_at_100": 0.89084,
    "ndcg_at_1000": 0.89214,
    "ndcg_at_3": 0.84928,
    "ndcg_at_5": 0.86582,
    "precision_at_1": 0.8086,
    "precision_at_10": 0.13324,
    "precision_at_100": 0.01517,
    "precision_at_1000": 0.00156,
    "precision_at_3": 0.37103,
    "precision_at_5": 0.24432,
    "recall_at_1": 0.70262,
    "recall_at_10": 0.95127,
    "recall_at_100": 0.99325,
    "recall_at_1000": 0.99921,
    "recall_at_3": 0.86682,
    "recall_at_5": 0.91373
  }
}