{
  "dataset_revision": "d42860a6c15f0a2c4485bda10c6e5b641fdfe479",
  "task_name": "RiaNewsRetrievalHardNegatives.v2",
  "mteb_version": "2.1.7",
  "scores": {
    "test": [
      {
        "ndcg_at_1": 0.688,
        "ndcg_at_3": 0.76964,
        "ndcg_at_5": 0.78664,
        "ndcg_at_10": 0.7988,
        "ndcg_at_20": 0.80509,
        "ndcg_at_100": 0.81329,
        "ndcg_at_1000": 0.81526,
        "map_at_1": 0.688,
        "map_at_3": 0.751,
        "map_at_5": 0.7605,
        "map_at_10": 0.76563,
        "map_at_20": 0.76734,
        "map_at_100": 0.76862,
        "map_at_1000": 0.76871,
        "recall_at_1": 0.688,
        "recall_at_3": 0.823,
        "recall_at_5": 0.864,
        "recall_at_10": 0.901,
        "recall_at_20": 0.926,
        "recall_at_100": 0.968,
        "recall_at_1000": 0.983,
        "accuracy": 0.688,
        "precision_at_1": 0.688,
        "precision_at_3": 0.27433,
        "precision_at_5": 0.1728,
        "precision_at_10": 0.0901,
        "precision_at_20": 0.0463,
        "precision_at_100": 0.00968,
        "precision_at_1000": 0.00098,
        "mrr_at_1": 0.689,
        "mrr_at_3": 0.7515,
        "mrr_at_5": 0.761,
        "mrr_at_10": 0.76613,
        "mrr_at_20": 0.767836,
        "mrr_at_100": 0.769124,
        "mrr_at_1000": 0.769207,
        "nauc_ndcg_at_1_max": 0.25101,
        "nauc_ndcg_at_1_std": -0.179932,
        "nauc_ndcg_at_1_diff1": 0.784705,
        "nauc_ndcg_at_3_max": 0.286975,
        "nauc_ndcg_at_3_std": -0.180922,
        "nauc_ndcg_at_3_diff1": 0.738608,
        "nauc_ndcg_at_5_max": 0.271854,
        "nauc_ndcg_at_5_std": -0.189577,
        "nauc_ndcg_at_5_diff1": 0.734858,
        "nauc_ndcg_at_10_max": 0.275332,
        "nauc_ndcg_at_10_std": -0.169535,
        "nauc_ndcg_at_10_diff1": 0.729149,
        "nauc_ndcg_at_20_max": 0.281592,
        "nauc_ndcg_at_20_std": -0.175706,
        "nauc_ndcg_at_20_diff1": 0.736972,
        "nauc_ndcg_at_100_max": 0.281692,
        "nauc_ndcg_at_100_std": -0.170776,
        "nauc_ndcg_at_100_diff1": 0.738003,
        "nauc_ndcg_at_1000_max": 0.282807,
        "nauc_ndcg_at_1000_std": -0.168646,
        "nauc_ndcg_at_1000_diff1": 0.739896,
        "nauc_map_at_1_max": 0.25101,
        "nauc_map_at_1_std": -0.179932,
        "nauc_map_at_1_diff1": 0.784705,
        "nauc_map_at_3_max": 0.275789,
        "nauc_map_at_3_std": -0.183862,
        "nauc_map_at_3_diff1": 0.750662,
        "nauc_map_at_5_max": 0.267591,
        "nauc_map_at_5_std": -0.188022,
        "nauc_map_at_5_diff1": 0.749054,
        "nauc_map_at_10_max": 0.26921,
        "nauc_map_at_10_std": -0.179973,
        "nauc_map_at_10_diff1": 0.74715,
        "nauc_map_at_20_max": 0.270462,
        "nauc_map_at_20_std": -0.181659,
        "nauc_map_at_20_diff1": 0.748929,
        "nauc_map_at_100_max": 0.270571,
        "nauc_map_at_100_std": -0.180934,
        "nauc_map_at_100_diff1": 0.74913,
        "nauc_map_at_1000_max": 0.27064,
        "nauc_map_at_1000_std": -0.180851,
        "nauc_map_at_1000_diff1": 0.749196,
        "nauc_recall_at_1_max": 0.25101,
        "nauc_recall_at_1_std": -0.179932,
        "nauc_recall_at_1_diff1": 0.784705,
        "nauc_recall_at_3_max": 0.329943,
        "nauc_recall_at_3_std": -0.167974,
        "nauc_recall_at_3_diff1": 0.69347,
        "nauc_recall_at_5_max": 0.289181,
        "nauc_recall_at_5_std": -0.197122,
        "nauc_recall_at_5_diff1": 0.669241,
        "nauc_recall_at_10_max": 0.309137,
        "nauc_recall_at_10_std": -0.095243,
        "nauc_recall_at_10_diff1": 0.617227,
        "nauc_recall_at_20_max": 0.382656,
        "nauc_recall_at_20_std": -0.123943,
        "nauc_recall_at_20_diff1": 0.656591,
        "nauc_recall_at_100_max": 0.500934,
        "nauc_recall_at_100_std": 0.061085,
        "nauc_recall_at_100_diff1": 0.578796,
        "nauc_recall_at_1000_max": 0.756467,
        "nauc_recall_at_1000_std": 0.41723,
        "nauc_recall_at_1000_diff1": 0.577278,
        "nauc_precision_at_1_max": 0.25101,
        "nauc_precision_at_1_std": -0.179932,
        "nauc_precision_at_1_diff1": 0.784705,
        "nauc_precision_at_3_max": 0.329943,
        "nauc_precision_at_3_std": -0.167974,
        "nauc_precision_at_3_diff1": 0.69347,
        "nauc_precision_at_5_max": 0.289181,
        "nauc_precision_at_5_std": -0.197122,
        "nauc_precision_at_5_diff1": 0.669241,
        "nauc_precision_at_10_max": 0.309137,
        "nauc_precision_at_10_std": -0.095243,
        "nauc_precision_at_10_diff1": 0.617227,
        "nauc_precision_at_20_max": 0.382656,
        "nauc_precision_at_20_std": -0.123943,
        "nauc_precision_at_20_diff1": 0.656591,
        "nauc_precision_at_100_max": 0.500934,
        "nauc_precision_at_100_std": 0.061085,
        "nauc_precision_at_100_diff1": 0.578796,
        "nauc_precision_at_1000_max": 0.756467,
        "nauc_precision_at_1000_std": 0.41723,
        "nauc_precision_at_1000_diff1": 0.577278,
        "nauc_mrr_at_1_max": 0.258094,
        "nauc_mrr_at_1_std": -0.178183,
        "nauc_mrr_at_1_diff1": 0.782574,
        "nauc_mrr_at_3_max": 0.280092,
        "nauc_mrr_at_3_std": -0.182813,
        "nauc_mrr_at_3_diff1": 0.749334,
        "nauc_mrr_at_5_max": 0.272052,
        "nauc_mrr_at_5_std": -0.186937,
        "nauc_mrr_at_5_diff1": 0.747672,
        "nauc_mrr_at_10_max": 0.27377,
        "nauc_mrr_at_10_std": -0.178854,
        "nauc_mrr_at_10_diff1": 0.745736,
        "nauc_mrr_at_20_max": 0.275061,
        "nauc_mrr_at_20_std": -0.180533,
        "nauc_mrr_at_20_diff1": 0.747505,
        "nauc_mrr_at_100_max": 0.275199,
        "nauc_mrr_at_100_std": -0.1798,
        "nauc_mrr_at_100_diff1": 0.747698,
        "nauc_mrr_at_1000_max": 0.27527,
        "nauc_mrr_at_1000_std": -0.179716,
        "nauc_mrr_at_1000_diff1": 0.747763,
        "cv_recall_at_1": 0.689,
        "cv_recall_at_3": 0.823,
        "cv_recall_at_5": 0.864,
        "cv_recall_at_10": 0.901,
        "cv_recall_at_20": 0.926,
        "cv_recall_at_100": 0.968,
        "cv_recall_at_1000": 0.983,
        "main_score": 0.7988,
        "hf_subset": "default",
        "languages": [
          "rus-Cyrl"
        ]
      }
    ]
  },
  "evaluation_time": 7980.70902299881,
  "kg_co2_emissions": null
}