{
  "dataset_revision": "66a4a07f13ec255e12a9f071e588dfa269459017",
  "task_name": "SynPerChatbotRAGTopicsRetrieval",
  "mteb_version": "1.25.8",
  "scores": {
    "test": [
      {
        "ndcg_at_1": 0.27139,
        "ndcg_at_3": 0.20308,
        "ndcg_at_5": 0.22844,
        "ndcg_at_10": 0.26948,
        "ndcg_at_20": 0.30355,
        "ndcg_at_100": 0.36531,
        "ndcg_at_1000": 0.41845,
        "map_at_1": 0.08668,
        "map_at_3": 0.13219,
        "map_at_5": 0.15027,
        "map_at_10": 0.16991,
        "map_at_20": 0.18191,
        "map_at_100": 0.19374,
        "map_at_1000": 0.19714,
        "recall_at_1": 0.08668,
        "recall_at_3": 0.17446,
        "recall_at_5": 0.22964,
        "recall_at_10": 0.31832,
        "recall_at_20": 0.41194,
        "recall_at_100": 0.64854,
        "recall_at_1000": 0.94209,
        "precision_at_1": 0.27139,
        "precision_at_3": 0.18246,
        "precision_at_5": 0.1448,
        "precision_at_10": 0.10074,
        "precision_at_20": 0.06541,
        "precision_at_100": 0.02068,
        "precision_at_1000": 0.00303,
        "mrr_at_1": 0.271389,
        "mrr_at_3": 0.364459,
        "mrr_at_5": 0.389068,
        "mrr_at_10": 0.404854,
        "mrr_at_20": 0.411761,
        "mrr_at_100": 0.415635,
        "mrr_at_1000": 0.415934,
        "nauc_ndcg_at_1_max": 0.142707,
        "nauc_ndcg_at_1_std": -0.18928,
        "nauc_ndcg_at_1_diff1": 0.317242,
        "nauc_ndcg_at_3_max": 0.180094,
        "nauc_ndcg_at_3_std": -0.159935,
        "nauc_ndcg_at_3_diff1": 0.266834,
        "nauc_ndcg_at_5_max": 0.172647,
        "nauc_ndcg_at_5_std": -0.161194,
        "nauc_ndcg_at_5_diff1": 0.262954,
        "nauc_ndcg_at_10_max": 0.171186,
        "nauc_ndcg_at_10_std": -0.178464,
        "nauc_ndcg_at_10_diff1": 0.257365,
        "nauc_ndcg_at_20_max": 0.177648,
        "nauc_ndcg_at_20_std": -0.187782,
        "nauc_ndcg_at_20_diff1": 0.268514,
        "nauc_ndcg_at_100_max": 0.190829,
        "nauc_ndcg_at_100_std": -0.158231,
        "nauc_ndcg_at_100_diff1": 0.279269,
        "nauc_ndcg_at_1000_max": 0.181391,
        "nauc_ndcg_at_1000_std": -0.157559,
        "nauc_ndcg_at_1000_diff1": 0.277177,
        "nauc_map_at_1_max": 0.15247,
        "nauc_map_at_1_std": -0.173999,
        "nauc_map_at_1_diff1": 0.30694,
        "nauc_map_at_3_max": 0.170799,
        "nauc_map_at_3_std": -0.157256,
        "nauc_map_at_3_diff1": 0.268807,
        "nauc_map_at_5_max": 0.153601,
        "nauc_map_at_5_std": -0.16869,
        "nauc_map_at_5_diff1": 0.264193,
        "nauc_map_at_10_max": 0.150781,
        "nauc_map_at_10_std": -0.180035,
        "nauc_map_at_10_diff1": 0.260419,
        "nauc_map_at_20_max": 0.155997,
        "nauc_map_at_20_std": -0.185427,
        "nauc_map_at_20_diff1": 0.266231,
        "nauc_map_at_100_max": 0.161544,
        "nauc_map_at_100_std": -0.177617,
        "nauc_map_at_100_diff1": 0.270235,
        "nauc_map_at_1000_max": 0.160756,
        "nauc_map_at_1000_std": -0.177002,
        "nauc_map_at_1000_diff1": 0.269842,
        "nauc_recall_at_1_max": 0.15247,
        "nauc_recall_at_1_std": -0.173999,
        "nauc_recall_at_1_diff1": 0.30694,
        "nauc_recall_at_3_max": 0.198441,
        "nauc_recall_at_3_std": -0.132774,
        "nauc_recall_at_3_diff1": 0.233368,
        "nauc_recall_at_5_max": 0.165539,
        "nauc_recall_at_5_std": -0.137464,
        "nauc_recall_at_5_diff1": 0.216082,
        "nauc_recall_at_10_max": 0.149253,
        "nauc_recall_at_10_std": -0.157249,
        "nauc_recall_at_10_diff1": 0.185935,
        "nauc_recall_at_20_max": 0.149754,
        "nauc_recall_at_20_std": -0.161231,
        "nauc_recall_at_20_diff1": 0.192824,
        "nauc_recall_at_100_max": 0.161391,
        "nauc_recall_at_100_std": -0.027702,
        "nauc_recall_at_100_diff1": 0.175548,
        "nauc_recall_at_1000_max": 0.100989,
        "nauc_recall_at_1000_std": 0.169121,
        "nauc_recall_at_1000_diff1": 0.104403,
        "nauc_precision_at_1_max": 0.142707,
        "nauc_precision_at_1_std": -0.18928,
        "nauc_precision_at_1_diff1": 0.317242,
        "nauc_precision_at_3_max": 0.188791,
        "nauc_precision_at_3_std": -0.148303,
        "nauc_precision_at_3_diff1": 0.237565,
        "nauc_precision_at_5_max": 0.153646,
        "nauc_precision_at_5_std": -0.154218,
        "nauc_precision_at_5_diff1": 0.215929,
        "nauc_precision_at_10_max": 0.127865,
        "nauc_precision_at_10_std": -0.179163,
        "nauc_precision_at_10_diff1": 0.179187,
        "nauc_precision_at_20_max": 0.122903,
        "nauc_precision_at_20_std": -0.185585,
        "nauc_precision_at_20_diff1": 0.18137,
        "nauc_precision_at_100_max": 0.111291,
        "nauc_precision_at_100_std": -0.069655,
        "nauc_precision_at_100_diff1": 0.157272,
        "nauc_precision_at_1000_max": -0.049381,
        "nauc_precision_at_1000_std": 0.007608,
        "nauc_precision_at_1000_diff1": 0.00234,
        "nauc_mrr_at_1_max": 0.142707,
        "nauc_mrr_at_1_std": -0.18928,
        "nauc_mrr_at_1_diff1": 0.317242,
        "nauc_mrr_at_3_max": 0.182553,
        "nauc_mrr_at_3_std": -0.167975,
        "nauc_mrr_at_3_diff1": 0.286431,
        "nauc_mrr_at_5_max": 0.187019,
        "nauc_mrr_at_5_std": -0.163294,
        "nauc_mrr_at_5_diff1": 0.287987,
        "nauc_mrr_at_10_max": 0.189754,
        "nauc_mrr_at_10_std": -0.167703,
        "nauc_mrr_at_10_diff1": 0.289701,
        "nauc_mrr_at_20_max": 0.188499,
        "nauc_mrr_at_20_std": -0.170166,
        "nauc_mrr_at_20_diff1": 0.291648,
        "nauc_mrr_at_100_max": 0.187956,
        "nauc_mrr_at_100_std": -0.169072,
        "nauc_mrr_at_100_diff1": 0.291905,
        "nauc_mrr_at_1000_max": 0.187711,
        "nauc_mrr_at_1000_std": -0.169117,
        "nauc_mrr_at_1000_diff1": 0.291897,
        "main_score": 0.26948,
        "hf_subset": "default",
        "languages": [
          "fas-Arab"
        ]
      }
    ]
  },
  "evaluation_time": 60.9078848361969,
  "kg_co2_emissions": null
}