{
  "dataset_revision": "942953e674fd0f619ff89897abb806dc3df5dd39",
  "task_name": "NFCorpus-NL.v2",
  "mteb_version": "2.1.17",
  "scores": {
    "test": [
      {
        "ndcg_at_1": 0.18731,
        "ndcg_at_3": 0.15978,
        "ndcg_at_5": 0.14742,
        "ndcg_at_10": 0.13713,
        "ndcg_at_20": 0.13306,
        "ndcg_at_100": 0.1382,
        "ndcg_at_1000": 0.22485,
        "map_at_1": 0.01507,
        "map_at_3": 0.02406,
        "map_at_5": 0.02822,
        "map_at_10": 0.03498,
        "map_at_20": 0.04031,
        "map_at_100": 0.04799,
        "map_at_1000": 0.05625,
        "recall_at_1": 0.01507,
        "recall_at_3": 0.03043,
        "recall_at_5": 0.03986,
        "recall_at_10": 0.06771,
        "recall_at_20": 0.09412,
        "recall_at_100": 0.16751,
        "recall_at_1000": 0.47273,
        "accuracy": 0.01507,
        "precision_at_1": 0.20124,
        "precision_at_3": 0.15893,
        "precision_at_5": 0.13622,
        "precision_at_10": 0.10774,
        "precision_at_20": 0.08576,
        "precision_at_100": 0.04167,
        "precision_at_1000": 0.01572,
        "mrr_at_1": 0.201238,
        "mrr_at_3": 0.25387,
        "mrr_at_5": 0.265015,
        "mrr_at_10": 0.276419,
        "mrr_at_20": 0.28207,
        "mrr_at_100": 0.286006,
        "mrr_at_1000": 0.287101,
        "nauc_ndcg_at_1_max": 0.049826,
        "nauc_ndcg_at_1_std": 0.119856,
        "nauc_ndcg_at_1_diff1": 0.255079,
        "nauc_ndcg_at_3_max": 0.029001,
        "nauc_ndcg_at_3_std": 0.21226,
        "nauc_ndcg_at_3_diff1": 0.220748,
        "nauc_ndcg_at_5_max": 0.02723,
        "nauc_ndcg_at_5_std": 0.219263,
        "nauc_ndcg_at_5_diff1": 0.232188,
        "nauc_ndcg_at_10_max": 0.029361,
        "nauc_ndcg_at_10_std": 0.252846,
        "nauc_ndcg_at_10_diff1": 0.219985,
        "nauc_ndcg_at_20_max": 0.030279,
        "nauc_ndcg_at_20_std": 0.273505,
        "nauc_ndcg_at_20_diff1": 0.211704,
        "nauc_ndcg_at_100_max": 0.052074,
        "nauc_ndcg_at_100_std": 0.247248,
        "nauc_ndcg_at_100_diff1": 0.209917,
        "nauc_ndcg_at_1000_max": 0.093783,
        "nauc_ndcg_at_1000_std": 0.238887,
        "nauc_ndcg_at_1000_diff1": 0.174224,
        "nauc_map_at_1_max": -0.142739,
        "nauc_map_at_1_std": -0.130932,
        "nauc_map_at_1_diff1": 0.421968,
        "nauc_map_at_3_max": -0.103948,
        "nauc_map_at_3_std": 0.009504,
        "nauc_map_at_3_diff1": 0.337958,
        "nauc_map_at_5_max": -0.091742,
        "nauc_map_at_5_std": 0.064341,
        "nauc_map_at_5_diff1": 0.331281,
        "nauc_map_at_10_max": -0.032936,
        "nauc_map_at_10_std": 0.108372,
        "nauc_map_at_10_diff1": 0.307025,
        "nauc_map_at_20_max": -0.017622,
        "nauc_map_at_20_std": 0.146016,
        "nauc_map_at_20_diff1": 0.295604,
        "nauc_map_at_100_max": -0.00637,
        "nauc_map_at_100_std": 0.190935,
        "nauc_map_at_100_diff1": 0.279363,
        "nauc_map_at_1000_max": 0.004322,
        "nauc_map_at_1000_std": 0.207823,
        "nauc_map_at_1000_diff1": 0.269065,
        "nauc_recall_at_1_max": -0.142739,
        "nauc_recall_at_1_std": -0.130932,
        "nauc_recall_at_1_diff1": 0.421968,
        "nauc_recall_at_3_max": -0.09318,
        "nauc_recall_at_3_std": 0.071065,
        "nauc_recall_at_3_diff1": 0.267873,
        "nauc_recall_at_5_max": -0.093359,
        "nauc_recall_at_5_std": 0.128697,
        "nauc_recall_at_5_diff1": 0.26102,
        "nauc_recall_at_10_max": 0.015555,
        "nauc_recall_at_10_std": 0.1945,
        "nauc_recall_at_10_diff1": 0.202129,
        "nauc_recall_at_20_max": 0.030767,
        "nauc_recall_at_20_std": 0.203315,
        "nauc_recall_at_20_diff1": 0.168483,
        "nauc_recall_at_100_max": -0.00532,
        "nauc_recall_at_100_std": 0.23443,
        "nauc_recall_at_100_diff1": 0.123454,
        "nauc_recall_at_1000_max": 0.015049,
        "nauc_recall_at_1000_std": 0.223654,
        "nauc_recall_at_1000_diff1": 0.071167,
        "nauc_precision_at_1_max": 0.062742,
        "nauc_precision_at_1_std": 0.11965,
        "nauc_precision_at_1_diff1": 0.246355,
        "nauc_precision_at_3_max": 0.037159,
        "nauc_precision_at_3_std": 0.278765,
        "nauc_precision_at_3_diff1": 0.178659,
        "nauc_precision_at_5_max": 0.041627,
        "nauc_precision_at_5_std": 0.276896,
        "nauc_precision_at_5_diff1": 0.180749,
        "nauc_precision_at_10_max": 0.05816,
        "nauc_precision_at_10_std": 0.329756,
        "nauc_precision_at_10_diff1": 0.163113,
        "nauc_precision_at_20_max": 0.044138,
        "nauc_precision_at_20_std": 0.36428,
        "nauc_precision_at_20_diff1": 0.132057,
        "nauc_precision_at_100_max": 0.039345,
        "nauc_precision_at_100_std": 0.335459,
        "nauc_precision_at_100_diff1": 0.104529,
        "nauc_precision_at_1000_max": 0.062048,
        "nauc_precision_at_1000_std": 0.176912,
        "nauc_precision_at_1000_diff1": 0.03106,
        "nauc_mrr_at_1_max": 0.062742,
        "nauc_mrr_at_1_std": 0.11965,
        "nauc_mrr_at_1_diff1": 0.246355,
        "nauc_mrr_at_3_max": 0.051157,
        "nauc_mrr_at_3_std": 0.156271,
        "nauc_mrr_at_3_diff1": 0.223102,
        "nauc_mrr_at_5_max": 0.057206,
        "nauc_mrr_at_5_std": 0.148318,
        "nauc_mrr_at_5_diff1": 0.223657,
        "nauc_mrr_at_10_max": 0.054792,
        "nauc_mrr_at_10_std": 0.161214,
        "nauc_mrr_at_10_diff1": 0.217013,
        "nauc_mrr_at_20_max": 0.054802,
        "nauc_mrr_at_20_std": 0.158334,
        "nauc_mrr_at_20_diff1": 0.209865,
        "nauc_mrr_at_100_max": 0.05664,
        "nauc_mrr_at_100_std": 0.159297,
        "nauc_mrr_at_100_diff1": 0.210204,
        "nauc_mrr_at_1000_max": 0.057124,
        "nauc_mrr_at_1000_std": 0.159359,
        "nauc_mrr_at_1000_diff1": 0.210561,
        "cv_recall_at_1": 0.20124,
        "cv_recall_at_3": 0.31889,
        "cv_recall_at_5": 0.36533,
        "cv_recall_at_10": 0.44582,
        "cv_recall_at_20": 0.52322,
        "cv_recall_at_100": 0.68421,
        "cv_recall_at_1000": 0.93189,
        "main_score": 0.13713,
        "hf_subset": "default",
        "languages": [
          "nld-Latn"
        ]
      }
    ]
  },
  "evaluation_time": 16.613455295562744,
  "kg_co2_emissions": null
}