{
    "dataset_revision": "d66bd1f72af766a5cc4b0ca5e00c162f89e8cc46",
    "task_name": "SprintDuplicateQuestions",
    "evaluation_time": null,
    "mteb_version": null,
    "scores": {
        "test": [
            {
                "hf_subset": "default",
                "languages": [
                    "eng-Latn"
                ],
                "cos_sim_accuracy": 0.9974158415841585,
                "cos_sim_ap": 0.9214775153471328,
                "cos_sim_f1": 0.8635650810245687,
                "cos_sim_precision": 0.904709748083242,
                "cos_sim_recall": 0.826,
                "dot_accuracy": 0.9974158415841585,
                "dot_ap": 0.9214775153471328,
                "dot_f1": 0.8635650810245687,
                "dot_precision": 0.904709748083242,
                "dot_recall": 0.826,
                "euclidean_accuracy": 0.9974158415841585,
                "euclidean_ap": 0.9214775153471328,
                "euclidean_f1": 0.8635650810245687,
                "euclidean_precision": 0.904709748083242,
                "euclidean_recall": 0.826,
                "manhattan_accuracy": 0.9975247524752475,
                "manhattan_ap": 0.9278507974555151,
                "manhattan_f1": 0.8702290076335878,
                "manhattan_precision": 0.8860103626943006,
                "manhattan_recall": 0.855,
                "max_accuracy": 0.9975247524752475,
                "max_ap": 0.9278507974555151,
                "max_f1": 0.8702290076335878,
                "main_score": 0.9278507974555151
            }
        ]
    }
}