{
    "dataset_revision": "None",
    "task_name": "Touche2020",
    "evaluation_time": -1,
    "mteb_version": "0.0.0",
    "scores": {
        "test": [
            {
                "hf_subset": "default",
                "languages": [
                    "eng-Latn"
                ],
                "map_at_1": 2.782,
                "map_at_10": 10.204,
                "map_at_100": 16.176,
                "map_at_1000": 17.456,
                "map_at_3": 5.354,
                "map_at_5": 7.503,
                "mrr_at_1": 40.816,
                "mrr_at_10": 54.010000000000005,
                "mrr_at_100": 54.49,
                "mrr_at_1000": 54.49,
                "mrr_at_3": 48.980000000000004,
                "mrr_at_5": 51.735,
                "ndcg_at_1": 36.735,
                "ndcg_at_10": 26.61,
                "ndcg_at_100": 36.967,
                "ndcg_at_1000": 47.274,
                "ndcg_at_3": 30.363,
                "ndcg_at_5": 29.448999999999998,
                "precision_at_1": 40.816,
                "precision_at_10": 23.878,
                "precision_at_100": 7.693999999999999,
                "precision_at_1000": 1.4489999999999998,
                "precision_at_3": 31.293,
                "precision_at_5": 29.796,
                "recall_at_1": 2.782,
                "recall_at_10": 16.485,
                "recall_at_100": 46.924,
                "recall_at_1000": 79.365,
                "recall_at_3": 6.52,
                "recall_at_5": 10.48,
                "main_score": 26.61
            }
        ]
    }
}