{
  "dataset_revision": "ab518f4d6fcca38d87c25209f94beba119d02014",
  "mteb_dataset_name": "HotpotQA",
  "mteb_version": "1.2.0",
  "test": {
    "evaluation_time": 7325.73,
    "map_at_1": 0.40655,
    "map_at_10": 0.63825,
    "map_at_100": 0.64793,
    "map_at_1000": 0.64848,
    "map_at_3": 0.60221,
    "map_at_5": 0.62474,
    "mrr_at_1": 0.8131,
    "mrr_at_10": 0.86509,
    "mrr_at_100": 0.86677,
    "mrr_at_1000": 0.86682,
    "mrr_at_3": 0.85717,
    "mrr_at_5": 0.8621,
    "ndcg_at_1": 0.8131,
    "ndcg_at_10": 0.72251,
    "ndcg_at_100": 0.75536,
    "ndcg_at_1000": 0.76558,
    "ndcg_at_3": 0.67291,
    "ndcg_at_5": 0.70045,
    "precision_at_1": 0.8131,
    "precision_at_10": 0.15083,
    "precision_at_100": 0.01764,
    "precision_at_1000": 0.0019,
    "precision_at_3": 0.42971,
    "precision_at_5": 0.27957,
    "recall_at_1": 0.40655,
    "recall_at_10": 0.75415,
    "recall_at_100": 0.88224,
    "recall_at_1000": 0.94943,
    "recall_at_3": 0.64456,
    "recall_at_5": 0.69892
  }
}