{
  "dataset_revision": "2039188fb5800a9803ba5048df7b76e6fb151fc6",
  "dev": {
    "evaluation_time": 154.3,
    "map_at_1": 0.524,
    "map_at_10": 0.58367,
    "map_at_100": 0.58913,
    "map_at_1000": 0.58961,
    "map_at_3": 0.56883,
    "map_at_5": 0.57743,
    "mrr_at_1": 0.524,
    "mrr_at_10": 0.58367,
    "mrr_at_100": 0.58913,
    "mrr_at_1000": 0.58961,
    "mrr_at_3": 0.56883,
    "mrr_at_5": 0.57743,
    "ndcg_at_1": 0.524,
    "ndcg_at_10": 0.61329,
    "ndcg_at_100": 0.64264,
    "ndcg_at_1000": 0.65669,
    "ndcg_at_3": 0.58256,
    "ndcg_at_5": 0.59813,
    "precision_at_1": 0.524,
    "precision_at_10": 0.0707,
    "precision_at_100": 0.00851,
    "precision_at_1000": 0.00096,
    "precision_at_3": 0.20733,
    "precision_at_5": 0.132,
    "recall_at_1": 0.524,
    "recall_at_10": 0.707,
    "recall_at_100": 0.851,
    "recall_at_1000": 0.964,
    "recall_at_3": 0.622,
    "recall_at_5": 0.66
  },
  "mteb_dataset_name": "MedicalRetrieval",
  "mteb_version": "1.2.0"
}