{
  "dataset_revision": "303f40ef3d50918d3dc43577d33f2f7344ad72c1",
  "task_name": "AlphaNLI",
  "mteb_version": "1.18.0",
  "scores": {
    "test": [
      {
        "ndcg_at_1": 0.07637,
        "ndcg_at_3": 0.10715,
        "ndcg_at_5": 0.12016,
        "ndcg_at_10": 0.13304,
        "ndcg_at_20": 0.14241,
        "ndcg_at_100": 0.16578,
        "ndcg_at_1000": 0.19564,
        "map_at_1": 0.07637,
        "map_at_3": 0.09933,
        "map_at_5": 0.1066,
        "map_at_10": 0.11192,
        "map_at_20": 0.11447,
        "map_at_100": 0.11738,
        "map_at_1000": 0.11833,
        "recall_at_1": 0.07637,
        "recall_at_3": 0.1299,
        "recall_at_5": 0.16123,
        "recall_at_10": 0.20104,
        "recall_at_20": 0.23825,
        "recall_at_100": 0.3688,
        "recall_at_1000": 0.61423,
        "precision_at_1": 0.07637,
        "precision_at_3": 0.0433,
        "precision_at_5": 0.03225,
        "precision_at_10": 0.0201,
        "precision_at_20": 0.01191,
        "precision_at_100": 0.00369,
        "precision_at_1000": 0.00061,
        "mrr_at_1": 0.076371,
        "mrr_at_3": 0.099326,
        "mrr_at_5": 0.106604,
        "mrr_at_10": 0.111915,
        "mrr_at_20": 0.114468,
        "mrr_at_100": 0.117382,
        "mrr_at_1000": 0.118333,
        "nauc_ndcg_at_1_max": 0.154937,
        "nauc_ndcg_at_1_std": -0.106226,
        "nauc_ndcg_at_1_diff1": 0.438954,
        "nauc_ndcg_at_3_max": 0.110328,
        "nauc_ndcg_at_3_std": -0.093836,
        "nauc_ndcg_at_3_diff1": 0.345,
        "nauc_ndcg_at_5_max": 0.089298,
        "nauc_ndcg_at_5_std": -0.102495,
        "nauc_ndcg_at_5_diff1": 0.309499,
        "nauc_ndcg_at_10_max": 0.085396,
        "nauc_ndcg_at_10_std": -0.083818,
        "nauc_ndcg_at_10_diff1": 0.297404,
        "nauc_ndcg_at_20_max": 0.07747,
        "nauc_ndcg_at_20_std": -0.083807,
        "nauc_ndcg_at_20_diff1": 0.292197,
        "nauc_ndcg_at_100_max": 0.076919,
        "nauc_ndcg_at_100_std": -0.063074,
        "nauc_ndcg_at_100_diff1": 0.273717,
        "nauc_ndcg_at_1000_max": 0.071113,
        "nauc_ndcg_at_1000_std": -0.057445,
        "nauc_ndcg_at_1000_diff1": 0.265386,
        "nauc_map_at_1_max": 0.154937,
        "nauc_map_at_1_std": -0.106226,
        "nauc_map_at_1_diff1": 0.438954,
        "nauc_map_at_3_max": 0.120564,
        "nauc_map_at_3_std": -0.094997,
        "nauc_map_at_3_diff1": 0.362098,
        "nauc_map_at_5_max": 0.106807,
        "nauc_map_at_5_std": -0.100357,
        "nauc_map_at_5_diff1": 0.339635,
        "nauc_map_at_10_max": 0.104387,
        "nauc_map_at_10_std": -0.091303,
        "nauc_map_at_10_diff1": 0.333077,
        "nauc_map_at_20_max": 0.101681,
        "nauc_map_at_20_std": -0.091418,
        "nauc_map_at_20_diff1": 0.331068,
        "nauc_map_at_100_max": 0.101734,
        "nauc_map_at_100_std": -0.087857,
        "nauc_map_at_100_diff1": 0.328011,
        "nauc_map_at_1000_max": 0.101463,
        "nauc_map_at_1000_std": -0.087691,
        "nauc_map_at_1000_diff1": 0.327627,
        "nauc_recall_at_1_max": 0.154937,
        "nauc_recall_at_1_std": -0.106226,
        "nauc_recall_at_1_diff1": 0.438954,
        "nauc_recall_at_3_max": 0.08622,
        "nauc_recall_at_3_std": -0.091568,
        "nauc_recall_at_3_diff1": 0.305967,
        "nauc_recall_at_5_max": 0.050945,
        "nauc_recall_at_5_std": -0.108032,
        "nauc_recall_at_5_diff1": 0.243947,
        "nauc_recall_at_10_max": 0.04825,
        "nauc_recall_at_10_std": -0.067016,
        "nauc_recall_at_10_diff1": 0.226951,
        "nauc_recall_at_20_max": 0.029436,
        "nauc_recall_at_20_std": -0.067351,
        "nauc_recall_at_20_diff1": 0.217957,
        "nauc_recall_at_100_max": 0.031242,
        "nauc_recall_at_100_std": -0.000818,
        "nauc_recall_at_100_diff1": 0.164009,
        "nauc_recall_at_1000_max": -0.007375,
        "nauc_recall_at_1000_std": 0.042157,
        "nauc_recall_at_1000_diff1": 0.101215,
        "nauc_precision_at_1_max": 0.154937,
        "nauc_precision_at_1_std": -0.106226,
        "nauc_precision_at_1_diff1": 0.438954,
        "nauc_precision_at_3_max": 0.08622,
        "nauc_precision_at_3_std": -0.091568,
        "nauc_precision_at_3_diff1": 0.305967,
        "nauc_precision_at_5_max": 0.050945,
        "nauc_precision_at_5_std": -0.108032,
        "nauc_precision_at_5_diff1": 0.243947,
        "nauc_precision_at_10_max": 0.04825,
        "nauc_precision_at_10_std": -0.067016,
        "nauc_precision_at_10_diff1": 0.226951,
        "nauc_precision_at_20_max": 0.029436,
        "nauc_precision_at_20_std": -0.067351,
        "nauc_precision_at_20_diff1": 0.217957,
        "nauc_precision_at_100_max": 0.031242,
        "nauc_precision_at_100_std": -0.000818,
        "nauc_precision_at_100_diff1": 0.164009,
        "nauc_precision_at_1000_max": -0.007375,
        "nauc_precision_at_1000_std": 0.042157,
        "nauc_precision_at_1000_diff1": 0.101215,
        "nauc_mrr_at_1_max": 0.154937,
        "nauc_mrr_at_1_std": -0.106226,
        "nauc_mrr_at_1_diff1": 0.438954,
        "nauc_mrr_at_3_max": 0.120564,
        "nauc_mrr_at_3_std": -0.094997,
        "nauc_mrr_at_3_diff1": 0.362098,
        "nauc_mrr_at_5_max": 0.106807,
        "nauc_mrr_at_5_std": -0.100357,
        "nauc_mrr_at_5_diff1": 0.339635,
        "nauc_mrr_at_10_max": 0.104387,
        "nauc_mrr_at_10_std": -0.091303,
        "nauc_mrr_at_10_diff1": 0.333077,
        "nauc_mrr_at_20_max": 0.101681,
        "nauc_mrr_at_20_std": -0.091418,
        "nauc_mrr_at_20_diff1": 0.331068,
        "nauc_mrr_at_100_max": 0.101734,
        "nauc_mrr_at_100_std": -0.087857,
        "nauc_mrr_at_100_diff1": 0.328012,
        "nauc_mrr_at_1000_max": 0.101463,
        "nauc_mrr_at_1000_std": -0.08769,
        "nauc_mrr_at_1000_diff1": 0.327628,
        "main_score": 0.13304,
        "hf_subset": "default",
        "languages": [
          "eng-Latn"
        ]
      }
    ]
  },
  "evaluation_time": 494.0253779888153,
  "kg_co2_emissions": 0.022151227157212114
}