{
    "dataset_revision": "4d8694f8f0e0100860b497b999b3dbed754a0513",
    "task_name": "STS16",
    "evaluation_time": -1,
    "mteb_version": "0.0.0",
    "scores": {
        "test": [
            {
                "hf_subset": "default",
                "languages": [
                    "eng-Latn"
                ],
                "cos_sim_pearson": 85.51456553517488,
                "cos_sim_spearman": 86.39208323626035,
                "euclidean_pearson": 85.74698473006475,
                "euclidean_spearman": 86.3892506146807,
                "manhattan_pearson": 85.77493611949014,
                "manhattan_spearman": 86.42961510735024,
                "cosine_pearson": 85.51456553517488,
                "cosine_spearman": 86.39208323626035,
                "main_score": 86.39208323626035
            }
        ]
    }
}