{
    "dataset_revision": "5b3e3697907184a9b77a3c99ee9ea1a9cbb1e4e3",
    "task_name": "ArguAna",
    "evaluation_time": -1,
    "mteb_version": "0.0.0",
    "scores": {
        "test": [
            {
                "hf_subset": "default",
                "languages": [
                    "eng-Latn"
                ],
                "map_at_1": 27.311999999999998,
                "map_at_10": 42.620000000000005,
                "map_at_100": 43.707,
                "map_at_1000": 43.714999999999996,
                "map_at_3": 37.624,
                "map_at_5": 40.498,
                "mrr_at_1": 27.667,
                "mrr_at_10": 42.737,
                "mrr_at_100": 43.823,
                "mrr_at_1000": 43.830999999999996,
                "mrr_at_3": 37.743,
                "mrr_at_5": 40.616,
                "ndcg_at_1": 27.311999999999998,
                "ndcg_at_10": 51.37500000000001,
                "ndcg_at_100": 55.778000000000006,
                "ndcg_at_1000": 55.96600000000001,
                "ndcg_at_3": 41.087,
                "ndcg_at_5": 46.269,
                "precision_at_1": 27.311999999999998,
                "precision_at_10": 7.945,
                "precision_at_100": 0.9820000000000001,
                "precision_at_1000": 0.1,
                "precision_at_3": 17.046,
                "precision_at_5": 12.745000000000001,
                "recall_at_1": 27.311999999999998,
                "recall_at_10": 79.445,
                "recall_at_100": 98.151,
                "recall_at_1000": 99.57300000000001,
                "recall_at_3": 51.13799999999999,
                "recall_at_5": 63.727000000000004,
                "main_score": 51.37500000000001
            }
        ]
    }
}