{
    "dataset_revision": "2c8041b2c07a79b6f7ba8fe6acc72e5d9f92d217",
    "task_name": "TRECCOVID",
    "evaluation_time": null,
    "mteb_version": null,
    "scores": {
        "test": [
            {
                "hf_subset": "default",
                "languages": [
                    "eng-Latn"
                ],
                "map_at_1": 0.00253,
                "map_at_10": 0.021399999999999995,
                "map_at_100": 0.12873,
                "map_at_1000": 0.31002,
                "map_at_3": 0.00711,
                "map_at_5": 0.01125,
                "mrr_at_1": 0.96,
                "mrr_at_10": 0.98,
                "mrr_at_100": 0.98,
                "mrr_at_1000": 0.98,
                "mrr_at_3": 0.98,
                "mrr_at_5": 0.98,
                "ndcg_at_1": 0.94,
                "ndcg_at_10": 0.84881,
                "ndcg_at_100": 0.6469400000000001,
                "ndcg_at_1000": 0.5685,
                "ndcg_at_3": 0.90061,
                "ndcg_at_5": 0.87155,
                "precision_at_1": 0.96,
                "precision_at_10": 0.888,
                "precision_at_100": 0.657,
                "precision_at_1000": 0.2508,
                "precision_at_3": 0.92667,
                "precision_at_5": 0.9,
                "recall_at_1": 0.00253,
                "recall_at_10": 0.02292,
                "recall_at_100": 0.1578,
                "recall_at_1000": 0.53015,
                "recall_at_3": 0.007270000000000001,
                "recall_at_5": 0.011619999999999998,
                "main_score": 0.84881
            }
        ]
    }
}