{
  "dataset_revision": "7b58f24536063837d644aab9a023c62199b2a612",
  "task_name": "TERRa",
  "mteb_version": "1.18.0",
  "scores": {
    "dev": [
      {
        "similarity_accuracy": 0.592834,
        "similarity_accuracy_threshold": 0.6657,
        "similarity_f1": 0.686717,
        "similarity_f1_threshold": 0.6657,
        "similarity_precision": 0.556911,
        "similarity_recall": 0.895425,
        "similarity_ap": 0.566211,
        "cosine_accuracy": 0.592834,
        "cosine_accuracy_threshold": 0.6657,
        "cosine_f1": 0.686717,
        "cosine_f1_threshold": 0.6657,
        "cosine_precision": 0.556911,
        "cosine_recall": 0.895425,
        "cosine_ap": 0.566211,
        "manhattan_accuracy": 0.592834,
        "manhattan_accuracy_threshold": 66.904189,
        "manhattan_f1": 0.686717,
        "manhattan_f1_threshold": 66.904189,
        "manhattan_precision": 0.556911,
        "manhattan_recall": 0.895425,
        "manhattan_ap": 0.564076,
        "euclidean_accuracy": 0.592834,
        "euclidean_accuracy_threshold": 0.817899,
        "euclidean_f1": 0.686717,
        "euclidean_f1_threshold": 0.817899,
        "euclidean_precision": 0.556911,
        "euclidean_recall": 0.895425,
        "euclidean_ap": 0.566219,
        "dot_accuracy": 0.592834,
        "dot_accuracy_threshold": 0.666016,
        "dot_f1": 0.686717,
        "dot_f1_threshold": 0.666016,
        "dot_precision": 0.556911,
        "dot_recall": 0.895425,
        "dot_ap": 0.565179,
        "max_accuracy": 0.592834,
        "max_f1": 0.686717,
        "max_precision": 0.556911,
        "max_recall": 0.895425,
        "max_ap": 0.566219,
        "main_score": 0.566219,
        "hf_subset": "default",
        "languages": [
          "rus-Cyrl"
        ]
      }
    ]
  },
  "evaluation_time": 0.994213342666626,
  "kg_co2_emissions": 5.82165864525488e-05
}