{
  "dataset_revision": "f74c094f321077cf909ddfb8bccc1b5912a4ac28",
  "task_name": "WinoGrande",
  "mteb_version": "1.18.0",
  "scores": {
    "test": [
      {
        "ndcg_at_1": 0.08208,
        "ndcg_at_3": 0.13003,
        "ndcg_at_5": 0.15337,
        "ndcg_at_10": 0.1792,
        "ndcg_at_20": 0.20109,
        "ndcg_at_100": 0.24491,
        "ndcg_at_1000": 0.28098,
        "map_at_1": 0.08208,
        "map_at_3": 0.118,
        "map_at_5": 0.1311,
        "map_at_10": 0.14165,
        "map_at_20": 0.14761,
        "map_at_100": 0.15343,
        "map_at_1000": 0.15461,
        "recall_at_1": 0.08208,
        "recall_at_3": 0.16496,
        "recall_at_5": 0.22099,
        "recall_at_10": 0.3015,
        "recall_at_20": 0.38832,
        "recall_at_100": 0.62826,
        "recall_at_1000": 0.92186,
        "precision_at_1": 0.08208,
        "precision_at_3": 0.05499,
        "precision_at_5": 0.0442,
        "precision_at_10": 0.03015,
        "precision_at_20": 0.01942,
        "precision_at_100": 0.00628,
        "precision_at_1000": 0.00092,
        "mrr_at_1": 0.082084,
        "mrr_at_3": 0.117995,
        "mrr_at_5": 0.131097,
        "mrr_at_10": 0.141645,
        "mrr_at_20": 0.147615,
        "mrr_at_100": 0.153429,
        "mrr_at_1000": 0.154611,
        "nauc_ndcg_at_1_max": 0.092997,
        "nauc_ndcg_at_1_std": -0.090922,
        "nauc_ndcg_at_1_diff1": 0.246571,
        "nauc_ndcg_at_3_max": 0.032355,
        "nauc_ndcg_at_3_std": -0.098824,
        "nauc_ndcg_at_3_diff1": 0.166982,
        "nauc_ndcg_at_5_max": 0.022108,
        "nauc_ndcg_at_5_std": -0.092928,
        "nauc_ndcg_at_5_diff1": 0.158313,
        "nauc_ndcg_at_10_max": 0.034332,
        "nauc_ndcg_at_10_std": -0.078069,
        "nauc_ndcg_at_10_diff1": 0.139528,
        "nauc_ndcg_at_20_max": 0.029759,
        "nauc_ndcg_at_20_std": -0.070655,
        "nauc_ndcg_at_20_diff1": 0.132681,
        "nauc_ndcg_at_100_max": 0.023807,
        "nauc_ndcg_at_100_std": -0.072557,
        "nauc_ndcg_at_100_diff1": 0.138704,
        "nauc_ndcg_at_1000_max": 0.029471,
        "nauc_ndcg_at_1000_std": -0.073203,
        "nauc_ndcg_at_1000_diff1": 0.141677,
        "nauc_map_at_1_max": 0.092997,
        "nauc_map_at_1_std": -0.090922,
        "nauc_map_at_1_diff1": 0.246571,
        "nauc_map_at_3_max": 0.044037,
        "nauc_map_at_3_std": -0.09701,
        "nauc_map_at_3_diff1": 0.183416,
        "nauc_map_at_5_max": 0.037111,
        "nauc_map_at_5_std": -0.093095,
        "nauc_map_at_5_diff1": 0.176822,
        "nauc_map_at_10_max": 0.043122,
        "nauc_map_at_10_std": -0.085346,
        "nauc_map_at_10_diff1": 0.166885,
        "nauc_map_at_20_max": 0.041862,
        "nauc_map_at_20_std": -0.082731,
        "nauc_map_at_20_diff1": 0.16466,
        "nauc_map_at_100_max": 0.040646,
        "nauc_map_at_100_std": -0.083466,
        "nauc_map_at_100_diff1": 0.165813,
        "nauc_map_at_1000_max": 0.040931,
        "nauc_map_at_1000_std": -0.083439,
        "nauc_map_at_1000_diff1": 0.165851,
        "nauc_recall_at_1_max": 0.092997,
        "nauc_recall_at_1_std": -0.090922,
        "nauc_recall_at_1_diff1": 0.246571,
        "nauc_recall_at_3_max": 0.006486,
        "nauc_recall_at_3_std": -0.102929,
        "nauc_recall_at_3_diff1": 0.130264,
        "nauc_recall_at_5_max": -0.008282,
        "nauc_recall_at_5_std": -0.092422,
        "nauc_recall_at_5_diff1": 0.121249,
        "nauc_recall_at_10_max": 0.02009,
        "nauc_recall_at_10_std": -0.062484,
        "nauc_recall_at_10_diff1": 0.086871,
        "nauc_recall_at_20_max": 0.007323,
        "nauc_recall_at_20_std": -0.044115,
        "nauc_recall_at_20_diff1": 0.070118,
        "nauc_recall_at_100_max": -0.018653,
        "nauc_recall_at_100_std": -0.043001,
        "nauc_recall_at_100_diff1": 0.08319,
        "nauc_recall_at_1000_max": -0.01797,
        "nauc_recall_at_1000_std": 0.011775,
        "nauc_recall_at_1000_diff1": 0.016358,
        "nauc_precision_at_1_max": 0.092997,
        "nauc_precision_at_1_std": -0.090922,
        "nauc_precision_at_1_diff1": 0.246571,
        "nauc_precision_at_3_max": 0.006486,
        "nauc_precision_at_3_std": -0.102929,
        "nauc_precision_at_3_diff1": 0.130264,
        "nauc_precision_at_5_max": -0.008282,
        "nauc_precision_at_5_std": -0.092422,
        "nauc_precision_at_5_diff1": 0.121249,
        "nauc_precision_at_10_max": 0.02009,
        "nauc_precision_at_10_std": -0.062484,
        "nauc_precision_at_10_diff1": 0.086871,
        "nauc_precision_at_20_max": 0.007323,
        "nauc_precision_at_20_std": -0.044115,
        "nauc_precision_at_20_diff1": 0.070118,
        "nauc_precision_at_100_max": -0.018653,
        "nauc_precision_at_100_std": -0.043001,
        "nauc_precision_at_100_diff1": 0.08319,
        "nauc_precision_at_1000_max": -0.01797,
        "nauc_precision_at_1000_std": 0.011775,
        "nauc_precision_at_1000_diff1": 0.016358,
        "nauc_mrr_at_1_max": 0.092997,
        "nauc_mrr_at_1_std": -0.090922,
        "nauc_mrr_at_1_diff1": 0.246571,
        "nauc_mrr_at_3_max": 0.044037,
        "nauc_mrr_at_3_std": -0.09701,
        "nauc_mrr_at_3_diff1": 0.183416,
        "nauc_mrr_at_5_max": 0.037111,
        "nauc_mrr_at_5_std": -0.093095,
        "nauc_mrr_at_5_diff1": 0.176822,
        "nauc_mrr_at_10_max": 0.043122,
        "nauc_mrr_at_10_std": -0.085346,
        "nauc_mrr_at_10_diff1": 0.166885,
        "nauc_mrr_at_20_max": 0.041862,
        "nauc_mrr_at_20_std": -0.082731,
        "nauc_mrr_at_20_diff1": 0.16466,
        "nauc_mrr_at_100_max": 0.040646,
        "nauc_mrr_at_100_std": -0.083466,
        "nauc_mrr_at_100_diff1": 0.165813,
        "nauc_mrr_at_1000_max": 0.040931,
        "nauc_mrr_at_1000_std": -0.083439,
        "nauc_mrr_at_1000_diff1": 0.165851,
        "main_score": 0.1792,
        "hf_subset": "default",
        "languages": [
          "eng-Latn"
        ]
      }
    ]
  },
  "evaluation_time": 2.7927186489105225,
  "kg_co2_emissions": 0.00010241451340987206
}