{
  "dataset_revision": "d653557fe66bb6af2b0e2adfc371a24554cf11ce",
  "task_name": "JapaneseLegal1Retrieval",
  "mteb_version": "2.1.17",
  "scores": {
    "test": [
      {
        "ndcg_at_1": 0.74318,
        "ndcg_at_3": 0.85322,
        "ndcg_at_5": 0.86439,
        "ndcg_at_10": 0.8689,
        "ndcg_at_20": 0.87028,
        "ndcg_at_100": 0.87086,
        "ndcg_at_1000": 0.8713,
        "map_at_1": 0.742,
        "map_at_3": 0.82679,
        "map_at_5": 0.83305,
        "map_at_10": 0.83504,
        "map_at_20": 0.83542,
        "map_at_100": 0.83551,
        "map_at_1000": 0.83552,
        "recall_at_1": 0.742,
        "recall_at_3": 0.92895,
        "recall_at_5": 0.95592,
        "recall_at_10": 0.96935,
        "recall_at_20": 0.97477,
        "recall_at_100": 0.97781,
        "recall_at_1000": 0.98153,
        "accuracy": 0.742,
        "precision_at_1": 0.74318,
        "precision_at_3": 0.31063,
        "precision_at_5": 0.19189,
        "precision_at_10": 0.09735,
        "precision_at_20": 0.04895,
        "precision_at_100": 0.00982,
        "precision_at_1000": 0.00099,
        "mrr_at_1": 0.743176,
        "mrr_at_3": 0.827176,
        "mrr_at_5": 0.833331,
        "mrr_at_10": 0.835197,
        "mrr_at_20": 0.835574,
        "mrr_at_100": 0.835659,
        "mrr_at_1000": 0.835671,
        "nauc_ndcg_at_1_max": 0.313801,
        "nauc_ndcg_at_1_std": -0.12076,
        "nauc_ndcg_at_1_diff1": 0.550064,
        "nauc_ndcg_at_3_max": 0.186557,
        "nauc_ndcg_at_3_std": -0.302256,
        "nauc_ndcg_at_3_diff1": 0.359369,
        "nauc_ndcg_at_5_max": 0.150916,
        "nauc_ndcg_at_5_std": -0.310825,
        "nauc_ndcg_at_5_diff1": 0.330689,
        "nauc_ndcg_at_10_max": 0.13169,
        "nauc_ndcg_at_10_std": -0.313016,
        "nauc_ndcg_at_10_diff1": 0.317423,
        "nauc_ndcg_at_20_max": 0.125922,
        "nauc_ndcg_at_20_std": -0.310961,
        "nauc_ndcg_at_20_diff1": 0.313525,
        "nauc_ndcg_at_100_max": 0.123982,
        "nauc_ndcg_at_100_std": -0.310668,
        "nauc_ndcg_at_100_diff1": 0.312759,
        "nauc_ndcg_at_1000_max": 0.128555,
        "nauc_ndcg_at_1000_std": -0.306573,
        "nauc_ndcg_at_1000_diff1": 0.318085,
        "nauc_map_at_1_max": 0.312161,
        "nauc_map_at_1_std": -0.122567,
        "nauc_map_at_1_diff1": 0.552251,
        "nauc_map_at_3_max": 0.230568,
        "nauc_map_at_3_std": -0.240496,
        "nauc_map_at_3_diff1": 0.425123,
        "nauc_map_at_5_max": 0.216095,
        "nauc_map_at_5_std": -0.242016,
        "nauc_map_at_5_diff1": 0.414488,
        "nauc_map_at_10_max": 0.210276,
        "nauc_map_at_10_std": -0.241649,
        "nauc_map_at_10_diff1": 0.410897,
        "nauc_map_at_20_max": 0.209155,
        "nauc_map_at_20_std": -0.241025,
        "nauc_map_at_20_diff1": 0.410324,
        "nauc_map_at_100_max": 0.208945,
        "nauc_map_at_100_std": -0.240941,
        "nauc_map_at_100_diff1": 0.410256,
        "nauc_map_at_1000_max": 0.209018,
        "nauc_map_at_1000_std": -0.240855,
        "nauc_map_at_1000_diff1": 0.410344,
        "nauc_recall_at_1_max": 0.312161,
        "nauc_recall_at_1_std": -0.122567,
        "nauc_recall_at_1_diff1": 0.552251,
        "nauc_recall_at_3_max": -0.09441,
        "nauc_recall_at_3_std": -0.702034,
        "nauc_recall_at_3_diff1": -0.058826,
        "nauc_recall_at_5_max": -0.508469,
        "nauc_recall_at_5_std": -1.002359,
        "nauc_recall_at_5_diff1": -0.509211,
        "nauc_recall_at_10_max": -1.023452,
        "nauc_recall_at_10_std": -1.333707,
        "nauc_recall_at_10_diff1": -1.03249,
        "nauc_recall_at_20_max": -1.376372,
        "nauc_recall_at_20_std": -1.513472,
        "nauc_recall_at_20_diff1": -1.396556,
        "nauc_recall_at_100_max": -1.632626,
        "nauc_recall_at_100_std": -1.6702,
        "nauc_recall_at_100_diff1": -1.647828,
        "nauc_recall_at_1000_max": -1.720736,
        "nauc_recall_at_1000_std": -1.719761,
        "nauc_recall_at_1000_diff1": -1.735818,
        "nauc_precision_at_1_max": 0.313801,
        "nauc_precision_at_1_std": -0.12076,
        "nauc_precision_at_1_diff1": 0.550064,
        "nauc_precision_at_3_max": -0.085356,
        "nauc_precision_at_3_std": -0.641891,
        "nauc_precision_at_3_diff1": -0.088613,
        "nauc_precision_at_5_max": -0.452586,
        "nauc_precision_at_5_std": -0.853028,
        "nauc_precision_at_5_diff1": -0.51694,
        "nauc_precision_at_10_max": -0.836163,
        "nauc_precision_at_10_std": -1.010304,
        "nauc_precision_at_10_diff1": -0.930199,
        "nauc_precision_at_20_max": -1.071883,
        "nauc_precision_at_20_std": -1.081718,
        "nauc_precision_at_20_diff1": -1.187262,
        "nauc_precision_at_100_max": -1.232659,
        "nauc_precision_at_100_std": -1.154921,
        "nauc_precision_at_100_diff1": -1.35405,
        "nauc_precision_at_1000_max": -1.221301,
        "nauc_precision_at_1000_std": -1.077756,
        "nauc_precision_at_1000_diff1": -1.355378,
        "nauc_mrr_at_1_max": 0.313801,
        "nauc_mrr_at_1_std": -0.12076,
        "nauc_mrr_at_1_diff1": 0.550064,
        "nauc_mrr_at_3_max": 0.229873,
        "nauc_mrr_at_3_std": -0.238864,
        "nauc_mrr_at_3_diff1": 0.423962,
        "nauc_mrr_at_5_max": 0.21521,
        "nauc_mrr_at_5_std": -0.240551,
        "nauc_mrr_at_5_diff1": 0.413731,
        "nauc_mrr_at_10_max": 0.209708,
        "nauc_mrr_at_10_std": -0.240715,
        "nauc_mrr_at_10_diff1": 0.410504,
        "nauc_mrr_at_20_max": 0.20861,
        "nauc_mrr_at_20_std": -0.24019,
        "nauc_mrr_at_20_diff1": 0.40993,
        "nauc_mrr_at_100_max": 0.208369,
        "nauc_mrr_at_100_std": -0.240128,
        "nauc_mrr_at_100_diff1": 0.409829,
        "nauc_mrr_at_1000_max": 0.208463,
        "nauc_mrr_at_1000_std": -0.240032,
        "nauc_mrr_at_1000_diff1": 0.40994,
        "cv_recall_at_1": 0.74318,
        "cv_recall_at_3": 0.92942,
        "cv_recall_at_5": 0.9563,
        "cv_recall_at_10": 0.9694,
        "cv_recall_at_20": 0.97477,
        "cv_recall_at_100": 0.97781,
        "cv_recall_at_1000": 0.98153,
        "main_score": 0.8689,
        "hf_subset": "default",
        "languages": [
          "jpn-Jpan"
        ]
      }
    ]
  },
  "evaluation_time": 5586.35246348381,
  "kg_co2_emissions": null
}