{
  "dataset_revision": "23d186750531a14a0357ca22cd92d712fd512ea0",
  "task_name": "CMedQAv2-reranking",
  "mteb_version": "1.36.32",
  "scores": {
    "test": [
      {
        "map": 0.059546,
        "mrr": 0.057994,
        "nAUC_map_max": 0.74941,
        "nAUC_map_std": 0.704271,
        "nAUC_map_diff1": 0.586076,
        "nAUC_mrr_max": 0.825832,
        "nAUC_mrr_std": 0.776282,
        "nAUC_mrr_diff1": 0.603274,
        "main_score": 0.059546,
        "hf_subset": "default",
        "languages": [
          "cmn-Hans"
        ]
      }
    ]
  },
  "evaluation_time": 3.4956164360046387,
  "kg_co2_emissions": null
}