{
    "dataset_revision": "6e6a40aaade2129f70432f2156a6d24b63d72be3",
    "mteb_dataset_name": "TwitterURLCorpus-VN",
    "mteb_version": null,
    "task_name": "TwitterURLCorpus-VN",
    "scores": {
        "test": [
            {
                "evaluation_time": 8.04,
                "hf_subset": "default",
                "dot_accuracy": 0.8259107967188071,
                "dot_ap": 0.7645939370540362,
                "dot_f1": 0.6835037303122409,
                "dot_accuracy_threshold": 0.7763265371322632,
                "dot_f1_threshold": 0.7287915945053101,
                "dot_precision": 0.6594156536574962,
                "dot_recall": 0.709418377882299,
                "euclidean_accuracy": 0.8259107967188071,
                "euclidean_ap": 0.764506687832497,
                "euclidean_f1": 0.6835037303122409,
                "euclidean_accuracy_threshold": 0.6688399314880371,
                "euclidean_f1_threshold": 0.7364896535873413,
                "euclidean_precision": 0.6594156536574962,
                "euclidean_recall": 0.709418377882299,
                "manhattan_accuracy": 0.8252797980804357,
                "manhattan_ap": 0.7635200877162788,
                "manhattan_f1": 0.6826048369203461,
                "manhattan_accuracy_threshold": 10.448680877685547,
                "manhattan_f1_threshold": 11.415599822998047,
                "manhattan_precision": 0.6608312748362152,
                "manhattan_recall": 0.7058621085235747,
                "max_accuracy": 0.8259107967188071,
                "max_ap": 0.7645939370540362,
                "max_f1": 0.6835037303122409,
                "main_score": 0.7645939370540362,
                "languages": [
                    "vie-Latn"
                ]
            }
        ]
    },
    "evaluation_time": null
}