{
    "dataset_revision": "c0f706b76e590d620bd6618b3ca8efdd34e2d659",
    "task_name": "DBPedia",
    "evaluation_time": null,
    "mteb_version": null,
    "scores": {
        "test": [
            {
                "hf_subset": "default",
                "languages": [
                    "eng-Latn"
                ],
                "main_score": 0.49747,
                "map_at_1": 0.09771,
                "map_at_10": 0.23411,
                "map_at_100": 0.34894,
                "map_at_1000": 0.36771,
                "map_at_20": 0.28109,
                "map_at_3": 0.16008,
                "map_at_5": 0.19042,
                "mrr_at_1": 0.7275,
                "mrr_at_10": 0.8003859126984126,
                "mrr_at_100": 0.803164527985558,
                "mrr_at_1000": 0.803210619351907,
                "mrr_at_20": 0.8025448621510927,
                "mrr_at_3": 0.7858333333333333,
                "mrr_at_5": 0.7938333333333333,
                "nauc_map_at_1000_diff1": 0.329210053309451,
                "nauc_map_at_1000_max": 0.3913132280900268,
                "nauc_map_at_1000_std": 0.22479255870342668,
                "nauc_map_at_100_diff1": 0.3348737776488358,
                "nauc_map_at_100_max": 0.37312409345747627,
                "nauc_map_at_100_std": 0.1945169971949006,
                "nauc_map_at_10_diff1": 0.3486121747102709,
                "nauc_map_at_10_max": 0.21927351173848064,
                "nauc_map_at_10_std": -0.05469585929328966,
                "nauc_map_at_1_diff1": 0.36788988562050945,
                "nauc_map_at_1_max": 0.06218043424236115,
                "nauc_map_at_1_std": -0.2442188675644677,
                "nauc_map_at_20_diff1": 0.342019845457827,
                "nauc_map_at_20_max": 0.2787555414523285,
                "nauc_map_at_20_std": 0.03704193361848003,
                "nauc_map_at_3_diff1": 0.3408750068116169,
                "nauc_map_at_3_max": 0.11433238879464716,
                "nauc_map_at_3_std": -0.18070105813076653,
                "nauc_map_at_5_diff1": 0.34167149018546944,
                "nauc_map_at_5_max": 0.15023813889086737,
                "nauc_map_at_5_std": -0.12811405222222752,
                "nauc_mrr_at_1000_diff1": 0.6014213791851398,
                "nauc_mrr_at_1000_max": 0.6763487849347548,
                "nauc_mrr_at_1000_std": 0.4430322435935586,
                "nauc_mrr_at_100_diff1": 0.6014234352096828,
                "nauc_mrr_at_100_max": 0.6763152241168181,
                "nauc_mrr_at_100_std": 0.44277233086478573,
                "nauc_mrr_at_10_diff1": 0.6005405085202973,
                "nauc_mrr_at_10_max": 0.6785192489991957,
                "nauc_mrr_at_10_std": 0.4453453783053214,
                "nauc_mrr_at_1_diff1": 0.6056003472781103,
                "nauc_mrr_at_1_max": 0.6399721006911423,
                "nauc_mrr_at_1_std": 0.39410700262897336,
                "nauc_mrr_at_20_diff1": 0.6015786105173639,
                "nauc_mrr_at_20_max": 0.6773004026185054,
                "nauc_mrr_at_20_std": 0.4438457392945975,
                "nauc_mrr_at_3_diff1": 0.6100386913748428,
                "nauc_mrr_at_3_max": 0.676097919172443,
                "nauc_mrr_at_3_std": 0.4437901697625456,
                "nauc_mrr_at_5_diff1": 0.6014374382356455,
                "nauc_mrr_at_5_max": 0.6774223956693529,
                "nauc_mrr_at_5_std": 0.44926119998842995,
                "nauc_ndcg_at_1000_diff1": 0.41943919199876,
                "nauc_ndcg_at_1000_max": 0.5534368795153672,
                "nauc_ndcg_at_1000_std": 0.40643647987336284,
                "nauc_ndcg_at_100_diff1": 0.40859756740554526,
                "nauc_ndcg_at_100_max": 0.4948913616661651,
                "nauc_ndcg_at_100_std": 0.3123000440752973,
                "nauc_ndcg_at_10_diff1": 0.39039772334472045,
                "nauc_ndcg_at_10_max": 0.5085899373451582,
                "nauc_ndcg_at_10_std": 0.28565535567657757,
                "nauc_ndcg_at_1_diff1": 0.5510307444634038,
                "nauc_ndcg_at_1_max": 0.5708336599317058,
                "nauc_ndcg_at_1_std": 0.3262345920937068,
                "nauc_ndcg_at_20_diff1": 0.4080800588069346,
                "nauc_ndcg_at_20_max": 0.48083046754989617,
                "nauc_ndcg_at_20_std": 0.24308155582475494,
                "nauc_ndcg_at_3_diff1": 0.39380845981099705,
                "nauc_ndcg_at_3_max": 0.5047351788265686,
                "nauc_ndcg_at_3_std": 0.3084136147203736,
                "nauc_ndcg_at_5_diff1": 0.3753771673873421,
                "nauc_ndcg_at_5_max": 0.5044252503750573,
                "nauc_ndcg_at_5_std": 0.3169822235901754,
                "nauc_precision_at_1000_diff1": -0.17598452736961626,
                "nauc_precision_at_1000_max": 0.073978095147406,
                "nauc_precision_at_1000_std": 0.1781398831007705,
                "nauc_precision_at_100_diff1": -0.048236697031341175,
                "nauc_precision_at_100_max": 0.312211264113413,
                "nauc_precision_at_100_std": 0.4403977414541822,
                "nauc_precision_at_10_diff1": 0.054273298425854793,
                "nauc_precision_at_10_max": 0.4196635589651034,
                "nauc_precision_at_10_std": 0.4686681191228352,
                "nauc_precision_at_1_diff1": 0.6056003472781103,
                "nauc_precision_at_1_max": 0.6399721006911423,
                "nauc_precision_at_1_std": 0.39410700262897336,
                "nauc_precision_at_20_diff1": 0.028680215514220054,
                "nauc_precision_at_20_max": 0.3947074710749822,
                "nauc_precision_at_20_std": 0.4712080089773674,
                "nauc_precision_at_3_diff1": 0.2002194579331603,
                "nauc_precision_at_3_max": 0.46505979797805713,
                "nauc_precision_at_3_std": 0.4171524758675274,
                "nauc_precision_at_5_diff1": 0.10289351995558568,
                "nauc_precision_at_5_max": 0.44028135237868926,
                "nauc_precision_at_5_std": 0.4662685778242112,
                "nauc_recall_at_1000_diff1": 0.3021940277893363,
                "nauc_recall_at_1000_max": 0.39582265519691295,
                "nauc_recall_at_1000_std": 0.4396968070152464,
                "nauc_recall_at_100_diff1": 0.26911050821982296,
                "nauc_recall_at_100_max": 0.2870889194883595,
                "nauc_recall_at_100_std": 0.1923427602954625,
                "nauc_recall_at_10_diff1": 0.3216261998997161,
                "nauc_recall_at_10_max": 0.16351143839887672,
                "nauc_recall_at_10_std": -0.09566286205201623,
                "nauc_recall_at_1_diff1": 0.36788988562050945,
                "nauc_recall_at_1_max": 0.06218043424236115,
                "nauc_recall_at_1_std": -0.2442188675644677,
                "nauc_recall_at_20_diff1": 0.29963999826495585,
                "nauc_recall_at_20_max": 0.1755794298249755,
                "nauc_recall_at_20_std": -0.03751167574387063,
                "nauc_recall_at_3_diff1": 0.312284473229378,
                "nauc_recall_at_3_max": 0.08653820805217469,
                "nauc_recall_at_3_std": -0.1969180704688017,
                "nauc_recall_at_5_diff1": 0.3039820699244594,
                "nauc_recall_at_5_max": 0.11275424919343163,
                "nauc_recall_at_5_std": -0.14798926734485268,
                "ndcg_at_1": 0.62625,
                "ndcg_at_10": 0.49747,
                "ndcg_at_100": 0.5501,
                "ndcg_at_1000": 0.61895,
                "ndcg_at_20": 0.49392,
                "ndcg_at_3": 0.54121,
                "ndcg_at_5": 0.51637,
                "precision_at_1": 0.7275,
                "precision_at_10": 0.40825,
                "precision_at_100": 0.13105,
                "precision_at_1000": 0.02308,
                "precision_at_20": 0.3175,
                "precision_at_3": 0.5725,
                "precision_at_5": 0.506,
                "recall_at_1": 0.09771,