{
  "dataset_revision": "f71ab9d4aabcda93d55a7e65edfb3a34767d89e6",
  "evaluation_time": 170.76871514320374,
  "kg_co2_emissions": 0.003841500150676659,
  "mteb_version": "1.14.15",
  "scores": {
    "test": [
      {
        "cv_recall_at_1": 0.1,
        "cv_recall_at_10": 0.47143,
        "cv_recall_at_100": 0.88571,
        "cv_recall_at_1000": 1.0,
        "cv_recall_at_20": 0.57143,
        "cv_recall_at_3": 0.3,
        "cv_recall_at_5": 0.35714,
        "hf_subset": "default",
        "languages": [
          "eng-Latn"
        ],
        "main_score": 0.1,
        "map_at_1": 0.02214,
        "map_at_10": 0.04525,
        "map_at_100": 0.07738,
        "map_at_1000": 0.12213,
        "map_at_20": 0.05619,
        "map_at_3": 0.02902,
        "map_at_5": 0.03427,
        "mrr_at_1": 0.1,
        "mrr_at_10": 0.21265873015873013,
        "mrr_at_100": 0.22752973181144648,
        "mrr_at_1000": 0.22810391403552566,
        "mrr_at_20": 0.21946549334983653,
        "mrr_at_3": 0.18571428571428575,
        "mrr_at_5": 0.19785714285714284,
        "nauc_cv_recall_at_1000_diff1": NaN,
        "nauc_cv_recall_at_1000_max": NaN,
        "nauc_cv_recall_at_1000_std": NaN,
        "nauc_cv_recall_at_100_diff1": 0.7176672994779304,
        "nauc_cv_recall_at_100_max": 0.10666824869482804,
        "nauc_cv_recall_at_100_std": -0.08163265306122461,
        "nauc_cv_recall_at_10_diff1": 0.3028401274005391,
        "nauc_cv_recall_at_10_max": -0.3170124950528638,
        "nauc_cv_recall_at_10_std": -0.22223478637794253,
        "nauc_cv_recall_at_1_diff1": 0.2311702249990417,
        "nauc_cv_recall_at_1_max": -0.12752501054084098,
        "nauc_cv_recall_at_1_std": -0.26758403925025886,
        "nauc_cv_recall_at_20_diff1": 0.42404517453798807,
        "nauc_cv_recall_at_20_max": -0.39741273100615987,
        "nauc_cv_recall_at_20_std": -0.2064681724845993,
        "nauc_cv_recall_at_3_diff1": 0.3187793155365103,
        "nauc_cv_recall_at_3_max": -0.23097264848379573,
        "nauc_cv_recall_at_3_std": -0.1712509892485572,
        "nauc_cv_recall_at_5_diff1": 0.3517409666823086,
        "nauc_cv_recall_at_5_max": -0.2542656030032849,
        "nauc_cv_recall_at_5_std": -0.1287282965743783,
        "nauc_map_at_1000_diff1": 0.3357774966115233,
        "nauc_map_at_1000_max": -0.09352295737912318,
        "nauc_map_at_1000_std": -0.20217114552200757,
        "nauc_map_at_100_diff1": 0.4005728288592733,
        "nauc_map_at_100_max": -0.15211875230193733,
        "nauc_map_at_100_std": -0.27981762899213725,
        "nauc_map_at_10_diff1": 0.5498462324699768,
        "nauc_map_at_10_max": -0.05183093329319489,
        "nauc_map_at_10_std": -0.2224668463545579,
        "nauc_map_at_1_diff1": 0.6787702293177525,
        "nauc_map_at_1_max": 0.08015597182396567,
        "nauc_map_at_1_std": -0.22811217699009753,
        "nauc_map_at_20_diff1": 0.49043361307761013,
        "nauc_map_at_20_max": -0.10239512539182571,
        "nauc_map_at_20_std": -0.21844653391237256,
        "nauc_map_at_3_diff1": 0.6196163959217711,
        "nauc_map_at_3_max": 0.01953923697069571,
        "nauc_map_at_3_std": -0.2057831356237574,
        "nauc_map_at_5_diff1": 0.5838130486987385,
        "nauc_map_at_5_max": -0.011568547321570989,
        "nauc_map_at_5_std": -0.2158943849126844,
        "nauc_mrr_at_1000_diff1": 0.32367484858740814,
        "nauc_mrr_at_1000_max": -0.17965431992357342,
        "nauc_mrr_at_1000_std": -0.19148328261706768,
        "nauc_mrr_at_100_diff1": 0.3247088381871704,
        "nauc_mrr_at_100_max": -0.1796750316269372,
        "nauc_mrr_at_100_std": -0.19196530751676116,
        "nauc_mrr_at_10_diff1": 0.3149975686074518,
        "nauc_mrr_at_10_max": -0.19102629848721367,
        "nauc_mrr_at_10_std": -0.19353469060137898,
        "nauc_mrr_at_1_diff1": 0.2311702249990417,
        "nauc_mrr_at_1_max": -0.12752501054084098,
        "nauc_mrr_at_1_std": -0.26758403925025886,
        "nauc_mrr_at_20_diff1": 0.3222499666971725,
        "nauc_mrr_at_20_max": -0.19534511015337863,
        "nauc_mrr_at_20_std": -0.19056284685728742,
        "nauc_mrr_at_3_diff1": 0.31469754378527315,
        "nauc_mrr_at_3_max": -0.17134769437305158,
        "nauc_mrr_at_3_std": -0.19088436095139683,
        "nauc_mrr_at_5_diff1": 0.32539264367151555,
        "nauc_mrr_at_5_max": -0.18027993449478513,
        "nauc_mrr_at_5_std": -0.17974208745095113,
        "nauc_ndcg_at_1000_diff1": 0.27744265253248956,
        "nauc_ndcg_at_1000_max": 0.12676708084602162,
        "nauc_ndcg_at_1000_std": 0.03778548880364024,
        "nauc_ndcg_at_100_diff1": 0.2935142928955333,
        "nauc_ndcg_at_100_max": -0.2174509416561825,
        "nauc_ndcg_at_100_std": -0.3684857135284825,
        "nauc_ndcg_at_10_diff1": 0.40752028860817296,
        "nauc_ndcg_at_10_max": -0.11568367042635212,
        "nauc_ndcg_at_10_std": -0.21879073553587075,
        "nauc_ndcg_at_1_diff1": 0.2311702249990417,
        "nauc_ndcg_at_1_max": -0.12752501054084098,
        "nauc_ndcg_at_1_std": -0.26758403925025886,
        "nauc_ndcg_at_20_diff1": 0.37287146067082283,
        "nauc_ndcg_at_20_max": -0.20859879049000726,
        "nauc_ndcg_at_20_std": -0.260614564830354,
        "nauc_ndcg_at_3_diff1": 0.40089098278053,
        "nauc_ndcg_at_3_max": -0.0998613062546604,
        "nauc_ndcg_at_3_std": -0.19360498005099883,
        "nauc_ndcg_at_5_diff1": 0.39992943621607424,
        "nauc_ndcg_at_5_max": -0.09502104855177002,
        "nauc_ndcg_at_5_std": -0.19634065481970472,
        "nauc_precision_at_1000_diff1": -0.04092702348370872,
        "nauc_precision_at_1000_max": 0.20370048151571726,
        "nauc_precision_at_1000_std": 0.24434234136262312,
        "nauc_precision_at_100_diff1": 0.09295740214185085,
        "nauc_precision_at_100_max": -0.210713507480535,
        "nauc_precision_at_100_std": -0.2957487178124422,
        "nauc_precision_at_10_diff1": 0.2864130995242813,
        "nauc_precision_at_10_max": -0.16374405351722376,
        "nauc_precision_at_10_std": -0.21568750532437164,
        "nauc_precision_at_1_diff1": 0.2311702249990417,
        "nauc_precision_at_1_max": -0.12752501054084098,
        "nauc_precision_at_1_std": -0.26758403925025886,
        "nauc_precision_at_20_diff1": 0.2475079656591584,
        "nauc_precision_at_20_max": -0.26011749347258495,
        "nauc_precision_at_20_std": -0.24128756029561463,
        "nauc_precision_at_3_diff1": 0.3503215629171216,
        "nauc_precision_at_3_max": -0.14555946554490415,
        "nauc_precision_at_3_std": -0.1800078199786973,
        "nauc_precision_at_5_diff1": 0.3137968693119768,
        "nauc_precision_at_5_max": -0.14519735815695045,
        "nauc_precision_at_5_std": -0.18117600152547375,
        "nauc_recall_at_1000_diff1": NaN,
        "nauc_recall_at_1000_max": NaN,
        "nauc_recall_at_1000_std": NaN,
        "nauc_recall_at_100_diff1": 0.13003030885217767,
        "nauc_recall_at_100_max": -0.18045459123071889,
        "nauc_recall_at_100_std": -0.35215125915741285,
        "nauc_recall_at_10_diff1": 0.423837345734486,
        "nauc_recall_at_10_max": -0.14193543902815559,
        "nauc_recall_at_10_std": -0.22745927237704397,
        "nauc_recall_at_1_diff1": 0.6787702293177525,
        "nauc_recall_at_1_max": 0.08015597182396567,
        "nauc_recall_at_1_std": -0.22811217699009753,
        "nauc_recall_at_20_diff1": 0.323401415116438,
        "nauc_recall_at_20_max": -0.21879600804088195,
        "nauc_recall_at_20_std": -0.2436043867691994,
        "nauc_recall_at_3_diff1": 0.521308166618465,
        "nauc_recall_at_3_max": -0.059260798865552834,
        "nauc_recall_at_3_std": -0.18878852365155635,
        "nauc_recall_at_5_diff1": 0.4705786130296093,
        "nauc_recall_at_5_max": -0.09172678985285411,
        "nauc_recall_at_5_std": -0.19452372994197048,
        "ndcg_at_1": 0.1,
        "ndcg_at_10": 0.13328,
        "ndcg_at_100": 0.19665,
        "ndcg_at_1000": 0.44443,
        "ndcg_at_20": 0.13948,