{
  "dataset_revision": "c4a08f2e641b33697745837d6e814da8b17b533c",
  "task_name": "JLCorpusA2TRetrieval",
  "mteb_version": "2.1.13",
  "scores": {
    "test": [
      {
        "ndcg_at_1": 0.00792,
        "ndcg_at_3": 0.01823,
        "ndcg_at_5": 0.02397,
        "ndcg_at_10": 0.03469,
        "ndcg_at_20": 0.05418,
        "ndcg_at_100": 0.15276,
        "ndcg_at_1000": 0.1934,
        "map_at_1": 0.00792,
        "map_at_3": 0.01549,
        "map_at_5": 0.01872,
        "map_at_10": 0.02311,
        "map_at_20": 0.02807,
        "map_at_100": 0.03964,
        "map_at_1000": 0.04194,
        "recall_at_1": 0.00792,
        "recall_at_3": 0.02625,
        "recall_at_5": 0.04,
        "recall_at_10": 0.07333,
        "recall_at_20": 0.15333,
        "recall_at_100": 0.71708,
        "recall_at_1000": 1.0,
        "accuracy": 0.00792,
        "precision_at_1": 0.00792,
        "precision_at_3": 0.00875,
        "precision_at_5": 0.008,
        "precision_at_10": 0.00733,
        "precision_at_20": 0.00767,
        "precision_at_100": 0.00717,
        "precision_at_1000": 0.001,
        "mrr_at_1": 0.007917,
        "mrr_at_3": 0.015486,
        "mrr_at_5": 0.018715,
        "mrr_at_10": 0.02311,
        "mrr_at_20": 0.028067,
        "mrr_at_100": 0.039639,
        "mrr_at_1000": 0.041937,
        "nauc_ndcg_at_1_max": -0.120529,
        "nauc_ndcg_at_1_std": -0.265234,
        "nauc_ndcg_at_1_diff1": 0.268228,
        "nauc_ndcg_at_3_max": 0.135354,
        "nauc_ndcg_at_3_std": 0.06543,
        "nauc_ndcg_at_3_diff1": 0.045311,
        "nauc_ndcg_at_5_max": 0.084124,
        "nauc_ndcg_at_5_std": 0.037558,
        "nauc_ndcg_at_5_diff1": 0.021762,
        "nauc_ndcg_at_10_max": 0.088326,
        "nauc_ndcg_at_10_std": 0.049437,
        "nauc_ndcg_at_10_diff1": 0.022524,
        "nauc_ndcg_at_20_max": 0.055393,
        "nauc_ndcg_at_20_std": -0.004798,
        "nauc_ndcg_at_20_diff1": 0.046077,
        "nauc_ndcg_at_100_max": 0.034058,
        "nauc_ndcg_at_100_std": -0.024415,
        "nauc_ndcg_at_100_diff1": 0.037936,
        "nauc_ndcg_at_1000_max": 0.046508,
        "nauc_ndcg_at_1000_std": -0.008819,
        "nauc_ndcg_at_1000_diff1": 0.038229,
        "nauc_map_at_1_max": -0.120529,
        "nauc_map_at_1_std": -0.265234,
        "nauc_map_at_1_diff1": 0.268228,
        "nauc_map_at_3_max": 0.105385,
        "nauc_map_at_3_std": 0.026165,
        "nauc_map_at_3_diff1": 0.078057,
        "nauc_map_at_5_max": 0.074445,
        "nauc_map_at_5_std": 0.014182,
        "nauc_map_at_5_diff1": 0.05584,
        "nauc_map_at_10_max": 0.079455,
        "nauc_map_at_10_std": 0.025349,
        "nauc_map_at_10_diff1": 0.049146,
        "nauc_map_at_20_max": 0.06368,
        "nauc_map_at_20_std": 0.002736,
        "nauc_map_at_20_diff1": 0.057018,
        "nauc_map_at_100_max": 0.054555,
        "nauc_map_at_100_std": -0.004991,
        "nauc_map_at_100_diff1": 0.050342,
        "nauc_map_at_1000_max": 0.055913,
        "nauc_map_at_1000_std": -0.003141,
        "nauc_map_at_1000_diff1": 0.05103,
        "nauc_recall_at_1_max": -0.120529,
        "nauc_recall_at_1_std": -0.265234,
        "nauc_recall_at_1_diff1": 0.268228,
        "nauc_recall_at_3_max": 0.185992,
        "nauc_recall_at_3_std": 0.131912,
        "nauc_recall_at_3_diff1": -0.011721,
        "nauc_recall_at_5_max": 0.093482,
        "nauc_recall_at_5_std": 0.066477,
        "nauc_recall_at_5_diff1": -0.026703,
        "nauc_recall_at_10_max": 0.094303,
        "nauc_recall_at_10_std": 0.071678,
        "nauc_recall_at_10_diff1": -0.002281,
        "nauc_recall_at_20_max": 0.044196,
        "nauc_recall_at_20_std": -0.019678,
        "nauc_recall_at_20_diff1": 0.043769,
        "nauc_recall_at_100_max": 0.010927,
        "nauc_recall_at_100_std": -0.050859,
        "nauc_recall_at_100_diff1": 0.03847,
        "nauc_recall_at_1000_max": NaN,
        "nauc_recall_at_1000_std": NaN,
        "nauc_recall_at_1000_diff1": NaN,
        "nauc_precision_at_1_max": -0.120529,
        "nauc_precision_at_1_std": -0.265234,
        "nauc_precision_at_1_diff1": 0.268228,
        "nauc_precision_at_3_max": 0.185992,
        "nauc_precision_at_3_std": 0.131912,
        "nauc_precision_at_3_diff1": -0.011721,
        "nauc_precision_at_5_max": 0.093482,
        "nauc_precision_at_5_std": 0.066477,
        "nauc_precision_at_5_diff1": -0.026703,
        "nauc_precision_at_10_max": 0.094303,
        "nauc_precision_at_10_std": 0.071678,
        "nauc_precision_at_10_diff1": -0.002281,
        "nauc_precision_at_20_max": 0.044196,
        "nauc_precision_at_20_std": -0.019678,
        "nauc_precision_at_20_diff1": 0.043769,
        "nauc_precision_at_100_max": 0.010927,
        "nauc_precision_at_100_std": -0.050859,
        "nauc_precision_at_100_diff1": 0.03847,
        "nauc_precision_at_1000_max": 1.0,
        "nauc_precision_at_1000_std": 1.0,
        "nauc_precision_at_1000_diff1": 1.0,
        "nauc_mrr_at_1_max": -0.120529,
        "nauc_mrr_at_1_std": -0.265234,
        "nauc_mrr_at_1_diff1": 0.268228,
        "nauc_mrr_at_3_max": 0.105385,
        "nauc_mrr_at_3_std": 0.026165,
        "nauc_mrr_at_3_diff1": 0.078057,
        "nauc_mrr_at_5_max": 0.074445,
        "nauc_mrr_at_5_std": 0.014182,
        "nauc_mrr_at_5_diff1": 0.05584,
        "nauc_mrr_at_10_max": 0.079455,
        "nauc_mrr_at_10_std": 0.025349,
        "nauc_mrr_at_10_diff1": 0.049146,
        "nauc_mrr_at_20_max": 0.06368,
        "nauc_mrr_at_20_std": 0.002736,
        "nauc_mrr_at_20_diff1": 0.057018,
        "nauc_mrr_at_100_max": 0.054555,
        "nauc_mrr_at_100_std": -0.004991,
        "nauc_mrr_at_100_diff1": 0.050342,
        "nauc_mrr_at_1000_max": 0.055913,
        "nauc_mrr_at_1000_std": -0.003141,
        "nauc_mrr_at_1000_diff1": 0.05103,
        "cv_recall_at_1": 0.00792,
        "cv_recall_at_3": 0.02625,
        "cv_recall_at_5": 0.04,
        "cv_recall_at_10": 0.07333,
        "cv_recall_at_20": 0.15333,
        "cv_recall_at_100": 0.71708,
        "cv_recall_at_1000": 1.0,
        "main_score": 0.04,
        "hf_subset": "default",
        "languages": [
          "eng-Latn"
        ]
      }
    ]
  },
  "evaluation_time": 172.1554594039917,
  "kg_co2_emissions": null
}