{
  "dataset_revision": "1851bc536f8bdab29e03e29191c4586b1d8d7c5a",
  "evaluation_time": 14.173505306243896,
  "kg_co2_emissions": null,
  "mteb_version": "1.12.27",
  "scores": {
    "test": [
      {
        "hf_subset": "default",
        "languages": [
          "eng-Latn"
        ],
        "main_score": 0.01749,
        "map_at_1": 0.00625,
        "map_at_10": 0.01287,
        "map_at_100": 0.01564,
        "map_at_1000": 0.01636,
        "map_at_20": 0.0142,
        "map_at_3": 0.00993,
        "map_at_5": 0.01132,
        "mrr_at_1": 0.00625,
        "mrr_at_10": 0.012883549253034546,
        "mrr_at_100": 0.015661545199695627,
        "mrr_at_1000": 0.016382330901641873,
        "mrr_at_20": 0.014217690948378102,
        "mrr_at_3": 0.00992647058823529,
        "mrr_at_5": 0.011341911764705876,
        "nauc_map_at_1000_diff1": -0.01089050288535258,
        "nauc_map_at_1000_max": 0.029070101251190413,
        "nauc_map_at_1000_std": 0.1961294319722858,
        "nauc_map_at_100_diff1": -0.00966481905384864,
        "nauc_map_at_100_max": 0.02654229042380809,
        "nauc_map_at_100_std": 0.19640318792780773,
        "nauc_map_at_10_diff1": 0.0008791143497383057,
        "nauc_map_at_10_max": 0.01968559168768355,
        "nauc_map_at_10_std": 0.18778163410278467,
        "nauc_map_at_1_diff1": 0.07171830363484259,
        "nauc_map_at_1_max": -0.06030713868590104,
        "nauc_map_at_1_std": 0.14184251645385815,
        "nauc_map_at_20_diff1": -0.005751783537443177,
        "nauc_map_at_20_max": 0.02264060500021267,
        "nauc_map_at_20_std": 0.19854364592553575,
        "nauc_map_at_3_diff1": -0.002712935634856884,
        "nauc_map_at_3_max": -0.0026897481507980507,
        "nauc_map_at_3_std": 0.1796649077303759,
        "nauc_map_at_5_diff1": -0.0007051909721617528,
        "nauc_map_at_5_max": 0.013377140255326495,
        "nauc_map_at_5_std": 0.18562987187215801,
        "nauc_mrr_at_1000_diff1": -0.011100610575689542,
        "nauc_mrr_at_1000_max": 0.028466450489151456,
        "nauc_mrr_at_1000_std": 0.19568462767591854,
        "nauc_mrr_at_100_diff1": -0.00988282248487714,
        "nauc_mrr_at_100_max": 0.025926675334769667,
        "nauc_mrr_at_100_std": 0.19594728325495364,
        "nauc_mrr_at_10_diff1": 0.0005842292620798778,
        "nauc_mrr_at_10_max": 0.018944674300724038,
        "nauc_mrr_at_10_std": 0.18722007497863064,
        "nauc_mrr_at_1_diff1": 0.07171830363484259,
        "nauc_mrr_at_1_max": -0.06030713868590104,
        "nauc_mrr_at_1_std": 0.14184251645385815,
        "nauc_mrr_at_20_diff1": -0.006010424343387268,
        "nauc_mrr_at_20_max": 0.02196539228249113,
        "nauc_mrr_at_20_std": 0.1980208672435966,
        "nauc_mrr_at_3_diff1": -0.002712935634856884,
        "nauc_mrr_at_3_max": -0.0026897481507980507,
        "nauc_mrr_at_3_std": 0.1796649077303759,
        "nauc_mrr_at_5_diff1": -0.0010375902510004335,
        "nauc_mrr_at_5_max": 0.012545738842389624,
        "nauc_mrr_at_5_std": 0.18499547087071913,
        "nauc_ndcg_at_1000_diff1": -0.034268385591887496,
        "nauc_ndcg_at_1000_max": 0.07579068246257431,
        "nauc_ndcg_at_1000_std": 0.20269981810993506,
        "nauc_ndcg_at_100_diff1": -0.031609829835831466,
        "nauc_ndcg_at_100_max": 0.04594114704131282,
        "nauc_ndcg_at_100_std": 0.2027956281860088,
        "nauc_ndcg_at_10_diff1": -0.00660713299934946,
        "nauc_ndcg_at_10_max": 0.03852690437399444,
        "nauc_ndcg_at_10_std": 0.19645133055669292,
        "nauc_ndcg_at_1_diff1": 0.07171830363484259,
        "nauc_ndcg_at_1_max": -0.06030713868590104,
        "nauc_ndcg_at_1_std": 0.14184251645385815,
        "nauc_ndcg_at_20_diff1": -0.022380732461093105,
        "nauc_ndcg_at_20_max": 0.03959617885223457,
        "nauc_ndcg_at_20_std": 0.21805148953865922,
        "nauc_ndcg_at_3_diff1": -0.01505723802675598,
        "nauc_ndcg_at_3_max": 0.006507866474920912,
        "nauc_ndcg_at_3_std": 0.18405955696585147,
        "nauc_ndcg_at_5_diff1": -0.009755801608263358,
        "nauc_ndcg_at_5_max": 0.030749367929577706,
        "nauc_ndcg_at_5_std": 0.19335576354365286,
        "nauc_precision_at_1000_diff1": -0.043148262239710286,
        "nauc_precision_at_1000_max": 0.10829139101525644,
        "nauc_precision_at_1000_std": 0.20515501762659927,
        "nauc_precision_at_100_diff1": -0.04694038743374215,
        "nauc_precision_at_100_max": 0.0562367883998156,
        "nauc_precision_at_100_std": 0.20274573005647634,
        "nauc_precision_at_10_diff1": -0.015070710846751328,
        "nauc_precision_at_10_max": 0.06294787807164867,
        "nauc_precision_at_10_std": 0.2079330003044897,
        "nauc_precision_at_1_diff1": 0.07171830363484259,
        "nauc_precision_at_1_max": -0.06030713868590104,
        "nauc_precision_at_1_std": 0.14184251645385815,
        "nauc_precision_at_20_diff1": -0.040741308597493156,
        "nauc_precision_at_20_max": 0.054501897351374326,
        "nauc_precision_at_20_std": 0.23955306834298004,
        "nauc_precision_at_3_diff1": -0.03829013068773017,
        "nauc_precision_at_3_max": 0.02372927941782786,
        "nauc_precision_at_3_std": 0.19186293821618125,
        "nauc_precision_at_5_diff1": -0.02304710268959968,
        "nauc_precision_at_5_max": 0.05991228962926639,
        "nauc_precision_at_5_std": 0.20605460618228577,
        "nauc_recall_at_1000_diff1": -0.04314826223970975,
        "nauc_recall_at_1000_max": 0.10829139101525682,
        "nauc_recall_at_1000_std": 0.20515501762659966,
        "nauc_recall_at_100_diff1": -0.04694038743374224,
        "nauc_recall_at_100_max": 0.05623678839981548,
        "nauc_recall_at_100_std": 0.20274573005647606,
        "nauc_recall_at_10_diff1": -0.015070710846751465,
        "nauc_recall_at_10_max": 0.06294787807164835,
        "nauc_recall_at_10_std": 0.20793300030448927,
        "nauc_recall_at_1_diff1": 0.07171830363484259,
        "nauc_recall_at_1_max": -0.06030713868590104,
        "nauc_recall_at_1_std": 0.14184251645385815,
        "nauc_recall_at_20_diff1": -0.040741308597493225,
        "nauc_recall_at_20_max": 0.054501897351374125,
        "nauc_recall_at_20_std": 0.2395530683429798,
        "nauc_recall_at_3_diff1": -0.038290130687730246,
        "nauc_recall_at_3_max": 0.023729279417827667,
        "nauc_recall_at_3_std": 0.19186293821618133,
        "nauc_recall_at_5_diff1": -0.023047102689599735,
        "nauc_recall_at_5_max": 0.05991228962926632,
        "nauc_recall_at_5_std": 0.20605460618228583,
        "ndcg_at_1": 0.00625,
        "ndcg_at_10": 0.01749,
        "ndcg_at_100": 0.0333,
        "ndcg_at_1000": 0.05798,
        "ndcg_at_20": 0.02227,
        "ndcg_at_3": 0.01124,
        "ndcg_at_5": 0.01379,
        "precision_at_1": 0.00625,
        "precision_at_10": 0.00327,
        "precision_at_100": 0.00112,
        "precision_at_1000": 0.00032,
        "precision_at_20": 0.00257,
        "precision_at_3": 0.00502,
        "precision_at_5": 0.00426,
        "recall_at_1": 0.00625,
        "recall_at_10": 0.03272,
        "recall_at_100": 0.11213,
        "recall_at_1000": 0.31912,
        "recall_at_20": 0.05147,
        "recall_at_3": 0.01507,
        "recall_at_5": 0.02132
      }
    ]
  },
  "task_name": "Quail"
}