{
    "dataset_revision": "23d186750531a14a0357ca22cd92d712fd512ea0",
    "task_name": "CMedQAv2-reranking",
    "evaluation_time": null,
    "mteb_version": null,
    "scores": {
        "test": [
            {
                "hf_subset": "default",
                "languages": [
                    "cmn-Hans"
                ],
                "main_score": 0.8616019791195917,
                "map": 0.8616019791195917,
                "mrr": 0.8843142857142857,
                "nAUC_map_diff1": 0.6573941836563229,
                "nAUC_map_max": 0.7018844498133647,
                "nAUC_map_std": 0.20764350257887204,
                "nAUC_mrr_diff1": 0.722908949070493,
                "nAUC_mrr_max": 0.7906040041480205,
                "nAUC_mrr_std": 0.2968793685691943
            }
        ]
    }
}