{
    "dataset_revision": "ad9991cb51e31e31e430383c75ffb2885547b5f0",
    "task_name": "CQADupstackEnglishRetrieval",
    "evaluation_time": null,
    "mteb_version": null,
    "scores": {
        "test": [
            {
                "hf_subset": "default",
                "languages": [
                    "eng-Latn"
                ],
                "main_score": 0.49755000000000005,
                "map_at_1": 0.32126,
                "map_at_10": 0.43764,
                "map_at_100": 0.45045999999999997,
                "map_at_1000": 0.45175,
                "map_at_20": 0.44453,
                "map_at_3": 0.4068,
                "map_at_5": 0.42472,
                "mrr_at_1": 0.3980891719745223,
                "mrr_at_10": 0.4971534728541103,
                "mrr_at_100": 0.5030671377399161,
                "mrr_at_1000": 0.5035175588664101,
                "mrr_at_20": 0.5006892563477184,
                "mrr_at_3": 0.47526539278131674,
                "mrr_at_5": 0.48841825902335534,
                "nauc_map_at_1000_diff1": 0.48590945533557794,
                "nauc_map_at_1000_max": 0.3045563381314075,
                "nauc_map_at_1000_std": -0.07217406073058152,
                "nauc_map_at_100_diff1": 0.4860124648489388,
                "nauc_map_at_100_max": 0.30428573520920466,
                "nauc_map_at_100_std": -0.07272726299567417,
                "nauc_map_at_10_diff1": 0.4894727273026682,
                "nauc_map_at_10_max": 0.2984188561695202,
                "nauc_map_at_10_std": -0.08462571966727643,
                "nauc_map_at_1_diff1": 0.5574406817125299,
                "nauc_map_at_1_max": 0.2443038475417079,
                "nauc_map_at_1_std": -0.12790982292634853,
                "nauc_map_at_20_diff1": 0.4867656984970764,
                "nauc_map_at_20_max": 0.3005283505139411,
                "nauc_map_at_20_std": -0.07952122633861652,
                "nauc_map_at_3_diff1": 0.49883690749163373,
                "nauc_map_at_3_max": 0.2792376094690595,
                "nauc_map_at_3_std": -0.1039159662660692,
                "nauc_map_at_5_diff1": 0.4933479052279142,
                "nauc_map_at_5_max": 0.2889736772207175,
                "nauc_map_at_5_std": -0.09247446286716966,
                "nauc_mrr_at_1000_diff1": 0.4802495353590695,
                "nauc_mrr_at_1000_max": 0.3301510639655688,
                "nauc_mrr_at_1000_std": -0.02608804747034229,
                "nauc_mrr_at_100_diff1": 0.4800159674365556,
                "nauc_mrr_at_100_max": 0.33012146981367047,
                "nauc_mrr_at_100_std": -0.02596093152602284,
                "nauc_mrr_at_10_diff1": 0.4792254673059952,
                "nauc_mrr_at_10_max": 0.3303369825865612,
                "nauc_mrr_at_10_std": -0.026561699541152818,
                "nauc_mrr_at_1_diff1": 0.5280691027719072,
                "nauc_mrr_at_1_max": 0.31341718131270624,
                "nauc_mrr_at_1_std": -0.0532066722747698,
                "nauc_mrr_at_20_diff1": 0.47955516111940694,
                "nauc_mrr_at_20_max": 0.3299583133632421,
                "nauc_mrr_at_20_std": -0.026479648540774274,
                "nauc_mrr_at_3_diff1": 0.4856227782101869,
                "nauc_mrr_at_3_max": 0.32910193089934625,
                "nauc_mrr_at_3_std": -0.03280139172049715,
                "nauc_mrr_at_5_diff1": 0.4814323048037672,
                "nauc_mrr_at_5_max": 0.33051501845550824,
                "nauc_mrr_at_5_std": -0.027131542652545235,
                "nauc_ndcg_at_1000_diff1": 0.4657549884078857,
                "nauc_ndcg_at_1000_max": 0.3273441537313754,
                "nauc_ndcg_at_1000_std": -0.029505871012666406,
                "nauc_ndcg_at_100_diff1": 0.4625945736855511,
                "nauc_ndcg_at_100_max": 0.3273196873233861,
                "nauc_ndcg_at_100_std": -0.02860884900888649,
                "nauc_ndcg_at_10_diff1": 0.4664064953658979,
                "nauc_ndcg_at_10_max": 0.3219083804142894,
                "nauc_ndcg_at_10_std": -0.05114718930051209,
                "nauc_ndcg_at_1_diff1": 0.5280691027719072,
                "nauc_ndcg_at_1_max": 0.31341718131270624,
                "nauc_ndcg_at_1_std": -0.0532066722747698,
                "nauc_ndcg_at_20_diff1": 0.46107761207876935,
                "nauc_ndcg_at_20_max": 0.3198180440767045,
                "nauc_ndcg_at_20_std": -0.04675498030188404,
                "nauc_ndcg_at_3_diff1": 0.4754938256917904,
                "nauc_ndcg_at_3_max": 0.3138101152312147,
                "nauc_ndcg_at_3_std": -0.06200346745025213,
                "nauc_ndcg_at_5_diff1": 0.47163304019304614,
                "nauc_ndcg_at_5_max": 0.3174089919030278,
                "nauc_ndcg_at_5_std": -0.055850781340518726,
                "nauc_precision_at_1000_diff1": -0.18354995847082844,
                "nauc_precision_at_1000_max": 0.07536381798998833,
                "nauc_precision_at_1000_std": 0.2416855904999215,
                "nauc_precision_at_100_diff1": -0.13330847169761142,
                "nauc_precision_at_100_max": 0.17344543761240871,
                "nauc_precision_at_100_std": 0.28940981276008165,
                "nauc_precision_at_10_diff1": 0.06230361767352096,
                "nauc_precision_at_10_max": 0.31227148549129446,
                "nauc_precision_at_10_std": 0.18706855139007034,
                "nauc_precision_at_1_diff1": 0.5280691027719072,
                "nauc_precision_at_1_max": 0.31341718131270624,
                "nauc_precision_at_1_std": -0.0532066722747698,
                "nauc_precision_at_20_diff1": -0.02729763591398866,
                "nauc_precision_at_20_max": 0.25470751620044213,
                "nauc_precision_at_20_std": 0.2228998066735407,
                "nauc_precision_at_3_diff1": 0.25377250814586305,
                "nauc_precision_at_3_max": 0.3292513118389388,
                "nauc_precision_at_3_std": 0.06309867600396586,
                "nauc_precision_at_5_diff1": 0.16054142936713311,
                "nauc_precision_at_5_max": 0.324817644691642,
                "nauc_precision_at_5_std": 0.12729986221747236,
                "nauc_recall_at_1000_diff1": 0.37860579834421154,
                "nauc_recall_at_1000_max": 0.4261982722440853,
                "nauc_recall_at_1000_std": 0.1951530679930037,
                "nauc_recall_at_100_diff1": 0.35144035526815176,
                "nauc_recall_at_100_max": 0.3593548871128352,
                "nauc_recall_at_100_std": 0.10900510103543852,
                "nauc_recall_at_10_diff1": 0.3928172711059838,
                "nauc_recall_at_10_max": 0.31400042136145667,
                "nauc_recall_at_10_std": -0.03801830819402867,
                "nauc_recall_at_1_diff1": 0.5574406817125299,
                "nauc_recall_at_1_max": 0.2443038475417079,
                "nauc_recall_at_1_std": -0.12790982292634853,
                "nauc_recall_at_20_diff1": 0.35986564737355314,
                "nauc_recall_at_20_max": 0.3094425264510817,
                "nauc_recall_at_20_std": -0.014278934558452683,
                "nauc_recall_at_3_diff1": 0.4360227094760509,
                "nauc_recall_at_3_max": 0.2847701279091494,
                "nauc_recall_at_3_std": -0.08430742781917855,
                "nauc_recall_at_5_diff1": 0.41509698674149625,
                "nauc_recall_at_5_max": 0.29565124244183716,
                "nauc_recall_at_5_std": -0.06024428635685282,
                "ndcg_at_1": 0.39809,
                "ndcg_at_10": 0.49755000000000005,
                "ndcg_at_100": 0.54084,
                "ndcg_at_1000": 0.56006,
                "ndcg_at_20": 0.51458,
                "ndcg_at_3": 0.45466,
                "ndcg_at_5": 0.47579,
                "precision_at_1": 0.39809,
                "precision_at_10": 0.09325,
                "precision_at_100": 0.01496,
                "precision_at_1000": 0.0019499999999999997,
                "precision_at_20": 0.05481,