{
    "dataset_revision": "8e0c766dbe9e16e1d221116a3f36795fbade07f6",
    "task_name": "MMarcoReranking",
    "evaluation_time": null,
    "mteb_version": null,
    "scores": {
        "dev": [
            {
                "hf_subset": "default",
                "languages": [
                    "cmn-Hans"
                ],
                "main_score": 0.35122739329206276,
                "map": 0.35122739329206276,
                "mrr": 0.3380515873015873,
                "nAUC_map_diff1": 0.18283558841748337,
                "nAUC_map_max": -0.008054575209887027,
                "nAUC_map_std": -0.10511534036573472,
                "nAUC_mrr_diff1": 0.17787398570993948,
                "nAUC_mrr_max": 0.0017471831921431278,
                "nAUC_mrr_std": -0.10769521614647314
            }
        ]
    }
}