{
    "dataset_revision": "4885aa143210c98657558c04aaf3dc47cfb54340",
    "task_name": "CQADupstackGamingRetrieval",
    "evaluation_time": null,
    "mteb_version": null,
    "scores": {
        "test": [
            {
                "hf_subset": "default",
                "languages": [
                    "eng-Latn"
                ],
                "map_at_1": 0.21956,
                "map_at_10": 0.2903,
                "map_at_100": 0.29964,
                "map_at_1000": 0.30059,
                "map_at_3": 0.26793,
                "map_at_5": 0.28136,
                "mrr_at_1": 0.25517,
                "mrr_at_10": 0.32213,
                "mrr_at_100": 0.33019999999999994,
                "mrr_at_1000": 0.33094,
                "mrr_at_3": 0.30167,
                "mrr_at_5": 0.31427,
                "ndcg_at_1": 0.25517,
                "ndcg_at_10": 0.33165,
                "ndcg_at_100": 0.37781,
                "ndcg_at_1000": 0.40303,
                "ndcg_at_3": 0.29095,
                "ndcg_at_5": 0.31223,
                "precision_at_1": 0.25517,
                "precision_at_10": 0.05361,
                "precision_at_100": 0.00833,
                "precision_at_1000": 0.00113,
                "precision_at_3": 0.12832,
                "precision_at_5": 0.09103,
                "recall_at_1": 0.21956,
                "recall_at_10": 0.42634,
                "recall_at_100": 0.63774,
                "recall_at_1000": 0.82548,
                "recall_at_3": 0.31813,
                "recall_at_5": 0.36992,
                "main_score": 0.33165
            }
        ]
    }
}