{
  "dataset_revision": "90fceea13679c63fe563ded68f3b6f06e50061de",
  "mteb_dataset_name": "CQADupstackMathematicaRetrieval",
  "mteb_version": "1.2.0",
  "test": {
    "evaluation_time": 94.98,
    "map_at_1": 0.12463,
    "map_at_10": 0.18533,
    "map_at_100": 0.1976,
    "map_at_1000": 0.19883,
    "map_at_3": 0.16609,
    "map_at_5": 0.17664,
    "mrr_at_1": 0.15423,
    "mrr_at_10": 0.22143,
    "mrr_at_100": 0.23247,
    "mrr_at_1000": 0.2332,
    "mrr_at_3": 0.20004,
    "mrr_at_5": 0.21291,
    "ndcg_at_1": 0.15423,
    "ndcg_at_10": 0.22645,
    "ndcg_at_100": 0.28814,
    "ndcg_at_1000": 0.31882,
    "ndcg_at_3": 0.18981,
    "ndcg_at_5": 0.20734,
    "precision_at_1": 0.15423,
    "precision_at_10": 0.04291,
    "precision_at_100": 0.00861,
    "precision_at_1000": 0.00125,
    "precision_at_3": 0.09121,
    "precision_at_5": 0.06816,
    "recall_at_1": 0.12463,
    "recall_at_10": 0.31627,
    "recall_at_100": 0.58949,
    "recall_at_1000": 0.81176,
    "recall_at_3": 0.21548,
    "recall_at_5": 0.25989
  }
}