{
    "dataset_revision": "a0d554a64d88156834ff5ae9920b964011b16384",
    "task_name": "STS12",
    "evaluation_time": NaN,
    "mteb_version": "0.0.0",
    "scores": {
        "test": [
            {
                "hf_subset": "default",
                "languages": [
                    "eng-Latn"
                ],
                "cosine_pearson": 84.72310952504792,
                "cosine_spearman": 76.22109828443048,
                "euclidean_pearson": 82.38443833180979,
                "euclidean_spearman": 76.21894143370454,
                "main_score": 76.22109828443048,
                "manhattan_pearson": 82.40542669545772,
                "manhattan_spearman": 76.28736748590586,
                "pearson": 84.72310952504792,
                "spearman": 76.22109828443048
            }
        ]
    }
}