{
  "dataset_revision": "48327de6ee192e9610f3069789719788957c7abd",
  "task_name": "GerDaLIRSmall",
  "mteb_version": "1.18.0",
  "scores": {
    "test": [
      {
        "ndcg_at_1": 0.01651,
        "ndcg_at_3": 0.02156,
        "ndcg_at_5": 0.02437,
        "ndcg_at_10": 0.02818,
        "ndcg_at_20": 0.032,
        "ndcg_at_100": 0.04291,
        "ndcg_at_1000": 0.0707,
        "map_at_1": 0.01467,
        "map_at_3": 0.01946,
        "map_at_5": 0.02099,
        "map_at_10": 0.02252,
        "map_at_20": 0.02355,
        "map_at_100": 0.0249,
        "map_at_1000": 0.02565,
        "recall_at_1": 0.01467,
        "recall_at_3": 0.02564,
        "recall_at_5": 0.03233,
        "recall_at_10": 0.04371,
        "recall_at_20": 0.05844,
        "recall_at_100": 0.11764,
        "recall_at_1000": 0.34633,
        "precision_at_1": 0.01651,
        "precision_at_3": 0.00975,
        "precision_at_5": 0.00737,
        "precision_at_10": 0.00501,
        "precision_at_20": 0.00334,
        "precision_at_100": 0.00135,
        "precision_at_1000": 0.0004,
        "mrr_at_1": 0.016511,
        "mrr_at_3": 0.021566,
        "mrr_at_5": 0.023254,
        "mrr_at_10": 0.024975,
        "mrr_at_20": 0.026096,
        "mrr_at_100": 0.027522,
        "mrr_at_1000": 0.02829,
        "nauc_ndcg_at_1_max": 0.13522,
        "nauc_ndcg_at_1_std": 0.062792,
        "nauc_ndcg_at_1_diff1": 0.368184,
        "nauc_ndcg_at_3_max": 0.110997,
        "nauc_ndcg_at_3_std": 0.039916,
        "nauc_ndcg_at_3_diff1": 0.305068,
        "nauc_ndcg_at_5_max": 0.09957,
        "nauc_ndcg_at_5_std": 0.041617,
        "nauc_ndcg_at_5_diff1": 0.2746,
        "nauc_ndcg_at_10_max": 0.089182,
        "nauc_ndcg_at_10_std": 0.048821,
        "nauc_ndcg_at_10_diff1": 0.231956,
        "nauc_ndcg_at_20_max": 0.072715,
        "nauc_ndcg_at_20_std": 0.05101,
        "nauc_ndcg_at_20_diff1": 0.206563,
        "nauc_ndcg_at_100_max": 0.057595,
        "nauc_ndcg_at_100_std": 0.060029,
        "nauc_ndcg_at_100_diff1": 0.173671,
        "nauc_ndcg_at_1000_max": 0.049459,
        "nauc_ndcg_at_1000_std": 0.074121,
        "nauc_ndcg_at_1000_diff1": 0.142039,
        "nauc_map_at_1_max": 0.138268,
        "nauc_map_at_1_std": 0.05619,
        "nauc_map_at_1_diff1": 0.373777,
        "nauc_map_at_3_max": 0.117474,
        "nauc_map_at_3_std": 0.039557,
        "nauc_map_at_3_diff1": 0.319638,
        "nauc_map_at_5_max": 0.109659,
        "nauc_map_at_5_std": 0.041262,
        "nauc_map_at_5_diff1": 0.299408,
        "nauc_map_at_10_max": 0.103738,
        "nauc_map_at_10_std": 0.044764,
        "nauc_map_at_10_diff1": 0.27582,
        "nauc_map_at_20_max": 0.096758,
        "nauc_map_at_20_std": 0.045191,
        "nauc_map_at_20_diff1": 0.264768,
        "nauc_map_at_100_max": 0.092376,
        "nauc_map_at_100_std": 0.047698,
        "nauc_map_at_100_diff1": 0.254782,
        "nauc_map_at_1000_max": 0.090879,
        "nauc_map_at_1000_std": 0.048416,
        "nauc_map_at_1000_diff1": 0.251322,
        "nauc_recall_at_1_max": 0.138268,
        "nauc_recall_at_1_std": 0.05619,
        "nauc_recall_at_1_diff1": 0.373777,
        "nauc_recall_at_3_max": 0.100935,
        "nauc_recall_at_3_std": 0.032793,
        "nauc_recall_at_3_diff1": 0.279589,
        "nauc_recall_at_5_max": 0.083615,
        "nauc_recall_at_5_std": 0.03836,
        "nauc_recall_at_5_diff1": 0.229612,
        "nauc_recall_at_10_max": 0.07017,
        "nauc_recall_at_10_std": 0.052083,
        "nauc_recall_at_10_diff1": 0.158623,
        "nauc_recall_at_20_max": 0.040652,
        "nauc_recall_at_20_std": 0.055934,
        "nauc_recall_at_20_diff1": 0.121557,
        "nauc_recall_at_100_max": 0.024963,
        "nauc_recall_at_100_std": 0.069179,
        "nauc_recall_at_100_diff1": 0.093385,
        "nauc_recall_at_1000_max": 0.025767,
        "nauc_recall_at_1000_std": 0.09415,
        "nauc_recall_at_1000_diff1": 0.063027,
        "nauc_precision_at_1_max": 0.13522,
        "nauc_precision_at_1_std": 0.062792,
        "nauc_precision_at_1_diff1": 0.368184,
        "nauc_precision_at_3_max": 0.098052,
        "nauc_precision_at_3_std": 0.034205,
        "nauc_precision_at_3_diff1": 0.266219,
        "nauc_precision_at_5_max": 0.080071,
        "nauc_precision_at_5_std": 0.039598,
        "nauc_precision_at_5_diff1": 0.222264,
        "nauc_precision_at_10_max": 0.059079,
        "nauc_precision_at_10_std": 0.056684,
        "nauc_precision_at_10_diff1": 0.156038,
        "nauc_precision_at_20_max": 0.033683,
        "nauc_precision_at_20_std": 0.064933,
        "nauc_precision_at_20_diff1": 0.125485,
        "nauc_precision_at_100_max": 0.019124,
        "nauc_precision_at_100_std": 0.08071,
        "nauc_precision_at_100_diff1": 0.097182,
        "nauc_precision_at_1000_max": 0.019015,
        "nauc_precision_at_1000_std": 0.110192,
        "nauc_precision_at_1000_diff1": 0.06112,
        "nauc_mrr_at_1_max": 0.13522,
        "nauc_mrr_at_1_std": 0.062792,
        "nauc_mrr_at_1_diff1": 0.368184,
        "nauc_mrr_at_3_max": 0.111508,
        "nauc_mrr_at_3_std": 0.048612,
        "nauc_mrr_at_3_diff1": 0.312676,
        "nauc_mrr_at_5_max": 0.10394,
        "nauc_mrr_at_5_std": 0.048726,
        "nauc_mrr_at_5_diff1": 0.292866,
        "nauc_mrr_at_10_max": 0.097297,
        "nauc_mrr_at_10_std": 0.052625,
        "nauc_mrr_at_10_diff1": 0.270413,
        "nauc_mrr_at_20_max": 0.091037,
        "nauc_mrr_at_20_std": 0.053359,
        "nauc_mrr_at_20_diff1": 0.260274,
        "nauc_mrr_at_100_max": 0.086782,
        "nauc_mrr_at_100_std": 0.05489,
        "nauc_mrr_at_100_diff1": 0.250574,
        "nauc_mrr_at_1000_max": 0.085514,
        "nauc_mrr_at_1000_std": 0.055333,
        "nauc_mrr_at_1000_diff1": 0.247512,
        "main_score": 0.02818,
        "hf_subset": "default",
        "languages": [
          "deu-Latn"
        ]
      }
    ]
  },
  "evaluation_time": 47.6534698009491,
  "kg_co2_emissions": 0.002270866632179013
}