{
    "dataset_revision": "6c6430d3a6d36f8d2a829195bc5dc94d7e063e53",
    "task_name": "CQADupstackUnixRetrieval",
    "evaluation_time": null,
    "mteb_version": null,
    "scores": {
        "test": [
            {
                "hf_subset": "default",
                "languages": [
                    "eng-Latn"
                ],
                "map_at_1": 0.2776,
                "map_at_10": 0.37569,
                "map_at_100": 0.38783999999999996,
                "map_at_1000": 0.38884,
                "map_at_3": 0.34379,
                "map_at_5": 0.36093,
                "mrr_at_1": 0.32556000000000007,
                "mrr_at_10": 0.41870000000000007,
                "mrr_at_100": 0.42759,
                "mrr_at_1000": 0.42806,
                "mrr_at_3": 0.39086,
                "mrr_at_5": 0.40574,
                "ndcg_at_1": 0.32556000000000007,
                "ndcg_at_10": 0.43382,
                "ndcg_at_100": 0.48943,
                "ndcg_at_1000": 0.50962,
                "ndcg_at_3": 0.37758,
                "ndcg_at_5": 0.40282,
                "precision_at_1": 0.32556000000000007,
                "precision_at_10": 0.07463,
                "precision_at_100": 0.01148,
                "precision_at_1000": 0.00143,
                "precision_at_3": 0.17133000000000004,
                "precision_at_5": 0.12164,
                "recall_at_1": 0.2776,
                "recall_at_10": 0.5671,
                "recall_at_100": 0.81053,
                "recall_at_1000": 0.9475,
                "recall_at_3": 0.41387,
                "recall_at_5": 0.47818,
                "main_score": 0.43382
            }
        ]
    }
}