{
  "dataset_revision": null,
  "mteb_dataset_name": "LlamaindexQFinZhRetrieval",
  "mteb_version": "1.2.0",
  "test": {
    "binary_recall_at_1": 0.455,
    "binary_recall_at_10": 0.91,
    "binary_recall_at_100": 1.0,
    "binary_recall_at_1000": 1.0,
    "binary_recall_at_3": 0.73,
    "binary_recall_at_5": 0.845,
    "evaluation_time": 9.43,
    "map_at_1": 0.455,
    "map_at_10": 0.61316,
    "map_at_100": 0.61797,
    "map_at_1000": 0.61797,
    "map_at_3": 0.57833,
    "map_at_5": 0.60433,
    "mrr_at_1": 0.455,
    "mrr_at_10": 0.61316,
    "mrr_at_100": 0.61797,
    "mrr_at_1000": 0.61797,
    "mrr_at_3": 0.57833,
    "mrr_at_5": 0.60433,
    "ndcg_at_1": 0.455,
    "ndcg_at_10": 0.68568,
    "ndcg_at_100": 0.7061,
    "ndcg_at_1000": 0.7061,
    "ndcg_at_3": 0.61738,
    "ndcg_at_5": 0.66449,
    "precision_at_1": 0.455,
    "precision_at_10": 0.091,
    "precision_at_100": 0.01,
    "precision_at_1000": 0.001,
    "precision_at_3": 0.24333,
    "precision_at_5": 0.169,
    "recall_at_1": 0.455,
    "recall_at_10": 0.91,
    "recall_at_100": 1.0,
    "recall_at_1000": 1.0,
    "recall_at_3": 0.73,
    "recall_at_5": 0.845
  }
}