{
    "dataset_revision": "c5a29a104738b98a9e76336939199e264163d4a0",
    "task_name": "MSMARCO",
    "evaluation_time": null,
    "mteb_version": null,
    "scores": {
        "dev": [
            {
                "hf_subset": "default",
                "languages": [
                    "eng-Latn"
                ],
                "map_at_1": 0.22007,
                "map_at_10": 0.34994,
                "map_at_100": 0.36183,
                "map_at_1000": 0.36227,
                "map_at_3": 0.3075,
                "map_at_5": 0.33155,
                "mrr_at_1": 0.22679,
                "mrr_at_10": 0.35619,
                "mrr_at_100": 0.36732,
                "mrr_at_1000": 0.3677,
                "mrr_at_3": 0.3144,
                "mrr_at_5": 0.33811,
                "ndcg_at_1": 0.22679,
                "ndcg_at_10": 0.42376,
                "ndcg_at_100": 0.48001,
                "ndcg_at_1000": 0.4905999999999999,
                "ndcg_at_3": 0.33727,
                "ndcg_at_5": 0.3801300000000001,
                "precision_at_1": 0.22679,
                "precision_at_10": 0.06815,
                "precision_at_100": 0.00962,
                "precision_at_1000": 0.00105,
                "precision_at_3": 0.14441,
                "precision_at_5": 0.10817,
                "recall_at_1": 0.22007,
                "recall_at_10": 0.65158,
                "recall_at_100": 0.90997,
                "recall_at_1000": 0.98996,
                "recall_at_3": 0.41646,
                "recall_at_5": 0.51941,
                "main_score": 0.42376
            }
        ]
    }
}